#
# A fatal error has been detected by the Java Runtime Environment:
#
#  SIGSEGV (0xb) at pc=0x0000746d13873bae, pid=131744, tid=0x0000746d10aff640
#
# JRE version: OpenJDK Runtime Environment (8.0_482-b08) (build 1.8.0_482-8u482-ga~us1-0ubuntu1~22.04-b08)
# Java VM: OpenJDK 64-Bit Server VM (25.482-b08 mixed mode linux-amd64 compressed oops)
# Problematic frame:
# C  [libforl0_engine.so+0x4bbae]  Java_org_apache_flink_state_forl0_NativeEngine_aggAddGeneric+0x21e
#
# Failed to write core dump. Core dumps have been disabled. To enable core dumping, try "ulimit -c unlimited" before starting Java again
#
# If you would like to submit a bug report, please visit:
#   http://bugreport.java.com/bugreport/crash.jsp
# The crash happened outside the Java Virtual Machine in native code.
# See problematic frame for where to report the bug.
#

---------------  T H R E A D  ---------------

Current thread (0x000074698c018000):  JavaThread "SlidingEventTimeWindows (2/2)#0" [_thread_in_native, id=132792, stack(0x0000746d10a00000,0x0000746d10b00000)]

siginfo: si_signo: 11 (SIGSEGV), si_code: 1 (SEGV_MAPERR), si_addr: 0x00000000000000e8

Registers:
RAX=0x0000000000000000, RBX=0x00007469e0002d50, RCX=0x00000000c0100800, RDX=0x00000000c70f6907
RSP=0x0000746d10afdea0, RBP=0x000000000000001d, RSI=0x000000058d9680b0, RDI=0x000074698c018000
R8 =0x0000000000000005, R9 =0x0000746d10afdf60, R10=0x0000746d410184db, R11=0x0000746d55a32160
R12=0x00000000000000e8, R13=0x0000746d10afe090, R14=0x000074698c018260, R15=0x00007469e0004480
RIP=0x0000746d13873bae, EFLAGS=0x0000000000010246, CSGSFS=0x002b000000000033, ERR=0x0000000000000004
  TRAPNO=0x000000000000000e

Top of Stack: (sp=0x0000746d10afdea0)
0x0000746d10afdea0:   0000746d00000005 0000746b200255f8
0x0000746d10afdeb0:   0000746d10afdf80 000074698c018000
0x0000746d10afdec0:   0000746d50864030 5ed227a51811ca00
0x0000746d10afded0:   0000746d10afdef0 000074698c018000
0x0000746d10afdee0:   0000746d10afdfa0 0000746d10afdf9f
0x0000746d10afdef0:   0000746d09935160 0000746d10afdf60
0x0000746d10afdf00:   0000746d10afdf80 0000746d55942535
0x0000746d10afdf10:   0000746d55ddbd43 000074698c018000
0x0000746d10afdf20:   00000000000013f0 000000000000000e
0x0000746d10afdf30:   0000746d09935160 000074698c018000
0x0000746d10afdf40:   0000746d0ac8d0f0 5ed227a51811ca00
0x0000746d10afdf50:   0000746d10afdf60 0000000000000005
0x0000746d10afdf60:   0000003079656b05 000074698c018000
0x0000746d10afdf70:   00007469e0006c90 0000000000000010
0x0000746d10afdf80:   0000000000000010 0000746d5569a159
0x0000746d10afdf90:   00007469e0006c90 0000000000000010
0x0000746d10afdfa0:   0000000000000010 000074698c018000
0x0000746d10afdfb0:   0000000000000000 5ed227a51811ca00
0x0000746d10afdfc0:   0000746d09935160 0000746d09935160
0x0000746d10afdfd0:   0000746d10afe070 0000000000000000
0x0000746d10afdfe0:   0000746d09935160 0000746d10afe0b0
0x0000746d10afdff0:   000074698c018000 0000746d41018507
0x0000746d10afe000:   0000746d09935160 0000746d10afe0b0
0x0000746d10afe010:   0000746d10afe070 0000746d41018259
0x0000746d10afe020:   fffffffe00000000 0000746d41018222
0x0000746d10afe030:   0000746d10afe030 0000746d09935160
0x0000746d10afe040:   0000746d10afe0b0 0000746d099361d0
0x0000746d10afe050:   0000000000000000 0000746d09935160
0x0000746d10afe060:   0000000000000000 0000746d10afe090
0x0000746d10afe070:   0000746d10afe0f8 0000746d410080a1
0x0000746d10afe080:   0000000080e2d6b0 0000746d41011af8
0x0000746d10afe090:   000000058d9680a0 000000000000005d 

Instructions: (pc=0x0000746d13873bae)
0x0000746d13873b8e:   8b 84 24 b8 00 00 00 4c 8b 8c 24 b0 00 00 00 4c
0x0000746d13873b9e:   8d 24 ed 00 00 00 00 48 8b 43 18 ba 07 69 0f c7
0x0000746d13873bae:   4e 8b 3c 20 4c 89 c6 4c 89 cf 4c 89 7c 24 18 e8
0x0000746d13873bbe:   ee 90 fc ff 4d 8b 6f 10 89 c1 83 e1 7f 49 8d 55 

Register to memory mapping:

RAX=0x0000000000000000 is an unknown value
RBX=0x00007469e0002d50 is an unknown value
RCX=
[error occurred during error reporting (printing register info), id 0xb]

Stack: [0x0000746d10a00000,0x0000746d10b00000],  sp=0x0000746d10afdea0,  free space=1015k
Native frames: (J=compiled Java code, j=interpreted, Vv=VM code, C=native code)
C  [libforl0_engine.so+0x4bbae]  Java_org_apache_flink_state_forl0_NativeEngine_aggAddGeneric+0x21e

Java frames: (J=compiled Java code, j=interpreted, Vv=VM code)
j  org.apache.flink.state.forl0.NativeEngine.aggAddGeneric(J[BI[B)V+0
j  org.apache.flink.state.forl0.ForL0AggregatingState.add(Ljava/lang/Object;)V+96
j  org.apache.flink.streaming.runtime.operators.windowing.WindowOperator.processElement(Lorg/apache/flink/streaming/runtime/streamrecord/StreamRecord;)V+347
j  org.apache.flink.streaming.runtime.io.RecordProcessorUtils.lambda$getRecordProcessor$0(Lorg/apache/flink/streaming/api/operators/Input;Lorg/apache/flink/streaming/runtime/streamrecord/StreamRecord;)V+9
j  org.apache.flink.streaming.runtime.io.RecordProcessorUtils$$Lambda$1547.accept(Ljava/lang/Object;)V+8
j  org.apache.flink.streaming.runtime.tasks.OneInputStreamTask$StreamTaskNetworkOutput.emitRecord(Lorg/apache/flink/streaming/runtime/streamrecord/StreamRecord;)V+14
j  org.apache.flink.streaming.runtime.io.AbstractStreamTaskNetworkInput.processElement(Lorg/apache/flink/streaming/runtime/streamrecord/StreamElement;Lorg/apache/flink/streaming/runtime/io/PushingAsyncDataInput$DataOutput;)Z+12
J 6814 C1 org.apache.flink.streaming.runtime.io.AbstractStreamTaskNetworkInput.emitNext(Lorg/apache/flink/streaming/runtime/io/PushingAsyncDataInput$DataOutput;)Lorg/apache/flink/streaming/runtime/io/DataInputStatus; (224 bytes) @ 0x0000746d423c1cac [0x0000746d423c08c0+0x13ec]
j  org.apache.flink.streaming.runtime.io.StreamOneInputProcessor.processInput()Lorg/apache/flink/streaming/runtime/io/DataInputStatus;+8
j  org.apache.flink.streaming.runtime.tasks.StreamTask.processInput(Lorg/apache/flink/streaming/runtime/tasks/mailbox/MailboxDefaultAction$Controller;)V+4
j  org.apache.flink.streaming.runtime.tasks.StreamTask$$Lambda$1465.runDefaultAction(Lorg/apache/flink/streaming/runtime/tasks/mailbox/MailboxDefaultAction$Controller;)V+5
j  org.apache.flink.streaming.runtime.tasks.mailbox.MailboxProcessor.runMailboxLoop()V+95
j  org.apache.flink.streaming.runtime.tasks.StreamTask.runMailboxLoop()V+4
j  org.apache.flink.streaming.runtime.tasks.StreamTask.invoke()V+46
j  org.apache.flink.runtime.taskmanager.Task$$Lambda$1593.run()V+4
j  org.apache.flink.runtime.taskmanager.Task.runWithSystemExitMonitoring(Lorg/apache/flink/util/function/RunnableWithException;)V+4
j  org.apache.flink.runtime.taskmanager.Task.restoreAndInvoke(Lorg/apache/flink/runtime/jobgraph/tasks/TaskInvokable;)V+131
j  org.apache.flink.runtime.taskmanager.Task.doRun()V+712
j  org.apache.flink.runtime.taskmanager.Task.run()V+14
J 5720 C1 java.lang.Thread.run()V (17 bytes) @ 0x0000746d420e6114 [0x0000746d420e5fc0+0x154]
v  ~StubRoutines::call_stub

---------------  P R O C E S S  ---------------

Java Threads: ( => current thread )
  0x00007468b8034800 JavaThread "jobmanager-io-thread-5" daemon [_thread_blocked, id=132808, stack(0x0000746d09600000,0x0000746d09700000)]
  0x00007468b8039000 JavaThread "jobmanager-io-thread-4" daemon [_thread_blocked, id=132807, stack(0x0000746d09700000,0x0000746d09800000)]
  0x00007468b8037000 JavaThread "jobmanager-io-thread-3" daemon [_thread_blocked, id=132806, stack(0x0000746d09e00000,0x0000746d09f00000)]
  0x0000746a2001f000 JavaThread "System Time Trigger for Sink: Data stream collect sink (1/1)#0" daemon [_thread_blocked, id=132805, stack(0x0000746d09f00000,0x0000746d0a000000)]
  0x00007469e0007800 JavaThread "System Time Trigger for SlidingEventTimeWindows (2/2)#0" daemon [_thread_blocked, id=132804, stack(0x0000746d09a00000,0x0000746d09b00000)]
  0x00007469f001c000 JavaThread "System Time Trigger for SlidingEventTimeWindows (1/2)#0" daemon [_thread_blocked, id=132803, stack(0x0000746d09b00000,0x0000746d09c00000)]
  0x0000746a20002800 JavaThread "Thread-36" [_thread_in_native, id=132799, stack(0x0000746d0ae00000,0x0000746d0af00000)]
  0x0000746920020800 JavaThread "Legacy Source Thread - Source: Collection Source -> Timestamps/Watermarks (1/1)#0" [_thread_in_Java, id=132798, stack(0x0000746d0a500000,0x0000746d0a600000)]
  0x000074698c024000 JavaThread "jobmanager-io-thread-2" daemon [_thread_blocked, id=132797, stack(0x0000746d0ab00000,0x0000746d0ac00000)]
  0x00007469e0001800 JavaThread "OutputFlusher for SlidingEventTimeWindows (2/2)#0" daemon [_thread_blocked, id=132795, stack(0x0000746d0b700000,0x0000746d0b800000)]
  0x0000746920027000 JavaThread "Time Trigger for Source: Collection Source -> Timestamps/Watermarks (1/1)#0" daemon [_thread_blocked, id=132794, stack(0x0000746d10000000,0x0000746d10100000)]
  0x000074698c023000 JavaThread "Sink: Data stream collect sink (1/1)#0" [_thread_blocked, id=132793, stack(0x0000746d10900000,0x0000746d10a00000)]
=>0x000074698c018000 JavaThread "SlidingEventTimeWindows (2/2)#0" [_thread_in_native, id=132792, stack(0x0000746d10a00000,0x0000746d10b00000)]
  0x00007469f0001800 JavaThread "OutputFlusher for SlidingEventTimeWindows (1/2)#0" daemon [_thread_blocked, id=132791, stack(0x0000746d11100000,0x0000746d11200000)]
  0x0000746920004000 JavaThread "OutputFlusher for Source: Collection Source -> Timestamps/Watermarks (1/1)#0" daemon [_thread_blocked, id=132790, stack(0x0000746d11900000,0x0000746d11a00000)]
  0x000074698c00d000 JavaThread "SlidingEventTimeWindows (1/2)#0" [_thread_in_native, id=132789, stack(0x0000746d11b00000,0x0000746d11c00000)]
  0x0000746ac000b000 JavaThread "jobmanager-future-thread-5" daemon [_thread_blocked, id=132788, stack(0x0000746d11c00000,0x0000746d11d00000)]
  0x0000746920005000 JavaThread "CloseableReaperThread" daemon [_thread_blocked, id=132787, stack(0x0000746cf9e00000,0x0000746cf9f00000)]
  0x0000746ac000a000 JavaThread "jobmanager-future-thread-4" daemon [_thread_blocked, id=132786, stack(0x0000746d01b00000,0x0000746d01c00000)]
  0x000074698c002000 JavaThread "Source: Collection Source -> Timestamps/Watermarks (1/1)#0" [_thread_blocked, id=132785, stack(0x0000746d10800000,0x0000746d10900000)]
  0x0000746ac0009000 JavaThread "jobmanager-future-thread-3" daemon [_thread_blocked, id=132784, stack(0x0000746d00000000,0x0000746d00100000)]
  0x0000746ac0008000 JavaThread "jobmanager-future-thread-2" daemon [_thread_blocked, id=132783, stack(0x0000746d03a00000,0x0000746d03b00000)]
  0x00007468b8019800 JavaThread "pool-7-thread-1" [_thread_blocked, id=132782, stack(0x0000746d02500000,0x0000746d02600000)]
  0x0000746ac0006800 JavaThread "jobmanager-future-thread-1" daemon [_thread_blocked, id=132781, stack(0x0000746d01c00000,0x0000746d01d00000)]
  0x0000746900004000 JavaThread "jobmanager_17-main-scheduler-thread-1" daemon [_thread_blocked, id=132780, stack(0x0000746d03100000,0x0000746d03200000)]
  0x00007469f4008800 JavaThread "jobmanager-io-thread-1" daemon [_thread_blocked, id=132779, stack(0x0000746d00a00000,0x0000746d00b00000)]
  0x000074698c001000 JavaThread "taskmanager_14-main-scheduler-thread-1" daemon [_thread_blocked, id=132776, stack(0x0000746d09d00000,0x0000746d09e00000)]
  0x0000746900001800 JavaThread "flink-pekko.actor.default-dispatcher-10" [_thread_blocked, id=132775, stack(0x0000746d03200000,0x0000746d03300000)]
  0x00007468b8018800 JavaThread "resourcemanager_16-main-scheduler-thread-1" daemon [_thread_blocked, id=132774, stack(0x0000746d02300000,0x0000746d02400000)]
  0x00007468b8005000 JavaThread "flink-pekko.actor.default-dispatcher-9" [_thread_blocked, id=132773, stack(0x0000746d02800000,0x0000746d02900000)]
  0x00007469f4007800 JavaThread "flink-pekko.actor.default-dispatcher-8" [_thread_blocked, id=132772, stack(0x0000746d11000000,0x0000746d11100000)]
  0x0000746ab8001800 JavaThread "pool-8-thread-1" [_thread_blocked, id=132771, stack(0x0000746d0b600000,0x0000746d0b700000)]
  0x0000746d527ed000 JavaThread "mini-cluster-io-thread-4" daemon [_thread_blocked, id=132770, stack(0x0000746d0af00000,0x0000746d0b000000)]
  0x0000746aafebc800 JavaThread "mini-cluster-io-thread-3" daemon [_thread_blocked, id=132769, stack(0x0000746d0aa00000,0x0000746d0ab00000)]
  0x0000746d52812800 JavaThread "mini-cluster-io-thread-2" daemon [_thread_blocked, id=132768, stack(0x0000746d12100000,0x0000746d12200000)]
  0x0000746d527ec000 JavaThread "Flink-DispatcherRestEndpoint-thread-1" daemon [_thread_blocked, id=132767, stack(0x0000746d11600000,0x0000746d11700000)]
  0x0000746d528a4800 JavaThread "mini-cluster-io-thread-1" daemon [_thread_blocked, id=132766, stack(0x0000746d08100000,0x0000746d08200000)]
  0x0000746d527f0800 JavaThread "flink-rest-server-netty-boss-thread-1" daemon [_thread_in_native, id=132765, stack(0x0000746d10c00000,0x0000746d10d00000)]
  0x0000746d528ff000 JavaThread "IOManager reader thread #1" daemon [_thread_blocked, id=132764, stack(0x0000746d10100000,0x0000746d10200000)]
  0x0000746d527e4000 JavaThread "IOManager writer thread #1" daemon [_thread_blocked, id=132763, stack(0x0000746d0bf00000,0x0000746d0c000000)]
  0x0000746d5288c800 JavaThread "Timer-8" daemon [_thread_blocked, id=132762, stack(0x0000746d10d00000,0x0000746d10e00000)]
  0x0000746aaff5b000 JavaThread "Timer-7" daemon [_thread_blocked, id=132761, stack(0x0000746d12200000,0x0000746d12300000)]
  0x0000746d528a9800 JavaThread "BLOB Server listener at 35885" daemon [_thread_in_native, id=132760, stack(0x0000746d0be00000,0x0000746d0bf00000)]
  0x0000746aafec3000 JavaThread "Timer-6" daemon [_thread_blocked, id=132759, stack(0x0000746d0b500000,0x0000746d0b600000)]
  0x0000746d526f9800 JavaThread "Flink-Metric-View-Updater-thread-1" daemon [_thread_blocked, id=132758, stack(0x0000746d09c00000,0x0000746d09d00000)]
  0x0000746a8800b800 JavaThread "flink-metrics-pekko.actor.supervisor-dispatcher-6" [_thread_blocked, id=132757, stack(0x0000746d03700000,0x0000746d03800000)]
  0x0000746a8800a800 JavaThread "flink-metrics-5" [_thread_blocked, id=132756, stack(0x0000746d12600000,0x0000746d12700000)]
  0x0000746a8800a000 JavaThread "flink-metrics-pekko.actor.internal-dispatcher-4" [_thread_blocked, id=132755, stack(0x0000746d12700000,0x0000746d12800000)]
  0x0000746d52713800 JavaThread "flink-metrics-pekko.actor.internal-dispatcher-3" [_thread_blocked, id=132754, stack(0x0000746d0bc00000,0x0000746d0bd00000)]
  0x0000746d52652000 JavaThread "flink-metrics-pekko.actor.internal-dispatcher-2" [_thread_blocked, id=132753, stack(0x0000746d12300000,0x0000746d12400000)]
  0x0000746aaeac1000 JavaThread "flink-metrics-scheduler-1" [_thread_blocked, id=132752, stack(0x0000746d12000000,0x0000746d12100000)]
  0x0000746ae0002000 JavaThread "flink-pekko.actor.supervisor-dispatcher-7" [_thread_blocked, id=132751, stack(0x0000746d11700000,0x0000746d11800000)]
  0x0000746abc001000 JavaThread "flink-pekko.actor.default-dispatcher-6" [_thread_blocked, id=132750, stack(0x0000746d0bd00000,0x0000746d0be00000)]
  0x0000746ae0001000 JavaThread "flink-pekko.actor.internal-dispatcher-5" [_thread_blocked, id=132749, stack(0x0000746d10b00000,0x0000746d10c00000)]
  0x0000746af4002800 JavaThread "flink-pekko.actor.internal-dispatcher-4" [_thread_blocked, id=132748, stack(0x0000746d11500000,0x0000746d11600000)]
  0x0000746aaff5a000 JavaThread "flink-pekko.actor.internal-dispatcher-3" [_thread_blocked, id=132747, stack(0x0000746d11d00000,0x0000746d11e00000)]
  0x0000746aaff60000 JavaThread "flink-pekko.actor.internal-dispatcher-2" [_thread_blocked, id=132746, stack(0x0000746d11a00000,0x0000746d11b00000)]
  0x0000746d52894000 JavaThread "flink-scheduler-1" [_thread_blocked, id=132745, stack(0x0000746d11800000,0x0000746d11900000)]
  0x0000746a80005800 JavaThread "ForkJoinPool.commonPool-worker-86" daemon [_thread_blocked, id=131894, stack(0x0000746d0b000000,0x0000746d0b100000)]
  0x0000746a88008800 JavaThread "ForkJoinPool.commonPool-worker-29" daemon [_thread_blocked, id=131893, stack(0x0000746d0b100000,0x0000746d0b200000)]
  0x0000746a80003000 JavaThread "ForkJoinPool.commonPool-worker-100" daemon [_thread_blocked, id=131892, stack(0x0000746d0b200000,0x0000746d0b300000)]
  0x0000746ac8001000 JavaThread "ForkJoinPool.commonPool-worker-43" daemon [_thread_blocked, id=131891, stack(0x0000746d0b300000,0x0000746d0b400000)]
  0x0000746a9c028800 JavaThread "ForkJoinPool.commonPool-worker-114" daemon [_thread_blocked, id=131890, stack(0x0000746d0b400000,0x0000746d0b500000)]
  0x0000746aaffcb800 JavaThread "process reaper" daemon [_thread_blocked, id=131888, stack(0x0000746d13890000,0x0000746d138c9000)]
  0x0000746ad4003000 JavaThread "ForkJoinPool.commonPool-worker-57" daemon [_thread_blocked, id=131850, stack(0x0000746d11400000,0x0000746d11500000)]
  0x0000746d50ea9800 JavaThread "surefire-forkedjvm-command-thread" daemon [_thread_in_native, id=131830, stack(0x0000746d138da000,0x0000746d139da000)]
  0x0000746d50e9a800 JavaThread "surefire-forkedjvm-stream-flusher" daemon [_thread_blocked, id=131829, stack(0x0000746d139da000,0x0000746d13ada000)]
  0x0000746d507d5000 JavaThread "Service Thread" daemon [_thread_blocked, id=131822, stack(0x0000746d181ee000,0x0000746d182ee000)]
  0x0000746d507d2000 JavaThread "C1 CompilerThread17" daemon [_thread_blocked, id=131821, stack(0x0000746d182ef000,0x0000746d183ef000)]
  0x0000746d507d0000 JavaThread "C1 CompilerThread16" daemon [_thread_blocked, id=131820, stack(0x0000746d183f0000,0x0000746d184f0000)]
  0x0000746d507ce000 JavaThread "C1 CompilerThread15" daemon [_thread_blocked, id=131819, stack(0x0000746d184f1000,0x0000746d185f1000)]
  0x0000746d507cc000 JavaThread "C1 CompilerThread14" daemon [_thread_blocked, id=131818, stack(0x0000746d185f2000,0x0000746d186f2000)]
  0x0000746d507ca000 JavaThread "C1 CompilerThread13" daemon [_thread_blocked, id=131817, stack(0x0000746d186f3000,0x0000746d187f3000)]
  0x0000746d507c8000 JavaThread "C1 CompilerThread12" daemon [_thread_in_vm, id=131816, stack(0x0000746d187f4000,0x0000746d188f4000)]
  0x0000746d507c6000 JavaThread "C2 CompilerThread11" daemon [_thread_in_native, id=131815, stack(0x0000746d188f5000,0x0000746d189f5000)]
  0x0000746d507c3800 JavaThread "C2 CompilerThread10" daemon [_thread_in_native, id=131814, stack(0x0000746d189f6000,0x0000746d18af6000)]
  0x0000746d507c1800 JavaThread "C2 CompilerThread9" daemon [_thread_in_vm, id=131813, stack(0x0000746d18af7000,0x0000746d18bf7000)]
  0x0000746d507bf000 JavaThread "C2 CompilerThread8" daemon [_thread_in_native, id=131812, stack(0x0000746d18bf8000,0x0000746d18cf8000)]
  0x0000746d507bd000 JavaThread "C2 CompilerThread7" daemon [_thread_in_native, id=131811, stack(0x0000746d18cf9000,0x0000746d18df9000)]
  0x0000746d507bb000 JavaThread "C2 CompilerThread6" daemon [_thread_in_native, id=131810, stack(0x0000746d18dfa000,0x0000746d18efa000)]
  0x0000746d507b9000 JavaThread "C2 CompilerThread5" daemon [_thread_in_native, id=131809, stack(0x0000746d18efb000,0x0000746d18ffb000)]
  0x0000746d507b7000 JavaThread "C2 CompilerThread4" daemon [_thread_in_native, id=131808, stack(0x0000746d18ffc000,0x0000746d190fc000)]
  0x0000746d507ad000 JavaThread "C2 CompilerThread3" daemon [_thread_in_native, id=131807, stack(0x0000746d190fd000,0x0000746d191fd000)]
  0x0000746d507ab000 JavaThread "C2 CompilerThread2" daemon [_thread_in_native, id=131806, stack(0x0000746d191fe000,0x0000746d192fe000)]
  0x0000746d507a9000 JavaThread "C2 CompilerThread1" daemon [_thread_in_native, id=131805, stack(0x0000746d192ff000,0x0000746d193ff000)]
  0x0000746d507a6000 JavaThread "C2 CompilerThread0" daemon [_thread_in_native, id=131804, stack(0x0000746d19400000,0x0000746d19500000)]
  0x0000746d5079e800 JavaThread "Signal Dispatcher" daemon [_thread_blocked, id=131803, stack(0x0000746d19500000,0x0000746d19600000)]
  0x0000746d50770800 JavaThread "Finalizer" daemon [_thread_blocked, id=131802, stack(0x0000746d19bde000,0x0000746d19cde000)]
  0x0000746d5076c000 JavaThread "Reference Handler" daemon [_thread_blocked, id=131801, stack(0x0000746d19cde000,0x0000746d19dde000)]
  0x0000746d5000a000 JavaThread "main" [_thread_blocked, id=131746, stack(0x0000746d55e19000,0x0000746d55f19000)]

Other Threads:
  0x0000746d50762000 VMThread [stack: 0x0000746d19ddf000,0x0000746d19edf000] [id=131800]
  0x0000746d507d7800 WatcherThread [stack: 0x0000746d180ee000,0x0000746d181ee000] [id=131823]

VM state:not at safepoint (normal execution)

VM Mutex/Monitor currently owned by a thread:  ([mutex/lock_event])
[0x0000746d50008e50] CompiledIC_lock - owner thread: 0x0000746d507c8000

heap address: 0x0000000080200000, size: 30718 MB, Compressed Oops mode: Zero based, Oop shift amount: 3
Narrow klass base: 0x0000000800000000, Narrow klass shift: 0
Compressed class space size: 1073741824 Address: 0x0000000800000000

Heap:
 PSYoungGen      total 1050112K, used 247938K [0x0000000580100000, 0x00000005d2180000, 0x0000000800000000)
  eden space 963072K, 23% used [0x0000000580100000,0x000000058dcf1250,0x00000005bad80000)
  from space 87040K, 26% used [0x00000005c0280000,0x00000005c18af7d8,0x00000005c5780000)
  to   space 87040K, 0% used [0x00000005bad80000,0x00000005bad80000,0x00000005c0280000)
 ParOldGen       total 2100224K, used 45912K [0x0000000080200000, 0x0000000100500000, 0x0000000580100000)
  object space 2100224K, 2% used [0x0000000080200000,0x0000000082ed61f8,0x0000000100500000)
 Metaspace       used 59987K, capacity 66931K, committed 67072K, reserved 1105920K
  class space    used 8604K, capacity 9703K, committed 9728K, reserved 1048576K

Card table byte_map: [0x0000746d3d400000,0x0000746d41000000] byte_map_base: 0x0000746d3cfff000

Marking Bits: (ParMarkBitMap*) 0x0000746d55de8760
 Begin Bits: [0x0000746cac210000, 0x0000746cca208000)
 End Bits:   [0x0000746cca208000, 0x0000746ce8200000)

Polling page: 0x0000746d56384000

CodeCache: size=245760Kb used=21860Kb max_used=21863Kb free=223899Kb
 bounds [0x0000746d41000000, 0x0000746d42580000, 0x0000746d50000000]
 total_blobs=7282 nmethods=6552 adapters=637
 compilation: enabled

Compilation events (10 events):
Event: 19.037 Thread 0x0000746d507ad000 nmethod 7546 0x0000746d41813f10 code [0x0000746d41814080, 0x0000746d41814258]
Event: 19.037 Thread 0x0000746d507c3800 nmethod 7547 0x0000746d41675410 code [0x0000746d41675560, 0x0000746d41675698]
Event: 19.037 Thread 0x0000746d507d0000 nmethod 7576 0x0000746d42560950 code [0x0000746d42560ac0, 0x0000746d42560e70]
Event: 19.037 Thread 0x0000746d507d0000 7565       3       org.apache.flink.runtime.io.AvailabilityProvider$AvailabilityHelper::resetUnavailable (19 bytes)
Event: 19.037 Thread 0x0000746d507ca000 nmethod 7578 0x0000746d42560510 code [0x0000746d42560680, 0x0000746d42560890]
Event: 19.037 Thread 0x0000746d507c3800 7583       4       org.apache.flink.types.StringValue::writeString (370 bytes)
Event: 19.037 Thread 0x0000746d507c8000 nmethod 7556 0x0000746d42569f90 code [0x0000746d4256a220, 0x0000746d4256b2a8]
Event: 19.037 Thread 0x0000746d507ad000 7557       4       org.apache.flink.streaming.runtime.io.RecordProcessorUtils$$Lambda$1509/1415724208::accept (14 bytes)
Event: 19.039 Thread 0x0000746d507d2000 nmethod 7536 0x0000746d4256bbd0 code [0x0000746d4256c000, 0x0000746d4256f718]
Event: 19.039 Thread 0x0000746d507d0000 nmethod 7565 0x0000746d4255fc10 code [0x0000746d4255fda0, 0x0000746d42560350]

GC Heap History (10 events):
Event: 2.505 GC heap before
{Heap before GC invocations=3 (full 1):
 PSYoungGen      total 611840K, used 189281K [0x0000000580100000, 0x00000005cac00000, 0x0000000800000000)
  eden space 524800K, 36% used [0x0000000580100000,0x000000058b9d84b0,0x00000005a0180000)
  from space 87040K, 0% used [0x00000005a0180000,0x00000005a0180000,0x00000005a5680000)
  to   space 87040K, 0% used [0x00000005c5700000,0x00000005c5700000,0x00000005cac00000)
 ParOldGen       total 872448K, used 13316K [0x0000000080200000, 0x00000000b5600000, 0x0000000580100000)
  object space 872448K, 1% used [0x0000000080200000,0x0000000080f011e0,0x00000000b5600000)
 Metaspace       used 33129K, capacity 35416K, committed 35496K, reserved 1079296K
  class space    used 4690K, capacity 5072K, committed 5120K, reserved 1048576K
Event: 2.529 GC heap after
Heap after GC invocations=3 (full 1):
 PSYoungGen      total 718848K, used 14711K [0x0000000580100000, 0x00000005c6580000, 0x0000000800000000)
  eden space 704000K, 0% used [0x0000000580100000,0x0000000580100000,0x00000005ab080000)
  from space 14848K, 99% used [0x00000005c5700000,0x00000005c655dcc8,0x00000005c6580000)
  to   space 87040K, 0% used [0x00000005bbb80000,0x00000005bbb80000,0x00000005c1080000)
 ParOldGen       total 872448K, used 13324K [0x0000000080200000, 0x00000000b5600000, 0x0000000580100000)
  object space 872448K, 1% used [0x0000000080200000,0x0000000080f031e0,0x00000000b5600000)
 Metaspace       used 33129K, capacity 35416K, committed 35496K, reserved 1079296K
  class space    used 4690K, capacity 5072K, committed 5120K, reserved 1048576K
}
Event: 2.529 GC heap before
{Heap before GC invocations=4 (full 2):
 PSYoungGen      total 718848K, used 14711K [0x0000000580100000, 0x00000005c6580000, 0x0000000800000000)
  eden space 704000K, 0% used [0x0000000580100000,0x0000000580100000,0x00000005ab080000)
  from space 14848K, 99% used [0x00000005c5700000,0x00000005c655dcc8,0x00000005c6580000)
  to   space 87040K, 0% used [0x00000005bbb80000,0x00000005bbb80000,0x00000005c1080000)
 ParOldGen       total 872448K, used 13324K [0x0000000080200000, 0x00000000b5600000, 0x0000000580100000)
  object space 872448K, 1% used [0x0000000080200000,0x0000000080f031e0,0x00000000b5600000)
 Metaspace       used 33129K, capacity 35416K, committed 35496K, reserved 1079296K
  class space    used 4690K, capacity 5072K, committed 5120K, reserved 1048576K
Event: 2.589 GC heap after
Heap after GC invocations=4 (full 2):
 PSYoungGen      total 718848K, used 0K [0x0000000580100000, 0x00000005c6580000, 0x0000000800000000)
  eden space 704000K, 0% used [0x0000000580100000,0x0000000580100000,0x00000005ab080000)
  from space 14848K, 0% used [0x00000005c5700000,0x00000005c5700000,0x00000005c6580000)
  to   space 87040K, 0% used [0x00000005bbb80000,0x00000005bbb80000,0x00000005c1080000)
 ParOldGen       total 1454592K, used 17690K [0x0000000080200000, 0x00000000d8e80000, 0x0000000580100000)
  object space 1454592K, 1% used [0x0000000080200000,0x0000000081346958,0x00000000d8e80000)
 Metaspace       used 33129K, capacity 35416K, committed 35496K, reserved 1079296K
  class space    used 4690K, capacity 5072K, committed 5120K, reserved 1048576K
}
Event: 4.234 GC heap before
{Heap before GC invocations=5 (full 2):
 PSYoungGen      total 718848K, used 333144K [0x0000000580100000, 0x00000005c6580000, 0x0000000800000000)
  eden space 704000K, 47% used [0x0000000580100000,0x0000000594656298,0x00000005ab080000)
  from space 14848K, 0% used [0x00000005c5700000,0x00000005c5700000,0x00000005c6580000)
  to   space 87040K, 0% used [0x00000005bbb80000,0x00000005bbb80000,0x00000005c1080000)
 ParOldGen       total 1454592K, used 17690K [0x0000000080200000, 0x00000000d8e80000, 0x0000000580100000)
  object space 1454592K, 1% used [0x0000000080200000,0x0000000081346958,0x00000000d8e80000)
 Metaspace       used 53933K, capacity 59065K, committed 59160K, reserved 1099776K
  class space    used 7758K, capacity 8576K, committed 8576K, reserved 1048576K
Event: 4.291 GC heap after
Heap after GC invocations=5 (full 2):
 PSYoungGen      total 988160K, used 39908K [0x0000000580100000, 0x00000005c5780000, 0x0000000800000000)
  eden space 948224K, 0% used [0x0000000580100000,0x0000000580100000,0x00000005b9f00000)
  from space 39936K, 99% used [0x00000005bbb80000,0x00000005be279120,0x00000005be280000)
  to   space 87040K, 0% used [0x00000005c0280000,0x00000005c0280000,0x00000005c5780000)
 ParOldGen       total 1454592K, used 17698K [0x0000000080200000, 0x00000000d8e80000, 0x0000000580100000)
  object space 1454592K, 1% used [0x0000000080200000,0x0000000081348958,0x00000000d8e80000)
 Metaspace       used 53933K, capacity 59065K, committed 59160K, reserved 1099776K
  class space    used 7758K, capacity 8576K, committed 8576K, reserved 1048576K
}
Event: 4.291 GC heap before
{Heap before GC invocations=6 (full 3):
 PSYoungGen      total 988160K, used 39908K [0x0000000580100000, 0x00000005c5780000, 0x0000000800000000)
  eden space 948224K, 0% used [0x0000000580100000,0x0000000580100000,0x00000005b9f00000)
  from space 39936K, 99% used [0x00000005bbb80000,0x00000005be279120,0x00000005be280000)
  to   space 87040K, 0% used [0x00000005c0280000,0x00000005c0280000,0x00000005c5780000)
 ParOldGen       total 1454592K, used 17698K [0x0000000080200000, 0x00000000d8e80000, 0x0000000580100000)
  object space 1454592K, 1% used [0x0000000080200000,0x0000000081348958,0x00000000d8e80000)
 Metaspace       used 53933K, capacity 59065K, committed 59160K, reserved 1099776K
  class space    used 7758K, capacity 8576K, committed 8576K, reserved 1048576K
Event: 4.484 GC heap after
Heap after GC invocations=6 (full 3):
 PSYoungGen      total 988160K, used 0K [0x0000000580100000, 0x00000005c5780000, 0x0000000800000000)
  eden space 948224K, 0% used [0x0000000580100000,0x0000000580100000,0x00000005b9f00000)
  from space 39936K, 0% used [0x00000005bbb80000,0x00000005bbb80000,0x00000005be280000)
  to   space 87040K, 0% used [0x00000005c0280000,0x00000005c0280000,0x00000005c5780000)
 ParOldGen       total 2100224K, used 45904K [0x0000000080200000, 0x0000000100500000, 0x0000000580100000)
  object space 2100224K, 2% used [0x0000000080200000,0x0000000082ed41f8,0x0000000100500000)
 Metaspace       used 53833K, capacity 58793K, committed 59160K, reserved 1099776K
  class space    used 7726K, capacity 8526K, committed 8576K, reserved 1048576K
}
Event: 17.700 GC heap before
{Heap before GC invocations=7 (full 3):
 PSYoungGen      total 988160K, used 948224K [0x0000000580100000, 0x00000005c5780000, 0x0000000800000000)
  eden space 948224K, 100% used [0x0000000580100000,0x00000005b9f00000,0x00000005b9f00000)
  from space 39936K, 0% used [0x00000005bbb80000,0x00000005bbb80000,0x00000005be280000)
  to   space 87040K, 0% used [0x00000005c0280000,0x00000005c0280000,0x00000005c5780000)
 ParOldGen       total 2100224K, used 45904K [0x0000000080200000, 0x0000000100500000, 0x0000000580100000)
  object space 2100224K, 2% used [0x0000000080200000,0x0000000082ed41f8,0x0000000100500000)
 Metaspace       used 59184K, capacity 66051K, committed 66176K, reserved 1105920K
  class space    used 8510K, capacity 9575K, committed 9600K, reserved 1048576K
Event: 17.724 GC heap after
Heap after GC invocations=7 (full 3):
 PSYoungGen      total 1050112K, used 22717K [0x0000000580100000, 0x00000005d2180000, 0x0000000800000000)
  eden space 963072K, 0% used [0x0000000580100000,0x0000000580100000,0x00000005bad80000)
  from space 87040K, 26% used [0x00000005c0280000,0x00000005c18af7d8,0x00000005c5780000)
  to   space 87040K, 0% used [0x00000005bad80000,0x00000005bad80000,0x00000005c0280000)
 ParOldGen       total 2100224K, used 45912K [0x0000000080200000, 0x0000000100500000, 0x0000000580100000)
  object space 2100224K, 2% used [0x0000000080200000,0x0000000082ed61f8,0x0000000100500000)
 Metaspace       used 59184K, capacity 66051K, committed 66176K, reserved 1105920K
  class space    used 8510K, capacity 9575K, committed 9600K, reserved 1048576K
}

Deoptimization events (10 events):
Event: 19.021 Thread 0x0000746920020800 Uncommon trap: reason=class_check action=maybe_recompile pc=0x0000746d422605cc method=org.apache.flink.runtime.state.KeyGroupRangeAssignment.assignToKeyGroup(Ljava/lang/Object;I)I @ 8
Event: 19.021 Thread 0x0000746920020800 Uncommon trap: reason=bimorphic action=maybe_recompile pc=0x0000746d41eb26cc method=org.apache.flink.api.java.typeutils.runtime.TupleSerializer.copy(Lorg/apache/flink/api/java/tuple/Tuple;)Lorg/apache/flink/api/java/tuple/Tuple; @ 32
Event: 19.021 Thread 0x0000746920020800 Uncommon trap: reason=bimorphic action=maybe_recompile pc=0x0000746d4198d9b4 method=org.apache.flink.api.java.typeutils.runtime.TupleSerializer.copy(Lorg/apache/flink/api/java/tuple/Tuple;)Lorg/apache/flink/api/java/tuple/Tuple; @ 32
Event: 19.023 Thread 0x000074698c023000 Uncommon trap: reason=unstable_if action=reinterpret pc=0x0000746d41d055d4 method=java.lang.Class.arrayContentsEq([Ljava/lang/Object;[Ljava/lang/Object;)Z @ 10
Event: 19.026 Thread 0x000074698c018000 Uncommon trap: reason=class_check action=maybe_recompile pc=0x0000746d41996f94 method=org.apache.flink.streaming.runtime.tasks.StreamTask.taskIsAvailable()Z @ 4
Event: 19.030 Thread 0x000074698c00d000 Uncommon trap: reason=class_check action=maybe_recompile pc=0x0000746d41996f94 method=org.apache.flink.streaming.runtime.tasks.StreamTask.taskIsAvailable()Z @ 4
Event: 19.042 Thread 0x000074698c018000 Uncommon trap: reason=bimorphic action=maybe_recompile pc=0x0000746d41ed5998 method=org.apache.flink.api.java.typeutils.runtime.TupleSerializer.deserialize(Lorg/apache/flink/core/memory/DataInputView;)Lorg/apache/flink/api/java/tuple/Tuple; @ 22
Event: 19.042 Thread 0x000074698c018000 Uncommon trap: reason=class_check action=maybe_recompile pc=0x0000746d4228b624 method=org.apache.flink.streaming.runtime.io.RecordProcessorUtils.lambda$getRecordProcessor$0(Lorg/apache/flink/streaming/api/operators/Input;Lorg/apache/flink/streaming/runtim
Event: 19.042 Thread 0x000074698c018000 Uncommon trap: reason=class_check action=maybe_recompile pc=0x0000746d4227f64c method=org.apache.flink.streaming.api.operators.OneInputStreamOperator.setKeyContextElement(Lorg/apache/flink/streaming/runtime/streamrecord/StreamRecord;)V @ 2
Event: 19.042 Thread 0x000074698c018000 Uncommon trap: reason=class_check action=maybe_recompile pc=0x0000746d42279d84 method=org.apache.flink.runtime.state.KeyGroupRangeAssignment.assignToKeyGroup(Ljava/lang/Object;I)I @ 8

Classes redefined (0 events):
No events

Internal exceptions (10 events):
Event: 18.632 Thread 0x0000746d527ed000 Exception <a 'java/net/SocketException': Socket closed> (0x000000058a68aa80) thrown at [./src/hotspot/src/share/vm/prims/jni.cpp, line 739]
Event: 18.728 Thread 0x0000746d5000a000 Exception <a 'java/lang/NoClassDefFoundError': org/apache/hadoop/conf/Configuration> (0x000000058a93d478) thrown at [./src/hotspot/src/share/vm/classfile/systemDictionary.cpp, line 206]
Event: 18.728 Thread 0x0000746d5000a000 Exception <a 'java/lang/NoClassDefFoundError': org/apache/hadoop/conf/Configuration> (0x000000058a94a128) thrown at [./src/hotspot/src/share/vm/classfile/systemDictionary.cpp, line 206]
Event: 18.834 Thread 0x0000746d5000a000 Exception <a 'java/lang/NoSuchMethodError': java.lang.Object.lambda$forBoundedOutOfOrderness$f7bfe99d$1(Ljava/time/Duration;Lorg/apache/flink/api/common/eventtime/WatermarkGeneratorSupplier$Context;)Lorg/apache/flink/api/common/eventtime/WatermarkGenerato
Event: 18.853 Thread 0x0000746d5000a000 Exception <a 'java/lang/NoSuchMethodError': <clinit>> (0x000000058c582840) thrown at [./src/hotspot/src/share/vm/prims/jni.cpp, line 1617]
Event: 18.853 Thread 0x0000746d5000a000 Exception <a 'java/lang/NoSuchMethodError': <clinit>> (0x000000058c590e28) thrown at [./src/hotspot/src/share/vm/prims/jni.cpp, line 1617]
Event: 18.887 Thread 0x0000746d51d63000 Exception <a 'java/lang/NoSuchMethodError': <clinit>> (0x000000058cd3ce18) thrown at [./src/hotspot/src/share/vm/prims/jni.cpp, line 1617]
Event: 18.889 Thread 0x0000746d51d64000 Exception <a 'java/lang/NoSuchMethodError': <clinit>> (0x000000058cda1a10) thrown at [./src/hotspot/src/share/vm/prims/jni.cpp, line 1617]
Event: 18.891 Thread 0x0000746d51d63000 Exception <a 'java/lang/NoSuchMethodError': <clinit>> (0x000000058cdedeb8) thrown at [./src/hotspot/src/share/vm/prims/jni.cpp, line 1617]
Event: 18.891 Thread 0x0000746d51d63000 Exception <a 'java/lang/NoSuchMethodError': <clinit>> (0x000000058cdf2190) thrown at [./src/hotspot/src/share/vm/prims/jni.cpp, line 1617]

Events (10 events):
Event: 19.042 Thread 0x000074698c018000 DEOPT UNPACKING pc=0x0000746d4104547a sp=0x0000746d10afdff8 mode 2
Event: 19.042 Thread 0x000074698c018000 Uncommon trap: trap_request=0xffffffde fr.pc=0x0000746d4228b624
Event: 19.042 Thread 0x000074698c018000 DEOPT PACKING pc=0x0000746d4228b624 sp=0x0000746d10afe320
Event: 19.042 Thread 0x000074698c018000 DEOPT UNPACKING pc=0x0000746d4104547a sp=0x0000746d10afe1c8 mode 2
Event: 19.042 Thread 0x000074698c018000 Uncommon trap: trap_request=0xffffffde fr.pc=0x0000746d4227f64c
Event: 19.042 Thread 0x000074698c018000 DEOPT PACKING pc=0x0000746d4227f64c sp=0x0000746d10afe190
Event: 19.042 Thread 0x000074698c018000 DEOPT UNPACKING pc=0x0000746d4104547a sp=0x0000746d10afe160 mode 2
Event: 19.042 Thread 0x000074698c018000 Uncommon trap: trap_request=0xffffffde fr.pc=0x0000746d42279d84
Event: 19.042 Thread 0x000074698c018000 DEOPT PACKING pc=0x0000746d42279d84 sp=0x0000746d10afe120
Event: 19.042 Thread 0x000074698c018000 DEOPT UNPACKING pc=0x0000746d4104547a sp=0x0000746d10afdef8 mode 2


Dynamic libraries:
80200000-100500000 rw-p 00000000 00:00 0 
100500000-580100000 ---p 00000000 00:00 0 
580100000-5d2180000 rw-p 00000000 00:00 0 
5d2180000-800000000 ---p 00000000 00:00 0 
800000000-800980000 rw-p 00000000 00:00 0 
800980000-840000000 ---p 00000000 00:00 0 
5d3c182ae000-5d3c182af000 r--p 00000000 103:02 94373942                  /usr/lib/jvm/java-8-openjdk-amd64/jre/bin/java
5d3c182af000-5d3c182b0000 r-xp 00001000 103:02 94373942                  /usr/lib/jvm/java-8-openjdk-amd64/jre/bin/java
5d3c182b0000-5d3c182b1000 r--p 00002000 103:02 94373942                  /usr/lib/jvm/java-8-openjdk-amd64/jre/bin/java
5d3c182b1000-5d3c182b2000 r--p 00002000 103:02 94373942                  /usr/lib/jvm/java-8-openjdk-amd64/jre/bin/java
5d3c182b2000-5d3c182b3000 rw-p 00003000 103:02 94373942                  /usr/lib/jvm/java-8-openjdk-amd64/jre/bin/java
5d3c37197000-5d3c371b8000 rw-p 00000000 00:00 0                          [heap]
746818000000-746818021000 rw-p 00000000 00:00 0 
746818021000-74681c000000 ---p 00000000 00:00 0 
74681c000000-74681c021000 rw-p 00000000 00:00 0 
74681c021000-746820000000 ---p 00000000 00:00 0 
746820000000-746820021000 rw-p 00000000 00:00 0 
746820021000-746824000000 ---p 00000000 00:00 0 
746824000000-746824021000 rw-p 00000000 00:00 0 
746824021000-746828000000 ---p 00000000 00:00 0 
746828000000-746828021000 rw-p 00000000 00:00 0 
746828021000-74682c000000 ---p 00000000 00:00 0 
74682c000000-74682c021000 rw-p 00000000 00:00 0 
74682c021000-746830000000 ---p 00000000 00:00 0 
746830000000-746830021000 rw-p 00000000 00:00 0 
746830021000-746834000000 ---p 00000000 00:00 0 
746834000000-746834021000 rw-p 00000000 00:00 0 
746834021000-746838000000 ---p 00000000 00:00 0 
746838000000-746838021000 rw-p 00000000 00:00 0 
746838021000-74683c000000 ---p 00000000 00:00 0 
74683c000000-74683c021000 rw-p 00000000 00:00 0 
74683c021000-746840000000 ---p 00000000 00:00 0 
746840000000-746840021000 rw-p 00000000 00:00 0 
746840021000-746844000000 ---p 00000000 00:00 0 
746844000000-746844021000 rw-p 00000000 00:00 0 
746844021000-746848000000 ---p 00000000 00:00 0 
746848000000-746848021000 rw-p 00000000 00:00 0 
746848021000-74684c000000 ---p 00000000 00:00 0 
74684c000000-74684c021000 rw-p 00000000 00:00 0 
74684c021000-746850000000 ---p 00000000 00:00 0 
746850000000-746850021000 rw-p 00000000 00:00 0 
746850021000-746854000000 ---p 00000000 00:00 0 
746854000000-746854021000 rw-p 00000000 00:00 0 
746854021000-746858000000 ---p 00000000 00:00 0 
746858000000-746858021000 rw-p 00000000 00:00 0 
746858021000-74685c000000 ---p 00000000 00:00 0 
74685c000000-74685c021000 rw-p 00000000 00:00 0 
74685c021000-746860000000 ---p 00000000 00:00 0 
746860000000-746860021000 rw-p 00000000 00:00 0 
746860021000-746864000000 ---p 00000000 00:00 0 
746864000000-746864021000 rw-p 00000000 00:00 0 
746864021000-746868000000 ---p 00000000 00:00 0 
746868000000-746868021000 rw-p 00000000 00:00 0 
746868021000-74686c000000 ---p 00000000 00:00 0 
74686c000000-74686c021000 rw-p 00000000 00:00 0 
74686c021000-746870000000 ---p 00000000 00:00 0 
746870000000-746870021000 rw-p 00000000 00:00 0 
746870021000-746874000000 ---p 00000000 00:00 0 
746878000000-746878021000 rw-p 00000000 00:00 0 
746878021000-74687c000000 ---p 00000000 00:00 0 
74687c000000-74687c021000 rw-p 00000000 00:00 0 
74687c021000-746880000000 ---p 00000000 00:00 0 
746880000000-746880021000 rw-p 00000000 00:00 0 
746880021000-746884000000 ---p 00000000 00:00 0 
746884000000-746884021000 rw-p 00000000 00:00 0 
746884021000-746888000000 ---p 00000000 00:00 0 
746888000000-746888021000 rw-p 00000000 00:00 0 
746888021000-74688c000000 ---p 00000000 00:00 0 
74688c000000-74688c021000 rw-p 00000000 00:00 0 
74688c021000-746890000000 ---p 00000000 00:00 0 
746890000000-746890021000 rw-p 00000000 00:00 0 
746890021000-746894000000 ---p 00000000 00:00 0 
746894000000-746894021000 rw-p 00000000 00:00 0 
746894021000-746898000000 ---p 00000000 00:00 0 
746898000000-746898021000 rw-p 00000000 00:00 0 
746898021000-74689c000000 ---p 00000000 00:00 0 
74689c000000-74689c021000 rw-p 00000000 00:00 0 
74689c021000-7468a0000000 ---p 00000000 00:00 0 
7468a0000000-7468a0021000 rw-p 00000000 00:00 0 
7468a0021000-7468a4000000 ---p 00000000 00:00 0 
7468a4000000-7468a4021000 rw-p 00000000 00:00 0 
7468a4021000-7468a8000000 ---p 00000000 00:00 0 
7468a8000000-7468a8021000 rw-p 00000000 00:00 0 
7468a8021000-7468ac000000 ---p 00000000 00:00 0 
7468ac000000-7468ac021000 rw-p 00000000 00:00 0 
7468ac021000-7468b0000000 ---p 00000000 00:00 0 
7468b0000000-7468b0021000 rw-p 00000000 00:00 0 
7468b0021000-7468b4000000 ---p 00000000 00:00 0 
7468b4000000-7468b4021000 rw-p 00000000 00:00 0 
7468b4021000-7468b8000000 ---p 00000000 00:00 0 
7468b8000000-7468b805b000 rw-p 00000000 00:00 0 
7468b805b000-7468bc000000 ---p 00000000 00:00 0 
7468bc000000-7468bc021000 rw-p 00000000 00:00 0 
7468bc021000-7468c0000000 ---p 00000000 00:00 0 
7468c0000000-7468c0021000 rw-p 00000000 00:00 0 
7468c0021000-7468c4000000 ---p 00000000 00:00 0 
7468c4000000-7468c4021000 rw-p 00000000 00:00 0 
7468c4021000-7468c8000000 ---p 00000000 00:00 0 
7468c8000000-7468c8022000 rw-p 00000000 00:00 0 
7468c8022000-7468cc000000 ---p 00000000 00:00 0 
7468cc000000-7468cc021000 rw-p 00000000 00:00 0 
7468cc021000-7468d0000000 ---p 00000000 00:00 0 
7468d0000000-7468d0021000 rw-p 00000000 00:00 0 
7468d0021000-7468d4000000 ---p 00000000 00:00 0 
7468d4000000-7468d4021000 rw-p 00000000 00:00 0 
7468d4021000-7468d8000000 ---p 00000000 00:00 0 
7468d8000000-7468d8021000 rw-p 00000000 00:00 0 
7468d8021000-7468dc000000 ---p 00000000 00:00 0 
7468dc000000-7468dc021000 rw-p 00000000 00:00 0 
7468dc021000-7468e0000000 ---p 00000000 00:00 0 
7468e0000000-7468e0021000 rw-p 00000000 00:00 0 
7468e0021000-7468e4000000 ---p 00000000 00:00 0 
7468e4000000-7468e4021000 rw-p 00000000 00:00 0 
7468e4021000-7468e8000000 ---p 00000000 00:00 0 
7468e8000000-7468e8021000 rw-p 00000000 00:00 0 
7468e8021000-7468ec000000 ---p 00000000 00:00 0 
7468ec000000-7468ec021000 rw-p 00000000 00:00 0 
7468ec021000-7468f0000000 ---p 00000000 00:00 0 
7468f0000000-7468f0021000 rw-p 00000000 00:00 0 
7468f0021000-7468f4000000 ---p 00000000 00:00 0 
7468f4000000-7468f4021000 rw-p 00000000 00:00 0 
7468f4021000-7468f8000000 ---p 00000000 00:00 0 
7468f8000000-7468f802f000 rw-p 00000000 00:00 0 
7468f802f000-7468fc000000 ---p 00000000 00:00 0 
7468fc000000-7468fc094000 rw-p 00000000 00:00 0 
7468fc094000-746900000000 ---p 00000000 00:00 0 
746900000000-746900021000 rw-p 00000000 00:00 0 
746900021000-746904000000 ---p 00000000 00:00 0 
746904000000-746904021000 rw-p 00000000 00:00 0 
746904021000-746908000000 ---p 00000000 00:00 0 
746908000000-746908021000 rw-p 00000000 00:00 0 
746908021000-74690c000000 ---p 00000000 00:00 0 
74690c000000-74690c021000 rw-p 00000000 00:00 0 
74690c021000-746910000000 ---p 00000000 00:00 0 
746910000000-746910021000 rw-p 00000000 00:00 0 
746910021000-746914000000 ---p 00000000 00:00 0 
746914000000-74691402f000 rw-p 00000000 00:00 0 
74691402f000-746918000000 ---p 00000000 00:00 0 
746918000000-746918021000 rw-p 00000000 00:00 0 
746918021000-74691c000000 ---p 00000000 00:00 0 
74691c000000-74691c021000 rw-p 00000000 00:00 0 
74691c021000-746920000000 ---p 00000000 00:00 0 
746920000000-746920031000 rw-p 00000000 00:00 0 
746920031000-746924000000 ---p 00000000 00:00 0 
746924000000-746924021000 rw-p 00000000 00:00 0 
746924021000-746928000000 ---p 00000000 00:00 0 
746928000000-746928021000 rw-p 00000000 00:00 0 
746928021000-74692c000000 ---p 00000000 00:00 0 
74692c000000-74692c021000 rw-p 00000000 00:00 0 
74692c021000-746930000000 ---p 00000000 00:00 0 
746930000000-746930021000 rw-p 00000000 00:00 0 
746930021000-746934000000 ---p 00000000 00:00 0 
746934000000-746934021000 rw-p 00000000 00:00 0 
746934021000-746938000000 ---p 00000000 00:00 0 
746938000000-746938032000 rw-p 00000000 00:00 0 
746938032000-74693c000000 ---p 00000000 00:00 0 
74693c000000-74693c021000 rw-p 00000000 00:00 0 
74693c021000-746940000000 ---p 00000000 00:00 0 
746940000000-746940032000 rw-p 00000000 00:00 0 
746940032000-746944000000 ---p 00000000 00:00 0 
746944000000-746944022000 rw-p 00000000 00:00 0 
746944022000-746948000000 ---p 00000000 00:00 0 
746948000000-746948021000 rw-p 00000000 00:00 0 
746948021000-74694c000000 ---p 00000000 00:00 0 
74694c000000-74694c021000 rw-p 00000000 00:00 0 
74694c021000-746950000000 ---p 00000000 00:00 0 
746950000000-746950021000 rw-p 00000000 00:00 0 
746950021000-746954000000 ---p 00000000 00:00 0 
746954000000-746954021000 rw-p 00000000 00:00 0 
746954021000-746958000000 ---p 00000000 00:00 0 
746958000000-746958021000 rw-p 00000000 00:00 0 
746958021000-74695c000000 ---p 00000000 00:00 0 
74695c000000-74695c021000 rw-p 00000000 00:00 0 
74695c021000-746960000000 ---p 00000000 00:00 0 
746960000000-746960021000 rw-p 00000000 00:00 0 
746960021000-746964000000 ---p 00000000 00:00 0 
746964000000-746964021000 rw-p 00000000 00:00 0 
746964021000-746968000000 ---p 00000000 00:00 0 
746968000000-746968021000 rw-p 00000000 00:00 0 
746968021000-74696c000000 ---p 00000000 00:00 0 
74696c000000-74696c06c000 rw-p 00000000 00:00 0 
74696c06c000-746970000000 ---p 00000000 00:00 0 
746970000000-746970021000 rw-p 00000000 00:00 0 
746970021000-746974000000 ---p 00000000 00:00 0 
746974000000-746974021000 rw-p 00000000 00:00 0 
746974021000-746978000000 ---p 00000000 00:00 0 
746978000000-746978021000 rw-p 00000000 00:00 0 
746978021000-74697c000000 ---p 00000000 00:00 0 
74697c000000-74697c05b000 rw-p 00000000 00:00 0 
74697c05b000-746980000000 ---p 00000000 00:00 0 
746980000000-746980021000 rw-p 00000000 00:00 0 
746980021000-746984000000 ---p 00000000 00:00 0 
746984000000-746984021000 rw-p 00000000 00:00 0 
746984021000-746988000000 ---p 00000000 00:00 0 
746988000000-746988021000 rw-p 00000000 00:00 0 
746988021000-74698c000000 ---p 00000000 00:00 0 
74698c000000-74698c025000 rw-p 00000000 00:00 0 
74698c025000-746990000000 ---p 00000000 00:00 0 
746990000000-746990021000 rw-p 00000000 00:00 0 
746990021000-746994000000 ---p 00000000 00:00 0 
746994000000-746994021000 rw-p 00000000 00:00 0 
746994021000-746998000000 ---p 00000000 00:00 0 
746998000000-746998021000 rw-p 00000000 00:00 0 
746998021000-74699c000000 ---p 00000000 00:00 0 
74699c000000-74699c021000 rw-p 00000000 00:00 0 
74699c021000-7469a0000000 ---p 00000000 00:00 0 
7469a0000000-7469a0021000 rw-p 00000000 00:00 0 
7469a0021000-7469a4000000 ---p 00000000 00:00 0 
7469a4000000-7469a4029000 rw-p 00000000 00:00 0 
7469a4029000-7469a8000000 ---p 00000000 00:00 0 
7469a8000000-7469a8021000 rw-p 00000000 00:00 0 
7469a8021000-7469ac000000 ---p 00000000 00:00 0 
7469ac000000-7469ac021000 rw-p 00000000 00:00 0 
7469ac021000-7469b0000000 ---p 00000000 00:00 0 
7469b0000000-7469b0021000 rw-p 00000000 00:00 0 
7469b0021000-7469b4000000 ---p 00000000 00:00 0 
7469b4000000-7469b4021000 rw-p 00000000 00:00 0 
7469b4021000-7469b8000000 ---p 00000000 00:00 0 
7469b8000000-7469b8021000 rw-p 00000000 00:00 0 
7469b8021000-7469bc000000 ---p 00000000 00:00 0 
7469bc000000-7469bc021000 rw-p 00000000 00:00 0 
7469bc021000-7469c0000000 ---p 00000000 00:00 0 
7469c0000000-7469c0021000 rw-p 00000000 00:00 0 
7469c0021000-7469c4000000 ---p 00000000 00:00 0 
7469c4000000-7469c4021000 rw-p 00000000 00:00 0 
7469c4021000-7469c8000000 ---p 00000000 00:00 0 
7469c8000000-7469c8021000 rw-p 00000000 00:00 0 
7469c8021000-7469cc000000 ---p 00000000 00:00 0 
7469cc000000-7469cc021000 rw-p 00000000 00:00 0 
7469cc021000-7469d0000000 ---p 00000000 00:00 0 
7469d0000000-7469d0021000 rw-p 00000000 00:00 0 
7469d0021000-7469d4000000 ---p 00000000 00:00 0 
7469d4000000-7469d4021000 rw-p 00000000 00:00 0 
7469d4021000-7469d8000000 ---p 00000000 00:00 0 
7469d8000000-7469d8021000 rw-p 00000000 00:00 0 
7469d8021000-7469dc000000 ---p 00000000 00:00 0 
7469dc000000-7469dc021000 rw-p 00000000 00:00 0 
7469dc021000-7469e0000000 ---p 00000000 00:00 0 
7469e0000000-7469e0023000 rw-p 00000000 00:00 0 
7469e0023000-7469e4000000 ---p 00000000 00:00 0 
7469e4000000-7469e4021000 rw-p 00000000 00:00 0 
7469e4021000-7469e8000000 ---p 00000000 00:00 0 
7469e8000000-7469e8040000 rw-p 00000000 00:00 0 
7469e8040000-7469ec000000 ---p 00000000 00:00 0 
7469ec000000-7469ec021000 rw-p 00000000 00:00 0 
7469ec021000-7469f0000000 ---p 00000000 00:00 0 
7469f0000000-7469f0028000 rw-p 00000000 00:00 0 
7469f0028000-7469f4000000 ---p 00000000 00:00 0 
7469f4000000-7469f4021000 rw-p 00000000 00:00 0 
7469f4021000-7469f8000000 ---p 00000000 00:00 0 
7469f8000000-7469f8021000 rw-p 00000000 00:00 0 
7469f8021000-7469fc000000 ---p 00000000 00:00 0 
7469fc000000-7469fc021000 rw-p 00000000 00:00 0 
7469fc021000-746a00000000 ---p 00000000 00:00 0 
746a00000000-746a00021000 rw-p 00000000 00:00 0 
746a00021000-746a04000000 ---p 00000000 00:00 0 
746a04000000-746a04027000 rw-p 00000000 00:00 0 
746a04027000-746a08000000 ---p 00000000 00:00 0 
746a08000000-746a08021000 rw-p 00000000 00:00 0 
746a08021000-746a0c000000 ---p 00000000 00:00 0 
746a0c000000-746a0c04a000 rw-p 00000000 00:00 0 
746a0c04a000-746a10000000 ---p 00000000 00:00 0 
746a10000000-746a10021000 rw-p 00000000 00:00 0 
746a10021000-746a14000000 ---p 00000000 00:00 0 
746a14000000-746a14021000 rw-p 00000000 00:00 0 
746a14021000-746a18000000 ---p 00000000 00:00 0 
746a18000000-746a18021000 rw-p 00000000 00:00 0 
746a18021000-746a1c000000 ---p 00000000 00:00 0 
746a1c000000-746a1c021000 rw-p 00000000 00:00 0 
746a1c021000-746a20000000 ---p 00000000 00:00 0 
746a20000000-746a20021000 rw-p 00000000 00:00 0 
746a20021000-746a24000000 ---p 00000000 00:00 0 
746a24000000-746a2409b000 rw-p 00000000 00:00 0 
746a2409b000-746a28000000 ---p 00000000 00:00 0 
746a28000000-746a28021000 rw-p 00000000 00:00 0 
746a28021000-746a2c000000 ---p 00000000 00:00 0 
746a2c000000-746a2c021000 rw-p 00000000 00:00 0 
746a2c021000-746a30000000 ---p 00000000 00:00 0 
746a30000000-746a30021000 rw-p 00000000 00:00 0 
746a30021000-746a34000000 ---p 00000000 00:00 0 
746a34000000-746a340c0000 rw-p 00000000 00:00 0 
746a340c0000-746a38000000 ---p 00000000 00:00 0 
746a38000000-746a3809e000 rw-p 00000000 00:00 0 
746a3809e000-746a3c000000 ---p 00000000 00:00 0 
746a3c000000-746a3c021000 rw-p 00000000 00:00 0 
746a3c021000-746a40000000 ---p 00000000 00:00 0 
746a40000000-746a40021000 rw-p 00000000 00:00 0 
746a40021000-746a44000000 ---p 00000000 00:00 0 
746a44000000-746a44021000 rw-p 00000000 00:00 0 
746a44021000-746a48000000 ---p 00000000 00:00 0 
746a48000000-746a48021000 rw-p 00000000 00:00 0 
746a48021000-746a4c000000 ---p 00000000 00:00 0 
746a4c000000-746a4c021000 rw-p 00000000 00:00 0 
746a4c021000-746a50000000 ---p 00000000 00:00 0 
746a50000000-746a50021000 rw-p 00000000 00:00 0 
746a50021000-746a54000000 ---p 00000000 00:00 0 
746a54000000-746a54023000 rw-p 00000000 00:00 0 
746a54023000-746a58000000 ---p 00000000 00:00 0 
746a58000000-746a58021000 rw-p 00000000 00:00 0 
746a58021000-746a5c000000 ---p 00000000 00:00 0 
746a5c000000-746a5c1df000 rw-p 00000000 00:00 0 
746a5c1df000-746a60000000 ---p 00000000 00:00 0 
746a60000000-746a60061000 rw-p 00000000 00:00 0 
746a60061000-746a64000000 ---p 00000000 00:00 0 
746a64000000-746a67ffa000 rw-p 00000000 00:00 0 
746a67ffa000-746a68000000 ---p 00000000 00:00 0 
746a68000000-746a68021000 rw-p 00000000 00:00 0 
746a68021000-746a6c000000 ---p 00000000 00:00 0 
746a6c000000-746a6c021000 rw-p 00000000 00:00 0 
746a6c021000-746a70000000 ---p 00000000 00:00 0 
746a70000000-746a70021000 rw-p 00000000 00:00 0 
746a70021000-746a74000000 ---p 00000000 00:00 0 
746a74000000-746a74021000 rw-p 00000000 00:00 0 
746a74021000-746a78000000 ---p 00000000 00:00 0 
746a78000000-746a780a9000 rw-p 00000000 00:00 0 
746a780a9000-746a7c000000 ---p 00000000 00:00 0 
746a7c000000-746a7c021000 rw-p 00000000 00:00 0 
746a7c021000-746a80000000 ---p 00000000 00:00 0 
746a80000000-746a800a7000 rw-p 00000000 00:00 0 
746a800a7000-746a84000000 ---p 00000000 00:00 0 
746a84000000-746a84021000 rw-p 00000000 00:00 0 
746a84021000-746a88000000 ---p 00000000 00:00 0 
746a88000000-746a88021000 rw-p 00000000 00:00 0 
746a88021000-746a8c000000 ---p 00000000 00:00 0 
746a8c000000-746a8c021000 rw-p 00000000 00:00 0 
746a8c021000-746a90000000 ---p 00000000 00:00 0 
746a90000000-746a90021000 rw-p 00000000 00:00 0 
746a90021000-746a94000000 ---p 00000000 00:00 0 
746a94000000-746a9405e000 rw-p 00000000 00:00 0 
746a9405e000-746a98000000 ---p 00000000 00:00 0 
746a98000000-746a98021000 rw-p 00000000 00:00 0 
746a98021000-746a9c000000 ---p 00000000 00:00 0 
746a9c000000-746a9c034000 rw-p 00000000 00:00 0 
746a9c034000-746aa0000000 ---p 00000000 00:00 0 
746aa0000000-746aa003f000 rw-p 00000000 00:00 0 
746aa003f000-746aa4000000 ---p 00000000 00:00 0 
746aa4000000-746aa4044000 rw-p 00000000 00:00 0 
746aa4044000-746aa8000000 ---p 00000000 00:00 0 
746aa8000000-746aabff9000 rw-p 00000000 00:00 0 
746aabff9000-746aac000000 ---p 00000000 00:00 0 
746aac000000-746aafffe000 rw-p 00000000 00:00 0 
746aafffe000-746ab0000000 ---p 00000000 00:00 0 
746ab0000000-746ab0021000 rw-p 00000000 00:00 0 
746ab0021000-746ab4000000 ---p 00000000 00:00 0 
746ab4000000-746ab4021000 rw-p 00000000 00:00 0 
746ab4021000-746ab8000000 ---p 00000000 00:00 0 
746ab8000000-746ab8021000 rw-p 00000000 00:00 0 
746ab8021000-746abc000000 ---p 00000000 00:00 0 
746abc000000-746abc021000 rw-p 00000000 00:00 0 
746abc021000-746ac0000000 ---p 00000000 00:00 0 
746ac0000000-746ac004d000 rw-p 00000000 00:00 0 
746ac004d000-746ac4000000 ---p 00000000 00:00 0 
746ac4000000-746ac4021000 rw-p 00000000 00:00 0 
746ac4021000-746ac8000000 ---p 00000000 00:00 0 
746ac8000000-746ac8084000 rw-p 00000000 00:00 0 
746ac8084000-746acc000000 ---p 00000000 00:00 0 
746acc000000-746acc021000 rw-p 00000000 00:00 0 
746acc021000-746ad0000000 ---p 00000000 00:00 0 
746ad0000000-746ad002a000 rw-p 00000000 00:00 0 
746ad002a000-746ad4000000 ---p 00000000 00:00 0 
746ad4000000-746ad4021000 rw-p 00000000 00:00 0 
746ad4021000-746ad8000000 ---p 00000000 00:00 0 
746ad8000000-746ad8021000 rw-p 00000000 00:00 0 
746ad8021000-746adc000000 ---p 00000000 00:00 0 
746adc000000-746adc039000 rw-p 00000000 00:00 0 
746adc039000-746ae0000000 ---p 00000000 00:00 0 
746ae0000000-746ae0021000 rw-p 00000000 00:00 0 
746ae0021000-746ae4000000 ---p 00000000 00:00 0 
746ae4000000-746ae4021000 rw-p 00000000 00:00 0 
746ae4021000-746ae8000000 ---p 00000000 00:00 0 
746ae8000000-746ae8021000 rw-p 00000000 00:00 0 
746ae8021000-746aec000000 ---p 00000000 00:00 0 
746aec000000-746aec021000 rw-p 00000000 00:00 0 
746aec021000-746af0000000 ---p 00000000 00:00 0 
746af0000000-746af0021000 rw-p 00000000 00:00 0 
746af0021000-746af4000000 ---p 00000000 00:00 0 
746af4000000-746af4021000 rw-p 00000000 00:00 0 
746af4021000-746af8000000 ---p 00000000 00:00 0 
746af8000000-746af8021000 rw-p 00000000 00:00 0 
746af8021000-746afc000000 ---p 00000000 00:00 0 
746afc000000-746afc129000 rw-p 00000000 00:00 0 
746afc129000-746b00000000 ---p 00000000 00:00 0 
746b00000000-746b00021000 rw-p 00000000 00:00 0 
746b00021000-746b04000000 ---p 00000000 00:00 0 
746b04000000-746b04029000 rw-p 00000000 00:00 0 
746b04029000-746b08000000 ---p 00000000 00:00 0 
746b08000000-746b08021000 rw-p 00000000 00:00 0 
746b08021000-746b0c000000 ---p 00000000 00:00 0 
746b0c000000-746b0c021000 rw-p 00000000 00:00 0 
746b0c021000-746b10000000 ---p 00000000 00:00 0 
746b10000000-746b10021000 rw-p 00000000 00:00 0 
746b10021000-746b14000000 ---p 00000000 00:00 0 
746b14000000-746b14021000 rw-p 00000000 00:00 0 
746b14021000-746b18000000 ---p 00000000 00:00 0 
746b18000000-746b181b7000 rw-p 00000000 00:00 0 
746b181b7000-746b1c000000 ---p 00000000 00:00 0 
746b1c000000-746b1c021000 rw-p 00000000 00:00 0 
746b1c021000-746b20000000 ---p 00000000 00:00 0 
746b20000000-746b20256000 rw-p 00000000 00:00 0 
746b20256000-746b24000000 ---p 00000000 00:00 0 
746b24000000-746b242ac000 rw-p 00000000 00:00 0 
746b242ac000-746b28000000 ---p 00000000 00:00 0 
746b28000000-746b28207000 rw-p 00000000 00:00 0 
746b28207000-746b2c000000 ---p 00000000 00:00 0 
746b2c000000-746b2c1bc000 rw-p 00000000 00:00 0 
746b2c1bc000-746b30000000 ---p 00000000 00:00 0 
746b30000000-746b31063000 rw-p 00000000 00:00 0 
746b31063000-746b34000000 ---p 00000000 00:00 0 
746b34000000-746b341a5000 rw-p 00000000 00:00 0 
746b341a5000-746b38000000 ---p 00000000 00:00 0 
746b38000000-746b384a9000 rw-p 00000000 00:00 0 
746b384a9000-746b3c000000 ---p 00000000 00:00 0 
746b3c000000-746b3cbc7000 rw-p 00000000 00:00 0 
746b3cbc7000-746b40000000 ---p 00000000 00:00 0 
746b40000000-746b415a7000 rw-p 00000000 00:00 0 
746b415a7000-746b44000000 ---p 00000000 00:00 0 
746b44000000-746b4489e000 rw-p 00000000 00:00 0 
746b4489e000-746b48000000 ---p 00000000 00:00 0 
746b48000000-746b488f0000 rw-p 00000000 00:00 0 
746b488f0000-746b4c000000 ---p 00000000 00:00 0 
746b4c000000-746b4c506000 rw-p 00000000 00:00 0 
746b4c506000-746b50000000 ---p 00000000 00:00 0 
746b50000000-746b5042d000 rw-p 00000000 00:00 0 
746b5042d000-746b54000000 ---p 00000000 00:00 0 
746b54000000-746b559b3000 rw-p 00000000 00:00 0 
746b559b3000-746b58000000 ---p 00000000 00:00 0 
746b58000000-746b5938a000 rw-p 00000000 00:00 0 
746b5938a000-746b5c000000 ---p 00000000 00:00 0 
746b5c000000-746b5cbc7000 rw-p 00000000 00:00 0 
746b5cbc7000-746b60000000 ---p 00000000 00:00 0 
746b60000000-746b60021000 rw-p 00000000 00:00 0 
746b60021000-746b64000000 ---p 00000000 00:00 0 
746b64000000-746b64a21000 rw-p 00000000 00:00 0 
746b64a21000-746b68000000 ---p 00000000 00:00 0 
746b68000000-746b68021000 rw-p 00000000 00:00 0 
746b68021000-746b6c000000 ---p 00000000 00:00 0 
746b6c000000-746b6c021000 rw-p 00000000 00:00 0 
746b6c021000-746b70000000 ---p 00000000 00:00 0 
746b70000000-746b70021000 rw-p 00000000 00:00 0 
746b70021000-746b74000000 ---p 00000000 00:00 0 
746b74000000-746b74192000 rw-p 00000000 00:00 0 
746b74192000-746b78000000 ---p 00000000 00:00 0 
746b78000000-746b78021000 rw-p 00000000 00:00 0 
746b78021000-746b7c000000 ---p 00000000 00:00 0 
746b80000000-746b80021000 rw-p 00000000 00:00 0 
746b80021000-746b84000000 ---p 00000000 00:00 0 
746b88000000-746b88021000 rw-p 00000000 00:00 0 
746b88021000-746b8c000000 ---p 00000000 00:00 0 
746b90000000-746b90021000 rw-p 00000000 00:00 0 
746b90021000-746b94000000 ---p 00000000 00:00 0 
746b98000000-746b98021000 rw-p 00000000 00:00 0 
746b98021000-746b9c000000 ---p 00000000 00:00 0 
746ba0000000-746ba0021000 rw-p 00000000 00:00 0 
746ba0021000-746ba4000000 ---p 00000000 00:00 0 
746ba8000000-746ba8021000 rw-p 00000000 00:00 0 
746ba8021000-746bac000000 ---p 00000000 00:00 0 
746bb0000000-746bb0021000 rw-p 00000000 00:00 0 
746bb0021000-746bb4000000 ---p 00000000 00:00 0 
746bb8000000-746bb8021000 rw-p 00000000 00:00 0 
746bb8021000-746bbc000000 ---p 00000000 00:00 0 
746bc0000000-746bc0021000 rw-p 00000000 00:00 0 
746bc0021000-746bc4000000 ---p 00000000 00:00 0 
746bc8000000-746bc8021000 rw-p 00000000 00:00 0 
746bc8021000-746bcc000000 ---p 00000000 00:00 0 
746bd0000000-746bd0021000 rw-p 00000000 00:00 0 
746bd0021000-746bd4000000 ---p 00000000 00:00 0 
746bd8000000-746bd8021000 rw-p 00000000 00:00 0 
746bd8021000-746bdc000000 ---p 00000000 00:00 0 
746be0000000-746be0021000 rw-p 00000000 00:00 0 
746be0021000-746be4000000 ---p 00000000 00:00 0 
746be8000000-746be8021000 rw-p 00000000 00:00 0 
746be8021000-746bec000000 ---p 00000000 00:00 0 
746bf0000000-746bf0021000 rw-p 00000000 00:00 0 
746bf0021000-746bf4000000 ---p 00000000 00:00 0 
746bf8000000-746bf8021000 rw-p 00000000 00:00 0 
746bf8021000-746bfc000000 ---p 00000000 00:00 0 
746c00000000-746c00021000 rw-p 00000000 00:00 0 
746c00021000-746c04000000 ---p 00000000 00:00 0 
746c08000000-746c08021000 rw-p 00000000 00:00 0 
746c08021000-746c0c000000 ---p 00000000 00:00 0 
746c10000000-746c10021000 rw-p 00000000 00:00 0 
746c10021000-746c14000000 ---p 00000000 00:00 0 
746c18000000-746c18021000 rw-p 00000000 00:00 0 
746c18021000-746c1c000000 ---p 00000000 00:00 0 
746c20000000-746c20021000 rw-p 00000000 00:00 0 
746c20021000-746c24000000 ---p 00000000 00:00 0 
746c28000000-746c28021000 rw-p 00000000 00:00 0 
746c28021000-746c2c000000 ---p 00000000 00:00 0 
746c30000000-746c30021000 rw-p 00000000 00:00 0 
746c30021000-746c34000000 ---p 00000000 00:00 0 
746c38000000-746c38021000 rw-p 00000000 00:00 0 
746c38021000-746c3c000000 ---p 00000000 00:00 0 
746c40000000-746c40021000 rw-p 00000000 00:00 0 
746c40021000-746c44000000 ---p 00000000 00:00 0 
746c48000000-746c48021000 rw-p 00000000 00:00 0 
746c48021000-746c4c000000 ---p 00000000 00:00 0 
746c50000000-746c50021000 rw-p 00000000 00:00 0 
746c50021000-746c54000000 ---p 00000000 00:00 0 
746c58000000-746c58021000 rw-p 00000000 00:00 0 
746c58021000-746c5c000000 ---p 00000000 00:00 0 
746c60000000-746c60021000 rw-p 00000000 00:00 0 
746c60021000-746c64000000 ---p 00000000 00:00 0 
746c68000000-746c68021000 rw-p 00000000 00:00 0 
746c68021000-746c6c000000 ---p 00000000 00:00 0 
746c70000000-746c70021000 rw-p 00000000 00:00 0 
746c70021000-746c74000000 ---p 00000000 00:00 0 
746c78000000-746c78021000 rw-p 00000000 00:00 0 
746c78021000-746c7c000000 ---p 00000000 00:00 0 
746c80000000-746c80021000 rw-p 00000000 00:00 0 
746c80021000-746c84000000 ---p 00000000 00:00 0 
746c88000000-746c88021000 rw-p 00000000 00:00 0 
746c88021000-746c8c000000 ---p 00000000 00:00 0 
746c90000000-746c90021000 rw-p 00000000 00:00 0 
746c90021000-746c94000000 ---p 00000000 00:00 0 
746c98000000-746c98021000 rw-p 00000000 00:00 0 
746c98021000-746c9c000000 ---p 00000000 00:00 0 
746ca0000000-746ca0021000 rw-p 00000000 00:00 0 
746ca0021000-746ca4000000 ---p 00000000 00:00 0 
746ca8000000-746ca8021000 rw-p 00000000 00:00 0 
746ca8021000-746cac000000 ---p 00000000 00:00 0 
746cac210000-746ce8200000 rw-p 00000000 00:00 0 
746cec000000-746cec021000 rw-p 00000000 00:00 0 
746cec021000-746cf0000000 ---p 00000000 00:00 0 
746cf4000000-746cf4021000 rw-p 00000000 00:00 0 
746cf4021000-746cf8000000 ---p 00000000 00:00 0 
746cf9e00000-746cf9e03000 ---p 00000000 00:00 0 
746cf9e03000-746cf9f00000 rw-p 00000000 00:00 0 
746cfc000000-746cfc021000 rw-p 00000000 00:00 0 
746cfc021000-746d00000000 ---p 00000000 00:00 0 
746d00000000-746d00003000 ---p 00000000 00:00 0 
746d00003000-746d00100000 rw-p 00000000 00:00 0 
746d00a00000-746d00a03000 ---p 00000000 00:00 0 
746d00a03000-746d00b00000 rw-p 00000000 00:00 0 
746d01b00000-746d01b03000 ---p 00000000 00:00 0 
746d01b03000-746d01c00000 rw-p 00000000 00:00 0 
746d01c00000-746d01c03000 ---p 00000000 00:00 0 
746d01c03000-746d01d00000 rw-p 00000000 00:00 0 
746d02000000-746d02200000 rw-p 00000000 00:00 0 
746d02300000-746d02303000 ---p 00000000 00:00 0 
746d02303000-746d02400000 rw-p 00000000 00:00 0 
746d02500000-746d02503000 ---p 00000000 00:00 0 
746d02503000-746d02600000 rw-p 00000000 00:00 0 
746d02800000-746d02803000 ---p 00000000 00:00 0 
746d02803000-746d02900000 rw-p 00000000 00:00 0 
746d03100000-746d03103000 ---p 00000000 00:00 0 
746d03103000-746d03200000 rw-p 00000000 00:00 0 
746d03200000-746d03203000 ---p 00000000 00:00 0 
746d03203000-746d03300000 rw-p 00000000 00:00 0 
746d03700000-746d03703000 ---p 00000000 00:00 0 
746d03703000-746d03800000 rw-p 00000000 00:00 0 
746d03a00000-746d03a03000 ---p 00000000 00:00 0 
746d03a03000-746d03b00000 rw-p 00000000 00:00 0 
746d04000000-746d04021000 rw-p 00000000 00:00 0 
746d04021000-746d08000000 ---p 00000000 00:00 0 
746d08100000-746d08103000 ---p 00000000 00:00 0 
746d08103000-746d08200000 rw-p 00000000 00:00 0 
746d08c00000-746d08e00000 rw-p 00000000 00:00 0 
746d09600000-746d09603000 ---p 00000000 00:00 0 
746d09603000-746d09700000 rw-p 00000000 00:00 0 
746d09700000-746d09703000 ---p 00000000 00:00 0 
746d09703000-746d09800000 rw-p 00000000 00:00 0 
746d09800000-746d09a00000 rw-p 00000000 00:00 0 
746d09a00000-746d09a03000 ---p 00000000 00:00 0 
746d09a03000-746d09b00000 rw-p 00000000 00:00 0 
746d09b00000-746d09b03000 ---p 00000000 00:00 0 
746d09b03000-746d09c00000 rw-p 00000000 00:00 0 
746d09c00000-746d09c03000 ---p 00000000 00:00 0 
746d09c03000-746d09d00000 rw-p 00000000 00:00 0 
746d09d00000-746d09d03000 ---p 00000000 00:00 0 
746d09d03000-746d09e00000 rw-p 00000000 00:00 0 
746d09e00000-746d09e03000 ---p 00000000 00:00 0 
746d09e03000-746d09f00000 rw-p 00000000 00:00 0 
746d09f00000-746d09f03000 ---p 00000000 00:00 0 
746d09f03000-746d0a000000 rw-p 00000000 00:00 0 
746d0a000000-746d0a1c0000 rw-p 00000000 00:00 0 
746d0a1c0000-746d0a400000 rw-p 00000000 00:00 0 
746d0a400000-746d0a403000 ---p 00000000 00:00 0 
746d0a403000-746d0a500000 rw-p 00000000 00:00 0 
746d0a500000-746d0a503000 ---p 00000000 00:00 0 
746d0a503000-746d0a600000 rw-p 00000000 00:00 0 
746d0a600000-746d0a7c0000 rw-p 00000000 00:00 0 
746d0a7c0000-746d0aa00000 rw-p 00000000 00:00 0 
746d0aa00000-746d0aa03000 ---p 00000000 00:00 0 
746d0aa03000-746d0ab00000 rw-p 00000000 00:00 0 
746d0ab00000-746d0ab03000 ---p 00000000 00:00 0 
746d0ab03000-746d0ac00000 rw-p 00000000 00:00 0 
746d0ac00000-746d0ae00000 rw-p 00000000 00:00 0 
746d0ae00000-746d0ae03000 ---p 00000000 00:00 0 
746d0ae03000-746d0af00000 rw-p 00000000 00:00 0 
746d0af00000-746d0af03000 ---p 00000000 00:00 0 
746d0af03000-746d0b000000 rw-p 00000000 00:00 0 
746d0b000000-746d0b003000 ---p 00000000 00:00 0 
746d0b003000-746d0b100000 rw-p 00000000 00:00 0 
746d0b100000-746d0b103000 ---p 00000000 00:00 0 
746d0b103000-746d0b200000 rw-p 00000000 00:00 0 
746d0b200000-746d0b203000 ---p 00000000 00:00 0 
746d0b203000-746d0b300000 rw-p 00000000 00:00 0 
746d0b300000-746d0b303000 ---p 00000000 00:00 0 
746d0b303000-746d0b400000 rw-p 00000000 00:00 0 
746d0b400000-746d0b403000 ---p 00000000 00:00 0 
746d0b403000-746d0b500000 rw-p 00000000 00:00 0 
746d0b500000-746d0b503000 ---p 00000000 00:00 0 
746d0b503000-746d0b600000 rw-p 00000000 00:00 0 
746d0b600000-746d0b603000 ---p 00000000 00:00 0 
746d0b603000-746d0b700000 rw-p 00000000 00:00 0 
746d0b700000-746d0b703000 ---p 00000000 00:00 0 
746d0b703000-746d0b800000 rw-p 00000000 00:00 0 
746d0b800000-746d0b9c0000 rw-p 00000000 00:00 0 
746d0b9c0000-746d0bc00000 rw-p 00000000 00:00 0 
746d0bc00000-746d0bc03000 ---p 00000000 00:00 0 
746d0bc03000-746d0bd00000 rw-p 00000000 00:00 0 
746d0bd00000-746d0bd03000 ---p 00000000 00:00 0 
746d0bd03000-746d0be00000 rw-p 00000000 00:00 0 
746d0be00000-746d0be03000 ---p 00000000 00:00 0 
746d0be03000-746d0bf00000 rw-p 00000000 00:00 0 
746d0bf00000-746d0bf03000 ---p 00000000 00:00 0 
746d0bf03000-746d0c000000 rw-p 00000000 00:00 0 
746d0c000000-746d0c021000 rw-p 00000000 00:00 0 
746d0c021000-746d10000000 ---p 00000000 00:00 0 
746d10000000-746d10003000 ---p 00000000 00:00 0 
746d10003000-746d10100000 rw-p 00000000 00:00 0 
746d10100000-746d10103000 ---p 00000000 00:00 0 
746d10103000-746d10200000 rw-p 00000000 00:00 0 
746d10200000-746d103c0000 rw-p 00000000 00:00 0 
746d103c0000-746d105c0000 rw-p 00000000 00:00 0 
746d105c0000-746d10800000 rw-p 00000000 00:00 0 
746d10800000-746d10803000 ---p 00000000 00:00 0 
746d10803000-746d10900000 rw-p 00000000 00:00 0 
746d10900000-746d10903000 ---p 00000000 00:00 0 
746d10903000-746d10a00000 rw-p 00000000 00:00 0 
746d10a00000-746d10a03000 ---p 00000000 00:00 0 
746d10a03000-746d10b00000 rw-p 00000000 00:00 0 
746d10b00000-746d10b03000 ---p 00000000 00:00 0 
746d10b03000-746d10c00000 rw-p 00000000 00:00 0 
746d10c00000-746d10c03000 ---p 00000000 00:00 0 
746d10c03000-746d10d00000 rw-p 00000000 00:00 0 
746d10d00000-746d10d03000 ---p 00000000 00:00 0 
746d10d03000-746d10e00000 rw-p 00000000 00:00 0 
746d10e00000-746d11000000 rw-p 00000000 00:00 0 
746d11000000-746d11003000 ---p 00000000 00:00 0 
746d11003000-746d11100000 rw-p 00000000 00:00 0 
746d11100000-746d11103000 ---p 00000000 00:00 0 
746d11103000-746d11200000 rw-p 00000000 00:00 0 
746d11200000-746d11400000 rw-p 00000000 00:00 0 
746d11400000-746d11403000 ---p 00000000 00:00 0 
746d11403000-746d11500000 rw-p 00000000 00:00 0 
746d11500000-746d11503000 ---p 00000000 00:00 0 
746d11503000-746d11600000 rw-p 00000000 00:00 0 
746d11600000-746d11603000 ---p 00000000 00:00 0 
746d11603000-746d11700000 rw-p 00000000 00:00 0 
746d11700000-746d11703000 ---p 00000000 00:00 0 
746d11703000-746d11800000 rw-p 00000000 00:00 0 
746d11800000-746d11803000 ---p 00000000 00:00 0 
746d11803000-746d11900000 rw-p 00000000 00:00 0 
746d11900000-746d11903000 ---p 00000000 00:00 0 
746d11903000-746d11a00000 rw-p 00000000 00:00 0 
746d11a00000-746d11a03000 ---p 00000000 00:00 0 
746d11a03000-746d11b00000 rw-p 00000000 00:00 0 
746d11b00000-746d11b03000 ---p 00000000 00:00 0 
746d11b03000-746d11c00000 rw-p 00000000 00:00 0 
746d11c00000-746d11c03000 ---p 00000000 00:00 0 
746d11c03000-746d11d00000 rw-p 00000000 00:00 0 
746d11d00000-746d11d03000 ---p 00000000 00:00 0 
746d11d03000-746d11e00000 rw-p 00000000 00:00 0 
746d11e00000-746d12000000 rw-p 00000000 00:00 0 
746d12000000-746d12003000 ---p 00000000 00:00 0 
746d12003000-746d12100000 rw-p 00000000 00:00 0 
746d12100000-746d12103000 ---p 00000000 00:00 0 
746d12103000-746d12200000 rw-p 00000000 00:00 0 
746d12200000-746d12203000 ---p 00000000 00:00 0 
746d12203000-746d12300000 rw-p 00000000 00:00 0 
746d12300000-746d12303000 ---p 00000000 00:00 0 
746d12303000-746d12400000 rw-p 00000000 00:00 0 
746d12400000-746d12600000 rw-p 00000000 00:00 0 
746d12600000-746d12603000 ---p 00000000 00:00 0 
746d12603000-746d12700000 rw-p 00000000 00:00 0 
746d12700000-746d12703000 ---p 00000000 00:00 0 
746d12703000-746d12800000 rw-p 00000000 00:00 0 
746d12800000-746d129c0000 rw-p 00000000 00:00 0 
746d129c0000-746d12bc0000 rw-p 00000000 00:00 0 
746d12bc0000-746d12e00000 rw-p 00000000 00:00 0 
746d12efd000-746d13000000 r--s 01370000 103:02 63701014                  /tmp/flink-rpc-akkab5a22281-c3d3-4492-aedc-026cfb868894.jar
746d13000000-746d131c0000 rw-p 00000000 00:00 0 
746d131c0000-746d133c0000 rw-p 00000000 00:00 0 
746d133c0000-746d135c0000 rw-p 00000000 00:00 0 
746d135c0000-746d13800000 rw-p 00000000 00:00 0 
746d13828000-746d1383c000 r--p 00000000 103:02 31856909                  /home/user/projects/forL0-state-backend/src/main/resources/native/libforl0_engine.so
746d1383c000-746d13884000 r-xp 00014000 103:02 31856909                  /home/user/projects/forL0-state-backend/src/main/resources/native/libforl0_engine.so
746d13884000-746d1388e000 r--p 0005c000 103:02 31856909                  /home/user/projects/forL0-state-backend/src/main/resources/native/libforl0_engine.so
746d1388e000-746d1388f000 r--p 00065000 103:02 31856909                  /home/user/projects/forL0-state-backend/src/main/resources/native/libforl0_engine.so
746d1388f000-746d13890000 rw-p 00066000 103:02 31856909                  /home/user/projects/forL0-state-backend/src/main/resources/native/libforl0_engine.so
746d13890000-746d13893000 ---p 00000000 00:00 0 
746d13893000-746d138c9000 rw-p 00000000 00:00 0 
746d138c9000-746d138da000 r--s 001c5000 103:02 94374103                  /usr/lib/jvm/java-8-openjdk-amd64/jre/lib/jsse.jar
746d138da000-746d138dd000 ---p 00000000 00:00 0 
746d138dd000-746d139da000 rw-p 00000000 00:00 0 
746d139da000-746d139dd000 ---p 00000000 00:00 0 
746d139dd000-746d13ada000 rw-p 00000000 00:00 0 
746d13ada000-746d13ade000 r--s 00029000 103:02 34497769                  /home/user/.m2/repository/org/junit/platform/junit-platform-launcher/1.10.1/junit-platform-launcher-1.10.1.jar
746d13ade000-746d13ae0000 r--s 00003000 103:02 34497761                  /home/user/.m2/repository/org/apache/maven/surefire/common-java5/3.2.5/common-java5-3.2.5.jar
746d13ae0000-746d13ae1000 r--s 00006000 103:02 34497759                  /home/user/.m2/repository/org/apache/maven/surefire/surefire-junit-platform/3.2.5/surefire-junit-platform-3.2.5.jar
746d13ae1000-746d13ae6000 r--s 00037000 103:02 31880225                  /home/user/.m2/repository/org/junit/jupiter/junit-jupiter-engine/5.10.1/junit-jupiter-engine-5.10.1.jar
746d13ae6000-746d13af3000 r--s 00083000 103:02 31880222                  /home/user/.m2/repository/org/junit/jupiter/junit-jupiter-params/5.10.1/junit-jupiter-params-5.10.1.jar
746d13af3000-746d13af5000 r--s 00018000 103:02 31880220                  /home/user/.m2/repository/org/junit/platform/junit-platform-commons/1.10.1/junit-platform-commons-1.10.1.jar
746d13af5000-746d13af6000 r--s 00003000 103:02 31880218                  /home/user/.m2/repository/org/opentest4j/opentest4j/1.3.0/opentest4j-1.3.0.jar
746d13af6000-746d13afc000 r--s 0002e000 103:02 31880216                  /home/user/.m2/repository/org/junit/jupiter/junit-jupiter-api/5.10.1/junit-jupiter-api-5.10.1.jar
746d13afc000-746d13afd000 r--s 00001000 103:02 31880213                  /home/user/.m2/repository/org/junit/jupiter/junit-jupiter/5.10.1/junit-jupiter-5.10.1.jar
746d13afd000-746d13b02000 r--s 001c3000 103:02 31880215                  /home/user/.m2/repository/net/java/dev/jna/jna/5.12.1/jna-5.12.1.jar
746d13b02000-746d13b04000 r--s 00008000 103:02 31880210                  /home/user/.m2/repository/com/github/docker-java/docker-java-transport/3.3.3/docker-java-transport-3.3.3.jar
746d13b04000-746d13b35000 r--s 001c1000 103:02 31880211                  /home/user/.m2/repository/com/github/docker-java/docker-java-transport-zerodep/3.3.3/docker-java-transport-zerodep-3.3.3.jar
746d13b35000-746d13b38000 r--s 0000e000 103:02 31880206                  /home/user/.m2/repository/com/fasterxml/jackson/core/jackson-annotations/2.10.3/jackson-annotations-2.10.3.jar
746d13b38000-746d13b42000 r--s 00069000 103:02 31880204                  /home/user/.m2/repository/com/github/docker-java/docker-java-api/3.3.3/docker-java-api-3.3.3.jar
746d13b42000-746d13b44000 r--s 00003000 103:02 31880202                  /home/user/.m2/repository/org/jetbrains/annotations/17.0.0/annotations-17.0.0.jar
746d13b44000-746d13b46000 r--s 00005000 103:02 31880200                  /home/user/.m2/repository/org/rnorth/duct-tape/duct-tape/1.0.8/duct-tape-1.0.8.jar
746d13b46000-746d13cc3000 r--s 00f1d000 103:02 31880198                  /home/user/.m2/repository/org/testcontainers/testcontainers/1.19.1/testcontainers-1.19.1.jar
746d13cc3000-746d13ce8000 r--s 001af000 103:02 34499092                  /home/user/.m2/repository/org/apache/logging/log4j/log4j-core/2.24.3/log4j-core-2.24.3.jar
746d13ce8000-746d13cef000 r--s 0004f000 103:02 34499088                  /home/user/.m2/repository/org/apache/logging/log4j/log4j-api/2.24.3/log4j-api-2.24.3.jar
746d13cef000-746d13cf1000 r--s 00005000 103:02 34499079                  /home/user/.m2/repository/org/apache/logging/log4j/log4j-slf4j-impl/2.24.3/log4j-slf4j-impl-2.24.3.jar
746d13cf1000-746d13cf2000 r--s 00001000 103:02 31880192                  /home/user/.m2/repository/org/apiguardian/apiguardian-api/1.1.2/apiguardian-api-1.1.2.jar
746d13cf2000-746d13cf4000 r--s 00009000 103:02 31880187                  /home/user/.m2/repository/org/hamcrest/hamcrest-core/1.3/hamcrest-core-1.3.jar
746d13cf4000-746d13cfd000 r--s 00055000 103:02 31880188                  /home/user/.m2/repository/junit/junit/4.13.2/junit-4.13.2.jar
746d13cfd000-746d13d03000 r--s 0002d000 103:02 31880186                  /home/user/.m2/repository/org/junit/platform/junit-platform-engine/1.10.1/junit-platform-engine-1.10.1.jar
746d13d03000-746d13d05000 r--s 0000f000 103:02 31880183                  /home/user/.m2/repository/org/junit/vintage/junit-vintage-engine/5.10.1/junit-vintage-engine-5.10.1.jar
746d13d05000-746d13d08000 r--s 0001a000 103:02 34499081                  /home/user/.m2/repository/org/apache/flink/flink-test-utils-junit/1.20.3/flink-test-utils-junit-1.20.3.jar
746d13d08000-746d13d0c000 r--s 0001e000 103:02 31880180                  /home/user/.m2/repository/io/dropwizard/metrics/metrics-core/3.2.5/metrics-core-3.2.5.jar
746d13d0c000-746d13d0f000 r--s 00020000 103:02 31880176                  /home/user/.m2/repository/io/netty/netty-transport-classes-epoll/4.1.76.Final/netty-transport-classes-epoll-4.1.76.Final.jar
746d13d0f000-746d13d11000 r--s 00009000 103:02 31880175                  /home/user/.m2/repository/io/netty/netty-transport-native-unix-common/4.1.76.Final/netty-transport-native-unix-common-4.1.76.Final.jar
746d13d11000-746d13d18000 r--s 0004c000 103:02 31880171                  /home/user/.m2/repository/io/netty/netty-codec/4.1.76.Final/netty-codec-4.1.76.Final.jar
746d13d18000-746d13d22000 r--s 0006c000 103:02 31880168                  /home/user/.m2/repository/io/netty/netty-transport/4.1.76.Final/netty-transport-4.1.76.Final.jar
746d13d22000-746d13d27000 r--s 00046000 103:02 31880167                  /home/user/.m2/repository/io/netty/netty-buffer/4.1.76.Final/netty-buffer-4.1.76.Final.jar
746d13d27000-746d13d29000 r--s 00008000 103:02 31880165                  /home/user/.m2/repository/io/netty/netty-resolver/4.1.76.Final/netty-resolver-4.1.76.Final.jar
746d13d29000-746d13d36000 r--s 00092000 103:02 31880163                  /home/user/.m2/repository/io/netty/netty-common/4.1.76.Final/netty-common-4.1.76.Final.jar
746d13d36000-746d13d40000 r--s 00077000 103:02 31880161                  /home/user/.m2/repository/io/netty/netty-handler/4.1.76.Final/netty-handler-4.1.76.Final.jar
746d13d40000-746d13d42000 r--s 00004000 103:02 31880159                  /home/user/.m2/repository/org/apache/yetus/audience-annotations/0.12.0/audience-annotations-0.12.0.jar
746d13d42000-746d13d46000 r--s 0003b000 103:02 31880158                  /home/user/.m2/repository/org/apache/zookeeper/zookeeper-jute/3.7.1/zookeeper-jute-3.7.1.jar
746d13d46000-746d13d59000 r--s 0012c000 103:02 31880154                  /home/user/.m2/repository/org/apache/zookeeper/zookeeper/3.7.1/zookeeper-3.7.1.jar
746d13d59000-746d13d9d000 r--s 002cc000 103:02 31880153                  /home/user/.m2/repository/org/apache/curator/curator-test/5.4.0/curator-test-5.4.0.jar
746d13d9d000-746d13d9f000 r--s 00014000 103:02 34499083                  /home/user/.m2/repository/org/apache/flink/flink-dstl-dfs/1.20.3/flink-dstl-dfs-1.20.3.jar
746d13d9f000-746d13da2000 r--s 0001a000 103:02 34499076                  /home/user/.m2/repository/org/apache/flink/flink-statebackend-changelog/1.20.3/flink-statebackend-changelog-1.20.3.jar
746d13da2000-746d13da8000 r--s 02771000 103:02 31880145                  /home/user/.m2/repository/com/ververica/frocksdbjni/6.20.3-ververica-2.0/frocksdbjni-6.20.3-ververica-2.0.jar
746d13da8000-746d13de3000 r--s 00259000 103:02 34499090                  /home/user/.m2/repository/org/apache/flink/flink-streaming-java/1.20.3/flink-streaming-java-1.20.3-tests.jar
746d13de3000-746d13e33000 r--s 00359000 103:02 31880138                  /home/user/.m2/repository/net/bytebuddy/byte-buddy/1.12.10/byte-buddy-1.12.10.jar
746d13e33000-746d13e47000 r--s 0011c000 103:02 31880136                  /home/user/.m2/repository/org/assertj/assertj-core/3.23.1/assertj-core-3.23.1.jar
746d13e47000-746d13e93000 r--s 001a3000 103:02 34499064                  /home/user/.m2/repository/org/apache/flink/flink-core/1.20.3/flink-core-1.20.3-tests.jar
746d13e93000-746d13efe000 r--s 005fd000 103:02 34499089                  /home/user/.m2/repository/org/apache/flink/flink-runtime/1.20.3/flink-runtime-1.20.3-tests.jar
746d13efe000-746d14000000 r--s 00a2f000 103:02 31880080                  /home/user/.m2/repository/org/apache/flink/flink-shaded-zookeeper-3/3.7.1-17.0/flink-shaded-zookeeper-3-3.7.1-17.0.jar
746d14000000-746d14021000 rw-p 00000000 00:00 0 
746d14021000-746d18000000 ---p 00000000 00:00 0 
746d18000000-746d18001000 r--s 00001000 103:02 31880173                  /home/user/.m2/repository/io/netty/netty-transport-native-epoll/4.1.76.Final/netty-transport-native-epoll-4.1.76.Final.jar
746d18001000-746d18007000 r--s 0004b000 103:02 34499070                  /home/user/.m2/repository/org/apache/flink/flink-statebackend-rocksdb/1.20.3/flink-statebackend-rocksdb-1.20.3.jar
746d18007000-746d1807a000 r--s 00c0d000 103:02 31880129                  /home/user/.m2/repository/com/ibm/icu/icu4j/67.1/icu4j-67.1.jar
746d1807a000-746d18092000 r--s 00120000 103:02 34499063                  /home/user/.m2/repository/org/apache/flink/flink-table-common/1.20.3/flink-table-common-1.20.3.jar
746d18092000-746d18096000 r--s 0001f000 103:02 34499060                  /home/user/.m2/repository/org/apache/flink/flink-test-utils/1.20.3/flink-test-utils-1.20.3.jar
746d18096000-746d18098000 r--s 00005000 103:02 34499056                  /home/user/.m2/repository/org/apache/flink/flink-datastream-api/1.20.3/flink-datastream-api-1.20.3.jar
746d18098000-746d1809b000 r--s 00015000 103:02 34499058                  /home/user/.m2/repository/org/apache/flink/flink-datastream/1.20.3/flink-datastream-1.20.3.jar
746d1809b000-746d180a1000 r--s 00052000 103:02 34499055                  /home/user/.m2/repository/org/apache/flink/flink-optimizer/1.20.3/flink-optimizer-1.20.3.jar
746d180a1000-746d180a5000 r--s 00037000 103:02 34499051                  /home/user/.m2/repository/org/apache/flink/flink-clients/1.20.3/flink-clients-1.20.3.jar
746d180a5000-746d180cc000 r--s 001f6000 103:02 31880113                  /home/user/.m2/repository/org/apache/commons/commons-math3/3.6.1/commons-math3-3.6.1.jar
746d180cc000-746d180ed000 r--s 0018b000 103:02 34499046                  /home/user/.m2/repository/org/apache/flink/flink-streaming-java/1.20.3/flink-streaming-java-1.20.3.jar
746d180ed000-746d180ee000 ---p 00000000 00:00 0 
746d180ee000-746d181ee000 rw-p 00000000 00:00 0 
746d181ee000-746d181f1000 ---p 00000000 00:00 0 
746d181f1000-746d182ee000 rw-p 00000000 00:00 0 
746d182ee000-746d182ef000 ---p 00000000 00:00 0 
746d182ef000-746d182f2000 ---p 00000000 00:00 0 
746d182f2000-746d183ef000 rw-p 00000000 00:00 0 
746d183ef000-746d183f0000 ---p 00000000 00:00 0 
746d183f0000-746d183f3000 ---p 00000000 00:00 0 
746d183f3000-746d184f0000 rw-p 00000000 00:00 0 
746d184f0000-746d184f1000 ---p 00000000 00:00 0 
746d184f1000-746d184f4000 ---p 00000000 00:00 0 
746d184f4000-746d185f1000 rw-p 00000000 00:00 0 
746d185f1000-746d185f2000 ---p 00000000 00:00 0 
746d185f2000-746d185f5000 ---p 00000000 00:00 0 
746d185f5000-746d186f2000 rw-p 00000000 00:00 0 
746d186f2000-746d186f3000 ---p 00000000 00:00 0 
746d186f3000-746d186f6000 ---p 00000000 00:00 0 
746d186f6000-746d187f3000 rw-p 00000000 00:00 0 
746d187f3000-746d187f4000 ---p 00000000 00:00 0 
746d187f4000-746d187f7000 ---p 00000000 00:00 0 
746d187f7000-746d188f4000 rw-p 00000000 00:00 0 
746d188f4000-746d188f5000 ---p 00000000 00:00 0 
746d188f5000-746d188f8000 ---p 00000000 00:00 0 
746d188f8000-746d189f5000 rw-p 00000000 00:00 0 
746d189f5000-746d189f6000 ---p 00000000 00:00 0 
746d189f6000-746d189f9000 ---p 00000000 00:00 0 
746d189f9000-746d18af6000 rw-p 00000000 00:00 0 
746d18af6000-746d18af7000 ---p 00000000 00:00 0 
746d18af7000-746d18afa000 ---p 00000000 00:00 0 
746d18afa000-746d18bf7000 rw-p 00000000 00:00 0 
746d18bf7000-746d18bf8000 ---p 00000000 00:00 0 
746d18bf8000-746d18bfb000 ---p 00000000 00:00 0 
746d18bfb000-746d18cf8000 rw-p 00000000 00:00 0 
746d18cf8000-746d18cf9000 ---p 00000000 00:00 0 
746d18cf9000-746d18cfc000 ---p 00000000 00:00 0 
746d18cfc000-746d18df9000 rw-p 00000000 00:00 0 
746d18df9000-746d18dfa000 ---p 00000000 00:00 0 
746d18dfa000-746d18dfd000 ---p 00000000 00:00 0 
746d18dfd000-746d18efa000 rw-p 00000000 00:00 0 
746d18efa000-746d18efb000 ---p 00000000 00:00 0 
746d18efb000-746d18efe000 ---p 00000000 00:00 0 
746d18efe000-746d18ffb000 rw-p 00000000 00:00 0 
746d18ffb000-746d18ffc000 ---p 00000000 00:00 0 
746d18ffc000-746d18fff000 ---p 00000000 00:00 0 
746d18fff000-746d190fc000 rw-p 00000000 00:00 0 
746d190fc000-746d190fd000 ---p 00000000 00:00 0 
746d190fd000-746d19100000 ---p 00000000 00:00 0 
746d19100000-746d191fd000 rw-p 00000000 00:00 0 
746d191fd000-746d191fe000 ---p 00000000 00:00 0 
746d191fe000-746d19201000 ---p 00000000 00:00 0 
746d19201000-746d192fe000 rw-p 00000000 00:00 0 
746d192fe000-746d192ff000 ---p 00000000 00:00 0 
746d192ff000-746d19302000 ---p 00000000 00:00 0 
746d19302000-746d193ff000 rw-p 00000000 00:00 0 
746d193ff000-746d19400000 ---p 00000000 00:00 0 
746d19400000-746d19403000 ---p 00000000 00:00 0 
746d19403000-746d19500000 rw-p 00000000 00:00 0 
746d19500000-746d19503000 ---p 00000000 00:00 0 
746d19503000-746d19600000 rw-p 00000000 00:00 0 
746d19600000-746d19b73000 r--p 00000000 103:02 93587570                  /usr/lib/locale/locale-archive
746d19b73000-746d19b74000 r--s 00003000 103:02 34499084                  /home/user/.m2/repository/org/apache/flink/flink-statebackend-common/1.20.3/flink-statebackend-common-1.20.3.jar
746d19b74000-746d19b77000 r--s 0000a000 103:02 34499047                  /home/user/.m2/repository/org/apache/flink/flink-file-sink-common/1.20.3/flink-file-sink-common-1.20.3.jar
746d19b77000-746d19bde000 r--s 00449000 103:02 31880079                  /home/user/.m2/repository/org/apache/flink/flink-shaded-netty/4.1.91.Final-17.0/flink-shaded-netty-4.1.91.Final-17.0.jar
746d19bde000-746d19be1000 ---p 00000000 00:00 0 
746d19be1000-746d19cde000 rw-p 00000000 00:00 0 
746d19cde000-746d19ce1000 ---p 00000000 00:00 0 
746d19ce1000-746d19dde000 rw-p 00000000 00:00 0 
746d19dde000-746d19ddf000 ---p 00000000 00:00 0 
746d19ddf000-746d19edf000 rw-p 00000000 00:00 0 
746d19edf000-746d1c000000 rw-p 00000000 00:00 0 
746d1c000000-746d1c021000 rw-p 00000000 00:00 0 
746d1c021000-746d20000000 ---p 00000000 00:00 0 
746d20000000-746d20001000 r--s 00003000 103:02 34499067                  /home/user/.m2/repository/org/apache/flink/flink-rpc-akka-loader/1.20.3/flink-rpc-akka-loader-1.20.3-tests.jar
746d20001000-746d20002000 r--s 00005000 103:02 34499049                  /home/user/.m2/repository/org/apache/flink/flink-connector-datagen/1.20.3/flink-connector-datagen-1.20.3.jar
746d20002000-746d20004000 r--s 00002000 103:02 31880107                  /home/user/.m2/repository/com/google/j2objc/j2objc-annotations/3.0.0/j2objc-annotations-3.0.0.jar
746d20004000-746d20006000 r--s 00003000 103:02 31880104                  /home/user/.m2/repository/com/google/errorprone/error_prone_annotations/2.26.1/error_prone_annotations-2.26.1.jar
746d20006000-746d20012000 r--s 0002d000 103:02 31880103                  /home/user/.m2/repository/org/checkerframework/checker-qual/3.42.0/checker-qual-3.42.0.jar
746d20012000-746d20013000 r--s 00000000 103:02 31880100                  /home/user/.m2/repository/com/google/guava/listenablefuture/9999.0-empty-to-avoid-conflict-with-guava/listenablefuture-9999.0-empty-to-avoid-conflict-with-guava.jar
746d20013000-746d20015000 r--s 00000000 103:02 31880098                  /home/user/.m2/repository/com/google/guava/failureaccess/1.0.2/failureaccess-1.0.2.jar
746d20015000-746d20049000 r--s 002b6000 103:02 31880097                  /home/user/.m2/repository/com/google/guava/guava/33.2.0-jre/guava-33.2.0-jre.jar
746d20049000-746d2004c000 r--s 00006000 103:02 31880095                  /home/user/.m2/repository/com/google/code/findbugs/jsr305/1.3.9/jsr305-1.3.9.jar
746d2004c000-746d2004f000 r--s 000a4000 103:02 31880091                  /home/user/.m2/repository/org/lz4/lz4-java/1.8.0/lz4-java-1.8.0.jar
746d2004f000-746d200c1000 r--s 005a1000 103:02 34498881                  /home/user/.m2/repository/org/apache/flink/flink-runtime/1.20.3/flink-runtime-1.20.3.jar
746d200c1000-746d24000000 rw-p 00000000 00:00 0 
746d24000000-746d24021000 rw-p 00000000 00:00 0 
746d24021000-746d28000000 ---p 00000000 00:00 0 
746d28000000-746d28003000 r--s 00201000 103:02 31880087                  /home/user/.m2/repository/org/xerial/snappy/snappy-java/1.1.10.4/snappy-java-1.1.10.4.jar
746d28003000-746d2800d000 r--s 000b4000 103:02 31880084                  /home/user/.m2/repository/org/javassist/javassist/3.24.0-GA/javassist-3.24.0-GA.jar
746d2800d000-746d2800f000 r--s 0000d000 103:02 31880082                  /home/user/.m2/repository/commons-cli/commons-cli/1.5.0/commons-cli-1.5.0.jar
746d2800f000-746d2801a000 r--s 00070000 103:02 31880078                  /home/user/.m2/repository/commons-io/commons-io/2.15.1/commons-io-2.15.1.jar
746d2801a000-746d2801c000 r--s 00009000 103:02 34499041                  /home/user/.m2/repository/org/apache/flink/flink-hadoop-fs/1.20.3/flink-hadoop-fs-1.20.3.jar
746d2801c000-746d2801f000 r--s 00012000 103:02 34499040                  /home/user/.m2/repository/org/apache/flink/flink-queryable-state-client-java/1.20.3/flink-queryable-state-client-java-1.20.3.jar
746d2801f000-746d28021000 r--s 0000d000 103:02 31880072                  /home/user/.m2/repository/com/twitter/chill-java/0.7.6/chill-java-0.7.6.jar
746d28021000-746d2802a000 r--s 00063000 103:02 34499039                  /home/user/.m2/repository/org/apache/flink/flink-java/1.20.3/flink-java-1.20.3.jar
746d2802a000-746d2806e000 r--s 002c3000 103:02 31880062                  /home/user/.m2/repository/org/apache/flink/flink-shaded-guava/31.1-jre-17.0/flink-shaded-guava-31.1-jre-17.0.jar
746d2806e000-746d28082000 r--s 000f4000 103:02 31880060                  /home/user/.m2/repository/org/apache/commons/commons-compress/1.26.0/commons-compress-1.26.0.jar
746d28082000-746d2808f000 r--s 00083000 103:02 31880058                  /home/user/.m2/repository/commons-collections/commons-collections/3.2.2/commons-collections-3.2.2.jar
746d2808f000-746d28095000 r--s 0004d000 103:02 31880050                  /home/user/.m2/repository/com/esotericsoftware/kryo/kryo/2.24.0/kryo-2.24.0.jar
746d28095000-746d280c9000 r--s 0028e000 103:02 31880044                  /home/user/.m2/repository/org/apache/flink/flink-shaded-jackson/2.14.2-17.0/flink-shaded-jackson-2.14.2-17.0.jar
746d280c9000-746d2c000000 rw-p 00000000 00:00 0 
746d2c000000-746d2c021000 rw-p 00000000 00:00 0 
746d2c021000-746d30000000 ---p 00000000 00:00 0 
746d30000000-746d30001000 r--s 00004000 103:02 34499044                  /home/user/.m2/repository/org/apache/flink/flink-annotations/1.20.3/flink-annotations-1.20.3.jar
746d30001000-746d30003000 r--s 0000c000 103:02 34498892                  /home/user/.m2/repository/org/apache/flink/flink-rpc-core/1.20.3/flink-rpc-core-1.20.3.jar
746d30003000-746d3000b000 r--s 00040000 103:02 31880049                  /home/user/.m2/repository/org/snakeyaml/snakeyaml-engine/2.6/snakeyaml-engine-2.6.jar
746d3000b000-746d3002d000 r--s 001b2000 103:02 34498879                  /home/user/.m2/repository/org/apache/flink/flink-core/1.20.3/flink-core-1.20.3.jar
746d3002d000-746d3022f000 rw-p 00000000 00:00 0 
746d3022f000-746d30401000 r--s 03cd8000 103:02 94374113                  /usr/lib/jvm/java-8-openjdk-amd64/jre/lib/rt.jar
746d30401000-746d34000000 rw-p 00000000 00:00 0 
746d34000000-746d34021000 rw-p 00000000 00:00 0 
746d34021000-746d38000000 ---p 00000000 00:00 0 
746d38000000-746d38001000 r--s 0008a000 103:02 31880088                  /home/user/.m2/repository/tools/profiler/async-profiler/2.9/async-profiler-2.9.jar
746d38001000-746d38006000 r--s 00036000 103:02 31880047                  /home/user/.m2/repository/org/apache/commons/commons-text/1.10.0/commons-text-1.10.0.jar
746d38006000-746d38010000 r--s 00086000 103:02 31880043                  /home/user/.m2/repository/org/apache/commons/commons-lang3/3.12.0/commons-lang3-3.12.0.jar
746d38010000-746d38015000 r--s 00044000 103:02 31880046                  /home/user/.m2/repository/org/apache/flink/flink-shaded-asm-9/9.5-17.0/flink-shaded-asm-9-9.5-17.0.jar
746d38015000-746d38019000 r--p 00000000 103:02 94374015                  /usr/lib/jvm/java-8-openjdk-amd64/jre/lib/amd64/libmanagement.so
746d38019000-746d3801d000 r-xp 00004000 103:02 94374015                  /usr/lib/jvm/java-8-openjdk-amd64/jre/lib/amd64/libmanagement.so
746d3801d000-746d3801f000 r--p 00008000 103:02 94374015                  /usr/lib/jvm/java-8-openjdk-amd64/jre/lib/amd64/libmanagement.so
746d3801f000-746d38020000 r--p 00009000 103:02 94374015                  /usr/lib/jvm/java-8-openjdk-amd64/jre/lib/amd64/libmanagement.so
746d38020000-746d38021000 rw-p 0000a000 103:02 94374015                  /usr/lib/jvm/java-8-openjdk-amd64/jre/lib/amd64/libmanagement.so
746d38021000-746d3804e000 r--s 00227000 103:02 34495105                  /home/user/.m2/repository/org/apache/maven/surefire/surefire-shared-utils/3.2.5/surefire-shared-utils-3.2.5.jar
746d3804e000-746d38053000 r--p 00000000 103:02 94374019                  /usr/lib/jvm/java-8-openjdk-amd64/jre/lib/amd64/libnet.so
746d38053000-746d38064000 r-xp 00005000 103:02 94374019                  /usr/lib/jvm/java-8-openjdk-amd64/jre/lib/amd64/libnet.so
746d38064000-746d38068000 r--p 00016000 103:02 94374019                  /usr/lib/jvm/java-8-openjdk-amd64/jre/lib/amd64/libnet.so
746d38068000-746d38069000 r--p 00019000 103:02 94374019                  /usr/lib/jvm/java-8-openjdk-amd64/jre/lib/amd64/libnet.so
746d38069000-746d3806a000 rw-p 0001a000 103:02 94374019                  /usr/lib/jvm/java-8-openjdk-amd64/jre/lib/amd64/libnet.so
746d3806a000-746d38071000 r--p 00000000 103:02 94374021                  /usr/lib/jvm/java-8-openjdk-amd64/jre/lib/amd64/libnio.so
746d38071000-746d3807a000 r-xp 00007000 103:02 94374021                  /usr/lib/jvm/java-8-openjdk-amd64/jre/lib/amd64/libnio.so
746d3807a000-746d3807d000 r--p 00010000 103:02 94374021                  /usr/lib/jvm/java-8-openjdk-amd64/jre/lib/amd64/libnio.so
746d3807d000-746d3807e000 r--p 00012000 103:02 94374021                  /usr/lib/jvm/java-8-openjdk-amd64/jre/lib/amd64/libnio.so
746d3807e000-746d3807f000 rw-p 00013000 103:02 94374021                  /usr/lib/jvm/java-8-openjdk-amd64/jre/lib/amd64/libnio.so
746d3807f000-746d382d7000 rw-p 00000000 00:00 0 
746d382d7000-746d382d8000 ---p 00000000 00:00 0 
746d382d8000-746d383d8000 rw-p 00000000 00:00 0 
746d383d8000-746d383d9000 ---p 00000000 00:00 0 
746d383d9000-746d384d9000 rw-p 00000000 00:00 0 
746d384d9000-746d384da000 ---p 00000000 00:00 0 
746d384da000-746d385da000 rw-p 00000000 00:00 0 
746d385da000-746d385db000 ---p 00000000 00:00 0 
746d385db000-746d386db000 rw-p 00000000 00:00 0 
746d386db000-746d386dc000 ---p 00000000 00:00 0 
746d386dc000-746d387dc000 rw-p 00000000 00:00 0 
746d387dc000-746d387dd000 ---p 00000000 00:00 0 
746d387dd000-746d388dd000 rw-p 00000000 00:00 0 
746d388dd000-746d388de000 ---p 00000000 00:00 0 
746d388de000-746d389de000 rw-p 00000000 00:00 0 
746d389de000-746d389df000 ---p 00000000 00:00 0 
746d389df000-746d38adf000 rw-p 00000000 00:00 0 
746d38adf000-746d38ae0000 ---p 00000000 00:00 0 
746d38ae0000-746d38be0000 rw-p 00000000 00:00 0 
746d38be0000-746d38be1000 ---p 00000000 00:00 0 
746d38be1000-746d38ce1000 rw-p 00000000 00:00 0 
746d38ce1000-746d38ce2000 ---p 00000000 00:00 0 
746d38ce2000-746d38de2000 rw-p 00000000 00:00 0 
746d38de2000-746d38de3000 ---p 00000000 00:00 0 
746d38de3000-746d38ee3000 rw-p 00000000 00:00 0 
746d38ee3000-746d38ee4000 ---p 00000000 00:00 0 
746d38ee4000-746d38fe4000 rw-p 00000000 00:00 0 
746d38fe4000-746d38fe5000 ---p 00000000 00:00 0 
746d38fe5000-746d390e5000 rw-p 00000000 00:00 0 
746d390e5000-746d390e6000 ---p 00000000 00:00 0 
746d390e6000-746d391e6000 rw-p 00000000 00:00 0 
746d391e6000-746d391e7000 ---p 00000000 00:00 0 
746d391e7000-746d392e7000 rw-p 00000000 00:00 0 
746d392e7000-746d392e8000 ---p 00000000 00:00 0 
746d392e8000-746d393e8000 rw-p 00000000 00:00 0 
746d393e8000-746d393e9000 ---p 00000000 00:00 0 
746d393e9000-746d394e9000 rw-p 00000000 00:00 0 
746d394e9000-746d394ea000 ---p 00000000 00:00 0 
746d394ea000-746d395ea000 rw-p 00000000 00:00 0 
746d395ea000-746d395eb000 ---p 00000000 00:00 0 
746d395eb000-746d396eb000 rw-p 00000000 00:00 0 
746d396eb000-746d396ec000 ---p 00000000 00:00 0 
746d396ec000-746d397ec000 rw-p 00000000 00:00 0 
746d397ec000-746d397ed000 ---p 00000000 00:00 0 
746d397ed000-746d398ed000 rw-p 00000000 00:00 0 
746d398ed000-746d398ee000 ---p 00000000 00:00 0 
746d398ee000-746d399ee000 rw-p 00000000 00:00 0 
746d399ee000-746d399ef000 ---p 00000000 00:00 0 
746d399ef000-746d39aef000 rw-p 00000000 00:00 0 
746d39aef000-746d39af0000 ---p 00000000 00:00 0 
746d39af0000-746d39bf0000 rw-p 00000000 00:00 0 
746d39bf0000-746d39bf1000 ---p 00000000 00:00 0 
746d39bf1000-746d39cf1000 rw-p 00000000 00:00 0 
746d39cf1000-746d39cf2000 ---p 00000000 00:00 0 
746d39cf2000-746d39df2000 rw-p 00000000 00:00 0 
746d39df2000-746d39df3000 ---p 00000000 00:00 0 
746d39df3000-746d39ef3000 rw-p 00000000 00:00 0 
746d39ef3000-746d39ef4000 ---p 00000000 00:00 0 
746d39ef4000-746d39ff4000 rw-p 00000000 00:00 0 
746d39ff4000-746d39ff5000 ---p 00000000 00:00 0 
746d39ff5000-746d3a0f5000 rw-p 00000000 00:00 0 
746d3a0f5000-746d3a0f6000 ---p 00000000 00:00 0 
746d3a0f6000-746d3a1f6000 rw-p 00000000 00:00 0 
746d3a1f6000-746d3a1f7000 ---p 00000000 00:00 0 
746d3a1f7000-746d3a2f7000 rw-p 00000000 00:00 0 
746d3a2f7000-746d3a2f8000 ---p 00000000 00:00 0 
746d3a2f8000-746d3a3f8000 rw-p 00000000 00:00 0 
746d3a3f8000-746d3a3f9000 ---p 00000000 00:00 0 
746d3a3f9000-746d3a4f9000 rw-p 00000000 00:00 0 
746d3a4f9000-746d3a4fa000 ---p 00000000 00:00 0 
746d3a4fa000-746d3a5fa000 rw-p 00000000 00:00 0 
746d3a5fa000-746d3a5fb000 ---p 00000000 00:00 0 
746d3a5fb000-746d3a6fb000 rw-p 00000000 00:00 0 
746d3a6fb000-746d3a6fc000 ---p 00000000 00:00 0 
746d3a6fc000-746d3a7fc000 rw-p 00000000 00:00 0 
746d3a7fc000-746d3a7fd000 ---p 00000000 00:00 0 
746d3a7fd000-746d3a8fd000 rw-p 00000000 00:00 0 
746d3a8fd000-746d3a8fe000 ---p 00000000 00:00 0 
746d3a8fe000-746d3a9fe000 rw-p 00000000 00:00 0 
746d3a9fe000-746d3a9ff000 ---p 00000000 00:00 0 
746d3a9ff000-746d3aaff000 rw-p 00000000 00:00 0 
746d3aaff000-746d3ab00000 ---p 00000000 00:00 0 
746d3ab00000-746d3ac00000 rw-p 00000000 00:00 0 
746d3ac00000-746d3b002000 rw-p 00000000 00:00 0 
746d3b002000-746d3d400000 ---p 00000000 00:00 0 
746d3d400000-746d3d802000 rw-p 00000000 00:00 0 
746d3d802000-746d3fbff000 ---p 00000000 00:00 0 
746d3fbff000-746d3fe90000 rw-p 00000000 00:00 0 
746d3fe90000-746d40fff000 ---p 00000000 00:00 0 
746d40fff000-746d41000000 rw-p 00000000 00:00 0 
746d41000000-746d42580000 rwxp 00000000 00:00 0 
746d42580000-746d50000000 ---p 00000000 00:00 0 
746d50000000-746d53ffa000 rw-p 00000000 00:00 0 
746d53ffa000-746d54000000 ---p 00000000 00:00 0 
746d54000000-746d54001000 r--s 012cd000 103:02 34499086                  /home/user/.m2/repository/org/apache/flink/flink-rpc-akka-loader/1.20.3/flink-rpc-akka-loader-1.20.3.jar
746d54001000-746d5401c000 r--s 001d6000 103:02 94374067                  /usr/lib/jvm/java-8-openjdk-amd64/jre/lib/ext/nashorn.jar
746d5401c000-746d54038000 r--s 00394000 103:02 94374057                  /usr/lib/jvm/java-8-openjdk-amd64/jre/lib/ext/cldrdata.jar
746d54038000-746d54039000 ---p 00000000 00:00 0 
746d54039000-746d54139000 rw-p 00000000 00:00 0 
746d54139000-746d5413a000 ---p 00000000 00:00 0 
746d5413a000-746d5423a000 rw-p 00000000 00:00 0 
746d5423a000-746d5423b000 ---p 00000000 00:00 0 
746d5423b000-746d5433b000 rw-p 00000000 00:00 0 
746d5433b000-746d5433c000 ---p 00000000 00:00 0 
746d5433c000-746d5443c000 rw-p 00000000 00:00 0 
746d5443c000-746d5443d000 ---p 00000000 00:00 0 
746d5443d000-746d5453d000 rw-p 00000000 00:00 0 
746d5453d000-746d5453e000 ---p 00000000 00:00 0 
746d5453e000-746d5463e000 rw-p 00000000 00:00 0 
746d5463e000-746d5463f000 ---p 00000000 00:00 0 
746d5463f000-746d5473f000 rw-p 00000000 00:00 0 
746d5473f000-746d54740000 ---p 00000000 00:00 0 
746d54740000-746d54840000 rw-p 00000000 00:00 0 
746d54840000-746d54896000 rw-p 00000000 00:00 0 
746d54896000-746d54c00000 ---p 00000000 00:00 0 
746d54c00000-746d54c9a000 r--p 00000000 103:02 93589302                  /usr/lib/x86_64-linux-gnu/libstdc++.so.6.0.30
746d54c9a000-746d54dab000 r-xp 0009a000 103:02 93589302                  /usr/lib/x86_64-linux-gnu/libstdc++.so.6.0.30
746d54dab000-746d54e1a000 r--p 001ab000 103:02 93589302                  /usr/lib/x86_64-linux-gnu/libstdc++.so.6.0.30
746d54e1a000-746d54e1b000 ---p 0021a000 103:02 93589302                  /usr/lib/x86_64-linux-gnu/libstdc++.so.6.0.30
746d54e1b000-746d54e26000 r--p 0021a000 103:02 93589302                  /usr/lib/x86_64-linux-gnu/libstdc++.so.6.0.30
746d54e26000-746d54e29000 rw-p 00225000 103:02 93589302                  /usr/lib/x86_64-linux-gnu/libstdc++.so.6.0.30
746d54e29000-746d54e2c000 rw-p 00000000 00:00 0 
746d54e2c000-746d54e2e000 r--s 00009000 103:02 31878732                  /home/user/.m2/repository/org/slf4j/slf4j-api/1.7.36/slf4j-api-1.7.36.jar
746d54e2e000-746d54e30000 r--s 00009000 103:02 31880056                  /home/user/.m2/repository/org/objenesis/objenesis/2.1/objenesis-2.1.jar
746d54e30000-746d54e33000 r--s 00007000 103:02 34499034                  /home/user/.m2/repository/org/apache/flink/flink-metrics-core/1.20.3/flink-metrics-core-1.20.3.jar
746d54e33000-746d54e36000 r--s 0000f000 103:02 34498882                  /home/user/.m2/repository/org/apache/flink/flink-core-api/1.20.3/flink-core-api-1.20.3.jar
746d54e36000-746d54e3b000 r--s 00025000 103:02 34495088                  /home/user/.m2/repository/org/apache/maven/surefire/surefire-api/3.2.5/surefire-api-3.2.5.jar
746d54e3b000-746d54eff000 rw-p 00000000 00:00 0 
746d54eff000-746d54f00000 ---p 00000000 00:00 0 
746d54f00000-746d55000000 rw-p 00000000 00:00 0 
746d55000000-746d551f6000 r--p 00000000 103:02 94374039                  /usr/lib/jvm/java-8-openjdk-amd64/jre/lib/amd64/server/libjvm.so
746d551f6000-746d55b67000 r-xp 001f6000 103:02 94374039                  /usr/lib/jvm/java-8-openjdk-amd64/jre/lib/amd64/server/libjvm.so
746d55b67000-746d55d13000 r--p 00b67000 103:02 94374039                  /usr/lib/jvm/java-8-openjdk-amd64/jre/lib/amd64/server/libjvm.so
746d55d13000-746d55da9000 r--p 00d12000 103:02 94374039                  /usr/lib/jvm/java-8-openjdk-amd64/jre/lib/amd64/server/libjvm.so
746d55da9000-746d55dd2000 rw-p 00da8000 103:02 94374039                  /usr/lib/jvm/java-8-openjdk-amd64/jre/lib/amd64/server/libjvm.so
746d55dd2000-746d55e05000 rw-p 00000000 00:00 0 
746d55e05000-746d55e07000 r--s 00000000 103:02 31880052                  /home/user/.m2/repository/com/esotericsoftware/minlog/minlog/1.2/minlog-1.2.jar
746d55e07000-746d55e09000 r--s 00002000 103:02 34495090                  /home/user/.m2/repository/org/apache/maven/surefire/surefire-logger-api/3.2.5/surefire-logger-api-3.2.5.jar
746d55e09000-746d55e0c000 r--s 0001a000 103:02 34495094                  /home/user/.m2/repository/org/apache/maven/surefire/surefire-booter/3.2.5/surefire-booter-3.2.5.jar
746d55e0c000-746d55e0e000 r--s 00010000 103:02 94374075                  /usr/lib/jvm/java-8-openjdk-amd64/jre/lib/ext/zipfs.jar
746d55e0e000-746d55e18000 r--s 00117000 103:02 94374065                  /usr/lib/jvm/java-8-openjdk-amd64/jre/lib/ext/localedata.jar
746d55e18000-746d55e19000 ---p 00000000 00:00 0 
746d55e19000-746d55e1c000 ---p 00000000 00:00 0 
746d55e1c000-746d55f19000 rw-p 00000000 00:00 0 
746d55f19000-746d55f27000 r--p 00000000 103:02 93587630                  /usr/lib/x86_64-linux-gnu/libm.so.6
746d55f27000-746d55fa3000 r-xp 0000e000 103:02 93587630                  /usr/lib/x86_64-linux-gnu/libm.so.6
746d55fa3000-746d55ffe000 r--p 0008a000 103:02 93587630                  /usr/lib/x86_64-linux-gnu/libm.so.6
746d55ffe000-746d55fff000 r--p 000e4000 103:02 93587630                  /usr/lib/x86_64-linux-gnu/libm.so.6
746d55fff000-746d56000000 rw-p 000e5000 103:02 93587630                  /usr/lib/x86_64-linux-gnu/libm.so.6
746d56000000-746d56028000 r--p 00000000 103:02 93587590                  /usr/lib/x86_64-linux-gnu/libc.so.6
746d56028000-746d561bd000 r-xp 00028000 103:02 93587590                  /usr/lib/x86_64-linux-gnu/libc.so.6
746d561bd000-746d56215000 r--p 001bd000 103:02 93587590                  /usr/lib/x86_64-linux-gnu/libc.so.6
746d56215000-746d56216000 ---p 00215000 103:02 93587590                  /usr/lib/x86_64-linux-gnu/libc.so.6
746d56216000-746d5621a000 r--p 00215000 103:02 93587590                  /usr/lib/x86_64-linux-gnu/libc.so.6
746d5621a000-746d5621c000 rw-p 00219000 103:02 93587590                  /usr/lib/x86_64-linux-gnu/libc.so.6
746d5621c000-746d56229000 rw-p 00000000 00:00 0 
746d56229000-746d5622a000 r--s 00001000 103:02 34495098                  /home/user/.m2/repository/org/apache/maven/surefire/surefire-extensions-spi/3.2.5/surefire-extensions-spi-3.2.5.jar
746d5622a000-746d56230000 r--s 0003e000 103:02 94374071                  /usr/lib/jvm/java-8-openjdk-amd64/jre/lib/ext/sunjce_provider.jar
746d56230000-746d56232000 r--s 00001000 103:02 94374059                  /usr/lib/jvm/java-8-openjdk-amd64/jre/lib/ext/dnsns.jar
746d56232000-746d56234000 r--s 00008000 103:02 94374069                  /usr/lib/jvm/java-8-openjdk-amd64/jre/lib/ext/sunec.jar
746d56234000-746d56237000 r--s 0000f000 103:02 94374061                  /usr/lib/jvm/java-8-openjdk-amd64/jre/lib/ext/icedtea-sound.jar
746d56237000-746d56239000 r--s 0000c000 103:02 93728508                  /usr/share/java/java-atk-wrapper.jar
746d56239000-746d5623c000 r--s 00042000 103:02 94374073                  /usr/lib/jvm/java-8-openjdk-amd64/jre/lib/ext/sunpkcs11.jar
746d5623c000-746d56243000 r--s 000d3000 103:02 94374101                  /usr/lib/jvm/java-8-openjdk-amd64/jre/lib/jfr.jar
746d56243000-746d5629e000 rw-p 00000000 00:00 0 
746d5629e000-746d562a1000 r--p 00000000 103:02 94374035                  /usr/lib/jvm/java-8-openjdk-amd64/jre/lib/amd64/libzip.so
746d562a1000-746d562a6000 r-xp 00003000 103:02 94374035                  /usr/lib/jvm/java-8-openjdk-amd64/jre/lib/amd64/libzip.so
746d562a6000-746d562a8000 r--p 00008000 103:02 94374035                  /usr/lib/jvm/java-8-openjdk-amd64/jre/lib/amd64/libzip.so
746d562a8000-746d562a9000 r--p 00009000 103:02 94374035                  /usr/lib/jvm/java-8-openjdk-amd64/jre/lib/amd64/libzip.so
746d562a9000-746d562aa000 rw-p 0000a000 103:02 94374035                  /usr/lib/jvm/java-8-openjdk-amd64/jre/lib/amd64/libzip.so
746d562aa000-746d562b2000 rw-s 00000000 103:02 66485373                  /tmp/hsperfdata_user/131744
746d562b2000-746d562bf000 r--p 00000000 103:02 94373997                  /usr/lib/jvm/java-8-openjdk-amd64/jre/lib/amd64/libjava.so
746d562bf000-746d562d7000 r-xp 0000d000 103:02 94373997                  /usr/lib/jvm/java-8-openjdk-amd64/jre/lib/amd64/libjava.so
746d562d7000-746d562de000 r--p 00025000 103:02 94373997                  /usr/lib/jvm/java-8-openjdk-amd64/jre/lib/amd64/libjava.so
746d562de000-746d562df000 r--p 0002b000 103:02 94373997                  /usr/lib/jvm/java-8-openjdk-amd64/jre/lib/amd64/libjava.so
746d562df000-746d562e1000 rw-p 0002c000 103:02 94373997                  /usr/lib/jvm/java-8-openjdk-amd64/jre/lib/amd64/libjava.so
746d562e1000-746d562e2000 r--p 00000000 103:02 93587731                  /usr/lib/x86_64-linux-gnu/librt.so.1
746d562e2000-746d562e3000 r-xp 00001000 103:02 93587731                  /usr/lib/x86_64-linux-gnu/librt.so.1
746d562e3000-746d562e4000 r--p 00002000 103:02 93587731                  /usr/lib/x86_64-linux-gnu/librt.so.1
746d562e4000-746d562e5000 r--p 00002000 103:02 93587731                  /usr/lib/x86_64-linux-gnu/librt.so.1
746d562e5000-746d562e6000 rw-p 00003000 103:02 93587731                  /usr/lib/x86_64-linux-gnu/librt.so.1
746d562e6000-746d562e9000 r--p 00000000 103:02 93587967                  /usr/lib/x86_64-linux-gnu/libgcc_s.so.1
746d562e9000-746d56300000 r-xp 00003000 103:02 93587967                  /usr/lib/x86_64-linux-gnu/libgcc_s.so.1
746d56300000-746d56304000 r--p 0001a000 103:02 93587967                  /usr/lib/x86_64-linux-gnu/libgcc_s.so.1
746d56304000-746d56305000 r--p 0001d000 103:02 93587967                  /usr/lib/x86_64-linux-gnu/libgcc_s.so.1
746d56305000-746d56306000 rw-p 0001e000 103:02 93587967                  /usr/lib/x86_64-linux-gnu/libgcc_s.so.1
746d56306000-746d56308000 rw-p 00000000 00:00 0 
746d56308000-746d5630b000 r--p 00000000 103:02 94373966                  /usr/lib/jvm/java-8-openjdk-amd64/jre/lib/amd64/jli/libjli.so
746d5630b000-746d56314000 r-xp 00003000 103:02 94373966                  /usr/lib/jvm/java-8-openjdk-amd64/jre/lib/amd64/jli/libjli.so
746d56314000-746d56317000 r--p 0000c000 103:02 94373966                  /usr/lib/jvm/java-8-openjdk-amd64/jre/lib/amd64/jli/libjli.so
746d56317000-746d56318000 r--p 0000e000 103:02 94373966                  /usr/lib/jvm/java-8-openjdk-amd64/jre/lib/amd64/jli/libjli.so
746d56318000-746d56319000 rw-p 0000f000 103:02 94373966                  /usr/lib/jvm/java-8-openjdk-amd64/jre/lib/amd64/jli/libjli.so
746d56319000-746d5631b000 r--p 00000000 103:02 93614678                  /usr/lib/x86_64-linux-gnu/libz.so.1.2.11
746d5631b000-746d5632c000 r-xp 00002000 103:02 93614678                  /usr/lib/x86_64-linux-gnu/libz.so.1.2.11
746d5632c000-746d56332000 r--p 00013000 103:02 93614678                  /usr/lib/x86_64-linux-gnu/libz.so.1.2.11
746d56332000-746d56333000 ---p 00019000 103:02 93614678                  /usr/lib/x86_64-linux-gnu/libz.so.1.2.11
746d56333000-746d56334000 r--p 00019000 103:02 93614678                  /usr/lib/x86_64-linux-gnu/libz.so.1.2.11
746d56334000-746d56335000 rw-p 0001a000 103:02 93614678                  /usr/lib/x86_64-linux-gnu/libz.so.1.2.11
746d56335000-746d56336000 r--s 00002000 103:02 31874236                  /home/user/projects/forL0-state-backend/target/surefire/surefirebooter-20260310051947458_3.jar
746d56336000-746d56337000 r--s 0000a000 103:02 94374063                  /usr/lib/jvm/java-8-openjdk-amd64/jre/lib/ext/jaccess.jar
746d56337000-746d56338000 rw-p 00000000 00:00 0 
746d56338000-746d5633d000 r--p 00000000 103:02 94374033                  /usr/lib/jvm/java-8-openjdk-amd64/jre/lib/amd64/libverify.so
746d5633d000-746d56346000 r-xp 00005000 103:02 94374033                  /usr/lib/jvm/java-8-openjdk-amd64/jre/lib/amd64/libverify.so
746d56346000-746d56348000 r--p 0000e000 103:02 94374033                  /usr/lib/jvm/java-8-openjdk-amd64/jre/lib/amd64/libverify.so
746d56348000-746d5634a000 r--p 0000f000 103:02 94374033                  /usr/lib/jvm/java-8-openjdk-amd64/jre/lib/amd64/libverify.so
746d5634a000-746d5634b000 rw-p 00011000 103:02 94374033                  /usr/lib/jvm/java-8-openjdk-amd64/jre/lib/amd64/libverify.so
746d5634b000-746d5634d000 rw-p 00000000 00:00 0 
746d5634d000-746d5634f000 r--p 00000000 103:02 93587428                  /usr/lib/x86_64-linux-gnu/ld-linux-x86-64.so.2
746d5634f000-746d56379000 r-xp 00002000 103:02 93587428                  /usr/lib/x86_64-linux-gnu/ld-linux-x86-64.so.2
746d56379000-746d56384000 r--p 0002c000 103:02 93587428                  /usr/lib/x86_64-linux-gnu/ld-linux-x86-64.so.2
746d56384000-746d56385000 r--p 00000000 00:00 0 
746d56385000-746d56387000 r--p 00037000 103:02 93587428                  /usr/lib/x86_64-linux-gnu/ld-linux-x86-64.so.2
746d56387000-746d56389000 rw-p 00039000 103:02 93587428                  /usr/lib/x86_64-linux-gnu/ld-linux-x86-64.so.2
7ffd6f79f000-7ffd6f7c1000 rw-p 00000000 00:00 0                          [stack]
7ffd6f7dc000-7ffd6f7e0000 r--p 00000000 00:00 0                          [vvar]
7ffd6f7e0000-7ffd6f7e2000 r-xp 00000000 00:00 0                          [vdso]
ffffffffff600000-ffffffffff601000 --xp 00000000 00:00 0                  [vsyscall]

VM Arguments:
jvm_args: -Djava.library.path=/home/user/projects/forL0-state-backend/src/main/resources/native 
java_command: /home/user/projects/forL0-state-backend/target/surefire/surefirebooter-20260310051947458_3.jar /home/user/projects/forL0-state-backend/target/surefire 2026-03-10T05-19-47_235-jvmRun1 surefire-20260310051947458_1tmp surefire_0-20260310051947458_2tmp
java_class_path (initial): /home/user/projects/forL0-state-backend/target/surefire/surefirebooter-20260310051947458_3.jar
Launcher Type: SUN_STANDARD

Environment Variables:
JAVA_HOME=/usr/lib/jvm/java-8-openjdk-amd64
PATH=/home/user/flink/bin:/usr/local/cuda-12.4/bin:/home/user/.vscode-server/data/User/globalStorage/github.copilot-chat/debugCommand:/home/user/.vscode-server/data/User/globalStorage/github.copilot-chat/copilotCli:/home/user/.vscode-server/cli/servers/Stable-61b3d0ab13be7dda2389f1d3e60a119c7f660cc3/server/bin/remote-cli:/home/user/.local/bin:/home/user/flink/bin:/usr/local/cuda-12.4/bin:/usr/lib/jvm/java-8-openjdk-amd64/bin:/home/user/.local/bin:/usr/lib/jvm/java-8-openjdk-amd64/bin:/usr/local/sbin:/usr/local/bin:/usr/sbin:/usr/bin:/sbin:/bin:/usr/games:/usr/local/games:/snap/bin:/opt/flink/bin:/opt/flink/bin:/home/user/.local/bin:/home/user/.vscode-server/extensions/vscjava.vscode-java-debug-0.58.5/bundled/scripts/noConfigScripts:/home/user/.local/bin
LD_LIBRARY_PATH=/usr/local/cuda-12.4/lib64:/usr/local/cuda-12.4/lib64:
SHELL=/bin/bash

Signal Handlers:
SIGSEGV: [libjvm.so+0xb40610], sa_mask[0]=11111111011111111101111111111110, sa_flags=SA_RESTART|SA_SIGINFO
SIGBUS: [libjvm.so+0xb40610], sa_mask[0]=11111111011111111101111111111110, sa_flags=SA_RESTART|SA_SIGINFO
SIGFPE: [libjvm.so+0x97f760], sa_mask[0]=11111111011111111101111111111110, sa_flags=SA_RESTART|SA_SIGINFO
SIGPIPE: [libjvm.so+0x97f760], sa_mask[0]=11111111011111111101111111111110, sa_flags=SA_RESTART|SA_SIGINFO
SIGXFSZ: [libjvm.so+0x97f760], sa_mask[0]=11111111011111111101111111111110, sa_flags=SA_RESTART|SA_SIGINFO
SIGILL: [libjvm.so+0x97f760], sa_mask[0]=11111111011111111101111111111110, sa_flags=SA_RESTART|SA_SIGINFO
SIGUSR1: SIG_DFL, sa_mask[0]=00000000000000000000000000000000, sa_flags=none
SIGUSR2: [libjvm.so+0x97fa90], sa_mask[0]=00000000000000000000000000000000, sa_flags=SA_RESTART|SA_SIGINFO
SIGHUP: [libjvm.so+0x97f9e0], sa_mask[0]=11111111011111111101111111111110, sa_flags=SA_RESTART|SA_SIGINFO
SIGINT: [libjvm.so+0x97f9e0], sa_mask[0]=11111111011111111101111111111110, sa_flags=SA_RESTART|SA_SIGINFO
SIGTERM: [libjvm.so+0x97f9e0], sa_mask[0]=11111111011111111101111111111110, sa_flags=SA_RESTART|SA_SIGINFO
SIGQUIT: [libjvm.so+0x97f9e0], sa_mask[0]=11111111011111111101111111111110, sa_flags=SA_RESTART|SA_SIGINFO


---------------  S Y S T E M  ---------------

OS:DISTRIB_ID=Ubuntu
DISTRIB_RELEASE=22.04
DISTRIB_CODENAME=jammy
DISTRIB_DESCRIPTION="Ubuntu 22.04.5 LTS"

uname:Linux 6.8.0-101-generic #101~22.04.1-Ubuntu SMP PREEMPT_DYNAMIC Wed Feb 11 13:19:54 UTC  x86_64
libc:glibc 2.35 NPTL 2.35 
rlimit: STACK 8192k, CORE 0k, NPROC 1029132, NOFILE 1048576, AS infinity
load average:2.35 1.15 0.69

/proc/meminfo:
MemTotal:       263542384 kB
MemFree:        250409928 kB
MemAvailable:   253247568 kB
Buffers:          657056 kB
Cached:          3940860 kB
SwapCached:            0 kB
Active:          8583836 kB
Inactive:        2549512 kB
Active(anon):    6550300 kB
Inactive(anon):        0 kB
Active(file):    2033536 kB
Inactive(file):  2549512 kB
Unevictable:        3088 kB
Mlocked:               0 kB
SwapTotal:       2097148 kB
SwapFree:        2097148 kB
Zswap:                 0 kB
Zswapped:              0 kB
Dirty:              1844 kB
Writeback:             0 kB
AnonPages:       6539496 kB
Mapped:           695700 kB
Shmem:             15020 kB
KReclaimable:     436936 kB
Slab:            1065004 kB
SReclaimable:     436936 kB
SUnreclaim:       628068 kB
KernelStack:       31808 kB
PageTables:       102392 kB
SecPageTables:         0 kB
NFS_Unstable:          0 kB
Bounce:                0 kB
WritebackTmp:          0 kB
CommitLimit:    133868340 kB
Committed_AS:   16770760 kB
VmallocTotal:   13743895347199 kB
VmallocUsed:      140268 kB
VmallocChunk:          0 kB
Percpu:           185136 kB
HardwareCorrupted:     0 kB
AnonHugePages:         0 kB
ShmemHugePages:        0 kB
ShmemPmdMapped:        0 kB
FileHugePages:         0 kB
FilePmdMapped:         0 kB
Unaccepted:            0 kB
HugePages_Total:       0
HugePages_Free:        0
HugePages_Rsvd:        0
HugePages_Surp:        0
Hugepagesize:       2048 kB
Hugetlb:               0 kB
DirectMap4k:      596736 kB
DirectMap2M:     9529344 kB
DirectMap1G:    260046848 kB

container (cgroup) information:
container_type: cgroupv2
cpu_cpuset_cpus: failed
cpu_memory_nodes: failed
active_processor_count: 76
cpu_quota: -2
cpu_period: -2
cpu_shares: -2
memory_limit_in_bytes: -1
memory_and_swap_limit_in_bytes: -1
memory_soft_limit_in_bytes: 0
memory_usage_in_bytes: 6792187904
memory_max_usage_in_bytes: -2


CPU:total 76 (initial active 76) (38 cores per cpu, 2 threads per core) family 6 model 106 stepping 6, cmov, cx8, fxsr, mmx, sse, sse2, sse3, ssse3, sse4.1, sse4.2, popcnt, avx, avx2, aes, clmul, erms, 3dnowpref, lzcnt, ht, tsc, tscinvbit, bmi1, bmi2, adx

/proc/cpuinfo:
processor	: 0
vendor_id	: GenuineIntel
cpu family	: 6
model		: 106
model name	: Intel(R) Xeon(R) Platinum 8368Q CPU @ 2.60GHz
stepping	: 6
microcode	: 0xd000421
cpu MHz		: 1209.956
cache size	: 58368 KB
physical id	: 0
siblings	: 76
core id		: 0
cpu cores	: 38
apicid		: 0
initial apicid	: 0
fpu		: yes
fpu_exception	: yes
cpuid level	: 27
wp		: yes
flags		: fpu vme de pse tsc msr pae mce cx8 apic sep mtrr pge mca cmov pat pse36 clflush dts acpi mmx fxsr sse sse2 ss ht tm pbe syscall nx pdpe1gb rdtscp lm constant_tsc art arch_perfmon pebs bts rep_good nopl xtopology nonstop_tsc cpuid aperfmperf pni pclmulqdq dtes64 monitor ds_cpl vmx smx est tm2 ssse3 sdbg fma cx16 xtpr pdcm pcid dca sse4_1 sse4_2 x2apic movbe popcnt tsc_deadline_timer aes xsave avx f16c rdrand lahf_lm abm 3dnowprefetch cpuid_fault epb cat_l3 ssbd mba ibrs ibpb stibp ibrs_enhanced tpr_shadow flexpriority ept vpid ept_ad fsgsbase tsc_adjust bmi1 avx2 smep bmi2 erms invpcid cqm rdt_a avx512f avx512dq rdseed adx smap avx512ifma clflushopt clwb intel_pt avx512cd sha_ni avx512bw avx512vl xsaveopt xsavec xgetbv1 xsaves cqm_llc cqm_occup_llc cqm_mbm_total cqm_mbm_local split_lock_detect wbnoinvd dtherm ida arat pln pts vnmi avx512vbmi umip pku ospke avx512_vbmi2 gfni vaes vpclmulqdq avx512_vnni avx512_bitalg tme avx512_vpopcntdq la57 rdpid fsrm md_clear pconfig flush_l1d arch_capabilities
vmx flags	: vnmi preemption_timer posted_intr invvpid ept_x_only ept_ad ept_1gb flexpriority apicv tsc_offset vtpr mtf vapic ept vpid unrestricted_guest vapic_reg vid ple shadow_vmcs pml ept_mode_based_exec tsc_scaling
bugs		: spectre_v1 spectre_v2 spec_store_bypass swapgs mmio_stale_data eibrs_pbrsb gds bhi its its_native_only
bogomips	: 5200.00
clflush size	: 64
cache_alignment	: 64
address sizes	: 46 bits physical, 57 bits virtual
power management:

processor	: 1
vendor_id	: GenuineIntel
cpu family	: 6
model		: 106
model name	: Intel(R) Xeon(R) Platinum 8368Q CPU @ 2.60GHz
stepping	: 6
microcode	: 0xd000421
cpu MHz		: 799.665
cache size	: 58368 KB
physical id	: 0
siblings	: 76
core id		: 1
cpu cores	: 38
apicid		: 2
initial apicid	: 2
fpu		: yes
fpu_exception	: yes
cpuid level	: 27
wp		: yes
flags		: fpu vme de pse tsc msr pae mce cx8 apic sep mtrr pge mca cmov pat pse36 clflush dts acpi mmx fxsr sse sse2 ss ht tm pbe syscall nx pdpe1gb rdtscp lm constant_tsc art arch_perfmon pebs bts rep_good nopl xtopology nonstop_tsc cpuid aperfmperf pni pclmulqdq dtes64 monitor ds_cpl vmx smx est tm2 ssse3 sdbg fma cx16 xtpr pdcm pcid dca sse4_1 sse4_2 x2apic movbe popcnt tsc_deadline_timer aes xsave avx f16c rdrand lahf_lm abm 3dnowprefetch cpuid_fault epb cat_l3 ssbd mba ibrs ibpb stibp ibrs_enhanced tpr_shadow flexpriority ept vpid ept_ad fsgsbase tsc_adjust bmi1 avx2 smep bmi2 erms invpcid cqm rdt_a avx512f avx512dq rdseed adx smap avx512ifma clflushopt clwb intel_pt avx512cd sha_ni avx512bw avx512vl xsaveopt xsavec xgetbv1 xsaves cqm_llc cqm_occup_llc cqm_mbm_total cqm_mbm_local split_lock_detect wbnoinvd dtherm ida arat pln pts vnmi avx512vbmi umip pku ospke avx512_vbmi2 gfni vaes vpclmulqdq avx512_vnni avx512_bitalg tme avx512_vpopcntdq la57 rdpid fsrm md_clear pconfig flush_l1d arch_capabilities
vmx flags	: vnmi preemption_timer posted_intr invvpid ept_x_only ept_ad ept_1gb flexpriority apicv tsc_offset vtpr mtf vapic ept vpid unrestricted_guest vapic_reg vid ple shadow_vmcs pml ept_mode_based_exec tsc_scaling
bugs		: spectre_v1 spectre_v2 spec_store_bypass swapgs mmio_stale_data eibrs_pbrsb gds bhi its its_native_only
bogomips	: 5200.00
clflush size	: 64
cache_alignment	: 64
address sizes	: 46 bits physical, 57 bits virtual
power management:

processor	: 2
vendor_id	: GenuineIntel
cpu family	: 6
model		: 106
model name	: Intel(R) Xeon(R) Platinum 8368Q CPU @ 2.60GHz
stepping	: 6
microcode	: 0xd000421
cpu MHz		: 800.199
cache size	: 58368 KB
physical id	: 0
siblings	: 76
core id		: 2
cpu cores	: 38
apicid		: 4
initial apicid	: 4
fpu		: yes
fpu_exception	: yes
cpuid level	: 27
wp		: yes
flags		: fpu vme de pse tsc msr pae mce cx8 apic sep mtrr pge mca cmov pat pse36 clflush dts acpi mmx fxsr sse sse2 ss ht tm pbe syscall nx pdpe1gb rdtscp lm constant_tsc art arch_perfmon pebs bts rep_good nopl xtopology nonstop_tsc cpuid aperfmperf pni pclmulqdq dtes64 monitor ds_cpl vmx smx est tm2 ssse3 sdbg fma cx16 xtpr pdcm pcid dca sse4_1 sse4_2 x2apic movbe popcnt tsc_deadline_timer aes xsave avx f16c rdrand lahf_lm abm 3dnowprefetch cpuid_fault epb cat_l3 ssbd mba ibrs ibpb stibp ibrs_enhanced tpr_shadow flexpriority ept vpid ept_ad fsgsbase tsc_adjust bmi1 avx2 smep bmi2 erms invpcid cqm rdt_a avx512f avx512dq rdseed adx smap avx512ifma clflushopt clwb intel_pt avx512cd sha_ni avx512bw avx512vl xsaveopt xsavec xgetbv1 xsaves cqm_llc cqm_occup_llc cqm_mbm_total cqm_mbm_local split_lock_detect wbnoinvd dtherm ida arat pln pts vnmi avx512vbmi umip pku ospke avx512_vbmi2 gfni vaes vpclmulqdq avx512_vnni avx512_bitalg tme avx512_vpopcntdq la57 rdpid fsrm md_clear pconfig flush_l1d arch_capabilities
vmx flags	: vnmi preemption_timer posted_intr invvpid ept_x_only ept_ad ept_1gb flexpriority apicv tsc_offset vtpr mtf vapic ept vpid unrestricted_guest vapic_reg vid ple shadow_vmcs pml ept_mode_based_exec tsc_scaling
bugs		: spectre_v1 spectre_v2 spec_store_bypass swapgs mmio_stale_data eibrs_pbrsb gds bhi its its_native_only
bogomips	: 5200.00
clflush size	: 64
cache_alignment	: 64
address sizes	: 46 bits physical, 57 bits virtual
power management:

processor	: 3
vendor_id	: GenuineIntel
cpu family	: 6
model		: 106
model name	: Intel(R) Xeon(R) Platinum 8368Q CPU @ 2.60GHz
stepping	: 6
microcode	: 0xd000421
cpu MHz		: 800.849
cache size	: 58368 KB
physical id	: 0
siblings	: 76
core id		: 3
cpu cores	: 38
apicid		: 6
initial apicid	: 6
fpu		: yes
fpu_exception	: yes
cpuid level	: 27
wp		: yes
flags		: fpu vme de pse tsc msr pae mce cx8 apic sep mtrr pge mca cmov pat pse36 clflush dts acpi mmx fxsr sse sse2 ss ht tm pbe syscall nx pdpe1gb rdtscp lm constant_tsc art arch_perfmon pebs bts rep_good nopl xtopology nonstop_tsc cpuid aperfmperf pni pclmulqdq dtes64 monitor ds_cpl vmx smx est tm2 ssse3 sdbg fma cx16 xtpr pdcm pcid dca sse4_1 sse4_2 x2apic movbe popcnt tsc_deadline_timer aes xsave avx f16c rdrand lahf_lm abm 3dnowprefetch cpuid_fault epb cat_l3 ssbd mba ibrs ibpb stibp ibrs_enhanced tpr_shadow flexpriority ept vpid ept_ad fsgsbase tsc_adjust bmi1 avx2 smep bmi2 erms invpcid cqm rdt_a avx512f avx512dq rdseed adx smap avx512ifma clflushopt clwb intel_pt avx512cd sha_ni avx512bw avx512vl xsaveopt xsavec xgetbv1 xsaves cqm_llc cqm_occup_llc cqm_mbm_total cqm_mbm_local split_lock_detect wbnoinvd dtherm ida arat pln pts vnmi avx512vbmi umip pku ospke avx512_vbmi2 gfni vaes vpclmulqdq avx512_vnni avx512_bitalg tme avx512_vpopcntdq la57 rdpid fsrm md_clear pconfig flush_l1d arch_capabilities
vmx flags	: vnmi preemption_timer posted_intr invvpid ept_x_only ept_ad ept_1gb flexpriority apicv tsc_offset vtpr mtf vapic ept vpid unrestricted_guest vapic_reg vid ple shadow_vmcs pml ept_mode_based_exec tsc_scaling
bugs		: spectre_v1 spectre_v2 spec_store_bypass swapgs mmio_stale_data eibrs_pbrsb gds bhi its its_native_only
bogomips	: 5200.00
clflush size	: 64
cache_alignment	: 64
address sizes	: 46 bits physical, 57 bits virtual
power management:

processor	: 4
vendor_id	: GenuineIntel
cpu family	: 6
model		: 106
model name	: Intel(R) Xeon(R) Platinum 8368Q CPU @ 2.60GHz
stepping	: 6
microcode	: 0xd000421
cpu MHz		: 799.130
cache size	: 58368 KB
physical id	: 0
siblings	: 76
core id		: 4
cpu cores	: 38
apicid		: 8
initial apicid	: 8
fpu		: yes
fpu_exception	: yes
cpuid level	: 27
wp		: yes
flags		: fpu vme de pse tsc msr pae mce cx8 apic sep mtrr pge mca cmov pat pse36 clflush dts acpi mmx fxsr sse sse2 ss ht tm pbe syscall nx pdpe1gb rdtscp lm constant_tsc art arch_perfmon pebs bts rep_good nopl xtopology nonstop_tsc cpuid aperfmperf pni pclmulqdq dtes64 monitor ds_cpl vmx smx est tm2 ssse3 sdbg fma cx16 xtpr pdcm pcid dca sse4_1 sse4_2 x2apic movbe popcnt tsc_deadline_timer aes xsave avx f16c rdrand lahf_lm abm 3dnowprefetch cpuid_fault epb cat_l3 ssbd mba ibrs ibpb stibp ibrs_enhanced tpr_shadow flexpriority ept vpid ept_ad fsgsbase tsc_adjust bmi1 avx2 smep bmi2 erms invpcid cqm rdt_a avx512f avx512dq rdseed adx smap avx512ifma clflushopt clwb intel_pt avx512cd sha_ni avx512bw avx512vl xsaveopt xsavec xgetbv1 xsaves cqm_llc cqm_occup_llc cqm_mbm_total cqm_mbm_local split_lock_detect wbnoinvd dtherm ida arat pln pts vnmi avx512vbmi umip pku ospke avx512_vbmi2 gfni vaes vpclmulqdq avx512_vnni avx512_bitalg tme avx512_vpopcntdq la57 rdpid fsrm md_clear pconfig flush_l1d arch_capabilities
vmx flags	: vnmi preemption_timer posted_intr invvpid ept_x_only ept_ad ept_1gb flexpriority apicv tsc_offset vtpr mtf vapic ept vpid unrestricted_guest vapic_reg vid ple shadow_vmcs pml ept_mode_based_exec tsc_scaling
bugs		: spectre_v1 spectre_v2 spec_store_bypass swapgs mmio_stale_data eibrs_pbrsb gds bhi its its_native_only
bogomips	: 5200.00
clflush size	: 64
cache_alignment	: 64
address sizes	: 46 bits physical, 57 bits virtual
power management:

processor	: 5
vendor_id	: GenuineIntel
cpu family	: 6
model		: 106
model name	: Intel(R) Xeon(R) Platinum 8368Q CPU @ 2.60GHz
stepping	: 6
microcode	: 0xd000421
cpu MHz		: 800.000
cache size	: 58368 KB
physical id	: 0
siblings	: 76
core id		: 5
cpu cores	: 38
apicid		: 10
initial apicid	: 10
fpu		: yes
fpu_exception	: yes
cpuid level	: 27
wp		: yes
flags		: fpu vme de pse tsc msr pae mce cx8 apic sep mtrr pge mca cmov pat pse36 clflush dts acpi mmx fxsr sse sse2 ss ht tm pbe syscall nx pdpe1gb rdtscp lm constant_tsc art arch_perfmon pebs bts rep_good nopl xtopology nonstop_tsc cpuid aperfmperf pni pclmulqdq dtes64 monitor ds_cpl vmx smx est tm2 ssse3 sdbg fma cx16 xtpr pdcm pcid dca sse4_1 sse4_2 x2apic movbe popcnt tsc_deadline_timer aes xsave avx f16c rdrand lahf_lm abm 3dnowprefetch cpuid_fault epb cat_l3 ssbd mba ibrs ibpb stibp ibrs_enhanced tpr_shadow flexpriority ept vpid ept_ad fsgsbase tsc_adjust bmi1 avx2 smep bmi2 erms invpcid cqm rdt_a avx512f avx512dq rdseed adx smap avx512ifma clflushopt clwb intel_pt avx512cd sha_ni avx512bw avx512vl xsaveopt xsavec xgetbv1 xsaves cqm_llc cqm_occup_llc cqm_mbm_total cqm_mbm_local split_lock_detect wbnoinvd dtherm ida arat pln pts vnmi avx512vbmi umip pku ospke avx512_vbmi2 gfni vaes vpclmulqdq avx512_vnni avx512_bitalg tme avx512_vpopcntdq la57 rdpid fsrm md_clear pconfig flush_l1d arch_capabilities
vmx flags	: vnmi preemption_timer posted_intr invvpid ept_x_only ept_ad ept_1gb flexpriority apicv tsc_offset vtpr mtf vapic ept vpid unrestricted_guest vapic_reg vid ple shadow_vmcs pml ept_mode_based_exec tsc_scaling
bugs		: spectre_v1 spectre_v2 spec_store_bypass swapgs mmio_stale_data eibrs_pbrsb gds bhi its its_native_only
bogomips	: 5200.00
clflush size	: 64
cache_alignment	: 64
address sizes	: 46 bits physical, 57 bits virtual
power management:

processor	: 6
vendor_id	: GenuineIntel
cpu family	: 6
model		: 106
model name	: Intel(R) Xeon(R) Platinum 8368Q CPU @ 2.60GHz
stepping	: 6
microcode	: 0xd000421
cpu MHz		: 800.000
cache size	: 58368 KB
physical id	: 0
siblings	: 76
core id		: 6
cpu cores	: 38
apicid		: 12
initial apicid	: 12
fpu		: yes
fpu_exception	: yes
cpuid level	: 27
wp		: yes
flags		: fpu vme de pse tsc msr pae mce cx8 apic sep mtrr pge mca cmov pat pse36 clflush dts acpi mmx fxsr sse sse2 ss ht tm pbe syscall nx pdpe1gb rdtscp lm constant_tsc art arch_perfmon pebs bts rep_good nopl xtopology nonstop_tsc cpuid aperfmperf pni pclmulqdq dtes64 monitor ds_cpl vmx smx est tm2 ssse3 sdbg fma cx16 xtpr pdcm pcid dca sse4_1 sse4_2 x2apic movbe popcnt tsc_deadline_timer aes xsave avx f16c rdrand lahf_lm abm 3dnowprefetch cpuid_fault epb cat_l3 ssbd mba ibrs ibpb stibp ibrs_enhanced tpr_shadow flexpriority ept vpid ept_ad fsgsbase tsc_adjust bmi1 avx2 smep bmi2 erms invpcid cqm rdt_a avx512f avx512dq rdseed adx smap avx512ifma clflushopt clwb intel_pt avx512cd sha_ni avx512bw avx512vl xsaveopt xsavec xgetbv1 xsaves cqm_llc cqm_occup_llc cqm_mbm_total cqm_mbm_local split_lock_detect wbnoinvd dtherm ida arat pln pts vnmi avx512vbmi umip pku ospke avx512_vbmi2 gfni vaes vpclmulqdq avx512_vnni avx512_bitalg tme avx512_vpopcntdq la57 rdpid fsrm md_clear pconfig flush_l1d arch_capabilities
vmx flags	: vnmi preemption_timer posted_intr invvpid ept_x_only ept_ad ept_1gb flexpriority apicv tsc_offset vtpr mtf vapic ept vpid unrestricted_guest vapic_reg vid ple shadow_vmcs pml ept_mode_based_exec tsc_scaling
bugs		: spectre_v1 spectre_v2 spec_store_bypass swapgs mmio_stale_data eibrs_pbrsb gds bhi its its_native_only
bogomips	: 5200.00
clflush size	: 64
cache_alignment	: 64
address sizes	: 46 bits physical, 57 bits virtual
power management:

processor	: 7
vendor_id	: GenuineIntel
cpu family	: 6
model		: 106
model name	: Intel(R) Xeon(R) Platinum 8368Q CPU @ 2.60GHz
stepping	: 6
microcode	: 0xd000421
cpu MHz		: 2400.000
cache size	: 58368 KB
physical id	: 0
siblings	: 76
core id		: 7
cpu cores	: 38
apicid		: 14
initial apicid	: 14
fpu		: yes
fpu_exception	: yes
cpuid level	: 27
wp		: yes
flags		: fpu vme de pse tsc msr pae mce cx8 apic sep mtrr pge mca cmov pat pse36 clflush dts acpi mmx fxsr sse sse2 ss ht tm pbe syscall nx pdpe1gb rdtscp lm constant_tsc art arch_perfmon pebs bts rep_good nopl xtopology nonstop_tsc cpuid aperfmperf pni pclmulqdq dtes64 monitor ds_cpl vmx smx est tm2 ssse3 sdbg fma cx16 xtpr pdcm pcid dca sse4_1 sse4_2 x2apic movbe popcnt tsc_deadline_timer aes xsave avx f16c rdrand lahf_lm abm 3dnowprefetch cpuid_fault epb cat_l3 ssbd mba ibrs ibpb stibp ibrs_enhanced tpr_shadow flexpriority ept vpid ept_ad fsgsbase tsc_adjust bmi1 avx2 smep bmi2 erms invpcid cqm rdt_a avx512f avx512dq rdseed adx smap avx512ifma clflushopt clwb intel_pt avx512cd sha_ni avx512bw avx512vl xsaveopt xsavec xgetbv1 xsaves cqm_llc cqm_occup_llc cqm_mbm_total cqm_mbm_local split_lock_detect wbnoinvd dtherm ida arat pln pts vnmi avx512vbmi umip pku ospke avx512_vbmi2 gfni vaes vpclmulqdq avx512_vnni avx512_bitalg tme avx512_vpopcntdq la57 rdpid fsrm md_clear pconfig flush_l1d arch_capabilities
vmx flags	: vnmi preemption_timer posted_intr invvpid ept_x_only ept_ad ept_1gb flexpriority apicv tsc_offset vtpr mtf vapic ept vpid unrestricted_guest vapic_reg vid ple shadow_vmcs pml ept_mode_based_exec tsc_scaling
bugs		: spectre_v1 spectre_v2 spec_store_bypass swapgs mmio_stale_data eibrs_pbrsb gds bhi its its_native_only
bogomips	: 5200.00
clflush size	: 64
cache_alignment	: 64
address sizes	: 46 bits physical, 57 bits virtual
power management:

processor	: 8
vendor_id	: GenuineIntel
cpu family	: 6
model		: 106
model name	: Intel(R) Xeon(R) Platinum 8368Q CPU @ 2.60GHz
stepping	: 6
microcode	: 0xd000421
cpu MHz		: 1570.189
cache size	: 58368 KB
physical id	: 0
siblings	: 76
core id		: 8
cpu cores	: 38
apicid		: 16
initial apicid	: 16
fpu		: yes
fpu_exception	: yes
cpuid level	: 27
wp		: yes
flags		: fpu vme de pse tsc msr pae mce cx8 apic sep mtrr pge mca cmov pat pse36 clflush dts acpi mmx fxsr sse sse2 ss ht tm pbe syscall nx pdpe1gb rdtscp lm constant_tsc art arch_perfmon pebs bts rep_good nopl xtopology nonstop_tsc cpuid aperfmperf pni pclmulqdq dtes64 monitor ds_cpl vmx smx est tm2 ssse3 sdbg fma cx16 xtpr pdcm pcid dca sse4_1 sse4_2 x2apic movbe popcnt tsc_deadline_timer aes xsave avx f16c rdrand lahf_lm abm 3dnowprefetch cpuid_fault epb cat_l3 ssbd mba ibrs ibpb stibp ibrs_enhanced tpr_shadow flexpriority ept vpid ept_ad fsgsbase tsc_adjust bmi1 avx2 smep bmi2 erms invpcid cqm rdt_a avx512f avx512dq rdseed adx smap avx512ifma clflushopt clwb intel_pt avx512cd sha_ni avx512bw avx512vl xsaveopt xsavec xgetbv1 xsaves cqm_llc cqm_occup_llc cqm_mbm_total cqm_mbm_local split_lock_detect wbnoinvd dtherm ida arat pln pts vnmi avx512vbmi umip pku ospke avx512_vbmi2 gfni vaes vpclmulqdq avx512_vnni avx512_bitalg tme avx512_vpopcntdq la57 rdpid fsrm md_clear pconfig flush_l1d arch_capabilities
vmx flags	: vnmi preemption_timer posted_intr invvpid ept_x_only ept_ad ept_1gb flexpriority apicv tsc_offset vtpr mtf vapic ept vpid unrestricted_guest vapic_reg vid ple shadow_vmcs pml ept_mode_based_exec tsc_scaling
bugs		: spectre_v1 spectre_v2 spec_store_bypass swapgs mmio_stale_data eibrs_pbrsb gds bhi its its_native_only
bogomips	: 5200.00
clflush size	: 64
cache_alignment	: 64
address sizes	: 46 bits physical, 57 bits virtual
power management:

processor	: 9
vendor_id	: GenuineIntel
cpu family	: 6
model		: 106
model name	: Intel(R) Xeon(R) Platinum 8368Q CPU @ 2.60GHz
stepping	: 6
microcode	: 0xd000421
cpu MHz		: 2300.000
cache size	: 58368 KB
physical id	: 0
siblings	: 76
core id		: 9
cpu cores	: 38
apicid		: 18
initial apicid	: 18
fpu		: yes
fpu_exception	: yes
cpuid level	: 27
wp		: yes
flags		: fpu vme de pse tsc msr pae mce cx8 apic sep mtrr pge mca cmov pat pse36 clflush dts acpi mmx fxsr sse sse2 ss ht tm pbe syscall nx pdpe1gb rdtscp lm constant_tsc art arch_perfmon pebs bts rep_good nopl xtopology nonstop_tsc cpuid aperfmperf pni pclmulqdq dtes64 monitor ds_cpl vmx smx est tm2 ssse3 sdbg fma cx16 xtpr pdcm pcid dca sse4_1 sse4_2 x2apic movbe popcnt tsc_deadline_timer aes xsave avx f16c rdrand lahf_lm abm 3dnowprefetch cpuid_fault epb cat_l3 ssbd mba ibrs ibpb stibp ibrs_enhanced tpr_shadow flexpriority ept vpid ept_ad fsgsbase tsc_adjust bmi1 avx2 smep bmi2 erms invpcid cqm rdt_a avx512f avx512dq rdseed adx smap avx512ifma clflushopt clwb intel_pt avx512cd sha_ni avx512bw avx512vl xsaveopt xsavec xgetbv1 xsaves cqm_llc cqm_occup_llc cqm_mbm_total cqm_mbm_local split_lock_detect wbnoinvd dtherm ida arat pln pts vnmi avx512vbmi umip pku ospke avx512_vbmi2 gfni vaes vpclmulqdq avx512_vnni avx512_bitalg tme avx512_vpopcntdq la57 rdpid fsrm md_clear pconfig flush_l1d arch_capabilities
vmx flags	: vnmi preemption_timer posted_intr invvpid ept_x_only ept_ad ept_1gb flexpriority apicv tsc_offset vtpr mtf vapic ept vpid unrestricted_guest vapic_reg vid ple shadow_vmcs pml ept_mode_based_exec tsc_scaling
bugs		: spectre_v1 spectre_v2 spec_store_bypass swapgs mmio_stale_data eibrs_pbrsb gds bhi its its_native_only
bogomips	: 5200.00
clflush size	: 64
cache_alignment	: 64
address sizes	: 46 bits physical, 57 bits virtual
power management:

processor	: 10
vendor_id	: GenuineIntel
cpu family	: 6
model		: 106
model name	: Intel(R) Xeon(R) Platinum 8368Q CPU @ 2.60GHz
stepping	: 6
microcode	: 0xd000421
cpu MHz		: 800.000
cache size	: 58368 KB
physical id	: 0
siblings	: 76
core id		: 10
cpu cores	: 38
apicid		: 20
initial apicid	: 20
fpu		: yes
fpu_exception	: yes
cpuid level	: 27
wp		: yes
flags		: fpu vme de pse tsc msr pae mce cx8 apic sep mtrr pge mca cmov pat pse36 clflush dts acpi mmx fxsr sse sse2 ss ht tm pbe syscall nx pdpe1gb rdtscp lm constant_tsc art arch_perfmon pebs bts rep_good nopl xtopology nonstop_tsc cpuid aperfmperf pni pclmulqdq dtes64 monitor ds_cpl vmx smx est tm2 ssse3 sdbg fma cx16 xtpr pdcm pcid dca sse4_1 sse4_2 x2apic movbe popcnt tsc_deadline_timer aes xsave avx f16c rdrand lahf_lm abm 3dnowprefetch cpuid_fault epb cat_l3 ssbd mba ibrs ibpb stibp ibrs_enhanced tpr_shadow flexpriority ept vpid ept_ad fsgsbase tsc_adjust bmi1 avx2 smep bmi2 erms invpcid cqm rdt_a avx512f avx512dq rdseed adx smap avx512ifma clflushopt clwb intel_pt avx512cd sha_ni avx512bw avx512vl xsaveopt xsavec xgetbv1 xsaves cqm_llc cqm_occup_llc cqm_mbm_total cqm_mbm_local split_lock_detect wbnoinvd dtherm ida arat pln pts vnmi avx512vbmi umip pku ospke avx512_vbmi2 gfni vaes vpclmulqdq avx512_vnni avx512_bitalg tme avx512_vpopcntdq la57 rdpid fsrm md_clear pconfig flush_l1d arch_capabilities
vmx flags	: vnmi preemption_timer posted_intr invvpid ept_x_only ept_ad ept_1gb flexpriority apicv tsc_offset vtpr mtf vapic ept vpid unrestricted_guest vapic_reg vid ple shadow_vmcs pml ept_mode_based_exec tsc_scaling
bugs		: spectre_v1 spectre_v2 spec_store_bypass swapgs mmio_stale_data eibrs_pbrsb gds bhi its its_native_only
bogomips	: 5200.00
clflush size	: 64
cache_alignment	: 64
address sizes	: 46 bits physical, 57 bits virtual
power management:

processor	: 11
vendor_id	: GenuineIntel
cpu family	: 6
model		: 106
model name	: Intel(R) Xeon(R) Platinum 8368Q CPU @ 2.60GHz
stepping	: 6
microcode	: 0xd000421
cpu MHz		: 800.000
cache size	: 58368 KB
physical id	: 0
siblings	: 76
core id		: 11
cpu cores	: 38
apicid		: 22
initial apicid	: 22
fpu		: yes
fpu_exception	: yes
cpuid level	: 27
wp		: yes
flags		: fpu vme de pse tsc msr pae mce cx8 apic sep mtrr pge mca cmov pat pse36 clflush dts acpi mmx fxsr sse sse2 ss ht tm pbe syscall nx pdpe1gb rdtscp lm constant_tsc art arch_perfmon pebs bts rep_good nopl xtopology nonstop_tsc cpuid aperfmperf pni pclmulqdq dtes64 monitor ds_cpl vmx smx est tm2 ssse3 sdbg fma cx16 xtpr pdcm pcid dca sse4_1 sse4_2 x2apic movbe popcnt tsc_deadline_timer aes xsave avx f16c rdrand lahf_lm abm 3dnowprefetch cpuid_fault epb cat_l3 ssbd mba ibrs ibpb stibp ibrs_enhanced tpr_shadow flexpriority ept vpid ept_ad fsgsbase tsc_adjust bmi1 avx2 smep bmi2 erms invpcid cqm rdt_a avx512f avx512dq rdseed adx smap avx512ifma clflushopt clwb intel_pt avx512cd sha_ni avx512bw avx512vl xsaveopt xsavec xgetbv1 xsaves cqm_llc cqm_occup_llc cqm_mbm_total cqm_mbm_local split_lock_detect wbnoinvd dtherm ida arat pln pts vnmi avx512vbmi umip pku ospke avx512_vbmi2 gfni vaes vpclmulqdq avx512_vnni avx512_bitalg tme avx512_vpopcntdq la57 rdpid fsrm md_clear pconfig flush_l1d arch_capabilities
vmx flags	: vnmi preemption_timer posted_intr invvpid ept_x_only ept_ad ept_1gb flexpriority apicv tsc_offset vtpr mtf vapic ept vpid unrestricted_guest vapic_reg vid ple shadow_vmcs pml ept_mode_based_exec tsc_scaling
bugs		: spectre_v1 spectre_v2 spec_store_bypass swapgs mmio_stale_data eibrs_pbrsb gds bhi its its_native_only
bogomips	: 5200.00
clflush size	: 64
cache_alignment	: 64
address sizes	: 46 bits physical, 57 bits virtual
power management:

processor	: 12
vendor_id	: GenuineIntel
cpu family	: 6
model		: 106
model name	: Intel(R) Xeon(R) Platinum 8368Q CPU @ 2.60GHz
stepping	: 6
microcode	: 0xd000421
cpu MHz		: 2300.000
cache size	: 58368 KB
physical id	: 0
siblings	: 76
core id		: 12
cpu cores	: 38
apicid		: 24
initial apicid	: 24
fpu		: yes
fpu_exception	: yes
cpuid level	: 27
wp		: yes
flags		: fpu vme de pse tsc msr pae mce cx8 apic sep mtrr pge mca cmov pat pse36 clflush dts acpi mmx fxsr sse sse2 ss ht tm pbe syscall nx pdpe1gb rdtscp lm constant_tsc art arch_perfmon pebs bts rep_good nopl xtopology nonstop_tsc cpuid aperfmperf pni pclmulqdq dtes64 monitor ds_cpl vmx smx est tm2 ssse3 sdbg fma cx16 xtpr pdcm pcid dca sse4_1 sse4_2 x2apic movbe popcnt tsc_deadline_timer aes xsave avx f16c rdrand lahf_lm abm 3dnowprefetch cpuid_fault epb cat_l3 ssbd mba ibrs ibpb stibp ibrs_enhanced tpr_shadow flexpriority ept vpid ept_ad fsgsbase tsc_adjust bmi1 avx2 smep bmi2 erms invpcid cqm rdt_a avx512f avx512dq rdseed adx smap avx512ifma clflushopt clwb intel_pt avx512cd sha_ni avx512bw avx512vl xsaveopt xsavec xgetbv1 xsaves cqm_llc cqm_occup_llc cqm_mbm_total cqm_mbm_local split_lock_detect wbnoinvd dtherm ida arat pln pts vnmi avx512vbmi umip pku ospke avx512_vbmi2 gfni vaes vpclmulqdq avx512_vnni avx512_bitalg tme avx512_vpopcntdq la57 rdpid fsrm md_clear pconfig flush_l1d arch_capabilities
vmx flags	: vnmi preemption_timer posted_intr invvpid ept_x_only ept_ad ept_1gb flexpriority apicv tsc_offset vtpr mtf vapic ept vpid unrestricted_guest vapic_reg vid ple shadow_vmcs pml ept_mode_based_exec tsc_scaling
bugs		: spectre_v1 spectre_v2 spec_store_bypass swapgs mmio_stale_data eibrs_pbrsb gds bhi its its_native_only
bogomips	: 5200.00
clflush size	: 64
cache_alignment	: 64
address sizes	: 46 bits physical, 57 bits virtual
power management:

processor	: 13
vendor_id	: GenuineIntel
cpu family	: 6
model		: 106
model name	: Intel(R) Xeon(R) Platinum 8368Q CPU @ 2.60GHz
stepping	: 6
microcode	: 0xd000421
cpu MHz		: 2400.000
cache size	: 58368 KB
physical id	: 0
siblings	: 76
core id		: 13
cpu cores	: 38
apicid		: 26
initial apicid	: 26
fpu		: yes
fpu_exception	: yes
cpuid level	: 27
wp		: yes
flags		: fpu vme de pse tsc msr pae mce cx8 apic sep mtrr pge mca cmov pat pse36 clflush dts acpi mmx fxsr sse sse2 ss ht tm pbe syscall nx pdpe1gb rdtscp lm constant_tsc art arch_perfmon pebs bts rep_good nopl xtopology nonstop_tsc cpuid aperfmperf pni pclmulqdq dtes64 monitor ds_cpl vmx smx est tm2 ssse3 sdbg fma cx16 xtpr pdcm pcid dca sse4_1 sse4_2 x2apic movbe popcnt tsc_deadline_timer aes xsave avx f16c rdrand lahf_lm abm 3dnowprefetch cpuid_fault epb cat_l3 ssbd mba ibrs ibpb stibp ibrs_enhanced tpr_shadow flexpriority ept vpid ept_ad fsgsbase tsc_adjust bmi1 avx2 smep bmi2 erms invpcid cqm rdt_a avx512f avx512dq rdseed adx smap avx512ifma clflushopt clwb intel_pt avx512cd sha_ni avx512bw avx512vl xsaveopt xsavec xgetbv1 xsaves cqm_llc cqm_occup_llc cqm_mbm_total cqm_mbm_local split_lock_detect wbnoinvd dtherm ida arat pln pts vnmi avx512vbmi umip pku ospke avx512_vbmi2 gfni vaes vpclmulqdq avx512_vnni avx512_bitalg tme avx512_vpopcntdq la57 rdpid fsrm md_clear pconfig flush_l1d arch_capabilities
vmx flags	: vnmi preemption_timer posted_intr invvpid ept_x_only ept_ad ept_1gb flexpriority apicv tsc_offset vtpr mtf vapic ept vpid unrestricted_guest vapic_reg vid ple shadow_vmcs pml ept_mode_based_exec tsc_scaling
bugs		: spectre_v1 spectre_v2 spec_store_bypass swapgs mmio_stale_data eibrs_pbrsb gds bhi its its_native_only
bogomips	: 5200.00
clflush size	: 64
cache_alignment	: 64
address sizes	: 46 bits physical, 57 bits virtual
power management:

processor	: 14
vendor_id	: GenuineIntel
cpu family	: 6
model		: 106
model name	: Intel(R) Xeon(R) Platinum 8368Q CPU @ 2.60GHz
stepping	: 6
microcode	: 0xd000421
cpu MHz		: 2600.000
cache size	: 58368 KB
physical id	: 0
siblings	: 76
core id		: 14
cpu cores	: 38
apicid		: 28
initial apicid	: 28
fpu		: yes
fpu_exception	: yes
cpuid level	: 27
wp		: yes
flags		: fpu vme de pse tsc msr pae mce cx8 apic sep mtrr pge mca cmov pat pse36 clflush dts acpi mmx fxsr sse sse2 ss ht tm pbe syscall nx pdpe1gb rdtscp lm constant_tsc art arch_perfmon pebs bts rep_good nopl xtopology nonstop_tsc cpuid aperfmperf pni pclmulqdq dtes64 monitor ds_cpl vmx smx est tm2 ssse3 sdbg fma cx16 xtpr pdcm pcid dca sse4_1 sse4_2 x2apic movbe popcnt tsc_deadline_timer aes xsave avx f16c rdrand lahf_lm abm 3dnowprefetch cpuid_fault epb cat_l3 ssbd mba ibrs ibpb stibp ibrs_enhanced tpr_shadow flexpriority ept vpid ept_ad fsgsbase tsc_adjust bmi1 avx2 smep bmi2 erms invpcid cqm rdt_a avx512f avx512dq rdseed adx smap avx512ifma clflushopt clwb intel_pt avx512cd sha_ni avx512bw avx512vl xsaveopt xsavec xgetbv1 xsaves cqm_llc cqm_occup_llc cqm_mbm_total cqm_mbm_local split_lock_detect wbnoinvd dtherm ida arat pln pts vnmi avx512vbmi umip pku ospke avx512_vbmi2 gfni vaes vpclmulqdq avx512_vnni avx512_bitalg tme avx512_vpopcntdq la57 rdpid fsrm md_clear pconfig flush_l1d arch_capabilities
vmx flags	: vnmi preemption_timer posted_intr invvpid ept_x_only ept_ad ept_1gb flexpriority apicv tsc_offset vtpr mtf vapic ept vpid unrestricted_guest vapic_reg vid ple shadow_vmcs pml ept_mode_based_exec tsc_scaling
bugs		: spectre_v1 spectre_v2 spec_store_bypass swapgs mmio_stale_data eibrs_pbrsb gds bhi its its_native_only
bogomips	: 5200.00
clflush size	: 64
cache_alignment	: 64
address sizes	: 46 bits physical, 57 bits virtual
power management:

processor	: 15
vendor_id	: GenuineIntel
cpu family	: 6
model		: 106
model name	: Intel(R) Xeon(R) Platinum 8368Q CPU @ 2.60GHz
stepping	: 6
microcode	: 0xd000421
cpu MHz		: 2600.000
cache size	: 58368 KB
physical id	: 0
siblings	: 76
core id		: 15
cpu cores	: 38
apicid		: 30
initial apicid	: 30
fpu		: yes
fpu_exception	: yes
cpuid level	: 27
wp		: yes
flags		: fpu vme de pse tsc msr pae mce cx8 apic sep mtrr pge mca cmov pat pse36 clflush dts acpi mmx fxsr sse sse2 ss ht tm pbe syscall nx pdpe1gb rdtscp lm constant_tsc art arch_perfmon pebs bts rep_good nopl xtopology nonstop_tsc cpuid aperfmperf pni pclmulqdq dtes64 monitor ds_cpl vmx smx est tm2 ssse3 sdbg fma cx16 xtpr pdcm pcid dca sse4_1 sse4_2 x2apic movbe popcnt tsc_deadline_timer aes xsave avx f16c rdrand lahf_lm abm 3dnowprefetch cpuid_fault epb cat_l3 ssbd mba ibrs ibpb stibp ibrs_enhanced tpr_shadow flexpriority ept vpid ept_ad fsgsbase tsc_adjust bmi1 avx2 smep bmi2 erms invpcid cqm rdt_a avx512f avx512dq rdseed adx smap avx512ifma clflushopt clwb intel_pt avx512cd sha_ni avx512bw avx512vl xsaveopt xsavec xgetbv1 xsaves cqm_llc cqm_occup_llc cqm_mbm_total cqm_mbm_local split_lock_detect wbnoinvd dtherm ida arat pln pts vnmi avx512vbmi umip pku ospke avx512_vbmi2 gfni vaes vpclmulqdq avx512_vnni avx512_bitalg tme avx512_vpopcntdq la57 rdpid fsrm md_clear pconfig flush_l1d arch_capabilities
vmx flags	: vnmi preemption_timer posted_intr invvpid ept_x_only ept_ad ept_1gb flexpriority apicv tsc_offset vtpr mtf vapic ept vpid unrestricted_guest vapic_reg vid ple shadow_vmcs pml ept_mode_based_exec tsc_scaling
bugs		: spectre_v1 spectre_v2 spec_store_bypass swapgs mmio_stale_data eibrs_pbrsb gds bhi its its_native_only
bogomips	: 5200.00
clflush size	: 64
cache_alignment	: 64
address sizes	: 46 bits physical, 57 bits virtual
power management:

processor	: 16
vendor_id	: GenuineIntel
cpu family	: 6
model		: 106
model name	: Intel(R) Xeon(R) Platinum 8368Q CPU @ 2.60GHz
stepping	: 6
microcode	: 0xd000421
cpu MHz		: 1298.288
cache size	: 58368 KB
physical id	: 0
siblings	: 76
core id		: 16
cpu cores	: 38
apicid		: 32
initial apicid	: 32
fpu		: yes
fpu_exception	: yes
cpuid level	: 27
wp		: yes
flags		: fpu vme de pse tsc msr pae mce cx8 apic sep mtrr pge mca cmov pat pse36 clflush dts acpi mmx fxsr sse sse2 ss ht tm pbe syscall nx pdpe1gb rdtscp lm constant_tsc art arch_perfmon pebs bts rep_good nopl xtopology nonstop_tsc cpuid aperfmperf pni pclmulqdq dtes64 monitor ds_cpl vmx smx est tm2 ssse3 sdbg fma cx16 xtpr pdcm pcid dca sse4_1 sse4_2 x2apic movbe popcnt tsc_deadline_timer aes xsave avx f16c rdrand lahf_lm abm 3dnowprefetch cpuid_fault epb cat_l3 ssbd mba ibrs ibpb stibp ibrs_enhanced tpr_shadow flexpriority ept vpid ept_ad fsgsbase tsc_adjust bmi1 avx2 smep bmi2 erms invpcid cqm rdt_a avx512f avx512dq rdseed adx smap avx512ifma clflushopt clwb intel_pt avx512cd sha_ni avx512bw avx512vl xsaveopt xsavec xgetbv1 xsaves cqm_llc cqm_occup_llc cqm_mbm_total cqm_mbm_local split_lock_detect wbnoinvd dtherm ida arat pln pts vnmi avx512vbmi umip pku ospke avx512_vbmi2 gfni vaes vpclmulqdq avx512_vnni avx512_bitalg tme avx512_vpopcntdq la57 rdpid fsrm md_clear pconfig flush_l1d arch_capabilities
vmx flags	: vnmi preemption_timer posted_intr invvpid ept_x_only ept_ad ept_1gb flexpriority apicv tsc_offset vtpr mtf vapic ept vpid unrestricted_guest vapic_reg vid ple shadow_vmcs pml ept_mode_based_exec tsc_scaling
bugs		: spectre_v1 spectre_v2 spec_store_bypass swapgs mmio_stale_data eibrs_pbrsb gds bhi its its_native_only
bogomips	: 5200.00
clflush size	: 64
cache_alignment	: 64
address sizes	: 46 bits physical, 57 bits virtual
power management:

processor	: 17
vendor_id	: GenuineIntel
cpu family	: 6
model		: 106
model name	: Intel(R) Xeon(R) Platinum 8368Q CPU @ 2.60GHz
stepping	: 6
microcode	: 0xd000421
cpu MHz		: 800.008
cache size	: 58368 KB
physical id	: 0
siblings	: 76
core id		: 17
cpu cores	: 38
apicid		: 34
initial apicid	: 34
fpu		: yes
fpu_exception	: yes
cpuid level	: 27
wp		: yes
flags		: fpu vme de pse tsc msr pae mce cx8 apic sep mtrr pge mca cmov pat pse36 clflush dts acpi mmx fxsr sse sse2 ss ht tm pbe syscall nx pdpe1gb rdtscp lm constant_tsc art arch_perfmon pebs bts rep_good nopl xtopology nonstop_tsc cpuid aperfmperf pni pclmulqdq dtes64 monitor ds_cpl vmx smx est tm2 ssse3 sdbg fma cx16 xtpr pdcm pcid dca sse4_1 sse4_2 x2apic movbe popcnt tsc_deadline_timer aes xsave avx f16c rdrand lahf_lm abm 3dnowprefetch cpuid_fault epb cat_l3 ssbd mba ibrs ibpb stibp ibrs_enhanced tpr_shadow flexpriority ept vpid ept_ad fsgsbase tsc_adjust bmi1 avx2 smep bmi2 erms invpcid cqm rdt_a avx512f avx512dq rdseed adx smap avx512ifma clflushopt clwb intel_pt avx512cd sha_ni avx512bw avx512vl xsaveopt xsavec xgetbv1 xsaves cqm_llc cqm_occup_llc cqm_mbm_total cqm_mbm_local split_lock_detect wbnoinvd dtherm ida arat pln pts vnmi avx512vbmi umip pku ospke avx512_vbmi2 gfni vaes vpclmulqdq avx512_vnni avx512_bitalg tme avx512_vpopcntdq la57 rdpid fsrm md_clear pconfig flush_l1d arch_capabilities
vmx flags	: vnmi preemption_timer posted_intr invvpid ept_x_only ept_ad ept_1gb flexpriority apicv tsc_offset vtpr mtf vapic ept vpid unrestricted_guest vapic_reg vid ple shadow_vmcs pml ept_mode_based_exec tsc_scaling
bugs		: spectre_v1 spectre_v2 spec_store_bypass swapgs mmio_stale_data eibrs_pbrsb gds bhi its its_native_only
bogomips	: 5200.00
clflush size	: 64
cache_alignment	: 64
address sizes	: 46 bits physical, 57 bits virtual
power management:

processor	: 18
vendor_id	: GenuineIntel
cpu family	: 6
model		: 106
model name	: Intel(R) Xeon(R) Platinum 8368Q CPU @ 2.60GHz
stepping	: 6
microcode	: 0xd000421
cpu MHz		: 2500.000
cache size	: 58368 KB
physical id	: 0
siblings	: 76
core id		: 18
cpu cores	: 38
apicid		: 36
initial apicid	: 36
fpu		: yes
fpu_exception	: yes
cpuid level	: 27
wp		: yes
flags		: fpu vme de pse tsc msr pae mce cx8 apic sep mtrr pge mca cmov pat pse36 clflush dts acpi mmx fxsr sse sse2 ss ht tm pbe syscall nx pdpe1gb rdtscp lm constant_tsc art arch_perfmon pebs bts rep_good nopl xtopology nonstop_tsc cpuid aperfmperf pni pclmulqdq dtes64 monitor ds_cpl vmx smx est tm2 ssse3 sdbg fma cx16 xtpr pdcm pcid dca sse4_1 sse4_2 x2apic movbe popcnt tsc_deadline_timer aes xsave avx f16c rdrand lahf_lm abm 3dnowprefetch cpuid_fault epb cat_l3 ssbd mba ibrs ibpb stibp ibrs_enhanced tpr_shadow flexpriority ept vpid ept_ad fsgsbase tsc_adjust bmi1 avx2 smep bmi2 erms invpcid cqm rdt_a avx512f avx512dq rdseed adx smap avx512ifma clflushopt clwb intel_pt avx512cd sha_ni avx512bw avx512vl xsaveopt xsavec xgetbv1 xsaves cqm_llc cqm_occup_llc cqm_mbm_total cqm_mbm_local split_lock_detect wbnoinvd dtherm ida arat pln pts vnmi avx512vbmi umip pku ospke avx512_vbmi2 gfni vaes vpclmulqdq avx512_vnni avx512_bitalg tme avx512_vpopcntdq la57 rdpid fsrm md_clear pconfig flush_l1d arch_capabilities
vmx flags	: vnmi preemption_timer posted_intr invvpid ept_x_only ept_ad ept_1gb flexpriority apicv tsc_offset vtpr mtf vapic ept vpid unrestricted_guest vapic_reg vid ple shadow_vmcs pml ept_mode_based_exec tsc_scaling
bugs		: spectre_v1 spectre_v2 spec_store_bypass swapgs mmio_stale_data eibrs_pbrsb gds bhi its its_native_only
bogomips	: 5200.00
clflush size	: 64
cache_alignment	: 64
address sizes	: 46 bits physical, 57 bits virtual
power management:

processor	: 19
vendor_id	: GenuineIntel
cpu family	: 6
model		: 106
model name	: Intel(R) Xeon(R) Platinum 8368Q CPU @ 2.60GHz
stepping	: 6
microcode	: 0xd000421
cpu MHz		: 800.628
cache size	: 58368 KB
physical id	: 0
siblings	: 76
core id		: 19
cpu cores	: 38
apicid		: 38
initial apicid	: 38
fpu		: yes
fpu_exception	: yes
cpuid level	: 27
wp		: yes
flags		: fpu vme de pse tsc msr pae mce cx8 apic sep mtrr pge mca cmov pat pse36 clflush dts acpi mmx fxsr sse sse2 ss ht tm pbe syscall nx pdpe1gb rdtscp lm constant_tsc art arch_perfmon pebs bts rep_good nopl xtopology nonstop_tsc cpuid aperfmperf pni pclmulqdq dtes64 monitor ds_cpl vmx smx est tm2 ssse3 sdbg fma cx16 xtpr pdcm pcid dca sse4_1 sse4_2 x2apic movbe popcnt tsc_deadline_timer aes xsave avx f16c rdrand lahf_lm abm 3dnowprefetch cpuid_fault epb cat_l3 ssbd mba ibrs ibpb stibp ibrs_enhanced tpr_shadow flexpriority ept vpid ept_ad fsgsbase tsc_adjust bmi1 avx2 smep bmi2 erms invpcid cqm rdt_a avx512f avx512dq rdseed adx smap avx512ifma clflushopt clwb intel_pt avx512cd sha_ni avx512bw avx512vl xsaveopt xsavec xgetbv1 xsaves cqm_llc cqm_occup_llc cqm_mbm_total cqm_mbm_local split_lock_detect wbnoinvd dtherm ida arat pln pts vnmi avx512vbmi umip pku ospke avx512_vbmi2 gfni vaes vpclmulqdq avx512_vnni avx512_bitalg tme avx512_vpopcntdq la57 rdpid fsrm md_clear pconfig flush_l1d arch_capabilities
vmx flags	: vnmi preemption_timer posted_intr invvpid ept_x_only ept_ad ept_1gb flexpriority apicv tsc_offset vtpr mtf vapic ept vpid unrestricted_guest vapic_reg vid ple shadow_vmcs pml ept_mode_based_exec tsc_scaling
bugs		: spectre_v1 spectre_v2 spec_store_bypass swapgs mmio_stale_data eibrs_pbrsb gds bhi its its_native_only
bogomips	: 5200.00
clflush size	: 64
cache_alignment	: 64
address sizes	: 46 bits physical, 57 bits virtual
power management:

processor	: 20
vendor_id	: GenuineIntel
cpu family	: 6
model		: 106
model name	: Intel(R) Xeon(R) Platinum 8368Q CPU @ 2.60GHz
stepping	: 6
microcode	: 0xd000421
cpu MHz		: 2700.000
cache size	: 58368 KB
physical id	: 0
siblings	: 76
core id		: 20
cpu cores	: 38
apicid		: 40
initial apicid	: 40
fpu		: yes
fpu_exception	: yes
cpuid level	: 27
wp		: yes
flags		: fpu vme de pse tsc msr pae mce cx8 apic sep mtrr pge mca cmov pat pse36 clflush dts acpi mmx fxsr sse sse2 ss ht tm pbe syscall nx pdpe1gb rdtscp lm constant_tsc art arch_perfmon pebs bts rep_good nopl xtopology nonstop_tsc cpuid aperfmperf pni pclmulqdq dtes64 monitor ds_cpl vmx smx est tm2 ssse3 sdbg fma cx16 xtpr pdcm pcid dca sse4_1 sse4_2 x2apic movbe popcnt tsc_deadline_timer aes xsave avx f16c rdrand lahf_lm abm 3dnowprefetch cpuid_fault epb cat_l3 ssbd mba ibrs ibpb stibp ibrs_enhanced tpr_shadow flexpriority ept vpid ept_ad fsgsbase tsc_adjust bmi1 avx2 smep bmi2 erms invpcid cqm rdt_a avx512f avx512dq rdseed adx smap avx512ifma clflushopt clwb intel_pt avx512cd sha_ni avx512bw avx512vl xsaveopt xsavec xgetbv1 xsaves cqm_llc cqm_occup_llc cqm_mbm_total cqm_mbm_local split_lock_detect wbnoinvd dtherm ida arat pln pts vnmi avx512vbmi umip pku ospke avx512_vbmi2 gfni vaes vpclmulqdq avx512_vnni avx512_bitalg tme avx512_vpopcntdq la57 rdpid fsrm md_clear pconfig flush_l1d arch_capabilities
vmx flags	: vnmi preemption_timer posted_intr invvpid ept_x_only ept_ad ept_1gb flexpriority apicv tsc_offset vtpr mtf vapic ept vpid unrestricted_guest vapic_reg vid ple shadow_vmcs pml ept_mode_based_exec tsc_scaling
bugs		: spectre_v1 spectre_v2 spec_store_bypass swapgs mmio_stale_data eibrs_pbrsb gds bhi its its_native_only
bogomips	: 5200.00
clflush size	: 64
cache_alignment	: 64
address sizes	: 46 bits physical, 57 bits virtual
power management:

processor	: 21
vendor_id	: GenuineIntel
cpu family	: 6
model		: 106
model name	: Intel(R) Xeon(R) Platinum 8368Q CPU @ 2.60GHz
stepping	: 6
microcode	: 0xd000421
cpu MHz		: 800.090
cache size	: 58368 KB
physical id	: 0
siblings	: 76
core id		: 21
cpu cores	: 38
apicid		: 42
initial apicid	: 42
fpu		: yes
fpu_exception	: yes
cpuid level	: 27
wp		: yes
flags		: fpu vme de pse tsc msr pae mce cx8 apic sep mtrr pge mca cmov pat pse36 clflush dts acpi mmx fxsr sse sse2 ss ht tm pbe syscall nx pdpe1gb rdtscp lm constant_tsc art arch_perfmon pebs bts rep_good nopl xtopology nonstop_tsc cpuid aperfmperf pni pclmulqdq dtes64 monitor ds_cpl vmx smx est tm2 ssse3 sdbg fma cx16 xtpr pdcm pcid dca sse4_1 sse4_2 x2apic movbe popcnt tsc_deadline_timer aes xsave avx f16c rdrand lahf_lm abm 3dnowprefetch cpuid_fault epb cat_l3 ssbd mba ibrs ibpb stibp ibrs_enhanced tpr_shadow flexpriority ept vpid ept_ad fsgsbase tsc_adjust bmi1 avx2 smep bmi2 erms invpcid cqm rdt_a avx512f avx512dq rdseed adx smap avx512ifma clflushopt clwb intel_pt avx512cd sha_ni avx512bw avx512vl xsaveopt xsavec xgetbv1 xsaves cqm_llc cqm_occup_llc cqm_mbm_total cqm_mbm_local split_lock_detect wbnoinvd dtherm ida arat pln pts vnmi avx512vbmi umip pku ospke avx512_vbmi2 gfni vaes vpclmulqdq avx512_vnni avx512_bitalg tme avx512_vpopcntdq la57 rdpid fsrm md_clear pconfig flush_l1d arch_capabilities
vmx flags	: vnmi preemption_timer posted_intr invvpid ept_x_only ept_ad ept_1gb flexpriority apicv tsc_offset vtpr mtf vapic ept vpid unrestricted_guest vapic_reg vid ple shadow_vmcs pml ept_mode_based_exec tsc_scaling
bugs		: spectre_v1 spectre_v2 spec_store_bypass swapgs mmio_stale_data eibrs_pbrsb gds bhi its its_native_only
bogomips	: 5200.00
clflush size	: 64
cache_alignment	: 64
address sizes	: 46 bits physical, 57 bits virtual
power management:

processor	: 22
vendor_id	: GenuineIntel
cpu family	: 6
model		: 106
model name	: Intel(R) Xeon(R) Platinum 8368Q CPU @ 2.60GHz
stepping	: 6
microcode	: 0xd000421
cpu MHz		: 2400.000
cache size	: 58368 KB
physical id	: 0
siblings	: 76
core id		: 22
cpu cores	: 38
apicid		: 44
initial apicid	: 44
fpu		: yes
fpu_exception	: yes
cpuid level	: 27
wp		: yes
flags		: fpu vme de pse tsc msr pae mce cx8 apic sep mtrr pge mca cmov pat pse36 clflush dts acpi mmx fxsr sse sse2 ss ht tm pbe syscall nx pdpe1gb rdtscp lm constant_tsc art arch_perfmon pebs bts rep_good nopl xtopology nonstop_tsc cpuid aperfmperf pni pclmulqdq dtes64 monitor ds_cpl vmx smx est tm2 ssse3 sdbg fma cx16 xtpr pdcm pcid dca sse4_1 sse4_2 x2apic movbe popcnt tsc_deadline_timer aes xsave avx f16c rdrand lahf_lm abm 3dnowprefetch cpuid_fault epb cat_l3 ssbd mba ibrs ibpb stibp ibrs_enhanced tpr_shadow flexpriority ept vpid ept_ad fsgsbase tsc_adjust bmi1 avx2 smep bmi2 erms invpcid cqm rdt_a avx512f avx512dq rdseed adx smap avx512ifma clflushopt clwb intel_pt avx512cd sha_ni avx512bw avx512vl xsaveopt xsavec xgetbv1 xsaves cqm_llc cqm_occup_llc cqm_mbm_total cqm_mbm_local split_lock_detect wbnoinvd dtherm ida arat pln pts vnmi avx512vbmi umip pku ospke avx512_vbmi2 gfni vaes vpclmulqdq avx512_vnni avx512_bitalg tme avx512_vpopcntdq la57 rdpid fsrm md_clear pconfig flush_l1d arch_capabilities
vmx flags	: vnmi preemption_timer posted_intr invvpid ept_x_only ept_ad ept_1gb flexpriority apicv tsc_offset vtpr mtf vapic ept vpid unrestricted_guest vapic_reg vid ple shadow_vmcs pml ept_mode_based_exec tsc_scaling
bugs		: spectre_v1 spectre_v2 spec_store_bypass swapgs mmio_stale_data eibrs_pbrsb gds bhi its its_native_only
bogomips	: 5200.00
clflush size	: 64
cache_alignment	: 64
address sizes	: 46 bits physical, 57 bits virtual
power management:

processor	: 23
vendor_id	: GenuineIntel
cpu family	: 6
model		: 106
model name	: Intel(R) Xeon(R) Platinum 8368Q CPU @ 2.60GHz
stepping	: 6
microcode	: 0xd000421
cpu MHz		: 800.000
cache size	: 58368 KB
physical id	: 0
siblings	: 76
core id		: 23
cpu cores	: 38
apicid		: 46
initial apicid	: 46
fpu		: yes
fpu_exception	: yes
cpuid level	: 27
wp		: yes
flags		: fpu vme de pse tsc msr pae mce cx8 apic sep mtrr pge mca cmov pat pse36 clflush dts acpi mmx fxsr sse sse2 ss ht tm pbe syscall nx pdpe1gb rdtscp lm constant_tsc art arch_perfmon pebs bts rep_good nopl xtopology nonstop_tsc cpuid aperfmperf pni pclmulqdq dtes64 monitor ds_cpl vmx smx est tm2 ssse3 sdbg fma cx16 xtpr pdcm pcid dca sse4_1 sse4_2 x2apic movbe popcnt tsc_deadline_timer aes xsave avx f16c rdrand lahf_lm abm 3dnowprefetch cpuid_fault epb cat_l3 ssbd mba ibrs ibpb stibp ibrs_enhanced tpr_shadow flexpriority ept vpid ept_ad fsgsbase tsc_adjust bmi1 avx2 smep bmi2 erms invpcid cqm rdt_a avx512f avx512dq rdseed adx smap avx512ifma clflushopt clwb intel_pt avx512cd sha_ni avx512bw avx512vl xsaveopt xsavec xgetbv1 xsaves cqm_llc cqm_occup_llc cqm_mbm_total cqm_mbm_local split_lock_detect wbnoinvd dtherm ida arat pln pts vnmi avx512vbmi umip pku ospke avx512_vbmi2 gfni vaes vpclmulqdq avx512_vnni avx512_bitalg tme avx512_vpopcntdq la57 rdpid fsrm md_clear pconfig flush_l1d arch_capabilities
vmx flags	: vnmi preemption_timer posted_intr invvpid ept_x_only ept_ad ept_1gb flexpriority apicv tsc_offset vtpr mtf vapic ept vpid unrestricted_guest vapic_reg vid ple shadow_vmcs pml ept_mode_based_exec tsc_scaling
bugs		: spectre_v1 spectre_v2 spec_store_bypass swapgs mmio_stale_data eibrs_pbrsb gds bhi its its_native_only
bogomips	: 5200.00
clflush size	: 64
cache_alignment	: 64
address sizes	: 46 bits physical, 57 bits virtual
power management:

processor	: 24
vendor_id	: GenuineIntel
cpu family	: 6
model		: 106
model name	: Intel(R) Xeon(R) Platinum 8368Q CPU @ 2.60GHz
stepping	: 6
microcode	: 0xd000421
cpu MHz		: 800.008
cache size	: 58368 KB
physical id	: 0
siblings	: 76
core id		: 24
cpu cores	: 38
apicid		: 48
initial apicid	: 48
fpu		: yes
fpu_exception	: yes
cpuid level	: 27
wp		: yes
flags		: fpu vme de pse tsc msr pae mce cx8 apic sep mtrr pge mca cmov pat pse36 clflush dts acpi mmx fxsr sse sse2 ss ht tm pbe syscall nx pdpe1gb rdtscp lm constant_tsc art arch_perfmon pebs bts rep_good nopl xtopology nonstop_tsc cpuid aperfmperf pni pclmulqdq dtes64 monitor ds_cpl vmx smx est tm2 ssse3 sdbg fma cx16 xtpr pdcm pcid dca sse4_1 sse4_2 x2apic movbe popcnt tsc_deadline_timer aes xsave avx f16c rdrand lahf_lm abm 3dnowprefetch cpuid_fault epb cat_l3 ssbd mba ibrs ibpb stibp ibrs_enhanced tpr_shadow flexpriority ept vpid ept_ad fsgsbase tsc_adjust bmi1 avx2 smep bmi2 erms invpcid cqm rdt_a avx512f avx512dq rdseed adx smap avx512ifma clflushopt clwb intel_pt avx512cd sha_ni avx512bw avx512vl xsaveopt xsavec xgetbv1 xsaves cqm_llc cqm_occup_llc cqm_mbm_total cqm_mbm_local split_lock_detect wbnoinvd dtherm ida arat pln pts vnmi avx512vbmi umip pku ospke avx512_vbmi2 gfni vaes vpclmulqdq avx512_vnni avx512_bitalg tme avx512_vpopcntdq la57 rdpid fsrm md_clear pconfig flush_l1d arch_capabilities
vmx flags	: vnmi preemption_timer posted_intr invvpid ept_x_only ept_ad ept_1gb flexpriority apicv tsc_offset vtpr mtf vapic ept vpid unrestricted_guest vapic_reg vid ple shadow_vmcs pml ept_mode_based_exec tsc_scaling
bugs		: spectre_v1 spectre_v2 spec_store_bypass swapgs mmio_stale_data eibrs_pbrsb gds bhi its its_native_only
bogomips	: 5200.00
clflush size	: 64
cache_alignment	: 64
address sizes	: 46 bits physical, 57 bits virtual
power management:

processor	: 25
vendor_id	: GenuineIntel
cpu family	: 6
model		: 106
model name	: Intel(R) Xeon(R) Platinum 8368Q CPU @ 2.60GHz
stepping	: 6
microcode	: 0xd000421
cpu MHz		: 799.992
cache size	: 58368 KB
physical id	: 0
siblings	: 76
core id		: 25
cpu cores	: 38
apicid		: 50
initial apicid	: 50
fpu		: yes
fpu_exception	: yes
cpuid level	: 27
wp		: yes
flags		: fpu vme de pse tsc msr pae mce cx8 apic sep mtrr pge mca cmov pat pse36 clflush dts acpi mmx fxsr sse sse2 ss ht tm pbe syscall nx pdpe1gb rdtscp lm constant_tsc art arch_perfmon pebs bts rep_good nopl xtopology nonstop_tsc cpuid aperfmperf pni pclmulqdq dtes64 monitor ds_cpl vmx smx est tm2 ssse3 sdbg fma cx16 xtpr pdcm pcid dca sse4_1 sse4_2 x2apic movbe popcnt tsc_deadline_timer aes xsave avx f16c rdrand lahf_lm abm 3dnowprefetch cpuid_fault epb cat_l3 ssbd mba ibrs ibpb stibp ibrs_enhanced tpr_shadow flexpriority ept vpid ept_ad fsgsbase tsc_adjust bmi1 avx2 smep bmi2 erms invpcid cqm rdt_a avx512f avx512dq rdseed adx smap avx512ifma clflushopt clwb intel_pt avx512cd sha_ni avx512bw avx512vl xsaveopt xsavec xgetbv1 xsaves cqm_llc cqm_occup_llc cqm_mbm_total cqm_mbm_local split_lock_detect wbnoinvd dtherm ida arat pln pts vnmi avx512vbmi umip pku ospke avx512_vbmi2 gfni vaes vpclmulqdq avx512_vnni avx512_bitalg tme avx512_vpopcntdq la57 rdpid fsrm md_clear pconfig flush_l1d arch_capabilities
vmx flags	: vnmi preemption_timer posted_intr invvpid ept_x_only ept_ad ept_1gb flexpriority apicv tsc_offset vtpr mtf vapic ept vpid unrestricted_guest vapic_reg vid ple shadow_vmcs pml ept_mode_based_exec tsc_scaling
bugs		: spectre_v1 spectre_v2 spec_store_bypass swapgs mmio_stale_data eibrs_pbrsb gds bhi its its_native_only
bogomips	: 5200.00
clflush size	: 64
cache_alignment	: 64
address sizes	: 46 bits physical, 57 bits virtual
power management:

processor	: 26
vendor_id	: GenuineIntel
cpu family	: 6
model		: 106
model name	: Intel(R) Xeon(R) Platinum 8368Q CPU @ 2.60GHz
stepping	: 6
microcode	: 0xd000421
cpu MHz		: 800.007
cache size	: 58368 KB
physical id	: 0
siblings	: 76
core id		: 26
cpu cores	: 38
apicid		: 52
initial apicid	: 52
fpu		: yes
fpu_exception	: yes
cpuid level	: 27
wp		: yes
flags		: fpu vme de pse tsc msr pae mce cx8 apic sep mtrr pge mca cmov pat pse36 clflush dts acpi mmx fxsr sse sse2 ss ht tm pbe syscall nx pdpe1gb rdtscp lm constant_tsc art arch_perfmon pebs bts rep_good nopl xtopology nonstop_tsc cpuid aperfmperf pni pclmulqdq dtes64 monitor ds_cpl vmx smx est tm2 ssse3 sdbg fma cx16 xtpr pdcm pcid dca sse4_1 sse4_2 x2apic movbe popcnt tsc_deadline_timer aes xsave avx f16c rdrand lahf_lm abm 3dnowprefetch cpuid_fault epb cat_l3 ssbd mba ibrs ibpb stibp ibrs_enhanced tpr_shadow flexpriority ept vpid ept_ad fsgsbase tsc_adjust bmi1 avx2 smep bmi2 erms invpcid cqm rdt_a avx512f avx512dq rdseed adx smap avx512ifma clflushopt clwb intel_pt avx512cd sha_ni avx512bw avx512vl xsaveopt xsavec xgetbv1 xsaves cqm_llc cqm_occup_llc cqm_mbm_total cqm_mbm_local split_lock_detect wbnoinvd dtherm ida arat pln pts vnmi avx512vbmi umip pku ospke avx512_vbmi2 gfni vaes vpclmulqdq avx512_vnni avx512_bitalg tme avx512_vpopcntdq la57 rdpid fsrm md_clear pconfig flush_l1d arch_capabilities
vmx flags	: vnmi preemption_timer posted_intr invvpid ept_x_only ept_ad ept_1gb flexpriority apicv tsc_offset vtpr mtf vapic ept vpid unrestricted_guest vapic_reg vid ple shadow_vmcs pml ept_mode_based_exec tsc_scaling
bugs		: spectre_v1 spectre_v2 spec_store_bypass swapgs mmio_stale_data eibrs_pbrsb gds bhi its its_native_only
bogomips	: 5200.00
clflush size	: 64
cache_alignment	: 64
address sizes	: 46 bits physical, 57 bits virtual
power management:

processor	: 27
vendor_id	: GenuineIntel
cpu family	: 6
model		: 106
model name	: Intel(R) Xeon(R) Platinum 8368Q CPU @ 2.60GHz
stepping	: 6
microcode	: 0xd000421
cpu MHz		: 800.000
cache size	: 58368 KB
physical id	: 0
siblings	: 76
core id		: 27
cpu cores	: 38
apicid		: 54
initial apicid	: 54
fpu		: yes
fpu_exception	: yes
cpuid level	: 27
wp		: yes
flags		: fpu vme de pse tsc msr pae mce cx8 apic sep mtrr pge mca cmov pat pse36 clflush dts acpi mmx fxsr sse sse2 ss ht tm pbe syscall nx pdpe1gb rdtscp lm constant_tsc art arch_perfmon pebs bts rep_good nopl xtopology nonstop_tsc cpuid aperfmperf pni pclmulqdq dtes64 monitor ds_cpl vmx smx est tm2 ssse3 sdbg fma cx16 xtpr pdcm pcid dca sse4_1 sse4_2 x2apic movbe popcnt tsc_deadline_timer aes xsave avx f16c rdrand lahf_lm abm 3dnowprefetch cpuid_fault epb cat_l3 ssbd mba ibrs ibpb stibp ibrs_enhanced tpr_shadow flexpriority ept vpid ept_ad fsgsbase tsc_adjust bmi1 avx2 smep bmi2 erms invpcid cqm rdt_a avx512f avx512dq rdseed adx smap avx512ifma clflushopt clwb intel_pt avx512cd sha_ni avx512bw avx512vl xsaveopt xsavec xgetbv1 xsaves cqm_llc cqm_occup_llc cqm_mbm_total cqm_mbm_local split_lock_detect wbnoinvd dtherm ida arat pln pts vnmi avx512vbmi umip pku ospke avx512_vbmi2 gfni vaes vpclmulqdq avx512_vnni avx512_bitalg tme avx512_vpopcntdq la57 rdpid fsrm md_clear pconfig flush_l1d arch_capabilities
vmx flags	: vnmi preemption_timer posted_intr invvpid ept_x_only ept_ad ept_1gb flexpriority apicv tsc_offset vtpr mtf vapic ept vpid unrestricted_guest vapic_reg vid ple shadow_vmcs pml ept_mode_based_exec tsc_scaling
bugs		: spectre_v1 spectre_v2 spec_store_bypass swapgs mmio_stale_data eibrs_pbrsb gds bhi its its_native_only
bogomips	: 5200.00
clflush size	: 64
cache_alignment	: 64
address sizes	: 46 bits physical, 57 bits virtual
power management:

processor	: 28
vendor_id	: GenuineIntel
cpu family	: 6
model		: 106
model name	: Intel(R) Xeon(R) Platinum 8368Q CPU @ 2.60GHz
stepping	: 6
microcode	: 0xd000421
cpu MHz		: 800.342
cache size	: 58368 KB
physical id	: 0
siblings	: 76
core id		: 28
cpu cores	: 38
apicid		: 56
initial apicid	: 56
fpu		: yes
fpu_exception	: yes
cpuid level	: 27
wp		: yes
flags		: fpu vme de pse tsc msr pae mce cx8 apic sep mtrr pge mca cmov pat pse36 clflush dts acpi mmx fxsr sse sse2 ss ht tm pbe syscall nx pdpe1gb rdtscp lm constant_tsc art arch_perfmon pebs bts rep_good nopl xtopology nonstop_tsc cpuid aperfmperf pni pclmulqdq dtes64 monitor ds_cpl vmx smx est tm2 ssse3 sdbg fma cx16 xtpr pdcm pcid dca sse4_1 sse4_2 x2apic movbe popcnt tsc_deadline_timer aes xsave avx f16c rdrand lahf_lm abm 3dnowprefetch cpuid_fault epb cat_l3 ssbd mba ibrs ibpb stibp ibrs_enhanced tpr_shadow flexpriority ept vpid ept_ad fsgsbase tsc_adjust bmi1 avx2 smep bmi2 erms invpcid cqm rdt_a avx512f avx512dq rdseed adx smap avx512ifma clflushopt clwb intel_pt avx512cd sha_ni avx512bw avx512vl xsaveopt xsavec xgetbv1 xsaves cqm_llc cqm_occup_llc cqm_mbm_total cqm_mbm_local split_lock_detect wbnoinvd dtherm ida arat pln pts vnmi avx512vbmi umip pku ospke avx512_vbmi2 gfni vaes vpclmulqdq avx512_vnni avx512_bitalg tme avx512_vpopcntdq la57 rdpid fsrm md_clear pconfig flush_l1d arch_capabilities
vmx flags	: vnmi preemption_timer posted_intr invvpid ept_x_only ept_ad ept_1gb flexpriority apicv tsc_offset vtpr mtf vapic ept vpid unrestricted_guest vapic_reg vid ple shadow_vmcs pml ept_mode_based_exec tsc_scaling
bugs		: spectre_v1 spectre_v2 spec_store_bypass swapgs mmio_stale_data eibrs_pbrsb gds bhi its its_native_only
bogomips	: 5200.00
clflush size	: 64
cache_alignment	: 64
address sizes	: 46 bits physical, 57 bits virtual
power management:

processor	: 29
vendor_id	: GenuineIntel
cpu family	: 6
model		: 106
model name	: Intel(R) Xeon(R) Platinum 8368Q CPU @ 2.60GHz
stepping	: 6
microcode	: 0xd000421
cpu MHz		: 800.000
cache size	: 58368 KB
physical id	: 0
siblings	: 76
core id		: 29
cpu cores	: 38
apicid		: 58
initial apicid	: 58
fpu		: yes
fpu_exception	: yes
cpuid level	: 27
wp		: yes
flags		: fpu vme de pse tsc msr pae mce cx8 apic sep mtrr pge mca cmov pat pse36 clflush dts acpi mmx fxsr sse sse2 ss ht tm pbe syscall nx pdpe1gb rdtscp lm constant_tsc art arch_perfmon pebs bts rep_good nopl xtopology nonstop_tsc cpuid aperfmperf pni pclmulqdq dtes64 monitor ds_cpl vmx smx est tm2 ssse3 sdbg fma cx16 xtpr pdcm pcid dca sse4_1 sse4_2 x2apic movbe popcnt tsc_deadline_timer aes xsave avx f16c rdrand lahf_lm abm 3dnowprefetch cpuid_fault epb cat_l3 ssbd mba ibrs ibpb stibp ibrs_enhanced tpr_shadow flexpriority ept vpid ept_ad fsgsbase tsc_adjust bmi1 avx2 smep bmi2 erms invpcid cqm rdt_a avx512f avx512dq rdseed adx smap avx512ifma clflushopt clwb intel_pt avx512cd sha_ni avx512bw avx512vl xsaveopt xsavec xgetbv1 xsaves cqm_llc cqm_occup_llc cqm_mbm_total cqm_mbm_local split_lock_detect wbnoinvd dtherm ida arat pln pts vnmi avx512vbmi umip pku ospke avx512_vbmi2 gfni vaes vpclmulqdq avx512_vnni avx512_bitalg tme avx512_vpopcntdq la57 rdpid fsrm md_clear pconfig flush_l1d arch_capabilities
vmx flags	: vnmi preemption_timer posted_intr invvpid ept_x_only ept_ad ept_1gb flexpriority apicv tsc_offset vtpr mtf vapic ept vpid unrestricted_guest vapic_reg vid ple shadow_vmcs pml ept_mode_based_exec tsc_scaling
bugs		: spectre_v1 spectre_v2 spec_store_bypass swapgs mmio_stale_data eibrs_pbrsb gds bhi its its_native_only
bogomips	: 5200.00
clflush size	: 64
cache_alignment	: 64
address sizes	: 46 bits physical, 57 bits virtual
power management:

processor	: 30
vendor_id	: GenuineIntel
cpu family	: 6
model		: 106
model name	: Intel(R) Xeon(R) Platinum 8368Q CPU @ 2.60GHz
stepping	: 6
microcode	: 0xd000421
cpu MHz		: 844.319
cache size	: 58368 KB
physical id	: 0
siblings	: 76
core id		: 30
cpu cores	: 38
apicid		: 60
initial apicid	: 60
fpu		: yes
fpu_exception	: yes
cpuid level	: 27
wp		: yes
flags		: fpu vme de pse tsc msr pae mce cx8 apic sep mtrr pge mca cmov pat pse36 clflush dts acpi mmx fxsr sse sse2 ss ht tm pbe syscall nx pdpe1gb rdtscp lm constant_tsc art arch_perfmon pebs bts rep_good nopl xtopology nonstop_tsc cpuid aperfmperf pni pclmulqdq dtes64 monitor ds_cpl vmx smx est tm2 ssse3 sdbg fma cx16 xtpr pdcm pcid dca sse4_1 sse4_2 x2apic movbe popcnt tsc_deadline_timer aes xsave avx f16c rdrand lahf_lm abm 3dnowprefetch cpuid_fault epb cat_l3 ssbd mba ibrs ibpb stibp ibrs_enhanced tpr_shadow flexpriority ept vpid ept_ad fsgsbase tsc_adjust bmi1 avx2 smep bmi2 erms invpcid cqm rdt_a avx512f avx512dq rdseed adx smap avx512ifma clflushopt clwb intel_pt avx512cd sha_ni avx512bw avx512vl xsaveopt xsavec xgetbv1 xsaves cqm_llc cqm_occup_llc cqm_mbm_total cqm_mbm_local split_lock_detect wbnoinvd dtherm ida arat pln pts vnmi avx512vbmi umip pku ospke avx512_vbmi2 gfni vaes vpclmulqdq avx512_vnni avx512_bitalg tme avx512_vpopcntdq la57 rdpid fsrm md_clear pconfig flush_l1d arch_capabilities
vmx flags	: vnmi preemption_timer posted_intr invvpid ept_x_only ept_ad ept_1gb flexpriority apicv tsc_offset vtpr mtf vapic ept vpid unrestricted_guest vapic_reg vid ple shadow_vmcs pml ept_mode_based_exec tsc_scaling
bugs		: spectre_v1 spectre_v2 spec_store_bypass swapgs mmio_stale_data eibrs_pbrsb gds bhi its its_native_only
bogomips	: 5200.00
clflush size	: 64
cache_alignment	: 64
address sizes	: 46 bits physical, 57 bits virtual
power management:

processor	: 31
vendor_id	: GenuineIntel
cpu family	: 6
model		: 106
model name	: Intel(R) Xeon(R) Platinum 8368Q CPU @ 2.60GHz
stepping	: 6
microcode	: 0xd000421
cpu MHz		: 2599.974
cache size	: 58368 KB
physical id	: 0
siblings	: 76
core id		: 31
cpu cores	: 38
apicid		: 62
initial apicid	: 62
fpu		: yes
fpu_exception	: yes
cpuid level	: 27
wp		: yes
flags		: fpu vme de pse tsc msr pae mce cx8 apic sep mtrr pge mca cmov pat pse36 clflush dts acpi mmx fxsr sse sse2 ss ht tm pbe syscall nx pdpe1gb rdtscp lm constant_tsc art arch_perfmon pebs bts rep_good nopl xtopology nonstop_tsc cpuid aperfmperf pni pclmulqdq dtes64 monitor ds_cpl vmx smx est tm2 ssse3 sdbg fma cx16 xtpr pdcm pcid dca sse4_1 sse4_2 x2apic movbe popcnt tsc_deadline_timer aes xsave avx f16c rdrand lahf_lm abm 3dnowprefetch cpuid_fault epb cat_l3 ssbd mba ibrs ibpb stibp ibrs_enhanced tpr_shadow flexpriority ept vpid ept_ad fsgsbase tsc_adjust bmi1 avx2 smep bmi2 erms invpcid cqm rdt_a avx512f avx512dq rdseed adx smap avx512ifma clflushopt clwb intel_pt avx512cd sha_ni avx512bw avx512vl xsaveopt xsavec xgetbv1 xsaves cqm_llc cqm_occup_llc cqm_mbm_total cqm_mbm_local split_lock_detect wbnoinvd dtherm ida arat pln pts vnmi avx512vbmi umip pku ospke avx512_vbmi2 gfni vaes vpclmulqdq avx512_vnni avx512_bitalg tme avx512_vpopcntdq la57 rdpid fsrm md_clear pconfig flush_l1d arch_capabilities
vmx flags	: vnmi preemption_timer posted_intr invvpid ept_x_only ept_ad ept_1gb flexpriority apicv tsc_offset vtpr mtf vapic ept vpid unrestricted_guest vapic_reg vid ple shadow_vmcs pml ept_mode_based_exec tsc_scaling
bugs		: spectre_v1 spectre_v2 spec_store_bypass swapgs mmio_stale_data eibrs_pbrsb gds bhi its its_native_only
bogomips	: 5200.00
clflush size	: 64
cache_alignment	: 64
address sizes	: 46 bits physical, 57 bits virtual
power management:

processor	: 32
vendor_id	: GenuineIntel
cpu family	: 6
model		: 106
model name	: Intel(R) Xeon(R) Platinum 8368Q CPU @ 2.60GHz
stepping	: 6
microcode	: 0xd000421
cpu MHz		: 1500.014
cache size	: 58368 KB
physical id	: 0
siblings	: 76
core id		: 32
cpu cores	: 38
apicid		: 64
initial apicid	: 64
fpu		: yes
fpu_exception	: yes
cpuid level	: 27
wp		: yes
flags		: fpu vme de pse tsc msr pae mce cx8 apic sep mtrr pge mca cmov pat pse36 clflush dts acpi mmx fxsr sse sse2 ss ht tm pbe syscall nx pdpe1gb rdtscp lm constant_tsc art arch_perfmon pebs bts rep_good nopl xtopology nonstop_tsc cpuid aperfmperf pni pclmulqdq dtes64 monitor ds_cpl vmx smx est tm2 ssse3 sdbg fma cx16 xtpr pdcm pcid dca sse4_1 sse4_2 x2apic movbe popcnt tsc_deadline_timer aes xsave avx f16c rdrand lahf_lm abm 3dnowprefetch cpuid_fault epb cat_l3 ssbd mba ibrs ibpb stibp ibrs_enhanced tpr_shadow flexpriority ept vpid ept_ad fsgsbase tsc_adjust bmi1 avx2 smep bmi2 erms invpcid cqm rdt_a avx512f avx512dq rdseed adx smap avx512ifma clflushopt clwb intel_pt avx512cd sha_ni avx512bw avx512vl xsaveopt xsavec xgetbv1 xsaves cqm_llc cqm_occup_llc cqm_mbm_total cqm_mbm_local split_lock_detect wbnoinvd dtherm ida arat pln pts vnmi avx512vbmi umip pku ospke avx512_vbmi2 gfni vaes vpclmulqdq avx512_vnni avx512_bitalg tme avx512_vpopcntdq la57 rdpid fsrm md_clear pconfig flush_l1d arch_capabilities
vmx flags	: vnmi preemption_timer posted_intr invvpid ept_x_only ept_ad ept_1gb flexpriority apicv tsc_offset vtpr mtf vapic ept vpid unrestricted_guest vapic_reg vid ple shadow_vmcs pml ept_mode_based_exec tsc_scaling
bugs		: spectre_v1 spectre_v2 spec_store_bypass swapgs mmio_stale_data eibrs_pbrsb gds bhi its its_native_only
bogomips	: 5200.00
clflush size	: 64
cache_alignment	: 64
address sizes	: 46 bits physical, 57 bits virtual
power management:

processor	: 33
vendor_id	: GenuineIntel
cpu family	: 6
model		: 106
model name	: Intel(R) Xeon(R) Platinum 8368Q CPU @ 2.60GHz
stepping	: 6
microcode	: 0xd000421
cpu MHz		: 800.016
cache size	: 58368 KB
physical id	: 0
siblings	: 76
core id		: 33
cpu cores	: 38
apicid		: 66
initial apicid	: 66
fpu		: yes
fpu_exception	: yes
cpuid level	: 27
wp		: yes
flags		: fpu vme de pse tsc msr pae mce cx8 apic sep mtrr pge mca cmov pat pse36 clflush dts acpi mmx fxsr sse sse2 ss ht tm pbe syscall nx pdpe1gb rdtscp lm constant_tsc art arch_perfmon pebs bts rep_good nopl xtopology nonstop_tsc cpuid aperfmperf pni pclmulqdq dtes64 monitor ds_cpl vmx smx est tm2 ssse3 sdbg fma cx16 xtpr pdcm pcid dca sse4_1 sse4_2 x2apic movbe popcnt tsc_deadline_timer aes xsave avx f16c rdrand lahf_lm abm 3dnowprefetch cpuid_fault epb cat_l3 ssbd mba ibrs ibpb stibp ibrs_enhanced tpr_shadow flexpriority ept vpid ept_ad fsgsbase tsc_adjust bmi1 avx2 smep bmi2 erms invpcid cqm rdt_a avx512f avx512dq rdseed adx smap avx512ifma clflushopt clwb intel_pt avx512cd sha_ni avx512bw avx512vl xsaveopt xsavec xgetbv1 xsaves cqm_llc cqm_occup_llc cqm_mbm_total cqm_mbm_local split_lock_detect wbnoinvd dtherm ida arat pln pts vnmi avx512vbmi umip pku ospke avx512_vbmi2 gfni vaes vpclmulqdq avx512_vnni avx512_bitalg tme avx512_vpopcntdq la57 rdpid fsrm md_clear pconfig flush_l1d arch_capabilities
vmx flags	: vnmi preemption_timer posted_intr invvpid ept_x_only ept_ad ept_1gb flexpriority apicv tsc_offset vtpr mtf vapic ept vpid unrestricted_guest vapic_reg vid ple shadow_vmcs pml ept_mode_based_exec tsc_scaling
bugs		: spectre_v1 spectre_v2 spec_store_bypass swapgs mmio_stale_data eibrs_pbrsb gds bhi its its_native_only
bogomips	: 5200.00
clflush size	: 64
cache_alignment	: 64
address sizes	: 46 bits physical, 57 bits virtual
power management:

processor	: 34
vendor_id	: GenuineIntel
cpu family	: 6
model		: 106
model name	: Intel(R) Xeon(R) Platinum 8368Q CPU @ 2.60GHz
stepping	: 6
microcode	: 0xd000421
cpu MHz		: 800.000
cache size	: 58368 KB
physical id	: 0
siblings	: 76
core id		: 34
cpu cores	: 38
apicid		: 68
initial apicid	: 68
fpu		: yes
fpu_exception	: yes
cpuid level	: 27
wp		: yes
flags		: fpu vme de pse tsc msr pae mce cx8 apic sep mtrr pge mca cmov pat pse36 clflush dts acpi mmx fxsr sse sse2 ss ht tm pbe syscall nx pdpe1gb rdtscp lm constant_tsc art arch_perfmon pebs bts rep_good nopl xtopology nonstop_tsc cpuid aperfmperf pni pclmulqdq dtes64 monitor ds_cpl vmx smx est tm2 ssse3 sdbg fma cx16 xtpr pdcm pcid dca sse4_1 sse4_2 x2apic movbe popcnt tsc_deadline_timer aes xsave avx f16c rdrand lahf_lm abm 3dnowprefetch cpuid_fault epb cat_l3 ssbd mba ibrs ibpb stibp ibrs_enhanced tpr_shadow flexpriority ept vpid ept_ad fsgsbase tsc_adjust bmi1 avx2 smep bmi2 erms invpcid cqm rdt_a avx512f avx512dq rdseed adx smap avx512ifma clflushopt clwb intel_pt avx512cd sha_ni avx512bw avx512vl xsaveopt xsavec xgetbv1 xsaves cqm_llc cqm_occup_llc cqm_mbm_total cqm_mbm_local split_lock_detect wbnoinvd dtherm ida arat pln pts vnmi avx512vbmi umip pku ospke avx512_vbmi2 gfni vaes vpclmulqdq avx512_vnni avx512_bitalg tme avx512_vpopcntdq la57 rdpid fsrm md_clear pconfig flush_l1d arch_capabilities
vmx flags	: vnmi preemption_timer posted_intr invvpid ept_x_only ept_ad ept_1gb flexpriority apicv tsc_offset vtpr mtf vapic ept vpid unrestricted_guest vapic_reg vid ple shadow_vmcs pml ept_mode_based_exec tsc_scaling
bugs		: spectre_v1 spectre_v2 spec_store_bypass swapgs mmio_stale_data eibrs_pbrsb gds bhi its its_native_only
bogomips	: 5200.00
clflush size	: 64
cache_alignment	: 64
address sizes	: 46 bits physical, 57 bits virtual
power management:

processor	: 35
vendor_id	: GenuineIntel
cpu family	: 6
model		: 106
model name	: Intel(R) Xeon(R) Platinum 8368Q CPU @ 2.60GHz
stepping	: 6
microcode	: 0xd000421
cpu MHz		: 800.000
cache size	: 58368 KB
physical id	: 0
siblings	: 76
core id		: 35
cpu cores	: 38
apicid		: 70
initial apicid	: 70
fpu		: yes
fpu_exception	: yes
cpuid level	: 27
wp		: yes
flags		: fpu vme de pse tsc msr pae mce cx8 apic sep mtrr pge mca cmov pat pse36 clflush dts acpi mmx fxsr sse sse2 ss ht tm pbe syscall nx pdpe1gb rdtscp lm constant_tsc art arch_perfmon pebs bts rep_good nopl xtopology nonstop_tsc cpuid aperfmperf pni pclmulqdq dtes64 monitor ds_cpl vmx smx est tm2 ssse3 sdbg fma cx16 xtpr pdcm pcid dca sse4_1 sse4_2 x2apic movbe popcnt tsc_deadline_timer aes xsave avx f16c rdrand lahf_lm abm 3dnowprefetch cpuid_fault epb cat_l3 ssbd mba ibrs ibpb stibp ibrs_enhanced tpr_shadow flexpriority ept vpid ept_ad fsgsbase tsc_adjust bmi1 avx2 smep bmi2 erms invpcid cqm rdt_a avx512f avx512dq rdseed adx smap avx512ifma clflushopt clwb intel_pt avx512cd sha_ni avx512bw avx512vl xsaveopt xsavec xgetbv1 xsaves cqm_llc cqm_occup_llc cqm_mbm_total cqm_mbm_local split_lock_detect wbnoinvd dtherm ida arat pln pts vnmi avx512vbmi umip pku ospke avx512_vbmi2 gfni vaes vpclmulqdq avx512_vnni avx512_bitalg tme avx512_vpopcntdq la57 rdpid fsrm md_clear pconfig flush_l1d arch_capabilities
vmx flags	: vnmi preemption_timer posted_intr invvpid ept_x_only ept_ad ept_1gb flexpriority apicv tsc_offset vtpr mtf vapic ept vpid unrestricted_guest vapic_reg vid ple shadow_vmcs pml ept_mode_based_exec tsc_scaling
bugs		: spectre_v1 spectre_v2 spec_store_bypass swapgs mmio_stale_data eibrs_pbrsb gds bhi its its_native_only
bogomips	: 5200.00
clflush size	: 64
cache_alignment	: 64
address sizes	: 46 bits physical, 57 bits virtual
power management:

processor	: 36
vendor_id	: GenuineIntel
cpu family	: 6
model		: 106
model name	: Intel(R) Xeon(R) Platinum 8368Q CPU @ 2.60GHz
stepping	: 6
microcode	: 0xd000421
cpu MHz		: 800.000
cache size	: 58368 KB
physical id	: 0
siblings	: 76
core id		: 36
cpu cores	: 38
apicid		: 72
initial apicid	: 72
fpu		: yes
fpu_exception	: yes
cpuid level	: 27
wp		: yes
flags		: fpu vme de pse tsc msr pae mce cx8 apic sep mtrr pge mca cmov pat pse36 clflush dts acpi mmx fxsr sse sse2 ss ht tm pbe syscall nx pdpe1gb rdtscp lm constant_tsc art arch_perfmon pebs bts rep_good nopl xtopology nonstop_tsc cpuid aperfmperf pni pclmulqdq dtes64 monitor ds_cpl vmx smx est tm2 ssse3 sdbg fma cx16 xtpr pdcm pcid dca sse4_1 sse4_2 x2apic movbe popcnt tsc_deadline_timer aes xsave avx f16c rdrand lahf_lm abm 3dnowprefetch cpuid_fault epb cat_l3 ssbd mba ibrs ibpb stibp ibrs_enhanced tpr_shadow flexpriority ept vpid ept_ad fsgsbase tsc_adjust bmi1 avx2 smep bmi2 erms invpcid cqm rdt_a avx512f avx512dq rdseed adx smap avx512ifma clflushopt clwb intel_pt avx512cd sha_ni avx512bw avx512vl xsaveopt xsavec xgetbv1 xsaves cqm_llc cqm_occup_llc cqm_mbm_total cqm_mbm_local split_lock_detect wbnoinvd dtherm ida arat pln pts vnmi avx512vbmi umip pku ospke avx512_vbmi2 gfni vaes vpclmulqdq avx512_vnni avx512_bitalg tme avx512_vpopcntdq la57 rdpid fsrm md_clear pconfig flush_l1d arch_capabilities
vmx flags	: vnmi preemption_timer posted_intr invvpid ept_x_only ept_ad ept_1gb flexpriority apicv tsc_offset vtpr mtf vapic ept vpid unrestricted_guest vapic_reg vid ple shadow_vmcs pml ept_mode_based_exec tsc_scaling
bugs		: spectre_v1 spectre_v2 spec_store_bypass swapgs mmio_stale_data eibrs_pbrsb gds bhi its its_native_only
bogomips	: 5200.00
clflush size	: 64
cache_alignment	: 64
address sizes	: 46 bits physical, 57 bits virtual
power management:

processor	: 37
vendor_id	: GenuineIntel
cpu family	: 6
model		: 106
model name	: Intel(R) Xeon(R) Platinum 8368Q CPU @ 2.60GHz
stepping	: 6
microcode	: 0xd000421
cpu MHz		: 800.000
cache size	: 58368 KB
physical id	: 0
siblings	: 76
core id		: 37
cpu cores	: 38
apicid		: 74
initial apicid	: 74
fpu		: yes
fpu_exception	: yes
cpuid level	: 27
wp		: yes
flags		: fpu vme de pse tsc msr pae mce cx8 apic sep mtrr pge mca cmov pat pse36 clflush dts acpi mmx fxsr sse sse2 ss ht tm pbe syscall nx pdpe1gb rdtscp lm constant_tsc art arch_perfmon pebs bts rep_good nopl xtopology nonstop_tsc cpuid aperfmperf pni pclmulqdq dtes64 monitor ds_cpl vmx smx est tm2 ssse3 sdbg fma cx16 xtpr pdcm pcid dca sse4_1 sse4_2 x2apic movbe popcnt tsc_deadline_timer aes xsave avx f16c rdrand lahf_lm abm 3dnowprefetch cpuid_fault epb cat_l3 ssbd mba ibrs ibpb stibp ibrs_enhanced tpr_shadow flexpriority ept vpid ept_ad fsgsbase tsc_adjust bmi1 avx2 smep bmi2 erms invpcid cqm rdt_a avx512f avx512dq rdseed adx smap avx512ifma clflushopt clwb intel_pt avx512cd sha_ni avx512bw avx512vl xsaveopt xsavec xgetbv1 xsaves cqm_llc cqm_occup_llc cqm_mbm_total cqm_mbm_local split_lock_detect wbnoinvd dtherm ida arat pln pts vnmi avx512vbmi umip pku ospke avx512_vbmi2 gfni vaes vpclmulqdq avx512_vnni avx512_bitalg tme avx512_vpopcntdq la57 rdpid fsrm md_clear pconfig flush_l1d arch_capabilities
vmx flags	: vnmi preemption_timer posted_intr invvpid ept_x_only ept_ad ept_1gb flexpriority apicv tsc_offset vtpr mtf vapic ept vpid unrestricted_guest vapic_reg vid ple shadow_vmcs pml ept_mode_based_exec tsc_scaling
bugs		: spectre_v1 spectre_v2 spec_store_bypass swapgs mmio_stale_data eibrs_pbrsb gds bhi its its_native_only
bogomips	: 5200.00
clflush size	: 64
cache_alignment	: 64
address sizes	: 46 bits physical, 57 bits virtual
power management:

processor	: 38
vendor_id	: GenuineIntel
cpu family	: 6
model		: 106
model name	: Intel(R) Xeon(R) Platinum 8368Q CPU @ 2.60GHz
stepping	: 6
microcode	: 0xd000421
cpu MHz		: 1344.347
cache size	: 58368 KB
physical id	: 0
siblings	: 76
core id		: 0
cpu cores	: 38
apicid		: 1
initial apicid	: 1
fpu		: yes
fpu_exception	: yes
cpuid level	: 27
wp		: yes
flags		: fpu vme de pse tsc msr pae mce cx8 apic sep mtrr pge mca cmov pat pse36 clflush dts acpi mmx fxsr sse sse2 ss ht tm pbe syscall nx pdpe1gb rdtscp lm constant_tsc art arch_perfmon pebs bts rep_good nopl xtopology nonstop_tsc cpuid aperfmperf pni pclmulqdq dtes64 monitor ds_cpl vmx smx est tm2 ssse3 sdbg fma cx16 xtpr pdcm pcid dca sse4_1 sse4_2 x2apic movbe popcnt tsc_deadline_timer aes xsave avx f16c rdrand lahf_lm abm 3dnowprefetch cpuid_fault epb cat_l3 ssbd mba ibrs ibpb stibp ibrs_enhanced tpr_shadow flexpriority ept vpid ept_ad fsgsbase tsc_adjust bmi1 avx2 smep bmi2 erms invpcid cqm rdt_a avx512f avx512dq rdseed adx smap avx512ifma clflushopt clwb intel_pt avx512cd sha_ni avx512bw avx512vl xsaveopt xsavec xgetbv1 xsaves cqm_llc cqm_occup_llc cqm_mbm_total cqm_mbm_local split_lock_detect wbnoinvd dtherm ida arat pln pts vnmi avx512vbmi umip pku ospke avx512_vbmi2 gfni vaes vpclmulqdq avx512_vnni avx512_bitalg tme avx512_vpopcntdq la57 rdpid fsrm md_clear pconfig flush_l1d arch_capabilities
vmx flags	: vnmi preemption_timer posted_intr invvpid ept_x_only ept_ad ept_1gb flexpriority apicv tsc_offset vtpr mtf vapic ept vpid unrestricted_guest vapic_reg vid ple shadow_vmcs pml ept_mode_based_exec tsc_scaling
bugs		: spectre_v1 spectre_v2 spec_store_bypass swapgs mmio_stale_data eibrs_pbrsb gds bhi its its_native_only
bogomips	: 5200.00
clflush size	: 64
cache_alignment	: 64
address sizes	: 46 bits physical, 57 bits virtual
power management:

processor	: 39
vendor_id	: GenuineIntel
cpu family	: 6
model		: 106
model name	: Intel(R) Xeon(R) Platinum 8368Q CPU @ 2.60GHz
stepping	: 6
microcode	: 0xd000421
cpu MHz		: 800.042
cache size	: 58368 KB
physical id	: 0
siblings	: 76
core id		: 1
cpu cores	: 38
apicid		: 3
initial apicid	: 3
fpu		: yes
fpu_exception	: yes
cpuid level	: 27
wp		: yes
flags		: fpu vme de pse tsc msr pae mce cx8 apic sep mtrr pge mca cmov pat pse36 clflush dts acpi mmx fxsr sse sse2 ss ht tm pbe syscall nx pdpe1gb rdtscp lm constant_tsc art arch_perfmon pebs bts rep_good nopl xtopology nonstop_tsc cpuid aperfmperf pni pclmulqdq dtes64 monitor ds_cpl vmx smx est tm2 ssse3 sdbg fma cx16 xtpr pdcm pcid dca sse4_1 sse4_2 x2apic movbe popcnt tsc_deadline_timer aes xsave avx f16c rdrand lahf_lm abm 3dnowprefetch cpuid_fault epb cat_l3 ssbd mba ibrs ibpb stibp ibrs_enhanced tpr_shadow flexpriority ept vpid ept_ad fsgsbase tsc_adjust bmi1 avx2 smep bmi2 erms invpcid cqm rdt_a avx512f avx512dq rdseed adx smap avx512ifma clflushopt clwb intel_pt avx512cd sha_ni avx512bw avx512vl xsaveopt xsavec xgetbv1 xsaves cqm_llc cqm_occup_llc cqm_mbm_total cqm_mbm_local split_lock_detect wbnoinvd dtherm ida arat pln pts vnmi avx512vbmi umip pku ospke avx512_vbmi2 gfni vaes vpclmulqdq avx512_vnni avx512_bitalg tme avx512_vpopcntdq la57 rdpid fsrm md_clear pconfig flush_l1d arch_capabilities
vmx flags	: vnmi preemption_timer posted_intr invvpid ept_x_only ept_ad ept_1gb flexpriority apicv tsc_offset vtpr mtf vapic ept vpid unrestricted_guest vapic_reg vid ple shadow_vmcs pml ept_mode_based_exec tsc_scaling
bugs		: spectre_v1 spectre_v2 spec_store_bypass swapgs mmio_stale_data eibrs_pbrsb gds bhi its its_native_only
bogomips	: 5200.00
clflush size	: 64
cache_alignment	: 64
address sizes	: 46 bits physical, 57 bits virtual
power management:

processor	: 40
vendor_id	: GenuineIntel
cpu family	: 6
model		: 106
model name	: Intel(R) Xeon(R) Platinum 8368Q CPU @ 2.60GHz
stepping	: 6
microcode	: 0xd000421
cpu MHz		: 1400.000
cache size	: 58368 KB
physical id	: 0
siblings	: 76
core id		: 2
cpu cores	: 38
apicid		: 5
initial apicid	: 5
fpu		: yes
fpu_exception	: yes
cpuid level	: 27
wp		: yes
flags		: fpu vme de pse tsc msr pae mce cx8 apic sep mtrr pge mca cmov pat pse36 clflush dts acpi mmx fxsr sse sse2 ss ht tm pbe syscall nx pdpe1gb rdtscp lm constant_tsc art arch_perfmon pebs bts rep_good nopl xtopology nonstop_tsc cpuid aperfmperf pni pclmulqdq dtes64 monitor ds_cpl vmx smx est tm2 ssse3 sdbg fma cx16 xtpr pdcm pcid dca sse4_1 sse4_2 x2apic movbe popcnt tsc_deadline_timer aes xsave avx f16c rdrand lahf_lm abm 3dnowprefetch cpuid_fault epb cat_l3 ssbd mba ibrs ibpb stibp ibrs_enhanced tpr_shadow flexpriority ept vpid ept_ad fsgsbase tsc_adjust bmi1 avx2 smep bmi2 erms invpcid cqm rdt_a avx512f avx512dq rdseed adx smap avx512ifma clflushopt clwb intel_pt avx512cd sha_ni avx512bw avx512vl xsaveopt xsavec xgetbv1 xsaves cqm_llc cqm_occup_llc cqm_mbm_total cqm_mbm_local split_lock_detect wbnoinvd dtherm ida arat pln pts vnmi avx512vbmi umip pku ospke avx512_vbmi2 gfni vaes vpclmulqdq avx512_vnni avx512_bitalg tme avx512_vpopcntdq la57 rdpid fsrm md_clear pconfig flush_l1d arch_capabilities
vmx flags	: vnmi preemption_timer posted_intr invvpid ept_x_only ept_ad ept_1gb flexpriority apicv tsc_offset vtpr mtf vapic ept vpid unrestricted_guest vapic_reg vid ple shadow_vmcs pml ept_mode_based_exec tsc_scaling
bugs		: spectre_v1 spectre_v2 spec_store_bypass swapgs mmio_stale_data eibrs_pbrsb gds bhi its its_native_only
bogomips	: 5200.00
clflush size	: 64
cache_alignment	: 64
address sizes	: 46 bits physical, 57 bits virtual
power management:

processor	: 41
vendor_id	: GenuineIntel
cpu family	: 6
model		: 106
model name	: Intel(R) Xeon(R) Platinum 8368Q CPU @ 2.60GHz
stepping	: 6
microcode	: 0xd000421
cpu MHz		: 800.000
cache size	: 58368 KB
physical id	: 0
siblings	: 76
core id		: 3
cpu cores	: 38
apicid		: 7
initial apicid	: 7
fpu		: yes
fpu_exception	: yes
cpuid level	: 27
wp		: yes
flags		: fpu vme de pse tsc msr pae mce cx8 apic sep mtrr pge mca cmov pat pse36 clflush dts acpi mmx fxsr sse sse2 ss ht tm pbe syscall nx pdpe1gb rdtscp lm constant_tsc art arch_perfmon pebs bts rep_good nopl xtopology nonstop_tsc cpuid aperfmperf pni pclmulqdq dtes64 monitor ds_cpl vmx smx est tm2 ssse3 sdbg fma cx16 xtpr pdcm pcid dca sse4_1 sse4_2 x2apic movbe popcnt tsc_deadline_timer aes xsave avx f16c rdrand lahf_lm abm 3dnowprefetch cpuid_fault epb cat_l3 ssbd mba ibrs ibpb stibp ibrs_enhanced tpr_shadow flexpriority ept vpid ept_ad fsgsbase tsc_adjust bmi1 avx2 smep bmi2 erms invpcid cqm rdt_a avx512f avx512dq rdseed adx smap avx512ifma clflushopt clwb intel_pt avx512cd sha_ni avx512bw avx512vl xsaveopt xsavec xgetbv1 xsaves cqm_llc cqm_occup_llc cqm_mbm_total cqm_mbm_local split_lock_detect wbnoinvd dtherm ida arat pln pts vnmi avx512vbmi umip pku ospke avx512_vbmi2 gfni vaes vpclmulqdq avx512_vnni avx512_bitalg tme avx512_vpopcntdq la57 rdpid fsrm md_clear pconfig flush_l1d arch_capabilities
vmx flags	: vnmi preemption_timer posted_intr invvpid ept_x_only ept_ad ept_1gb flexpriority apicv tsc_offset vtpr mtf vapic ept vpid unrestricted_guest vapic_reg vid ple shadow_vmcs pml ept_mode_based_exec tsc_scaling
bugs		: spectre_v1 spectre_v2 spec_store_bypass swapgs mmio_stale_data eibrs_pbrsb gds bhi its its_native_only
bogomips	: 5200.00
clflush size	: 64
cache_alignment	: 64
address sizes	: 46 bits physical, 57 bits virtual
power management:

processor	: 42
vendor_id	: GenuineIntel
cpu family	: 6
model		: 106
model name	: Intel(R) Xeon(R) Platinum 8368Q CPU @ 2.60GHz
stepping	: 6
microcode	: 0xd000421
cpu MHz		: 1332.999
cache size	: 58368 KB
physical id	: 0
siblings	: 76
core id		: 4
cpu cores	: 38
apicid		: 9
initial apicid	: 9
fpu		: yes
fpu_exception	: yes
cpuid level	: 27
wp		: yes
flags		: fpu vme de pse tsc msr pae mce cx8 apic sep mtrr pge mca cmov pat pse36 clflush dts acpi mmx fxsr sse sse2 ss ht tm pbe syscall nx pdpe1gb rdtscp lm constant_tsc art arch_perfmon pebs bts rep_good nopl xtopology nonstop_tsc cpuid aperfmperf pni pclmulqdq dtes64 monitor ds_cpl vmx smx est tm2 ssse3 sdbg fma cx16 xtpr pdcm pcid dca sse4_1 sse4_2 x2apic movbe popcnt tsc_deadline_timer aes xsave avx f16c rdrand lahf_lm abm 3dnowprefetch cpuid_fault epb cat_l3 ssbd mba ibrs ibpb stibp ibrs_enhanced tpr_shadow flexpriority ept vpid ept_ad fsgsbase tsc_adjust bmi1 avx2 smep bmi2 erms invpcid cqm rdt_a avx512f avx512dq rdseed adx smap avx512ifma clflushopt clwb intel_pt avx512cd sha_ni avx512bw avx512vl xsaveopt xsavec xgetbv1 xsaves cqm_llc cqm_occup_llc cqm_mbm_total cqm_mbm_local split_lock_detect wbnoinvd dtherm ida arat pln pts vnmi avx512vbmi umip pku ospke avx512_vbmi2 gfni vaes vpclmulqdq avx512_vnni avx512_bitalg tme avx512_vpopcntdq la57 rdpid fsrm md_clear pconfig flush_l1d arch_capabilities
vmx flags	: vnmi preemption_timer posted_intr invvpid ept_x_only ept_ad ept_1gb flexpriority apicv tsc_offset vtpr mtf vapic ept vpid unrestricted_guest vapic_reg vid ple shadow_vmcs pml ept_mode_based_exec tsc_scaling
bugs		: spectre_v1 spectre_v2 spec_store_bypass swapgs mmio_stale_data eibrs_pbrsb gds bhi its its_native_only
bogomips	: 5200.00
clflush size	: 64
cache_alignment	: 64
address sizes	: 46 bits physical, 57 bits virtual
power management:

processor	: 43
vendor_id	: GenuineIntel
cpu family	: 6
model		: 106
model name	: Intel(R) Xeon(R) Platinum 8368Q CPU @ 2.60GHz
stepping	: 6
microcode	: 0xd000421
cpu MHz		: 2400.000
cache size	: 58368 KB
physical id	: 0
siblings	: 76
core id		: 5
cpu cores	: 38
apicid		: 11
initial apicid	: 11
fpu		: yes
fpu_exception	: yes
cpuid level	: 27
wp		: yes
flags		: fpu vme de pse tsc msr pae mce cx8 apic sep mtrr pge mca cmov pat pse36 clflush dts acpi mmx fxsr sse sse2 ss ht tm pbe syscall nx pdpe1gb rdtscp lm constant_tsc art arch_perfmon pebs bts rep_good nopl xtopology nonstop_tsc cpuid aperfmperf pni pclmulqdq dtes64 monitor ds_cpl vmx smx est tm2 ssse3 sdbg fma cx16 xtpr pdcm pcid dca sse4_1 sse4_2 x2apic movbe popcnt tsc_deadline_timer aes xsave avx f16c rdrand lahf_lm abm 3dnowprefetch cpuid_fault epb cat_l3 ssbd mba ibrs ibpb stibp ibrs_enhanced tpr_shadow flexpriority ept vpid ept_ad fsgsbase tsc_adjust bmi1 avx2 smep bmi2 erms invpcid cqm rdt_a avx512f avx512dq rdseed adx smap avx512ifma clflushopt clwb intel_pt avx512cd sha_ni avx512bw avx512vl xsaveopt xsavec xgetbv1 xsaves cqm_llc cqm_occup_llc cqm_mbm_total cqm_mbm_local split_lock_detect wbnoinvd dtherm ida arat pln pts vnmi avx512vbmi umip pku ospke avx512_vbmi2 gfni vaes vpclmulqdq avx512_vnni avx512_bitalg tme avx512_vpopcntdq la57 rdpid fsrm md_clear pconfig flush_l1d arch_capabilities
vmx flags	: vnmi preemption_timer posted_intr invvpid ept_x_only ept_ad ept_1gb flexpriority apicv tsc_offset vtpr mtf vapic ept vpid unrestricted_guest vapic_reg vid ple shadow_vmcs pml ept_mode_based_exec tsc_scaling
bugs		: spectre_v1 spectre_v2 spec_store_bypass swapgs mmio_stale_data eibrs_pbrsb gds bhi its its_native_only
bogomips	: 5200.00
clflush size	: 64
cache_alignment	: 64
address sizes	: 46 bits physical, 57 bits virtual
power management:

processor	: 44
vendor_id	: GenuineIntel
cpu family	: 6
model		: 106
model name	: Intel(R) Xeon(R) Platinum 8368Q CPU @ 2.60GHz
stepping	: 6
microcode	: 0xd000421
cpu MHz		: 1670.757
cache size	: 58368 KB
physical id	: 0
siblings	: 76
core id		: 6
cpu cores	: 38
apicid		: 13
initial apicid	: 13
fpu		: yes
fpu_exception	: yes
cpuid level	: 27
wp		: yes
flags		: fpu vme de pse tsc msr pae mce cx8 apic sep mtrr pge mca cmov pat pse36 clflush dts acpi mmx fxsr sse sse2 ss ht tm pbe syscall nx pdpe1gb rdtscp lm constant_tsc art arch_perfmon pebs bts rep_good nopl xtopology nonstop_tsc cpuid aperfmperf pni pclmulqdq dtes64 monitor ds_cpl vmx smx est tm2 ssse3 sdbg fma cx16 xtpr pdcm pcid dca sse4_1 sse4_2 x2apic movbe popcnt tsc_deadline_timer aes xsave avx f16c rdrand lahf_lm abm 3dnowprefetch cpuid_fault epb cat_l3 ssbd mba ibrs ibpb stibp ibrs_enhanced tpr_shadow flexpriority ept vpid ept_ad fsgsbase tsc_adjust bmi1 avx2 smep bmi2 erms invpcid cqm rdt_a avx512f avx512dq rdseed adx smap avx512ifma clflushopt clwb intel_pt avx512cd sha_ni avx512bw avx512vl xsaveopt xsavec xgetbv1 xsaves cqm_llc cqm_occup_llc cqm_mbm_total cqm_mbm_local split_lock_detect wbnoinvd dtherm ida arat pln pts vnmi avx512vbmi umip pku ospke avx512_vbmi2 gfni vaes vpclmulqdq avx512_vnni avx512_bitalg tme avx512_vpopcntdq la57 rdpid fsrm md_clear pconfig flush_l1d arch_capabilities
vmx flags	: vnmi preemption_timer posted_intr invvpid ept_x_only ept_ad ept_1gb flexpriority apicv tsc_offset vtpr mtf vapic ept vpid unrestricted_guest vapic_reg vid ple shadow_vmcs pml ept_mode_based_exec tsc_scaling
bugs		: spectre_v1 spectre_v2 spec_store_bypass swapgs mmio_stale_data eibrs_pbrsb gds bhi its its_native_only
bogomips	: 5200.00
clflush size	: 64
cache_alignment	: 64
address sizes	: 46 bits physical, 57 bits virtual
power management:

processor	: 45
vendor_id	: GenuineIntel
cpu family	: 6
model		: 106
model name	: Intel(R) Xeon(R) Platinum 8368Q CPU @ 2.60GHz
stepping	: 6
microcode	: 0xd000421
cpu MHz		: 800.000
cache size	: 58368 KB
physical id	: 0
siblings	: 76
core id		: 7
cpu cores	: 38
apicid		: 15
initial apicid	: 15
fpu		: yes
fpu_exception	: yes
cpuid level	: 27
wp		: yes
flags		: fpu vme de pse tsc msr pae mce cx8 apic sep mtrr pge mca cmov pat pse36 clflush dts acpi mmx fxsr sse sse2 ss ht tm pbe syscall nx pdpe1gb rdtscp lm constant_tsc art arch_perfmon pebs bts rep_good nopl xtopology nonstop_tsc cpuid aperfmperf pni pclmulqdq dtes64 monitor ds_cpl vmx smx est tm2 ssse3 sdbg fma cx16 xtpr pdcm pcid dca sse4_1 sse4_2 x2apic movbe popcnt tsc_deadline_timer aes xsave avx f16c rdrand lahf_lm abm 3dnowprefetch cpuid_fault epb cat_l3 ssbd mba ibrs ibpb stibp ibrs_enhanced tpr_shadow flexpriority ept vpid ept_ad fsgsbase tsc_adjust bmi1 avx2 smep bmi2 erms invpcid cqm rdt_a avx512f avx512dq rdseed adx smap avx512ifma clflushopt clwb intel_pt avx512cd sha_ni avx512bw avx512vl xsaveopt xsavec xgetbv1 xsaves cqm_llc cqm_occup_llc cqm_mbm_total cqm_mbm_local split_lock_detect wbnoinvd dtherm ida arat pln pts vnmi avx512vbmi umip pku ospke avx512_vbmi2 gfni vaes vpclmulqdq avx512_vnni avx512_bitalg tme avx512_vpopcntdq la57 rdpid fsrm md_clear pconfig flush_l1d arch_capabilities
vmx flags	: vnmi preemption_timer posted_intr invvpid ept_x_only ept_ad ept_1gb flexpriority apicv tsc_offset vtpr mtf vapic ept vpid unrestricted_guest vapic_reg vid ple shadow_vmcs pml ept_mode_based_exec tsc_scaling
bugs		: spectre_v1 spectre_v2 spec_store_bypass swapgs mmio_stale_data eibrs_pbrsb gds bhi its its_native_only
bogomips	: 5200.00
clflush size	: 64
cache_alignment	: 64
address sizes	: 46 bits physical, 57 bits virtual
power management:

processor	: 46
vendor_id	: GenuineIntel
cpu family	: 6
model		: 106
model name	: Intel(R) Xeon(R) Platinum 8368Q CPU @ 2.60GHz
stepping	: 6
microcode	: 0xd000421
cpu MHz		: 800.000
cache size	: 58368 KB
physical id	: 0
siblings	: 76
core id		: 8
cpu cores	: 38
apicid		: 17
initial apicid	: 17
fpu		: yes
fpu_exception	: yes
cpuid level	: 27
wp		: yes
flags		: fpu vme de pse tsc msr pae mce cx8 apic sep mtrr pge mca cmov pat pse36 clflush dts acpi mmx fxsr sse sse2 ss ht tm pbe syscall nx pdpe1gb rdtscp lm constant_tsc art arch_perfmon pebs bts rep_good nopl xtopology nonstop_tsc cpuid aperfmperf pni pclmulqdq dtes64 monitor ds_cpl vmx smx est tm2 ssse3 sdbg fma cx16 xtpr pdcm pcid dca sse4_1 sse4_2 x2apic movbe popcnt tsc_deadline_timer aes xsave avx f16c rdrand lahf_lm abm 3dnowprefetch cpuid_fault epb cat_l3 ssbd mba ibrs ibpb stibp ibrs_enhanced tpr_shadow flexpriority ept vpid ept_ad fsgsbase tsc_adjust bmi1 avx2 smep bmi2 erms invpcid cqm rdt_a avx512f avx512dq rdseed adx smap avx512ifma clflushopt clwb intel_pt avx512cd sha_ni avx512bw avx512vl xsaveopt xsavec xgetbv1 xsaves cqm_llc cqm_occup_llc cqm_mbm_total cqm_mbm_local split_lock_detect wbnoinvd dtherm ida arat pln pts vnmi avx512vbmi umip pku ospke avx512_vbmi2 gfni vaes vpclmulqdq avx512_vnni avx512_bitalg tme avx512_vpopcntdq la57 rdpid fsrm md_clear pconfig flush_l1d arch_capabilities
vmx flags	: vnmi preemption_timer posted_intr invvpid ept_x_only ept_ad ept_1gb flexpriority apicv tsc_offset vtpr mtf vapic ept vpid unrestricted_guest vapic_reg vid ple shadow_vmcs pml ept_mode_based_exec tsc_scaling
bugs		: spectre_v1 spectre_v2 spec_store_bypass swapgs mmio_stale_data eibrs_pbrsb gds bhi its its_native_only
bogomips	: 5200.00
clflush size	: 64
cache_alignment	: 64
address sizes	: 46 bits physical, 57 bits virtual
power management:

processor	: 47
vendor_id	: GenuineIntel
cpu family	: 6
model		: 106
model name	: Intel(R) Xeon(R) Platinum 8368Q CPU @ 2.60GHz
stepping	: 6
microcode	: 0xd000421
cpu MHz		: 2400.000
cache size	: 58368 KB
physical id	: 0
siblings	: 76
core id		: 9
cpu cores	: 38
apicid		: 19
initial apicid	: 19
fpu		: yes
fpu_exception	: yes
cpuid level	: 27
wp		: yes
flags		: fpu vme de pse tsc msr pae mce cx8 apic sep mtrr pge mca cmov pat pse36 clflush dts acpi mmx fxsr sse sse2 ss ht tm pbe syscall nx pdpe1gb rdtscp lm constant_tsc art arch_perfmon pebs bts rep_good nopl xtopology nonstop_tsc cpuid aperfmperf pni pclmulqdq dtes64 monitor ds_cpl vmx smx est tm2 ssse3 sdbg fma cx16 xtpr pdcm pcid dca sse4_1 sse4_2 x2apic movbe popcnt tsc_deadline_timer aes xsave avx f16c rdrand lahf_lm abm 3dnowprefetch cpuid_fault epb cat_l3 ssbd mba ibrs ibpb stibp ibrs_enhanced tpr_shadow flexpriority ept vpid ept_ad fsgsbase tsc_adjust bmi1 avx2 smep bmi2 erms invpcid cqm rdt_a avx512f avx512dq rdseed adx smap avx512ifma clflushopt clwb intel_pt avx512cd sha_ni avx512bw avx512vl xsaveopt xsavec xgetbv1 xsaves cqm_llc cqm_occup_llc cqm_mbm_total cqm_mbm_local split_lock_detect wbnoinvd dtherm ida arat pln pts vnmi avx512vbmi umip pku ospke avx512_vbmi2 gfni vaes vpclmulqdq avx512_vnni avx512_bitalg tme avx512_vpopcntdq la57 rdpid fsrm md_clear pconfig flush_l1d arch_capabilities
vmx flags	: vnmi preemption_timer posted_intr invvpid ept_x_only ept_ad ept_1gb flexpriority apicv tsc_offset vtpr mtf vapic ept vpid unrestricted_guest vapic_reg vid ple shadow_vmcs pml ept_mode_based_exec tsc_scaling
bugs		: spectre_v1 spectre_v2 spec_store_bypass swapgs mmio_stale_data eibrs_pbrsb gds bhi its its_native_only
bogomips	: 5200.00
clflush size	: 64
cache_alignment	: 64
address sizes	: 46 bits physical, 57 bits virtual
power management:

processor	: 48
vendor_id	: GenuineIntel
cpu family	: 6
model		: 106
model name	: Intel(R) Xeon(R) Platinum 8368Q CPU @ 2.60GHz
stepping	: 6
microcode	: 0xd000421
cpu MHz		: 1535.038
cache size	: 58368 KB
physical id	: 0
siblings	: 76
core id		: 10
cpu cores	: 38
apicid		: 21
initial apicid	: 21
fpu		: yes
fpu_exception	: yes
cpuid level	: 27
wp		: yes
flags		: fpu vme de pse tsc msr pae mce cx8 apic sep mtrr pge mca cmov pat pse36 clflush dts acpi mmx fxsr sse sse2 ss ht tm pbe syscall nx pdpe1gb rdtscp lm constant_tsc art arch_perfmon pebs bts rep_good nopl xtopology nonstop_tsc cpuid aperfmperf pni pclmulqdq dtes64 monitor ds_cpl vmx smx est tm2 ssse3 sdbg fma cx16 xtpr pdcm pcid dca sse4_1 sse4_2 x2apic movbe popcnt tsc_deadline_timer aes xsave avx f16c rdrand lahf_lm abm 3dnowprefetch cpuid_fault epb cat_l3 ssbd mba ibrs ibpb stibp ibrs_enhanced tpr_shadow flexpriority ept vpid ept_ad fsgsbase tsc_adjust bmi1 avx2 smep bmi2 erms invpcid cqm rdt_a avx512f avx512dq rdseed adx smap avx512ifma clflushopt clwb intel_pt avx512cd sha_ni avx512bw avx512vl xsaveopt xsavec xgetbv1 xsaves cqm_llc cqm_occup_llc cqm_mbm_total cqm_mbm_local split_lock_detect wbnoinvd dtherm ida arat pln pts vnmi avx512vbmi umip pku ospke avx512_vbmi2 gfni vaes vpclmulqdq avx512_vnni avx512_bitalg tme avx512_vpopcntdq la57 rdpid fsrm md_clear pconfig flush_l1d arch_capabilities
vmx flags	: vnmi preemption_timer posted_intr invvpid ept_x_only ept_ad ept_1gb flexpriority apicv tsc_offset vtpr mtf vapic ept vpid unrestricted_guest vapic_reg vid ple shadow_vmcs pml ept_mode_based_exec tsc_scaling
bugs		: spectre_v1 spectre_v2 spec_store_bypass swapgs mmio_stale_data eibrs_pbrsb gds bhi its its_native_only
bogomips	: 5200.00
clflush size	: 64
cache_alignment	: 64
address sizes	: 46 bits physical, 57 bits virtual
power management:

processor	: 49
vendor_id	: GenuineIntel
cpu family	: 6
model		: 106
model name	: Intel(R) Xeon(R) Platinum 8368Q CPU @ 2.60GHz
stepping	: 6
microcode	: 0xd000421
cpu MHz		: 870.095
cache size	: 58368 KB
physical id	: 0
siblings	: 76
core id		: 11
cpu cores	: 38
apicid		: 23
initial apicid	: 23
fpu		: yes
fpu_exception	: yes
cpuid level	: 27
wp		: yes
flags		: fpu vme de pse tsc msr pae mce cx8 apic sep mtrr pge mca cmov pat pse36 clflush dts acpi mmx fxsr sse sse2 ss ht tm pbe syscall nx pdpe1gb rdtscp lm constant_tsc art arch_perfmon pebs bts rep_good nopl xtopology nonstop_tsc cpuid aperfmperf pni pclmulqdq dtes64 monitor ds_cpl vmx smx est tm2 ssse3 sdbg fma cx16 xtpr pdcm pcid dca sse4_1 sse4_2 x2apic movbe popcnt tsc_deadline_timer aes xsave avx f16c rdrand lahf_lm abm 3dnowprefetch cpuid_fault epb cat_l3 ssbd mba ibrs ibpb stibp ibrs_enhanced tpr_shadow flexpriority ept vpid ept_ad fsgsbase tsc_adjust bmi1 avx2 smep bmi2 erms invpcid cqm rdt_a avx512f avx512dq rdseed adx smap avx512ifma clflushopt clwb intel_pt avx512cd sha_ni avx512bw avx512vl xsaveopt xsavec xgetbv1 xsaves cqm_llc cqm_occup_llc cqm_mbm_total cqm_mbm_local split_lock_detect wbnoinvd dtherm ida arat pln pts vnmi avx512vbmi umip pku ospke avx512_vbmi2 gfni vaes vpclmulqdq avx512_vnni avx512_bitalg tme avx512_vpopcntdq la57 rdpid fsrm md_clear pconfig flush_l1d arch_capabilities
vmx flags	: vnmi preemption_timer posted_intr invvpid ept_x_only ept_ad ept_1gb flexpriority apicv tsc_offset vtpr mtf vapic ept vpid unrestricted_guest vapic_reg vid ple shadow_vmcs pml ept_mode_based_exec tsc_scaling
bugs		: spectre_v1 spectre_v2 spec_store_bypass swapgs mmio_stale_data eibrs_pbrsb gds bhi its its_native_only
bogomips	: 5200.00
clflush size	: 64
cache_alignment	: 64
address sizes	: 46 bits physical, 57 bits virtual
power management:

processor	: 50
vendor_id	: GenuineIntel
cpu family	: 6
model		: 106
model name	: Intel(R) Xeon(R) Platinum 8368Q CPU @ 2.60GHz
stepping	: 6
microcode	: 0xd000421
cpu MHz		: 2300.000
cache size	: 58368 KB
physical id	: 0
siblings	: 76
core id		: 12
cpu cores	: 38
apicid		: 25
initial apicid	: 25
fpu		: yes
fpu_exception	: yes
cpuid level	: 27
wp		: yes
flags		: fpu vme de pse tsc msr pae mce cx8 apic sep mtrr pge mca cmov pat pse36 clflush dts acpi mmx fxsr sse sse2 ss ht tm pbe syscall nx pdpe1gb rdtscp lm constant_tsc art arch_perfmon pebs bts rep_good nopl xtopology nonstop_tsc cpuid aperfmperf pni pclmulqdq dtes64 monitor ds_cpl vmx smx est tm2 ssse3 sdbg fma cx16 xtpr pdcm pcid dca sse4_1 sse4_2 x2apic movbe popcnt tsc_deadline_timer aes xsave avx f16c rdrand lahf_lm abm 3dnowprefetch cpuid_fault epb cat_l3 ssbd mba ibrs ibpb stibp ibrs_enhanced tpr_shadow flexpriority ept vpid ept_ad fsgsbase tsc_adjust bmi1 avx2 smep bmi2 erms invpcid cqm rdt_a avx512f avx512dq rdseed adx smap avx512ifma clflushopt clwb intel_pt avx512cd sha_ni avx512bw avx512vl xsaveopt xsavec xgetbv1 xsaves cqm_llc cqm_occup_llc cqm_mbm_total cqm_mbm_local split_lock_detect wbnoinvd dtherm ida arat pln pts vnmi avx512vbmi umip pku ospke avx512_vbmi2 gfni vaes vpclmulqdq avx512_vnni avx512_bitalg tme avx512_vpopcntdq la57 rdpid fsrm md_clear pconfig flush_l1d arch_capabilities
vmx flags	: vnmi preemption_timer posted_intr invvpid ept_x_only ept_ad ept_1gb flexpriority apicv tsc_offset vtpr mtf vapic ept vpid unrestricted_guest vapic_reg vid ple shadow_vmcs pml ept_mode_based_exec tsc_scaling
bugs		: spectre_v1 spectre_v2 spec_store_bypass swapgs mmio_stale_data eibrs_pbrsb gds bhi its its_native_only
bogomips	: 5200.00
clflush size	: 64
cache_alignment	: 64
address sizes	: 46 bits physical, 57 bits virtual
power management:

processor	: 51
vendor_id	: GenuineIntel
cpu family	: 6
model		: 106
model name	: Intel(R) Xeon(R) Platinum 8368Q CPU @ 2.60GHz
stepping	: 6
microcode	: 0xd000421
cpu MHz		: 1198.088
cache size	: 58368 KB
physical id	: 0
siblings	: 76
core id		: 13
cpu cores	: 38
apicid		: 27
initial apicid	: 27
fpu		: yes
fpu_exception	: yes
cpuid level	: 27
wp		: yes
flags		: fpu vme de pse tsc msr pae mce cx8 apic sep mtrr pge mca cmov pat pse36 clflush dts acpi mmx fxsr sse sse2 ss ht tm pbe syscall nx pdpe1gb rdtscp lm constant_tsc art arch_perfmon pebs bts rep_good nopl xtopology nonstop_tsc cpuid aperfmperf pni pclmulqdq dtes64 monitor ds_cpl vmx smx est tm2 ssse3 sdbg fma cx16 xtpr pdcm pcid dca sse4_1 sse4_2 x2apic movbe popcnt tsc_deadline_timer aes xsave avx f16c rdrand lahf_lm abm 3dnowprefetch cpuid_fault epb cat_l3 ssbd mba ibrs ibpb stibp ibrs_enhanced tpr_shadow flexpriority ept vpid ept_ad fsgsbase tsc_adjust bmi1 avx2 smep bmi2 erms invpcid cqm rdt_a avx512f avx512dq rdseed adx smap avx512ifma clflushopt clwb intel_pt avx512cd sha_ni avx512bw avx512vl xsaveopt xsavec xgetbv1 xsaves cqm_llc cqm_occup_llc cqm_mbm_total cqm_mbm_local split_lock_detect wbnoinvd dtherm ida arat pln pts vnmi avx512vbmi umip pku ospke avx512_vbmi2 gfni vaes vpclmulqdq avx512_vnni avx512_bitalg tme avx512_vpopcntdq la57 rdpid fsrm md_clear pconfig flush_l1d arch_capabilities
vmx flags	: vnmi preemption_timer posted_intr invvpid ept_x_only ept_ad ept_1gb flexpriority apicv tsc_offset vtpr mtf vapic ept vpid unrestricted_guest vapic_reg vid ple shadow_vmcs pml ept_mode_based_exec tsc_scaling
bugs		: spectre_v1 spectre_v2 spec_store_bypass swapgs mmio_stale_data eibrs_pbrsb gds bhi its its_native_only
bogomips	: 5200.00
clflush size	: 64
cache_alignment	: 64
address sizes	: 46 bits physical, 57 bits virtual
power management:

processor	: 52
vendor_id	: GenuineIntel
cpu family	: 6
model		: 106
model name	: Intel(R) Xeon(R) Platinum 8368Q CPU @ 2.60GHz
stepping	: 6
microcode	: 0xd000421
cpu MHz		: 800.000
cache size	: 58368 KB
physical id	: 0
siblings	: 76
core id		: 14
cpu cores	: 38
apicid		: 29
initial apicid	: 29
fpu		: yes
fpu_exception	: yes
cpuid level	: 27
wp		: yes
flags		: fpu vme de pse tsc msr pae mce cx8 apic sep mtrr pge mca cmov pat pse36 clflush dts acpi mmx fxsr sse sse2 ss ht tm pbe syscall nx pdpe1gb rdtscp lm constant_tsc art arch_perfmon pebs bts rep_good nopl xtopology nonstop_tsc cpuid aperfmperf pni pclmulqdq dtes64 monitor ds_cpl vmx smx est tm2 ssse3 sdbg fma cx16 xtpr pdcm pcid dca sse4_1 sse4_2 x2apic movbe popcnt tsc_deadline_timer aes xsave avx f16c rdrand lahf_lm abm 3dnowprefetch cpuid_fault epb cat_l3 ssbd mba ibrs ibpb stibp ibrs_enhanced tpr_shadow flexpriority ept vpid ept_ad fsgsbase tsc_adjust bmi1 avx2 smep bmi2 erms invpcid cqm rdt_a avx512f avx512dq rdseed adx smap avx512ifma clflushopt clwb intel_pt avx512cd sha_ni avx512bw avx512vl xsaveopt xsavec xgetbv1 xsaves cqm_llc cqm_occup_llc cqm_mbm_total cqm_mbm_local split_lock_detect wbnoinvd dtherm ida arat pln pts vnmi avx512vbmi umip pku ospke avx512_vbmi2 gfni vaes vpclmulqdq avx512_vnni avx512_bitalg tme avx512_vpopcntdq la57 rdpid fsrm md_clear pconfig flush_l1d arch_capabilities
vmx flags	: vnmi preemption_timer posted_intr invvpid ept_x_only ept_ad ept_1gb flexpriority apicv tsc_offset vtpr mtf vapic ept vpid unrestricted_guest vapic_reg vid ple shadow_vmcs pml ept_mode_based_exec tsc_scaling
bugs		: spectre_v1 spectre_v2 spec_store_bypass swapgs mmio_stale_data eibrs_pbrsb gds bhi its its_native_only
bogomips	: 5200.00
clflush size	: 64
cache_alignment	: 64
address sizes	: 46 bits physical, 57 bits virtual
power management:

processor	: 53
vendor_id	: GenuineIntel
cpu family	: 6
model		: 106
model name	: Intel(R) Xeon(R) Platinum 8368Q CPU @ 2.60GHz
stepping	: 6
microcode	: 0xd000421
cpu MHz		: 800.000
cache size	: 58368 KB
physical id	: 0
siblings	: 76
core id		: 15
cpu cores	: 38
apicid		: 31
initial apicid	: 31
fpu		: yes
fpu_exception	: yes
cpuid level	: 27
wp		: yes
flags		: fpu vme de pse tsc msr pae mce cx8 apic sep mtrr pge mca cmov pat pse36 clflush dts acpi mmx fxsr sse sse2 ss ht tm pbe syscall nx pdpe1gb rdtscp lm constant_tsc art arch_perfmon pebs bts rep_good nopl xtopology nonstop_tsc cpuid aperfmperf pni pclmulqdq dtes64 monitor ds_cpl vmx smx est tm2 ssse3 sdbg fma cx16 xtpr pdcm pcid dca sse4_1 sse4_2 x2apic movbe popcnt tsc_deadline_timer aes xsave avx f16c rdrand lahf_lm abm 3dnowprefetch cpuid_fault epb cat_l3 ssbd mba ibrs ibpb stibp ibrs_enhanced tpr_shadow flexpriority ept vpid ept_ad fsgsbase tsc_adjust bmi1 avx2 smep bmi2 erms invpcid cqm rdt_a avx512f avx512dq rdseed adx smap avx512ifma clflushopt clwb intel_pt avx512cd sha_ni avx512bw avx512vl xsaveopt xsavec xgetbv1 xsaves cqm_llc cqm_occup_llc cqm_mbm_total cqm_mbm_local split_lock_detect wbnoinvd dtherm ida arat pln pts vnmi avx512vbmi umip pku ospke avx512_vbmi2 gfni vaes vpclmulqdq avx512_vnni avx512_bitalg tme avx512_vpopcntdq la57 rdpid fsrm md_clear pconfig flush_l1d arch_capabilities
vmx flags	: vnmi preemption_timer posted_intr invvpid ept_x_only ept_ad ept_1gb flexpriority apicv tsc_offset vtpr mtf vapic ept vpid unrestricted_guest vapic_reg vid ple shadow_vmcs pml ept_mode_based_exec tsc_scaling
bugs		: spectre_v1 spectre_v2 spec_store_bypass swapgs mmio_stale_data eibrs_pbrsb gds bhi its its_native_only
bogomips	: 5200.00
clflush size	: 64
cache_alignment	: 64
address sizes	: 46 bits physical, 57 bits virtual
power management:

processor	: 54
vendor_id	: GenuineIntel
cpu family	: 6
model		: 106
model name	: Intel(R) Xeon(R) Platinum 8368Q CPU @ 2.60GHz
stepping	: 6
microcode	: 0xd000421
cpu MHz		: 800.000
cache size	: 58368 KB
physical id	: 0
siblings	: 76
core id		: 16
cpu cores	: 38
apicid		: 33
initial apicid	: 33
fpu		: yes
fpu_exception	: yes
cpuid level	: 27
wp		: yes
flags		: fpu vme de pse tsc msr pae mce cx8 apic sep mtrr pge mca cmov pat pse36 clflush dts acpi mmx fxsr sse sse2 ss ht tm pbe syscall nx pdpe1gb rdtscp lm constant_tsc art arch_perfmon pebs bts rep_good nopl xtopology nonstop_tsc cpuid aperfmperf pni pclmulqdq dtes64 monitor ds_cpl vmx smx est tm2 ssse3 sdbg fma cx16 xtpr pdcm pcid dca sse4_1 sse4_2 x2apic movbe popcnt tsc_deadline_timer aes xsave avx f16c rdrand lahf_lm abm 3dnowprefetch cpuid_fault epb cat_l3 ssbd mba ibrs ibpb stibp ibrs_enhanced tpr_shadow flexpriority ept vpid ept_ad fsgsbase tsc_adjust bmi1 avx2 smep bmi2 erms invpcid cqm rdt_a avx512f avx512dq rdseed adx smap avx512ifma clflushopt clwb intel_pt avx512cd sha_ni avx512bw avx512vl xsaveopt xsavec xgetbv1 xsaves cqm_llc cqm_occup_llc cqm_mbm_total cqm_mbm_local split_lock_detect wbnoinvd dtherm ida arat pln pts vnmi avx512vbmi umip pku ospke avx512_vbmi2 gfni vaes vpclmulqdq avx512_vnni avx512_bitalg tme avx512_vpopcntdq la57 rdpid fsrm md_clear pconfig flush_l1d arch_capabilities
vmx flags	: vnmi preemption_timer posted_intr invvpid ept_x_only ept_ad ept_1gb flexpriority apicv tsc_offset vtpr mtf vapic ept vpid unrestricted_guest vapic_reg vid ple shadow_vmcs pml ept_mode_based_exec tsc_scaling
bugs		: spectre_v1 spectre_v2 spec_store_bypass swapgs mmio_stale_data eibrs_pbrsb gds bhi its its_native_only
bogomips	: 5200.00
clflush size	: 64
cache_alignment	: 64
address sizes	: 46 bits physical, 57 bits virtual
power management:

processor	: 55
vendor_id	: GenuineIntel
cpu family	: 6
model		: 106
model name	: Intel(R) Xeon(R) Platinum 8368Q CPU @ 2.60GHz
stepping	: 6
microcode	: 0xd000421
cpu MHz		: 800.000
cache size	: 58368 KB
physical id	: 0
siblings	: 76
core id		: 17
cpu cores	: 38
apicid		: 35
initial apicid	: 35
fpu		: yes
fpu_exception	: yes
cpuid level	: 27
wp		: yes
flags		: fpu vme de pse tsc msr pae mce cx8 apic sep mtrr pge mca cmov pat pse36 clflush dts acpi mmx fxsr sse sse2 ss ht tm pbe syscall nx pdpe1gb rdtscp lm constant_tsc art arch_perfmon pebs bts rep_good nopl xtopology nonstop_tsc cpuid aperfmperf pni pclmulqdq dtes64 monitor ds_cpl vmx smx est tm2 ssse3 sdbg fma cx16 xtpr pdcm pcid dca sse4_1 sse4_2 x2apic movbe popcnt tsc_deadline_timer aes xsave avx f16c rdrand lahf_lm abm 3dnowprefetch cpuid_fault epb cat_l3 ssbd mba ibrs ibpb stibp ibrs_enhanced tpr_shadow flexpriority ept vpid ept_ad fsgsbase tsc_adjust bmi1 avx2 smep bmi2 erms invpcid cqm rdt_a avx512f avx512dq rdseed adx smap avx512ifma clflushopt clwb intel_pt avx512cd sha_ni avx512bw avx512vl xsaveopt xsavec xgetbv1 xsaves cqm_llc cqm_occup_llc cqm_mbm_total cqm_mbm_local split_lock_detect wbnoinvd dtherm ida arat pln pts vnmi avx512vbmi umip pku ospke avx512_vbmi2 gfni vaes vpclmulqdq avx512_vnni avx512_bitalg tme avx512_vpopcntdq la57 rdpid fsrm md_clear pconfig flush_l1d arch_capabilities
vmx flags	: vnmi preemption_timer posted_intr invvpid ept_x_only ept_ad ept_1gb flexpriority apicv tsc_offset vtpr mtf vapic ept vpid unrestricted_guest vapic_reg vid ple shadow_vmcs pml ept_mode_based_exec tsc_scaling
bugs		: spectre_v1 spectre_v2 spec_store_bypass swapgs mmio_stale_data eibrs_pbrsb gds bhi its its_native_only
bogomips	: 5200.00
clflush size	: 64
cache_alignment	: 64
address sizes	: 46 bits physical, 57 bits virtual
power management:

processor	: 56
vendor_id	: GenuineIntel
cpu family	: 6
model		: 106
model name	: Intel(R) Xeon(R) Platinum 8368Q CPU @ 2.60GHz
stepping	: 6
microcode	: 0xd000421
cpu MHz		: 800.000
cache size	: 58368 KB
physical id	: 0
siblings	: 76
core id		: 18
cpu cores	: 38
apicid		: 37
initial apicid	: 37
fpu		: yes
fpu_exception	: yes
cpuid level	: 27
wp		: yes
flags		: fpu vme de pse tsc msr pae mce cx8 apic sep mtrr pge mca cmov pat pse36 clflush dts acpi mmx fxsr sse sse2 ss ht tm pbe syscall nx pdpe1gb rdtscp lm constant_tsc art arch_perfmon pebs bts rep_good nopl xtopology nonstop_tsc cpuid aperfmperf pni pclmulqdq dtes64 monitor ds_cpl vmx smx est tm2 ssse3 sdbg fma cx16 xtpr pdcm pcid dca sse4_1 sse4_2 x2apic movbe popcnt tsc_deadline_timer aes xsave avx f16c rdrand lahf_lm abm 3dnowprefetch cpuid_fault epb cat_l3 ssbd mba ibrs ibpb stibp ibrs_enhanced tpr_shadow flexpriority ept vpid ept_ad fsgsbase tsc_adjust bmi1 avx2 smep bmi2 erms invpcid cqm rdt_a avx512f avx512dq rdseed adx smap avx512ifma clflushopt clwb intel_pt avx512cd sha_ni avx512bw avx512vl xsaveopt xsavec xgetbv1 xsaves cqm_llc cqm_occup_llc cqm_mbm_total cqm_mbm_local split_lock_detect wbnoinvd dtherm ida arat pln pts vnmi avx512vbmi umip pku ospke avx512_vbmi2 gfni vaes vpclmulqdq avx512_vnni avx512_bitalg tme avx512_vpopcntdq la57 rdpid fsrm md_clear pconfig flush_l1d arch_capabilities
vmx flags	: vnmi preemption_timer posted_intr invvpid ept_x_only ept_ad ept_1gb flexpriority apicv tsc_offset vtpr mtf vapic ept vpid unrestricted_guest vapic_reg vid ple shadow_vmcs pml ept_mode_based_exec tsc_scaling
bugs		: spectre_v1 spectre_v2 spec_store_bypass swapgs mmio_stale_data eibrs_pbrsb gds bhi its its_native_only
bogomips	: 5200.00
clflush size	: 64
cache_alignment	: 64
address sizes	: 46 bits physical, 57 bits virtual
power management:

processor	: 57
vendor_id	: GenuineIntel
cpu family	: 6
model		: 106
model name	: Intel(R) Xeon(R) Platinum 8368Q CPU @ 2.60GHz
stepping	: 6
microcode	: 0xd000421
cpu MHz		: 800.000
cache size	: 58368 KB
physical id	: 0
siblings	: 76
core id		: 19
cpu cores	: 38
apicid		: 39
initial apicid	: 39
fpu		: yes
fpu_exception	: yes
cpuid level	: 27
wp		: yes
flags		: fpu vme de pse tsc msr pae mce cx8 apic sep mtrr pge mca cmov pat pse36 clflush dts acpi mmx fxsr sse sse2 ss ht tm pbe syscall nx pdpe1gb rdtscp lm constant_tsc art arch_perfmon pebs bts rep_good nopl xtopology nonstop_tsc cpuid aperfmperf pni pclmulqdq dtes64 monitor ds_cpl vmx smx est tm2 ssse3 sdbg fma cx16 xtpr pdcm pcid dca sse4_1 sse4_2 x2apic movbe popcnt tsc_deadline_timer aes xsave avx f16c rdrand lahf_lm abm 3dnowprefetch cpuid_fault epb cat_l3 ssbd mba ibrs ibpb stibp ibrs_enhanced tpr_shadow flexpriority ept vpid ept_ad fsgsbase tsc_adjust bmi1 avx2 smep bmi2 erms invpcid cqm rdt_a avx512f avx512dq rdseed adx smap avx512ifma clflushopt clwb intel_pt avx512cd sha_ni avx512bw avx512vl xsaveopt xsavec xgetbv1 xsaves cqm_llc cqm_occup_llc cqm_mbm_total cqm_mbm_local split_lock_detect wbnoinvd dtherm ida arat pln pts vnmi avx512vbmi umip pku ospke avx512_vbmi2 gfni vaes vpclmulqdq avx512_vnni avx512_bitalg tme avx512_vpopcntdq la57 rdpid fsrm md_clear pconfig flush_l1d arch_capabilities
vmx flags	: vnmi preemption_timer posted_intr invvpid ept_x_only ept_ad ept_1gb flexpriority apicv tsc_offset vtpr mtf vapic ept vpid unrestricted_guest vapic_reg vid ple shadow_vmcs pml ept_mode_based_exec tsc_scaling
bugs		: spectre_v1 spectre_v2 spec_store_bypass swapgs mmio_stale_data eibrs_pbrsb gds bhi its its_native_only
bogomips	: 5200.00
clflush size	: 64
cache_alignment	: 64
address sizes	: 46 bits physical, 57 bits virtual
power management:

processor	: 58
vendor_id	: GenuineIntel
cpu family	: 6
model		: 106
model name	: Intel(R) Xeon(R) Platinum 8368Q CPU @ 2.60GHz
stepping	: 6
microcode	: 0xd000421
cpu MHz		: 1400.000
cache size	: 58368 KB
physical id	: 0
siblings	: 76
core id		: 20
cpu cores	: 38
apicid		: 41
initial apicid	: 41
fpu		: yes
fpu_exception	: yes
cpuid level	: 27
wp		: yes
flags		: fpu vme de pse tsc msr pae mce cx8 apic sep mtrr pge mca cmov pat pse36 clflush dts acpi mmx fxsr sse sse2 ss ht tm pbe syscall nx pdpe1gb rdtscp lm constant_tsc art arch_perfmon pebs bts rep_good nopl xtopology nonstop_tsc cpuid aperfmperf pni pclmulqdq dtes64 monitor ds_cpl vmx smx est tm2 ssse3 sdbg fma cx16 xtpr pdcm pcid dca sse4_1 sse4_2 x2apic movbe popcnt tsc_deadline_timer aes xsave avx f16c rdrand lahf_lm abm 3dnowprefetch cpuid_fault epb cat_l3 ssbd mba ibrs ibpb stibp ibrs_enhanced tpr_shadow flexpriority ept vpid ept_ad fsgsbase tsc_adjust bmi1 avx2 smep bmi2 erms invpcid cqm rdt_a avx512f avx512dq rdseed adx smap avx512ifma clflushopt clwb intel_pt avx512cd sha_ni avx512bw avx512vl xsaveopt xsavec xgetbv1 xsaves cqm_llc cqm_occup_llc cqm_mbm_total cqm_mbm_local split_lock_detect wbnoinvd dtherm ida arat pln pts vnmi avx512vbmi umip pku ospke avx512_vbmi2 gfni vaes vpclmulqdq avx512_vnni avx512_bitalg tme avx512_vpopcntdq la57 rdpid fsrm md_clear pconfig flush_l1d arch_capabilities
vmx flags	: vnmi preemption_timer posted_intr invvpid ept_x_only ept_ad ept_1gb flexpriority apicv tsc_offset vtpr mtf vapic ept vpid unrestricted_guest vapic_reg vid ple shadow_vmcs pml ept_mode_based_exec tsc_scaling
bugs		: spectre_v1 spectre_v2 spec_store_bypass swapgs mmio_stale_data eibrs_pbrsb gds bhi its its_native_only
bogomips	: 5200.00
clflush size	: 64
cache_alignment	: 64
address sizes	: 46 bits physical, 57 bits virtual
power management:

processor	: 59
vendor_id	: GenuineIntel
cpu family	: 6
model		: 106
model name	: Intel(R) Xeon(R) Platinum 8368Q CPU @ 2.60GHz
stepping	: 6
microcode	: 0xd000421
cpu MHz		: 2400.000
cache size	: 58368 KB
physical id	: 0
siblings	: 76
core id		: 21
cpu cores	: 38
apicid		: 43
initial apicid	: 43
fpu		: yes
fpu_exception	: yes
cpuid level	: 27
wp		: yes
flags		: fpu vme de pse tsc msr pae mce cx8 apic sep mtrr pge mca cmov pat pse36 clflush dts acpi mmx fxsr sse sse2 ss ht tm pbe syscall nx pdpe1gb rdtscp lm constant_tsc art arch_perfmon pebs bts rep_good nopl xtopology nonstop_tsc cpuid aperfmperf pni pclmulqdq dtes64 monitor ds_cpl vmx smx est tm2 ssse3 sdbg fma cx16 xtpr pdcm pcid dca sse4_1 sse4_2 x2apic movbe popcnt tsc_deadline_timer aes xsave avx f16c rdrand lahf_lm abm 3dnowprefetch cpuid_fault epb cat_l3 ssbd mba ibrs ibpb stibp ibrs_enhanced tpr_shadow flexpriority ept vpid ept_ad fsgsbase tsc_adjust bmi1 avx2 smep bmi2 erms invpcid cqm rdt_a avx512f avx512dq rdseed adx smap avx512ifma clflushopt clwb intel_pt avx512cd sha_ni avx512bw avx512vl xsaveopt xsavec xgetbv1 xsaves cqm_llc cqm_occup_llc cqm_mbm_total cqm_mbm_local split_lock_detect wbnoinvd dtherm ida arat pln pts vnmi avx512vbmi umip pku ospke avx512_vbmi2 gfni vaes vpclmulqdq avx512_vnni avx512_bitalg tme avx512_vpopcntdq la57 rdpid fsrm md_clear pconfig flush_l1d arch_capabilities
vmx flags	: vnmi preemption_timer posted_intr invvpid ept_x_only ept_ad ept_1gb flexpriority apicv tsc_offset vtpr mtf vapic ept vpid unrestricted_guest vapic_reg vid ple shadow_vmcs pml ept_mode_based_exec tsc_scaling
bugs		: spectre_v1 spectre_v2 spec_store_bypass swapgs mmio_stale_data eibrs_pbrsb gds bhi its its_native_only
bogomips	: 5200.00
clflush size	: 64
cache_alignment	: 64
address sizes	: 46 bits physical, 57 bits virtual
power management:

processor	: 60
vendor_id	: GenuineIntel
cpu family	: 6
model		: 106
model name	: Intel(R) Xeon(R) Platinum 8368Q CPU @ 2.60GHz
stepping	: 6
microcode	: 0xd000421
cpu MHz		: 800.000
cache size	: 58368 KB
physical id	: 0
siblings	: 76
core id		: 22
cpu cores	: 38
apicid		: 45
initial apicid	: 45
fpu		: yes
fpu_exception	: yes
cpuid level	: 27
wp		: yes
flags		: fpu vme de pse tsc msr pae mce cx8 apic sep mtrr pge mca cmov pat pse36 clflush dts acpi mmx fxsr sse sse2 ss ht tm pbe syscall nx pdpe1gb rdtscp lm constant_tsc art arch_perfmon pebs bts rep_good nopl xtopology nonstop_tsc cpuid aperfmperf pni pclmulqdq dtes64 monitor ds_cpl vmx smx est tm2 ssse3 sdbg fma cx16 xtpr pdcm pcid dca sse4_1 sse4_2 x2apic movbe popcnt tsc_deadline_timer aes xsave avx f16c rdrand lahf_lm abm 3dnowprefetch cpuid_fault epb cat_l3 ssbd mba ibrs ibpb stibp ibrs_enhanced tpr_shadow flexpriority ept vpid ept_ad fsgsbase tsc_adjust bmi1 avx2 smep bmi2 erms invpcid cqm rdt_a avx512f avx512dq rdseed adx smap avx512ifma clflushopt clwb intel_pt avx512cd sha_ni avx512bw avx512vl xsaveopt xsavec xgetbv1 xsaves cqm_llc cqm_occup_llc cqm_mbm_total cqm_mbm_local split_lock_detect wbnoinvd dtherm ida arat pln pts vnmi avx512vbmi umip pku ospke avx512_vbmi2 gfni vaes vpclmulqdq avx512_vnni avx512_bitalg tme avx512_vpopcntdq la57 rdpid fsrm md_clear pconfig flush_l1d arch_capabilities
vmx flags	: vnmi preemption_timer posted_intr invvpid ept_x_only ept_ad ept_1gb flexpriority apicv tsc_offset vtpr mtf vapic ept vpid unrestricted_guest vapic_reg vid ple shadow_vmcs pml ept_mode_based_exec tsc_scaling
bugs		: spectre_v1 spectre_v2 spec_store_bypass swapgs mmio_stale_data eibrs_pbrsb gds bhi its its_native_only
bogomips	: 5200.00
clflush size	: 64
cache_alignment	: 64
address sizes	: 46 bits physical, 57 bits virtual
power management:

processor	: 61
vendor_id	: GenuineIntel
cpu family	: 6
model		: 106
model name	: Intel(R) Xeon(R) Platinum 8368Q CPU @ 2.60GHz
stepping	: 6
microcode	: 0xd000421
cpu MHz		: 799.991
cache size	: 58368 KB
physical id	: 0
siblings	: 76
core id		: 23
cpu cores	: 38
apicid		: 47
initial apicid	: 47
fpu		: yes
fpu_exception	: yes
cpuid level	: 27
wp		: yes
flags		: fpu vme de pse tsc msr pae mce cx8 apic sep mtrr pge mca cmov pat pse36 clflush dts acpi mmx fxsr sse sse2 ss ht tm pbe syscall nx pdpe1gb rdtscp lm constant_tsc art arch_perfmon pebs bts rep_good nopl xtopology nonstop_tsc cpuid aperfmperf pni pclmulqdq dtes64 monitor ds_cpl vmx smx est tm2 ssse3 sdbg fma cx16 xtpr pdcm pcid dca sse4_1 sse4_2 x2apic movbe popcnt tsc_deadline_timer aes xsave avx f16c rdrand lahf_lm abm 3dnowprefetch cpuid_fault epb cat_l3 ssbd mba ibrs ibpb stibp ibrs_enhanced tpr_shadow flexpriority ept vpid ept_ad fsgsbase tsc_adjust bmi1 avx2 smep bmi2 erms invpcid cqm rdt_a avx512f avx512dq rdseed adx smap avx512ifma clflushopt clwb intel_pt avx512cd sha_ni avx512bw avx512vl xsaveopt xsavec xgetbv1 xsaves cqm_llc cqm_occup_llc cqm_mbm_total cqm_mbm_local split_lock_detect wbnoinvd dtherm ida arat pln pts vnmi avx512vbmi umip pku ospke avx512_vbmi2 gfni vaes vpclmulqdq avx512_vnni avx512_bitalg tme avx512_vpopcntdq la57 rdpid fsrm md_clear pconfig flush_l1d arch_capabilities
vmx flags	: vnmi preemption_timer posted_intr invvpid ept_x_only ept_ad ept_1gb flexpriority apicv tsc_offset vtpr mtf vapic ept vpid unrestricted_guest vapic_reg vid ple shadow_vmcs pml ept_mode_based_exec tsc_scaling
bugs		: spectre_v1 spectre_v2 spec_store_bypass swapgs mmio_stale_data eibrs_pbrsb gds bhi its its_native_only
bogomips	: 5200.00
clflush size	: 64
cache_alignment	: 64
address sizes	: 46 bits physical, 57 bits virtual
power management:

processor	: 62
vendor_id	: GenuineIntel
cpu family	: 6
model		: 106
model name	: Intel(R) Xeon(R) Platinum 8368Q CPU @ 2.60GHz
stepping	: 6
microcode	: 0xd000421
cpu MHz		: 799.992
cache size	: 58368 KB
physical id	: 0
siblings	: 76
core id		: 24
cpu cores	: 38
apicid		: 49
initial apicid	: 49
fpu		: yes
fpu_exception	: yes
cpuid level	: 27
wp		: yes
flags		: fpu vme de pse tsc msr pae mce cx8 apic sep mtrr pge mca cmov pat pse36 clflush dts acpi mmx fxsr sse sse2 ss ht tm pbe syscall nx pdpe1gb rdtscp lm constant_tsc art arch_perfmon pebs bts rep_good nopl xtopology nonstop_tsc cpuid aperfmperf pni pclmulqdq dtes64 monitor ds_cpl vmx smx est tm2 ssse3 sdbg fma cx16 xtpr pdcm pcid dca sse4_1 sse4_2 x2apic movbe popcnt tsc_deadline_timer aes xsave avx f16c rdrand lahf_lm abm 3dnowprefetch cpuid_fault epb cat_l3 ssbd mba ibrs ibpb stibp ibrs_enhanced tpr_shadow flexpriority ept vpid ept_ad fsgsbase tsc_adjust bmi1 avx2 smep bmi2 erms invpcid cqm rdt_a avx512f avx512dq rdseed adx smap avx512ifma clflushopt clwb intel_pt avx512cd sha_ni avx512bw avx512vl xsaveopt xsavec xgetbv1 xsaves cqm_llc cqm_occup_llc cqm_mbm_total cqm_mbm_local split_lock_detect wbnoinvd dtherm ida arat pln pts vnmi avx512vbmi umip pku ospke avx512_vbmi2 gfni vaes vpclmulqdq avx512_vnni avx512_bitalg tme avx512_vpopcntdq la57 rdpid fsrm md_clear pconfig flush_l1d arch_capabilities
vmx flags	: vnmi preemption_timer posted_intr invvpid ept_x_only ept_ad ept_1gb flexpriority apicv tsc_offset vtpr mtf vapic ept vpid unrestricted_guest vapic_reg vid ple shadow_vmcs pml ept_mode_based_exec tsc_scaling
bugs		: spectre_v1 spectre_v2 spec_store_bypass swapgs mmio_stale_data eibrs_pbrsb gds bhi its its_native_only
bogomips	: 5200.00
clflush size	: 64
cache_alignment	: 64
address sizes	: 46 bits physical, 57 bits virtual
power management:

processor	: 63
vendor_id	: GenuineIntel
cpu family	: 6
model		: 106
model name	: Intel(R) Xeon(R) Platinum 8368Q CPU @ 2.60GHz
stepping	: 6
microcode	: 0xd000421
cpu MHz		: 799.982
cache size	: 58368 KB
physical id	: 0
siblings	: 76
core id		: 25
cpu cores	: 38
apicid		: 51
initial apicid	: 51
fpu		: yes
fpu_exception	: yes
cpuid level	: 27
wp		: yes
flags		: fpu vme de pse tsc msr pae mce cx8 apic sep mtrr pge mca cmov pat pse36 clflush dts acpi mmx fxsr sse sse2 ss ht tm pbe syscall nx pdpe1gb rdtscp lm constant_tsc art arch_perfmon pebs bts rep_good nopl xtopology nonstop_tsc cpuid aperfmperf pni pclmulqdq dtes64 monitor ds_cpl vmx smx est tm2 ssse3 sdbg fma cx16 xtpr pdcm pcid dca sse4_1 sse4_2 x2apic movbe popcnt tsc_deadline_timer aes xsave avx f16c rdrand lahf_lm abm 3dnowprefetch cpuid_fault epb cat_l3 ssbd mba ibrs ibpb stibp ibrs_enhanced tpr_shadow flexpriority ept vpid ept_ad fsgsbase tsc_adjust bmi1 avx2 smep bmi2 erms invpcid cqm rdt_a avx512f avx512dq rdseed adx smap avx512ifma clflushopt clwb intel_pt avx512cd sha_ni avx512bw avx512vl xsaveopt xsavec xgetbv1 xsaves cqm_llc cqm_occup_llc cqm_mbm_total cqm_mbm_local split_lock_detect wbnoinvd dtherm ida arat pln pts vnmi avx512vbmi umip pku ospke avx512_vbmi2 gfni vaes vpclmulqdq avx512_vnni avx512_bitalg tme avx512_vpopcntdq la57 rdpid fsrm md_clear pconfig flush_l1d arch_capabilities
vmx flags	: vnmi preemption_timer posted_intr invvpid ept_x_only ept_ad ept_1gb flexpriority apicv tsc_offset vtpr mtf vapic ept vpid unrestricted_guest vapic_reg vid ple shadow_vmcs pml ept_mode_based_exec tsc_scaling
bugs		: spectre_v1 spectre_v2 spec_store_bypass swapgs mmio_stale_data eibrs_pbrsb gds bhi its its_native_only
bogomips	: 5200.00
clflush size	: 64
cache_alignment	: 64
address sizes	: 46 bits physical, 57 bits virtual
power management:

processor	: 64
vendor_id	: GenuineIntel
cpu family	: 6
model		: 106
model name	: Intel(R) Xeon(R) Platinum 8368Q CPU @ 2.60GHz
stepping	: 6
microcode	: 0xd000421
cpu MHz		: 800.000
cache size	: 58368 KB
physical id	: 0
siblings	: 76
core id		: 26
cpu cores	: 38
apicid		: 53
initial apicid	: 53
fpu		: yes
fpu_exception	: yes
cpuid level	: 27
wp		: yes
flags		: fpu vme de pse tsc msr pae mce cx8 apic sep mtrr pge mca cmov pat pse36 clflush dts acpi mmx fxsr sse sse2 ss ht tm pbe syscall nx pdpe1gb rdtscp lm constant_tsc art arch_perfmon pebs bts rep_good nopl xtopology nonstop_tsc cpuid aperfmperf pni pclmulqdq dtes64 monitor ds_cpl vmx smx est tm2 ssse3 sdbg fma cx16 xtpr pdcm pcid dca sse4_1 sse4_2 x2apic movbe popcnt tsc_deadline_timer aes xsave avx f16c rdrand lahf_lm abm 3dnowprefetch cpuid_fault epb cat_l3 ssbd mba ibrs ibpb stibp ibrs_enhanced tpr_shadow flexpriority ept vpid ept_ad fsgsbase tsc_adjust bmi1 avx2 smep bmi2 erms invpcid cqm rdt_a avx512f avx512dq rdseed adx smap avx512ifma clflushopt clwb intel_pt avx512cd sha_ni avx512bw avx512vl xsaveopt xsavec xgetbv1 xsaves cqm_llc cqm_occup_llc cqm_mbm_total cqm_mbm_local split_lock_detect wbnoinvd dtherm ida arat pln pts vnmi avx512vbmi umip pku ospke avx512_vbmi2 gfni vaes vpclmulqdq avx512_vnni avx512_bitalg tme avx512_vpopcntdq la57 rdpid fsrm md_clear pconfig flush_l1d arch_capabilities
vmx flags	: vnmi preemption_timer posted_intr invvpid ept_x_only ept_ad ept_1gb flexpriority apicv tsc_offset vtpr mtf vapic ept vpid unrestricted_guest vapic_reg vid ple shadow_vmcs pml ept_mode_based_exec tsc_scaling
bugs		: spectre_v1 spectre_v2 spec_store_bypass swapgs mmio_stale_data eibrs_pbrsb gds bhi its its_native_only
bogomips	: 5200.00
clflush size	: 64
cache_alignment	: 64
address sizes	: 46 bits physical, 57 bits virtual
power management:

processor	: 65
vendor_id	: GenuineIntel
cpu family	: 6
model		: 106
model name	: Intel(R) Xeon(R) Platinum 8368Q CPU @ 2.60GHz
stepping	: 6
microcode	: 0xd000421
cpu MHz		: 2400.000
cache size	: 58368 KB
physical id	: 0
siblings	: 76
core id		: 27
cpu cores	: 38
apicid		: 55
initial apicid	: 55
fpu		: yes
fpu_exception	: yes
cpuid level	: 27
wp		: yes
flags		: fpu vme de pse tsc msr pae mce cx8 apic sep mtrr pge mca cmov pat pse36 clflush dts acpi mmx fxsr sse sse2 ss ht tm pbe syscall nx pdpe1gb rdtscp lm constant_tsc art arch_perfmon pebs bts rep_good nopl xtopology nonstop_tsc cpuid aperfmperf pni pclmulqdq dtes64 monitor ds_cpl vmx smx est tm2 ssse3 sdbg fma cx16 xtpr pdcm pcid dca sse4_1 sse4_2 x2apic movbe popcnt tsc_deadline_timer aes xsave avx f16c rdrand lahf_lm abm 3dnowprefetch cpuid_fault epb cat_l3 ssbd mba ibrs ibpb stibp ibrs_enhanced tpr_shadow flexpriority ept vpid ept_ad fsgsbase tsc_adjust bmi1 avx2 smep bmi2 erms invpcid cqm rdt_a avx512f avx512dq rdseed adx smap avx512ifma clflushopt clwb intel_pt avx512cd sha_ni avx512bw avx512vl xsaveopt xsavec xgetbv1 xsaves cqm_llc cqm_occup_llc cqm_mbm_total cqm_mbm_local split_lock_detect wbnoinvd dtherm ida arat pln pts vnmi avx512vbmi umip pku ospke avx512_vbmi2 gfni vaes vpclmulqdq avx512_vnni avx512_bitalg tme avx512_vpopcntdq la57 rdpid fsrm md_clear pconfig flush_l1d arch_capabilities
vmx flags	: vnmi preemption_timer posted_intr invvpid ept_x_only ept_ad ept_1gb flexpriority apicv tsc_offset vtpr mtf vapic ept vpid unrestricted_guest vapic_reg vid ple shadow_vmcs pml ept_mode_based_exec tsc_scaling
bugs		: spectre_v1 spectre_v2 spec_store_bypass swapgs mmio_stale_data eibrs_pbrsb gds bhi its its_native_only
bogomips	: 5200.00
clflush size	: 64
cache_alignment	: 64
address sizes	: 46 bits physical, 57 bits virtual
power management:

processor	: 66
vendor_id	: GenuineIntel
cpu family	: 6
model		: 106
model name	: Intel(R) Xeon(R) Platinum 8368Q CPU @ 2.60GHz
stepping	: 6
microcode	: 0xd000421
cpu MHz		: 852.524
cache size	: 58368 KB
physical id	: 0
siblings	: 76
core id		: 28
cpu cores	: 38
apicid		: 57
initial apicid	: 57
fpu		: yes
fpu_exception	: yes
cpuid level	: 27
wp		: yes
flags		: fpu vme de pse tsc msr pae mce cx8 apic sep mtrr pge mca cmov pat pse36 clflush dts acpi mmx fxsr sse sse2 ss ht tm pbe syscall nx pdpe1gb rdtscp lm constant_tsc art arch_perfmon pebs bts rep_good nopl xtopology nonstop_tsc cpuid aperfmperf pni pclmulqdq dtes64 monitor ds_cpl vmx smx est tm2 ssse3 sdbg fma cx16 xtpr pdcm pcid dca sse4_1 sse4_2 x2apic movbe popcnt tsc_deadline_timer aes xsave avx f16c rdrand lahf_lm abm 3dnowprefetch cpuid_fault epb cat_l3 ssbd mba ibrs ibpb stibp ibrs_enhanced tpr_shadow flexpriority ept vpid ept_ad fsgsbase tsc_adjust bmi1 avx2 smep bmi2 erms invpcid cqm rdt_a avx512f avx512dq rdseed adx smap avx512ifma clflushopt clwb intel_pt avx512cd sha_ni avx512bw avx512vl xsaveopt xsavec xgetbv1 xsaves cqm_llc cqm_occup_llc cqm_mbm_total cqm_mbm_local split_lock_detect wbnoinvd dtherm ida arat pln pts vnmi avx512vbmi umip pku ospke avx512_vbmi2 gfni vaes vpclmulqdq avx512_vnni avx512_bitalg tme avx512_vpopcntdq la57 rdpid fsrm md_clear pconfig flush_l1d arch_capabilities
vmx flags	: vnmi preemption_timer posted_intr invvpid ept_x_only ept_ad ept_1gb flexpriority apicv tsc_offset vtpr mtf vapic ept vpid unrestricted_guest vapic_reg vid ple shadow_vmcs pml ept_mode_based_exec tsc_scaling
bugs		: spectre_v1 spectre_v2 spec_store_bypass swapgs mmio_stale_data eibrs_pbrsb gds bhi its its_native_only
bogomips	: 5200.00
clflush size	: 64
cache_alignment	: 64
address sizes	: 46 bits physical, 57 bits virtual
power management:

processor	: 67
vendor_id	: GenuineIntel
cpu family	: 6
model		: 106
model name	: Intel(R) Xeon(R) Platinum 8368Q CPU @ 2.60GHz
stepping	: 6
microcode	: 0xd000421
cpu MHz		: 800.000
cache size	: 58368 KB
physical id	: 0
siblings	: 76
core id		: 29
cpu cores	: 38
apicid		: 59
initial apicid	: 59
fpu		: yes
fpu_exception	: yes
cpuid level	: 27
wp		: yes
flags		: fpu vme de pse tsc msr pae mce cx8 apic sep mtrr pge mca cmov pat pse36 clflush dts acpi mmx fxsr sse sse2 ss ht tm pbe syscall nx pdpe1gb rdtscp lm constant_tsc art arch_perfmon pebs bts rep_good nopl xtopology nonstop_tsc cpuid aperfmperf pni pclmulqdq dtes64 monitor ds_cpl vmx smx est tm2 ssse3 sdbg fma cx16 xtpr pdcm pcid dca sse4_1 sse4_2 x2apic movbe popcnt tsc_deadline_timer aes xsave avx f16c rdrand lahf_lm abm 3dnowprefetch cpuid_fault epb cat_l3 ssbd mba ibrs ibpb stibp ibrs_enhanced tpr_shadow flexpriority ept vpid ept_ad fsgsbase tsc_adjust bmi1 avx2 smep bmi2 erms invpcid cqm rdt_a avx512f avx512dq rdseed adx smap avx512ifma clflushopt clwb intel_pt avx512cd sha_ni avx512bw avx512vl xsaveopt xsavec xgetbv1 xsaves cqm_llc cqm_occup_llc cqm_mbm_total cqm_mbm_local split_lock_detect wbnoinvd dtherm ida arat pln pts vnmi avx512vbmi umip pku ospke avx512_vbmi2 gfni vaes vpclmulqdq avx512_vnni avx512_bitalg tme avx512_vpopcntdq la57 rdpid fsrm md_clear pconfig flush_l1d arch_capabilities
vmx flags	: vnmi preemption_timer posted_intr invvpid ept_x_only ept_ad ept_1gb flexpriority apicv tsc_offset vtpr mtf vapic ept vpid unrestricted_guest vapic_reg vid ple shadow_vmcs pml ept_mode_based_exec tsc_scaling
bugs		: spectre_v1 spectre_v2 spec_store_bypass swapgs mmio_stale_data eibrs_pbrsb gds bhi its its_native_only
bogomips	: 5200.00
clflush size	: 64
cache_alignment	: 64
address sizes	: 46 bits physical, 57 bits virtual
power management:

processor	: 68
vendor_id	: GenuineIntel
cpu family	: 6
model		: 106
model name	: Intel(R) Xeon(R) Platinum 8368Q CPU @ 2.60GHz
stepping	: 6
microcode	: 0xd000421
cpu MHz		: 800.000
cache size	: 58368 KB
physical id	: 0
siblings	: 76
core id		: 30
cpu cores	: 38
apicid		: 61
initial apicid	: 61
fpu		: yes
fpu_exception	: yes
cpuid level	: 27
wp		: yes
flags		: fpu vme de pse tsc msr pae mce cx8 apic sep mtrr pge mca cmov pat pse36 clflush dts acpi mmx fxsr sse sse2 ss ht tm pbe syscall nx pdpe1gb rdtscp lm constant_tsc art arch_perfmon pebs bts rep_good nopl xtopology nonstop_tsc cpuid aperfmperf pni pclmulqdq dtes64 monitor ds_cpl vmx smx est tm2 ssse3 sdbg fma cx16 xtpr pdcm pcid dca sse4_1 sse4_2 x2apic movbe popcnt tsc_deadline_timer aes xsave avx f16c rdrand lahf_lm abm 3dnowprefetch cpuid_fault epb cat_l3 ssbd mba ibrs ibpb stibp ibrs_enhanced tpr_shadow flexpriority ept vpid ept_ad fsgsbase tsc_adjust bmi1 avx2 smep bmi2 erms invpcid cqm rdt_a avx512f avx512dq rdseed adx smap avx512ifma clflushopt clwb intel_pt avx512cd sha_ni avx512bw avx512vl xsaveopt xsavec xgetbv1 xsaves cqm_llc cqm_occup_llc cqm_mbm_total cqm_mbm_local split_lock_detect wbnoinvd dtherm ida arat pln pts vnmi avx512vbmi umip pku ospke avx512_vbmi2 gfni vaes vpclmulqdq avx512_vnni avx512_bitalg tme avx512_vpopcntdq la57 rdpid fsrm md_clear pconfig flush_l1d arch_capabilities
vmx flags	: vnmi preemption_timer posted_intr invvpid ept_x_only ept_ad ept_1gb flexpriority apicv tsc_offset vtpr mtf vapic ept vpid unrestricted_guest vapic_reg vid ple shadow_vmcs pml ept_mode_based_exec tsc_scaling
bugs		: spectre_v1 spectre_v2 spec_store_bypass swapgs mmio_stale_data eibrs_pbrsb gds bhi its its_native_only
bogomips	: 5200.00
clflush size	: 64
cache_alignment	: 64
address sizes	: 46 bits physical, 57 bits virtual
power management:

processor	: 69
vendor_id	: GenuineIntel
cpu family	: 6
model		: 106
model name	: Intel(R) Xeon(R) Platinum 8368Q CPU @ 2.60GHz
stepping	: 6
microcode	: 0xd000421
cpu MHz		: 800.000
cache size	: 58368 KB
physical id	: 0
siblings	: 76
core id		: 31
cpu cores	: 38
apicid		: 63
initial apicid	: 63
fpu		: yes
fpu_exception	: yes
cpuid level	: 27
wp		: yes
flags		: fpu vme de pse tsc msr pae mce cx8 apic sep mtrr pge mca cmov pat pse36 clflush dts acpi mmx fxsr sse sse2 ss ht tm pbe syscall nx pdpe1gb rdtscp lm constant_tsc art arch_perfmon pebs bts rep_good nopl xtopology nonstop_tsc cpuid aperfmperf pni pclmulqdq dtes64 monitor ds_cpl vmx smx est tm2 ssse3 sdbg fma cx16 xtpr pdcm pcid dca sse4_1 sse4_2 x2apic movbe popcnt tsc_deadline_timer aes xsave avx f16c rdrand lahf_lm abm 3dnowprefetch cpuid_fault epb cat_l3 ssbd mba ibrs ibpb stibp ibrs_enhanced tpr_shadow flexpriority ept vpid ept_ad fsgsbase tsc_adjust bmi1 avx2 smep bmi2 erms invpcid cqm rdt_a avx512f avx512dq rdseed adx smap avx512ifma clflushopt clwb intel_pt avx512cd sha_ni avx512bw avx512vl xsaveopt xsavec xgetbv1 xsaves cqm_llc cqm_occup_llc cqm_mbm_total cqm_mbm_local split_lock_detect wbnoinvd dtherm ida arat pln pts vnmi avx512vbmi umip pku ospke avx512_vbmi2 gfni vaes vpclmulqdq avx512_vnni avx512_bitalg tme avx512_vpopcntdq la57 rdpid fsrm md_clear pconfig flush_l1d arch_capabilities
vmx flags	: vnmi preemption_timer posted_intr invvpid ept_x_only ept_ad ept_1gb flexpriority apicv tsc_offset vtpr mtf vapic ept vpid unrestricted_guest vapic_reg vid ple shadow_vmcs pml ept_mode_based_exec tsc_scaling
bugs		: spectre_v1 spectre_v2 spec_store_bypass swapgs mmio_stale_data eibrs_pbrsb gds bhi its its_native_only
bogomips	: 5200.00
clflush size	: 64
cache_alignment	: 64
address sizes	: 46 bits physical, 57 bits virtual
power management:

processor	: 70
vendor_id	: GenuineIntel
cpu family	: 6
model		: 106
model name	: Intel(R) Xeon(R) Platinum 8368Q CPU @ 2.60GHz
stepping	: 6
microcode	: 0xd000421
cpu MHz		: 799.968
cache size	: 58368 KB
physical id	: 0
siblings	: 76
core id		: 32
cpu cores	: 38
apicid		: 65
initial apicid	: 65
fpu		: yes
fpu_exception	: yes
cpuid level	: 27
wp		: yes
flags		: fpu vme de pse tsc msr pae mce cx8 apic sep mtrr pge mca cmov pat pse36 clflush dts acpi mmx fxsr sse sse2 ss ht tm pbe syscall nx pdpe1gb rdtscp lm constant_tsc art arch_perfmon pebs bts rep_good nopl xtopology nonstop_tsc cpuid aperfmperf pni pclmulqdq dtes64 monitor ds_cpl vmx smx est tm2 ssse3 sdbg fma cx16 xtpr pdcm pcid dca sse4_1 sse4_2 x2apic movbe popcnt tsc_deadline_timer aes xsave avx f16c rdrand lahf_lm abm 3dnowprefetch cpuid_fault epb cat_l3 ssbd mba ibrs ibpb stibp ibrs_enhanced tpr_shadow flexpriority ept vpid ept_ad fsgsbase tsc_adjust bmi1 avx2 smep bmi2 erms invpcid cqm rdt_a avx512f avx512dq rdseed adx smap avx512ifma clflushopt clwb intel_pt avx512cd sha_ni avx512bw avx512vl xsaveopt xsavec xgetbv1 xsaves cqm_llc cqm_occup_llc cqm_mbm_total cqm_mbm_local split_lock_detect wbnoinvd dtherm ida arat pln pts vnmi avx512vbmi umip pku ospke avx512_vbmi2 gfni vaes vpclmulqdq avx512_vnni avx512_bitalg tme avx512_vpopcntdq la57 rdpid fsrm md_clear pconfig flush_l1d arch_capabilities
vmx flags	: vnmi preemption_timer posted_intr invvpid ept_x_only ept_ad ept_1gb flexpriority apicv tsc_offset vtpr mtf vapic ept vpid unrestricted_guest vapic_reg vid ple shadow_vmcs pml ept_mode_based_exec tsc_scaling
bugs		: spectre_v1 spectre_v2 spec_store_bypass swapgs mmio_stale_data eibrs_pbrsb gds bhi its its_native_only
bogomips	: 5200.00
clflush size	: 64
cache_alignment	: 64
address sizes	: 46 bits physical, 57 bits virtual
power management:

processor	: 71
vendor_id	: GenuineIntel
cpu family	: 6
model		: 106
model name	: Intel(R) Xeon(R) Platinum 8368Q CPU @ 2.60GHz
stepping	: 6
microcode	: 0xd000421
cpu MHz		: 799.955
cache size	: 58368 KB
physical id	: 0
siblings	: 76
core id		: 33
cpu cores	: 38
apicid		: 67
initial apicid	: 67
fpu		: yes
fpu_exception	: yes
cpuid level	: 27
wp		: yes
flags		: fpu vme de pse tsc msr pae mce cx8 apic sep mtrr pge mca cmov pat pse36 clflush dts acpi mmx fxsr sse sse2 ss ht tm pbe syscall nx pdpe1gb rdtscp lm constant_tsc art arch_perfmon pebs bts rep_good nopl xtopology nonstop_tsc cpuid aperfmperf pni pclmulqdq dtes64 monitor ds_cpl vmx smx est tm2 ssse3 sdbg fma cx16 xtpr pdcm pcid dca sse4_1 sse4_2 x2apic movbe popcnt tsc_deadline_timer aes xsave avx f16c rdrand lahf_lm abm 3dnowprefetch cpuid_fault epb cat_l3 ssbd mba ibrs ibpb stibp ibrs_enhanced tpr_shadow flexpriority ept vpid ept_ad fsgsbase tsc_adjust bmi1 avx2 smep bmi2 erms invpcid cqm rdt_a avx512f avx512dq rdseed adx smap avx512ifma clflushopt clwb intel_pt avx512cd sha_ni avx512bw avx512vl xsaveopt xsavec xgetbv1 xsaves cqm_llc cqm_occup_llc cqm_mbm_total cqm_mbm_local split_lock_detect wbnoinvd dtherm ida arat pln pts vnmi avx512vbmi umip pku ospke avx512_vbmi2 gfni vaes vpclmulqdq avx512_vnni avx512_bitalg tme avx512_vpopcntdq la57 rdpid fsrm md_clear pconfig flush_l1d arch_capabilities
vmx flags	: vnmi preemption_timer posted_intr invvpid ept_x_only ept_ad ept_1gb flexpriority apicv tsc_offset vtpr mtf vapic ept vpid unrestricted_guest vapic_reg vid ple shadow_vmcs pml ept_mode_based_exec tsc_scaling
bugs		: spectre_v1 spectre_v2 spec_store_bypass swapgs mmio_stale_data eibrs_pbrsb gds bhi its its_native_only
bogomips	: 5200.00
clflush size	: 64
cache_alignment	: 64
address sizes	: 46 bits physical, 57 bits virtual
power management:

processor	: 72
vendor_id	: GenuineIntel
cpu family	: 6
model		: 106
model name	: Intel(R) Xeon(R) Platinum 8368Q CPU @ 2.60GHz
stepping	: 6
microcode	: 0xd000421
cpu MHz		: 1406.885
cache size	: 58368 KB
physical id	: 0
siblings	: 76
core id		: 34
cpu cores	: 38
apicid		: 69
initial apicid	: 69
fpu		: yes
fpu_exception	: yes
cpuid level	: 27
wp		: yes
flags		: fpu vme de pse tsc msr pae mce cx8 apic sep mtrr pge mca cmov pat pse36 clflush dts acpi mmx fxsr sse sse2 ss ht tm pbe syscall nx pdpe1gb rdtscp lm constant_tsc art arch_perfmon pebs bts rep_good nopl xtopology nonstop_tsc cpuid aperfmperf pni pclmulqdq dtes64 monitor ds_cpl vmx smx est tm2 ssse3 sdbg fma cx16 xtpr pdcm pcid dca sse4_1 sse4_2 x2apic movbe popcnt tsc_deadline_timer aes xsave avx f16c rdrand lahf_lm abm 3dnowprefetch cpuid_fault epb cat_l3 ssbd mba ibrs ibpb stibp ibrs_enhanced tpr_shadow flexpriority ept vpid ept_ad fsgsbase tsc_adjust bmi1 avx2 smep bmi2 erms invpcid cqm rdt_a avx512f avx512dq rdseed adx smap avx512ifma clflushopt clwb intel_pt avx512cd sha_ni avx512bw avx512vl xsaveopt xsavec xgetbv1 xsaves cqm_llc cqm_occup_llc cqm_mbm_total cqm_mbm_local split_lock_detect wbnoinvd dtherm ida arat pln pts vnmi avx512vbmi umip pku ospke avx512_vbmi2 gfni vaes vpclmulqdq avx512_vnni avx512_bitalg tme avx512_vpopcntdq la57 rdpid fsrm md_clear pconfig flush_l1d arch_capabilities
vmx flags	: vnmi preemption_timer posted_intr invvpid ept_x_only ept_ad ept_1gb flexpriority apicv tsc_offset vtpr mtf vapic ept vpid unrestricted_guest vapic_reg vid ple shadow_vmcs pml ept_mode_based_exec tsc_scaling
bugs		: spectre_v1 spectre_v2 spec_store_bypass swapgs mmio_stale_data eibrs_pbrsb gds bhi its its_native_only
bogomips	: 5200.00
clflush size	: 64
cache_alignment	: 64
address sizes	: 46 bits physical, 57 bits virtual
power management:

processor	: 73
vendor_id	: GenuineIntel
cpu family	: 6
model		: 106
model name	: Intel(R) Xeon(R) Platinum 8368Q CPU @ 2.60GHz
stepping	: 6
microcode	: 0xd000421
cpu MHz		: 800.000
cache size	: 58368 KB
physical id	: 0
siblings	: 76
core id		: 35
cpu cores	: 38
apicid		: 71
initial apicid	: 71
fpu		: yes
fpu_exception	: yes
cpuid level	: 27
wp		: yes
flags		: fpu vme de pse tsc msr pae mce cx8 apic sep mtrr pge mca cmov pat pse36 clflush dts acpi mmx fxsr sse sse2 ss ht tm pbe syscall nx pdpe1gb rdtscp lm constant_tsc art arch_perfmon pebs bts rep_good nopl xtopology nonstop_tsc cpuid aperfmperf pni pclmulqdq dtes64 monitor ds_cpl vmx smx est tm2 ssse3 sdbg fma cx16 xtpr pdcm pcid dca sse4_1 sse4_2 x2apic movbe popcnt tsc_deadline_timer aes xsave avx f16c rdrand lahf_lm abm 3dnowprefetch cpuid_fault epb cat_l3 ssbd mba ibrs ibpb stibp ibrs_enhanced tpr_shadow flexpriority ept vpid ept_ad fsgsbase tsc_adjust bmi1 avx2 smep bmi2 erms invpcid cqm rdt_a avx512f avx512dq rdseed adx smap avx512ifma clflushopt clwb intel_pt avx512cd sha_ni avx512bw avx512vl xsaveopt xsavec xgetbv1 xsaves cqm_llc cqm_occup_llc cqm_mbm_total cqm_mbm_local split_lock_detect wbnoinvd dtherm ida arat pln pts vnmi avx512vbmi umip pku ospke avx512_vbmi2 gfni vaes vpclmulqdq avx512_vnni avx512_bitalg tme avx512_vpopcntdq la57 rdpid fsrm md_clear pconfig flush_l1d arch_capabilities
vmx flags	: vnmi preemption_timer posted_intr invvpid ept_x_only ept_ad ept_1gb flexpriority apicv tsc_offset vtpr mtf vapic ept vpid unrestricted_guest vapic_reg vid ple shadow_vmcs pml ept_mode_based_exec tsc_scaling
bugs		: spectre_v1 spectre_v2 spec_store_bypass swapgs mmio_stale_data eibrs_pbrsb gds bhi its its_native_only
bogomips	: 5200.00
clflush size	: 64
cache_alignment	: 64
address sizes	: 46 bits physical, 57 bits virtual
power management:

processor	: 74
vendor_id	: GenuineIntel
cpu family	: 6
model		: 106
model name	: Intel(R) Xeon(R) Platinum 8368Q CPU @ 2.60GHz
stepping	: 6
microcode	: 0xd000421
cpu MHz		: 900.000
cache size	: 58368 KB
physical id	: 0
siblings	: 76
core id		: 36
cpu cores	: 38
apicid		: 73
initial apicid	: 73
fpu		: yes
fpu_exception	: yes
cpuid level	: 27
wp		: yes
flags		: fpu vme de pse tsc msr pae mce cx8 apic sep mtrr pge mca cmov pat pse36 clflush dts acpi mmx fxsr sse sse2 ss ht tm pbe syscall nx pdpe1gb rdtscp lm constant_tsc art arch_perfmon pebs bts rep_good nopl xtopology nonstop_tsc cpuid aperfmperf pni pclmulqdq dtes64 monitor ds_cpl vmx smx est tm2 ssse3 sdbg fma cx16 xtpr pdcm pcid dca sse4_1 sse4_2 x2apic movbe popcnt tsc_deadline_timer aes xsave avx f16c rdrand lahf_lm abm 3dnowprefetch cpuid_fault epb cat_l3 ssbd mba ibrs ibpb stibp ibrs_enhanced tpr_shadow flexpriority ept vpid ept_ad fsgsbase tsc_adjust bmi1 avx2 smep bmi2 erms invpcid cqm rdt_a avx512f avx512dq rdseed adx smap avx512ifma clflushopt clwb intel_pt avx512cd sha_ni avx512bw avx512vl xsaveopt xsavec xgetbv1 xsaves cqm_llc cqm_occup_llc cqm_mbm_total cqm_mbm_local split_lock_detect wbnoinvd dtherm ida arat pln pts vnmi avx512vbmi umip pku ospke avx512_vbmi2 gfni vaes vpclmulqdq avx512_vnni avx512_bitalg tme avx512_vpopcntdq la57 rdpid fsrm md_clear pconfig flush_l1d arch_capabilities
vmx flags	: vnmi preemption_timer posted_intr invvpid ept_x_only ept_ad ept_1gb flexpriority apicv tsc_offset vtpr mtf vapic ept vpid unrestricted_guest vapic_reg vid ple shadow_vmcs pml ept_mode_based_exec tsc_scaling
bugs		: spectre_v1 spectre_v2 spec_store_bypass swapgs mmio_stale_data eibrs_pbrsb gds bhi its its_native_only
bogomips	: 5200.00
clflush size	: 64
cache_alignment	: 64
address sizes	: 46 bits physical, 57 bits virtual
power management:

processor	: 75
vendor_id	: GenuineIntel
cpu family	: 6
model		: 106
model name	: Intel(R) Xeon(R) Platinum 8368Q CPU @ 2.60GHz
stepping	: 6
microcode	: 0xd000421
cpu MHz		: 1015.820
cache size	: 58368 KB
physical id	: 0
siblings	: 76
core id		: 37
cpu cores	: 38
apicid		: 75
initial apicid	: 75
fpu		: yes
fpu_exception	: yes
cpuid level	: 27
wp		: yes
flags		: fpu vme de pse tsc msr pae mce cx8 apic sep mtrr pge mca cmov pat pse36 clflush dts acpi mmx fxsr sse sse2 ss ht tm pbe syscall nx pdpe1gb rdtscp lm constant_tsc art arch_perfmon pebs bts rep_good nopl xtopology nonstop_tsc cpuid aperfmperf pni pclmulqdq dtes64 monitor ds_cpl vmx smx est tm2 ssse3 sdbg fma cx16 xtpr pdcm pcid dca sse4_1 sse4_2 x2apic movbe popcnt tsc_deadline_timer aes xsave avx f16c rdrand lahf_lm abm 3dnowprefetch cpuid_fault epb cat_l3 ssbd mba ibrs ibpb stibp ibrs_enhanced tpr_shadow flexpriority ept vpid ept_ad fsgsbase tsc_adjust bmi1 avx2 smep bmi2 erms invpcid cqm rdt_a avx512f avx512dq rdseed adx smap avx512ifma clflushopt clwb intel_pt avx512cd sha_ni avx512bw avx512vl xsaveopt xsavec xgetbv1 xsaves cqm_llc cqm_occup_llc cqm_mbm_total cqm_mbm_local split_lock_detect wbnoinvd dtherm ida arat pln pts vnmi avx512vbmi umip pku ospke avx512_vbmi2 gfni vaes vpclmulqdq avx512_vnni avx512_bitalg tme avx512_vpopcntdq la57 rdpid fsrm md_clear pconfig flush_l1d arch_capabilities
vmx flags	: vnmi preemption_timer posted_intr invvpid ept_x_only ept_ad ept_1gb flexpriority apicv tsc_offset vtpr mtf vapic ept vpid unrestricted_guest vapic_reg vid ple shadow_vmcs pml ept_mode_based_exec tsc_scaling
bugs		: spectre_v1 spectre_v2 spec_store_bypass swapgs mmio_stale_data eibrs_pbrsb gds bhi its its_native_only
bogomips	: 5200.00
clflush size	: 64
cache_alignment	: 64
address sizes	: 46 bits physical, 57 bits virtual
power management:



Memory: 4k page, physical 263542384k(250409928k free), swap 2097148k(2097148k free)

vm_info: OpenJDK 64-Bit Server VM (25.482-b08) for linux-amd64 JRE (1.8.0_482-8u482-ga~us1-0ubuntu1~22.04-b08), built on Jan 25 2026 21:05:59 by "buildd" with gcc 11.4.0

time: Tue Mar 10 05:20:06 2026
timezone: EDT
elapsed time: 19.058963 seconds (0d 0h 0m 19s)

