#
# A fatal error has been detected by the Java Runtime Environment:
#
#  SIGSEGV (0xb) at pc=0x00007187fa0b13dc, pid=434623, tid=0x00007187f0bff640
#
# JRE version: OpenJDK Runtime Environment (8.0_482-b08) (build 1.8.0_482-8u482-ga~us1-0ubuntu1~22.04-b08)
# Java VM: OpenJDK 64-Bit Server VM (25.482-b08 mixed mode linux-amd64 )
# Problematic frame:
# C  [libforl0_engine.so+0x463dc]  Java_org_apache_flink_state_forl0_NativeEngine_valueGetGeneric+0x19c
#
# Failed to write core dump. Core dumps have been disabled. To enable core dumping, try "ulimit -c unlimited" before starting Java again
#
# If you would like to submit a bug report, please visit:
#   http://bugreport.java.com/bugreport/crash.jsp
# The crash happened outside the Java Virtual Machine in native code.
# See problematic frame for where to report the bug.
#

---------------  T H R E A D  ---------------

Current thread (0x00007186952f8000):  JavaThread "GlobalWindowAggregate[7] -> Calc[9] -> LocalWindowAggregate[10] (3/4)#0" [_thread_in_native, id=438874, stack(0x00007187f0b00000,0x00007187f0c00000)]

siginfo: si_signo: 11 (SIGSEGV), si_code: 1 (SEGV_MAPERR), si_addr: 0x000070842400401e

Registers:
RAX=0x0000000000000014, RBX=0x0000718464043ef0, RCX=0x0000000000000014, RDX=0xeafd7edffea0f0e4
RSP=0x00007187f0bfdf70, RBP=0x00007186952f8260, RSI=0x000071846402452f, RDI=0x40440a4f00000000
R8 =0xbfc14ae6826563d6, R9 =0x000070842400400a, R10=0x00007196550183bb, R11=0x0000719669a32160
R12=0x000000000000001c, R13=0x0000718464024530, R14=0x000071846402f0a0, R15=0x000070842400400a
RIP=0x00007187fa0b13dc, EFLAGS=0x0000000000010206, CSGSFS=0x002b000000000033, ERR=0x0000000000000004
  TRAPNO=0x000000000000000e

Top of Stack: (sp=0x00007187f0bfdf70)
0x00007187f0bfdf70:   00007187f0bfdf88 000071846402f0a0
0x00007187f0bfdf80:   0000000000000000 0000000000000014
0x00007187f0bfdf90:   1e1e1e1e1e1e1e1e 1e1e1e1e1e1e1e1e
0x00007187f0bfdfa0:   00007187f0bfe018 0000719655008019
0x00007187f0bfdfb0:   0000718464043ef0 00007187f0bfdfe0
0x00007187f0bfdfc0:   000071846402452f 00007186952f8260
0x00007187f0bfdfd0:   000071846402f0a0 000000000000001c
0x00007187f0bfdfe0:   000000000000001c 00007187f0bfe038
0x00007187f0bfdff0:   000071846402f0a0 000000000000001c
0x00007187f0bfe000:   000000000000001c 0000000000000000
0x00007187f0bfe010:   00007187f0bfe028 0c8b8f22f8fbfd00
0x00007187f0bfe020:   0000719655007fd4 00007187eade5980
0x00007187f0bfe030:   00007187f0bfe0c8 0000000000006d07
0x00007187f0bfe040:   00007187eade5980 00007187f0bfe100
0x00007187f0bfe050:   00007186952f8000 00007196550183e7
0x00007187f0bfe060:   0000000000000000 00007191d3450848
0x00007187f0bfe070:   00007187f0bfe0e8 0000719655007fd4
0x00007187f0bfe080:   00007187f0bfe0e8 00007187f0bfe088
0x00007187f0bfe090:   0000000000000000 00007187f0bfe100
0x00007187f0bfe0a0:   00007187eade8fd8 0000000000000000
0x00007187f0bfe0b0:   00007187eade5980 0000000000000000
0x00007187f0bfe0c0:   00007187f0bfe0e8 00007187f0bfe148
0x00007187f0bfe0d0:   0000719655007d60 00007188c0876568
0x00007187f0bfe0e0:   0000719655011a3b 000000000000004b
0x00007187f0bfe0f0:   00007191d3450848 0000718464001210
0x00007187f0bfe100:   00007191d3450848 00007187f0bfe108
0x00007187f0bfe110:   00007187eaa17c8d 00007187f0bfe178
0x00007187f0bfe120:   00007187eaa1bec8 00007187e9234bc8
0x00007187f0bfe130:   00007187eaa17d90 00007187f0bfe0e8
0x00007187f0bfe140:   00007187f0bfe178 00007187f0bfe1c0
0x00007187f0bfe150:   0000719655007e31 0000000000000000
0x00007187f0bfe160:   00007191d3450848 000000000000004b 

Instructions: (pc=0x00007187fa0b13dc)
0x00007187fa0b13bc:   62 f2 7d 08 7a e8 49 21 f1 4c 89 f8 4d 89 e5 c5
0x00007187fa0b13cc:   f9 7f 6c 24 20 4d 89 cf 49 89 c4 48 8b 44 24 18
0x00007187fa0b13dc:   c4 a1 7a 6f 24 38 c5 d9 74 44 24 20 c5 f9 7f 64
0x00007187fa0b13ec:   24 30 c5 79 d7 f0 45 85 f6 0f 84 48 01 00 00 48 

Register to memory mapping:

RAX=0x0000000000000014 is an unknown value
RBX=0x0000718464043ef0 is an unknown value
RCX=0x0000000000000014 is an unknown value
RDX=0xeafd7edffea0f0e4 is an unknown value
RSP=0x00007187f0bfdf70 is pointing into the stack for thread: 0x00007186952f8000
RBP=0x00007186952f8260 is an unknown value
RSI=0x000071846402452f is an unknown value
RDI=0x40440a4f00000000 is an unknown value
R8 =0xbfc14ae6826563d6 is an unknown value
R9 =0x000070842400400a is an unknown value
R10=0x00007196550183bb is at code_begin+859 in an Interpreter codelet
method entry point (kind = native)  [0x0000719655018060, 0x0000719655018a00]  2464 bytes
R11=0x0000719669a32160: <offset 0xa32160> in /usr/lib/jvm/java-8-openjdk-amd64/jre/lib/amd64/server/libjvm.so at 0x0000719669000000
R12=0x000000000000001c is an unknown value
R13=0x0000718464024530 is an unknown value
R14=0x000071846402f0a0 is an unknown value
R15=0x000070842400400a is an unknown value


Stack: [0x00007187f0b00000,0x00007187f0c00000],  sp=0x00007187f0bfdf70,  free space=1015k
Native frames: (J=compiled Java code, j=interpreted, Vv=VM code, C=native code)
C  [libforl0_engine.so+0x463dc]  Java_org_apache_flink_state_forl0_NativeEngine_valueGetGeneric+0x19c

Java frames: (J=compiled Java code, j=interpreted, Vv=VM code)
j  org.apache.flink.state.forl0.NativeEngine.valueGetGeneric(J[BI)[B+0
j  org.apache.flink.state.forl0.ForL0ValueState.value()Ljava/lang/Object;+325
j  org.apache.flink.table.runtime.operators.window.tvf.state.WindowValueState.value(Ljava/lang/Object;)Lorg/apache/flink/table/data/RowData;+14
j  org.apache.flink.table.runtime.operators.aggregate.window.combines.GlobalAggCombiner.combineAccumulator(Lorg/apache/flink/table/runtime/util/WindowKey;Lorg/apache/flink/table/data/RowData;)V+26
j  org.apache.flink.table.runtime.operators.aggregate.window.combines.GlobalAggCombiner.combine(Lorg/apache/flink/table/runtime/util/WindowKey;Ljava/util/Iterator;)V+77
j  org.apache.flink.table.runtime.operators.aggregate.window.buffers.RecordsWindowBuffer.flush()V+55
J 8809 C1 org.apache.flink.table.runtime.operators.aggregate.window.processors.AbstractSliceWindowAggProcessor.advanceProgress(J)V (63 bytes) @ 0x0000719655cf7e94 [0x0000719655cf7c20+0x274]
J 8808 C1 org.apache.flink.table.runtime.operators.window.tvf.common.WindowAggOperator.processWatermark(Lorg/apache/flink/streaming/api/watermark/Watermark;)V (56 bytes) @ 0x00007196557f432c [0x00007196557f4000+0x32c]
J 7107 C2 org.apache.flink.streaming.runtime.watermarkstatus.StatusWatermarkValve.inputWatermark(Lorg/apache/flink/streaming/api/watermark/Watermark;ILorg/apache/flink/streaming/runtime/io/PushingAsyncDataInput$DataOutput;)V (163 bytes) @ 0x0000719655beddec [0x0000719655bed720+0x6cc]
J 8543 C2 org.apache.flink.streaming.runtime.tasks.StreamTask.processInput(Lorg/apache/flink/streaming/runtime/tasks/mailbox/MailboxDefaultAction$Controller;)V (276 bytes) @ 0x0000719656915384 [0x00007196569128a0+0x2ae4]
J 6554 C2 org.apache.flink.streaming.runtime.tasks.StreamTask$$Lambda$675.runDefaultAction(Lorg/apache/flink/streaming/runtime/tasks/mailbox/MailboxDefaultAction$Controller;)V (9 bytes) @ 0x000071965659c0cc [0x000071965659c0a0+0x2c]
J 6458 C1 org.apache.flink.streaming.runtime.tasks.mailbox.MailboxProcessor.runMailboxLoop()V (104 bytes) @ 0x00007196564caf7c [0x00007196564ca860+0x71c]
j  org.apache.flink.streaming.runtime.tasks.StreamTask.runMailboxLoop()V+4
j  org.apache.flink.streaming.runtime.tasks.StreamTask.invoke()V+46
j  org.apache.flink.runtime.taskmanager.Task$$Lambda$1251.run()V+4
j  org.apache.flink.runtime.taskmanager.Task.runWithSystemExitMonitoring(Lorg/apache/flink/util/function/RunnableWithException;)V+4
j  org.apache.flink.runtime.taskmanager.Task.restoreAndInvoke(Lorg/apache/flink/runtime/jobgraph/tasks/TaskInvokable;)V+131
j  org.apache.flink.runtime.taskmanager.Task.doRun()V+712
j  org.apache.flink.runtime.taskmanager.Task.run()V+14
j  java.lang.Thread.run()V+11
v  ~StubRoutines::call_stub

---------------  P R O C E S S  ---------------

Java Threads: ( => current thread )
  0x00007183d6045800 JavaThread "System Time Trigger for GlobalWindowAggregate[7] -> Calc[9] -> LocalWindowAggregate[10] (2/4)#0" daemon [_thread_blocked, id=438914, stack(0x00007187ea500000,0x00007187ea600000)]
  0x000071843e023800 JavaThread "System Time Trigger for GlobalWindowAggregate[7] -> Calc[9] -> LocalWindowAggregate[10] (1/4)#0" daemon [_thread_blocked, id=438913, stack(0x00007187eb000000,0x00007187eb100000)]
  0x0000718402024800 JavaThread "System Time Trigger for GlobalWindowAggregate[7] -> Calc[9] -> LocalWindowAggregate[10] (4/4)#0" daemon [_thread_blocked, id=438911, stack(0x00007187eb900000,0x00007187eba00000)]
  0x0000718464045000 JavaThread "System Time Trigger for GlobalWindowAggregate[7] -> Calc[9] -> LocalWindowAggregate[10] (3/4)#0" daemon [_thread_blocked, id=438907, stack(0x00007187f10ff000,0x00007187f11ff000)]
  0x000071842d024000 JavaThread "System Time Trigger for Source: datagen[1] -> Calc[2] -> WatermarkAssigner[3] -> Calc[4] -> LocalWindowAggregate[5] (3/4)#0" daemon [_thread_blocked, id=438905, stack(0x00007187f12ff000,0x00007187f13ff000)]
  0x000071845c048800 JavaThread "System Time Trigger for Source: datagen[1] -> Calc[2] -> WatermarkAssigner[3] -> Calc[4] -> LocalWindowAggregate[5] (4/4)#0" daemon [_thread_blocked, id=438904, stack(0x00007187ebb00000,0x00007187ebc00000)]
  0x00007183c502a800 JavaThread "System Time Trigger for Source: datagen[1] -> Calc[2] -> WatermarkAssigner[3] -> Calc[4] -> LocalWindowAggregate[5] (2/4)#0" daemon [_thread_blocked, id=438901, stack(0x00007187eb600000,0x00007187eb700000)]
  0x0000718660022800 JavaThread "System Time Trigger for Source: datagen[1] -> Calc[2] -> WatermarkAssigner[3] -> Calc[4] -> LocalWindowAggregate[5] (1/4)#0" daemon [_thread_blocked, id=438898, stack(0x00007187e9a00000,0x00007187e9b00000)]
  0x000071842d023000 JavaThread "Time Trigger for Source: datagen[1] -> Calc[2] -> WatermarkAssigner[3] -> Calc[4] -> LocalWindowAggregate[5] (3/4)#0" daemon [_thread_blocked, id=438897, stack(0x00007187ea600000,0x00007187ea700000)]
  0x000071845c046800 JavaThread "Time Trigger for Source: datagen[1] -> Calc[2] -> WatermarkAssigner[3] -> Calc[4] -> LocalWindowAggregate[5] (4/4)#0" daemon [_thread_blocked, id=438891, stack(0x00007187e9400000,0x00007187e9500000)]
  0x00007183c5029800 JavaThread "Time Trigger for Source: datagen[1] -> Calc[2] -> WatermarkAssigner[3] -> Calc[4] -> LocalWindowAggregate[5] (2/4)#0" daemon [_thread_blocked, id=438890, stack(0x00007187eba00000,0x00007187ebb00000)]
  0x000071866002c800 JavaThread "Time Trigger for Source: datagen[1] -> Calc[2] -> WatermarkAssigner[3] -> Calc[4] -> LocalWindowAggregate[5] (1/4)#0" daemon [_thread_blocked, id=438889, stack(0x00007187ebe00000,0x00007187ebf00000)]
  0x0000718460050800 JavaThread "System Time Trigger for GlobalWindowAggregate[12] (1/1)#0" daemon [_thread_blocked, id=438888, stack(0x00007187f3600000,0x00007187f3700000)]
  0x00007183fc038000 JavaThread "System Time Trigger for WindowJoin[14] -> Calc[15] -> nexmark_q5[16]: Writer (1/1)#0" daemon [_thread_blocked, id=438885, stack(0x00007187ea400000,0x00007187ea500000)]
  0x0000718695322800 JavaThread "WindowJoin[14] -> Calc[15] -> nexmark_q5[16]: Writer (1/1)#0" [_thread_blocked, id=438883, stack(0x00007187e9e00000,0x00007187e9f00000)]
  0x000071846005b000 JavaThread "OutputFlusher for GlobalWindowAggregate[12] (1/1)#0" daemon [_thread_blocked, id=438882, stack(0x00007187eb100000,0x00007187eb200000)]
  0x000071869530e000 JavaThread "GlobalWindowAggregate[12] (1/1)#0" [_thread_blocked, id=438881, stack(0x00007187f0c00000,0x00007187f0d00000)]
  0x0000718400002800 JavaThread "OutputFlusher for GlobalWindowAggregate[7] -> Calc[9] -> LocalWindowAggregate[10] (4/4)#0" daemon [_thread_blocked, id=438880, stack(0x00007187eb300000,0x00007187eb400000)]
  0x0000718400001800 JavaThread "OutputFlusher for GlobalWindowAggregate[7] -> Calc[9] -> LocalWindowAggregate[10] (4/4)#0" daemon [_thread_blocked, id=438879, stack(0x00007187f0d00000,0x00007187f0e00000)]
  0x0000718464046000 JavaThread "OutputFlusher for GlobalWindowAggregate[7] -> Calc[9] -> LocalWindowAggregate[10] (3/4)#0" daemon [_thread_blocked, id=438877, stack(0x00007187f0000000,0x00007187f0100000)]
  0x000071846400c800 JavaThread "OutputFlusher for GlobalWindowAggregate[7] -> Calc[9] -> LocalWindowAggregate[10] (3/4)#0" daemon [_thread_blocked, id=438876, stack(0x00007187f0a00000,0x00007187f0b00000)]
  0x0000718695303000 JavaThread "GlobalWindowAggregate[7] -> Calc[9] -> LocalWindowAggregate[10] (4/4)#0" [_thread_in_native, id=438875, stack(0x00007187eb200000,0x00007187eb300000)]
=>0x00007186952f8000 JavaThread "GlobalWindowAggregate[7] -> Calc[9] -> LocalWindowAggregate[10] (3/4)#0" [_thread_in_native, id=438874, stack(0x00007187f0b00000,0x00007187f0c00000)]
  0x00007183d4004000 JavaThread "OutputFlusher for GlobalWindowAggregate[7] -> Calc[9] -> LocalWindowAggregate[10] (2/4)#0" daemon [_thread_blocked, id=438873, stack(0x00007187e9f00000,0x00007187ea000000)]
  0x00007183d4002800 JavaThread "OutputFlusher for GlobalWindowAggregate[7] -> Calc[9] -> LocalWindowAggregate[10] (2/4)#0" daemon [_thread_blocked, id=438872, stack(0x00007187e9b00000,0x00007187e9c00000)]
  0x00007186952ed800 JavaThread "GlobalWindowAggregate[7] -> Calc[9] -> LocalWindowAggregate[10] (2/4)#0" [_thread_in_native, id=438871, stack(0x00007187ebc00000,0x00007187ebd00000)]
  0x000071843c004800 JavaThread "OutputFlusher for GlobalWindowAggregate[7] -> Calc[9] -> LocalWindowAggregate[10] (1/4)#0" daemon [_thread_blocked, id=438870, stack(0x00007187e9d00000,0x00007187e9e00000)]
  0x000071843c003800 JavaThread "OutputFlusher for GlobalWindowAggregate[7] -> Calc[9] -> LocalWindowAggregate[10] (1/4)#0" daemon [_thread_blocked, id=438869, stack(0x00007187f0100000,0x00007187f0200000)]
  0x0000718694573000 JavaThread "GlobalWindowAggregate[7] -> Calc[9] -> LocalWindowAggregate[10] (1/4)#0" [_thread_in_native, id=438868, stack(0x00007187ea700000,0x00007187ea800000)]
  0x00007183c4001800 JavaThread "OutputFlusher for Source: datagen[1] -> Calc[2] -> WatermarkAssigner[3] -> Calc[4] -> LocalWindowAggregate[5] (2/4)#0" daemon [_thread_blocked, id=438867, stack(0x00007187f0700000,0x00007187f0800000)]
  0x000071845c002000 JavaThread "OutputFlusher for Source: datagen[1] -> Calc[2] -> WatermarkAssigner[3] -> Calc[4] -> LocalWindowAggregate[5] (4/4)#0" daemon [_thread_blocked, id=438866, stack(0x00007187f0800000,0x00007187f0900000)]
  0x000071866002b800 JavaThread "OutputFlusher for Source: datagen[1] -> Calc[2] -> WatermarkAssigner[3] -> Calc[4] -> LocalWindowAggregate[5] (1/4)#0" daemon [_thread_blocked, id=438865, stack(0x00007187f13ff000,0x00007187f14ff000)]
  0x000071842c001800 JavaThread "OutputFlusher for Source: datagen[1] -> Calc[2] -> WatermarkAssigner[3] -> Calc[4] -> LocalWindowAggregate[5] (3/4)#0" daemon [_thread_blocked, id=438864, stack(0x00007187eb800000,0x00007187eb900000)]
  0x000071869406c800 JavaThread "Source: datagen[1] -> Calc[2] -> WatermarkAssigner[3] -> Calc[4] -> LocalWindowAggregate[5] (4/4)#0" [_thread_in_Java, id=438863, stack(0x00007187f0900000,0x00007187f0a00000)]
  0x000071849402c800 JavaThread "Source: datagen[1] -> Calc[2] -> WatermarkAssigner[3] -> Calc[4] -> LocalWindowAggregate[5] (3/4)#0" [_thread_in_Java, id=438861, stack(0x00007187ebd00000,0x00007187ebe00000)]
  0x000071849402b800 JavaThread "Source: datagen[1] -> Calc[2] -> WatermarkAssigner[3] -> Calc[4] -> LocalWindowAggregate[5] (2/4)#0" [_thread_in_Java, id=438860, stack(0x00007187e9900000,0x00007187e9a00000)]
  0x000071866002f000 JavaThread "CloseableReaperThread" daemon [_thread_blocked, id=438857, stack(0x00007187e9800000,0x00007187e9900000)]
  0x000071849402a800 JavaThread "Source: datagen[1] -> Calc[2] -> WatermarkAssigner[3] -> Calc[4] -> LocalWindowAggregate[5] (1/4)#0" [_thread_in_Java, id=438855, stack(0x00007187f3b00000,0x00007187f3c00000)]
  0x0000718494029800 JavaThread "flink-metrics-22" [_thread_blocked, id=438854, stack(0x00007187f3f00000,0x00007187f4000000)]
  0x0000718490003800 JavaThread "ForkJoinPool.commonPool-worker-114" daemon [_thread_blocked, id=438845, stack(0x00007187f9000000,0x00007187f9100000)]
  0x0000718684005000 JavaThread "flink-pekko.remote.default-remote-dispatcher-19" [_thread_blocked, id=437806, stack(0x00007187f3500000,0x00007187f3600000)]
  0x00007181d8001000 JavaThread "flink-metrics-pekko.remote.default-remote-dispatcher-21" [_thread_blocked, id=437187, stack(0x00007187ea200000,0x00007187ea300000)]
  0x0000718658004000 JavaThread "flink-metrics-pekko.remote.default-remote-dispatcher-20" [_thread_blocked, id=437186, stack(0x00007187ea100000,0x00007187ea200000)]
  0x0000718494058800 JavaThread "flink-taskexecutor-io-thread-6" daemon [_thread_blocked, id=437169, stack(0x00007187f0600000,0x00007187f0700000)]
  0x000071849400e000 JavaThread "flink-taskexecutor-io-thread-5" daemon [_thread_blocked, id=437168, stack(0x00007187f0500000,0x00007187f0600000)]
  0x000071849400d000 JavaThread "flink-taskexecutor-io-thread-4" daemon [_thread_blocked, id=437167, stack(0x00007187f0400000,0x00007187f0500000)]
  0x000071849400c000 JavaThread "flink-taskexecutor-io-thread-3" daemon [_thread_blocked, id=437166, stack(0x00007187f0200000,0x00007187f0300000)]
  0x0000718494009800 JavaThread "flink-taskexecutor-io-thread-2" daemon [_thread_blocked, id=437164, stack(0x00007187f0300000,0x00007187f0400000)]
  0x000071860c011800 JavaThread "flink-pekko.remote.default-remote-dispatcher-18" [_thread_blocked, id=437078, stack(0x00007187ea000000,0x00007187ea100000)]
  0x0000718494005000 JavaThread "flink-taskexecutor-io-thread-1" daemon [_thread_blocked, id=437002, stack(0x00007187f3c00000,0x00007187f3d00000)]
  0x00007183ac001000 JavaThread "flink-metrics-pekko.remote.default-remote-dispatcher-19" [_thread_blocked, id=436911, stack(0x00007187f8f00000,0x00007187f9000000)]
  0x00007186952da000 JavaThread "flink-profiling-service-thread-1" daemon [_thread_blocked, id=436675, stack(0x00007187e88ff000,0x00007187e89ff000)]
  0x000071865cf5a000 JavaThread "flink-metrics-pekko.remote.default-remote-dispatcher-18" [_thread_blocked, id=436636, stack(0x00007187e89ff000,0x00007187e8aff000)]
  0x00007185dc007800 JavaThread "flink-metrics-pekko.remote.default-remote-dispatcher-17" [_thread_blocked, id=436190, stack(0x00007187e8aff000,0x00007187e8bff000)]
  0x0000718650003000 JavaThread "flink-metrics-16" [_thread_in_native, id=436163, stack(0x00007187e9000000,0x00007187e9100000)]
  0x00007185dc003000 JavaThread "flink-metrics-pekko.remote.default-remote-dispatcher-15" [_thread_blocked, id=436154, stack(0x00007187e9100000,0x00007187e9200000)]
  0x000071848c005800 JavaThread "pool-4-thread-1" [_thread_blocked, id=436011, stack(0x00007187f8100000,0x00007187f8200000)]
  0x00007185dc001000 JavaThread "flink-metrics-pekko.remote.default-remote-dispatcher-13" [_thread_blocked, id=435873, stack(0x00007187f14ff000,0x00007187f15ff000)]
  0x0000718688277000 JavaThread "flink-pekko.remote.default-remote-dispatcher-17" [_thread_blocked, id=435068, stack(0x00007187f1c00000,0x00007187f1d00000)]
  0x0000718694034800 JavaThread "taskmanager_0-main-scheduler-thread-1" daemon [_thread_blocked, id=434913, stack(0x00007187f1d00000,0x00007187f1e00000)]
  0x0000718694031000 JavaThread "flink-pekko.actor.default-dispatcher-16" [_thread_blocked, id=434912, stack(0x00007187f1e00000,0x00007187f1f00000)]
  0x0000718494003800 JavaThread "flink-pekko.actor.default-dispatcher-15" [_thread_blocked, id=434911, stack(0x00007187f1f00000,0x00007187f2000000)]
  0x000071869402c000 JavaThread "flink-pekko.actor.default-dispatcher-14" [_thread_blocked, id=434910, stack(0x00007187f2400000,0x00007187f2500000)]
  0x0000718688284000 JavaThread "flink-pekko.remote.default-remote-dispatcher-13" [_thread_blocked, id=434909, stack(0x00007187f2500000,0x00007187f2600000)]
  0x0000718688042000 JavaThread "flink-12" [_thread_in_native, id=434906, stack(0x00007187f22de000,0x00007187f23de000)]
  0x0000718543ff8800 JavaThread "Flink Netty Server (0) Thread 0" daemon [_thread_in_native, id=434895, stack(0x00007187f2b00000,0x00007187f2c00000)]
  0x0000718658001800 JavaThread "flink-metrics-pekko.remote.default-remote-dispatcher-12" [_thread_blocked, id=434791, stack(0x00007187f2c00000,0x00007187f2d00000)]
  0x000071868800b800 JavaThread "flink-pekko.remote.default-remote-dispatcher-11" [_thread_blocked, id=434790, stack(0x00007187f2d00000,0x00007187f2e00000)]
  0x0000719665a7b800 JavaThread "IOManager reader thread #1" daemon [_thread_blocked, id=434789, stack(0x00007187f2e00000,0x00007187f2f00000)]
  0x0000719665a79000 JavaThread "IOManager writer thread #1" daemon [_thread_blocked, id=434788, stack(0x00007187f2f00000,0x00007187f3000000)]
  0x0000719665a42800 JavaThread "Flink-Metric-View-Updater-thread-1" daemon [_thread_blocked, id=434786, stack(0x00007187f3200000,0x00007187f3300000)]
  0x0000719665a22800 JavaThread "Timer-1" daemon [_thread_blocked, id=434785, stack(0x00007187f3300000,0x00007187f3400000)]
  0x0000719665a1b800 JavaThread "Timer-0" daemon [_thread_blocked, id=434784, stack(0x00007187f3400000,0x00007187f3500000)]
  0x000071865cf57000 JavaThread "flink-metrics-10" [_thread_in_native, id=434760, stack(0x00007187f3700000,0x00007187f3800000)]
  0x0000718664001000 JavaThread "flink-metrics-pekko.remote.default-remote-dispatcher-9" [_thread_blocked, id=434759, stack(0x00007187f3800000,0x00007187f3900000)]
  0x000071866c005000 JavaThread "flink-metrics-pekko.remote.default-remote-dispatcher-8" [_thread_blocked, id=434758, stack(0x00007187f3900000,0x00007187f3a00000)]
  0x000071866c003000 JavaThread "flink-metrics-pekko.remote.default-remote-dispatcher-7" [_thread_blocked, id=434757, stack(0x00007187f3a00000,0x00007187f3b00000)]
  0x00007196647f2800 JavaThread "flink-metrics-pekko.actor.internal-dispatcher-4" [_thread_blocked, id=434754, stack(0x00007187f3d00000,0x00007187f3e00000)]
  0x00007196647f0800 JavaThread "flink-metrics-pekko.actor.internal-dispatcher-3" [_thread_blocked, id=434753, stack(0x00007187f3e00000,0x00007187f3f00000)]
  0x00007196647ed800 JavaThread "flink-metrics-scheduler-1" [_thread_blocked, id=434751, stack(0x00007187f8000000,0x00007187f8100000)]
  0x0000718690015000 JavaThread "flink-pekko.remote.default-remote-dispatcher-9" [_thread_blocked, id=434746, stack(0x00007187f8600000,0x00007187f8700000)]
  0x000071868d0b0000 JavaThread "flink-8" [_thread_in_native, id=434745, stack(0x00007187f8700000,0x00007187f8800000)]
  0x0000718690007800 JavaThread "flink-pekko.remote.default-remote-dispatcher-7" [_thread_blocked, id=434744, stack(0x00007187f8c00000,0x00007187f8d00000)]
  0x0000718690005800 JavaThread "flink-pekko.remote.default-remote-dispatcher-6" [_thread_blocked, id=434743, stack(0x00007187f8d00000,0x00007187f8e00000)]
  0x0000718690004800 JavaThread "flink-pekko.actor.default-dispatcher-5" [_thread_blocked, id=434742, stack(0x00007187f8e00000,0x00007187f8f00000)]
  0x000071966590b800 JavaThread "flink-pekko.actor.internal-dispatcher-2" [_thread_blocked, id=434739, stack(0x00007187f9100000,0x00007187f9200000)]
  0x000071966581e000 JavaThread "flink-scheduler-1" [_thread_blocked, id=434738, stack(0x00007187f9c00000,0x00007187f9d00000)]
  0x000071966493c800 JavaThread "Log4j2-TF-5-Scheduled-2" daemon [_thread_blocked, id=434728, stack(0x00007187f9d00000,0x00007187f9e00000)]
  0x000071966461a800 JavaThread "Log4j2-TF-3-Scheduled-1" daemon [_thread_blocked, id=434716, stack(0x00007187faa38000,0x00007187fab38000)]
  0x000071966414e800 JavaThread "Service Thread" daemon [_thread_blocked, id=434700, stack(0x00007187fb1f3000,0x00007187fb2f3000)]
  0x000071966414b800 JavaThread "C1 CompilerThread17" daemon [_thread_blocked, id=434699, stack(0x00007187fb2f4000,0x00007187fb3f4000)]
  0x0000719664149800 JavaThread "C1 CompilerThread16" daemon [_thread_blocked, id=434698, stack(0x00007187fb3f5000,0x00007187fb4f5000)]
  0x0000719664147800 JavaThread "C1 CompilerThread15" daemon [_thread_blocked, id=434697, stack(0x00007187fb4f6000,0x00007187fb5f6000)]
  0x0000719664145800 JavaThread "C1 CompilerThread14" daemon [_thread_blocked, id=434696, stack(0x00007187fb5f7000,0x00007187fb6f7000)]
  0x0000719664143000 JavaThread "C1 CompilerThread13" daemon [_thread_blocked, id=434695, stack(0x00007187fb6f8000,0x00007187fb7f8000)]
  0x0000719664141000 JavaThread "C1 CompilerThread12" daemon [_thread_blocked, id=434694, stack(0x00007187fb7f9000,0x00007187fb8f9000)]
  0x000071966413f800 JavaThread "C2 CompilerThread11" daemon [_thread_blocked, id=434693, stack(0x00007187fb8fa000,0x00007187fb9fa000)]
  0x000071966413d800 JavaThread "C2 CompilerThread10" daemon [_thread_blocked, id=434692, stack(0x00007187fb9fb000,0x00007187fbafb000)]
  0x000071966413b000 JavaThread "C2 CompilerThread9" daemon [_thread_blocked, id=434691, stack(0x00007187fbafc000,0x00007187fbbfc000)]
  0x0000719664139800 JavaThread "C2 CompilerThread8" daemon [_thread_blocked, id=434690, stack(0x00007187fbbfd000,0x00007187fbcfd000)]
  0x0000719664137800 JavaThread "C2 CompilerThread7" daemon [_thread_blocked, id=434689, stack(0x00007187fbcfe000,0x00007187fbdfe000)]
  0x0000719664135000 JavaThread "C2 CompilerThread6" daemon [_thread_blocked, id=434688, stack(0x00007187fbdff000,0x00007187fbeff000)]
  0x0000719664133000 JavaThread "C2 CompilerThread5" daemon [_thread_in_native, id=434687, stack(0x00007187fbf00000,0x00007187fc000000)]
  0x0000719664131000 JavaThread "C2 CompilerThread4" daemon [_thread_in_native, id=434686, stack(0x00007188000fc000,0x00007188001fc000)]
  0x0000719664127000 JavaThread "C2 CompilerThread3" daemon [_thread_blocked, id=434685, stack(0x00007188001fd000,0x00007188002fd000)]
  0x0000719664124800 JavaThread "C2 CompilerThread2" daemon [_thread_blocked, id=434684, stack(0x00007188002fe000,0x00007188003fe000)]
  0x0000719664123000 JavaThread "C2 CompilerThread1" daemon [_thread_blocked, id=434683, stack(0x00007188003ff000,0x00007188004ff000)]
  0x0000719664120000 JavaThread "C2 CompilerThread0" daemon [_thread_blocked, id=434682, stack(0x0000718800500000,0x0000718800600000)]
  0x000071966411b000 JavaThread "Signal Dispatcher" daemon [_thread_blocked, id=434681, stack(0x0000718800bd7000,0x0000718800cd7000)]
  0x00007196640ea000 JavaThread "Finalizer" daemon [_thread_blocked, id=434680, stack(0x0000718800cd7000,0x0000718800dd7000)]
  0x00007196640e5800 JavaThread "Reference Handler" daemon [_thread_blocked, id=434679, stack(0x0000718800dd7000,0x0000718800ed7000)]
  0x000071966400b800 JavaThread "main" [_thread_blocked, id=434627, stack(0x0000719669f00000,0x000071966a000000)]

Other Threads:
  0x00007196640dc000 VMThread [stack: 0x0000718800ed8000,0x0000718800fd8000] [id=434678]
  0x0000719664151000 WatcherThread [stack: 0x00007187fb0f3000,0x00007187fb1f3000] [id=434701]

VM state:not at safepoint (normal execution)

VM Mutex/Monitor currently owned by a thread: None

Heap:
 PSYoungGen      total 18971648K, used 12452970K [0x00007191cd800000, 0x0000719655000000, 0x0000719655000000)
  eden space 18946560K, 65% used [0x00007191cd800000,0x00007194c52f9370,0x0000719651e80000)
  from space 25088K, 25% used [0x0000719651e80000,0x00007196524a16e0,0x0000719653700000)
  to   space 24576K, 0% used [0x0000719653800000,0x0000719653800000,0x0000719655000000)
 ParOldGen       total 37994496K, used 132313K [0x00007188be800000, 0x00007191cd800000, 0x00007191cd800000)
  object space 37994496K, 0% used [0x00007188be800000,0x00007188c6936540,0x00007191cd800000)
 Metaspace       used 54111K, capacity 58165K, committed 60160K, reserved 61440K

Card table byte_map: [0x00007188b7b4b000,0x00007188be800000] byte_map_base: 0x0000714ff3557000

Marking Bits: (ParMarkBitMap*) 0x0000719669de8760
 Begin Bits: [0x000071880f4c0000, 0x0000718845a60000)
 End Bits:   [0x0000718845a60000, 0x000071887c000000)

Polling page: 0x000071966a3e1000

CodeCache: size=245760Kb used=26756Kb max_used=27051Kb free=219003Kb
 bounds [0x0000719655000000, 0x0000719656aa0000, 0x0000719664000000]
 total_blobs=8042 nmethods=7338 adapters=611
 compilation: enabled

Compilation events (10 events):
Event: 297.584 Thread 0x000071966414b800 nmethod 9010 0x0000719655c0f250 code [0x0000719655c0f3e0, 0x0000719655c0f928]
Event: 297.652 Thread 0x0000719664143000 9011       3       org.apache.flink.table.runtime.typeutils.RowDataSerializer::copy (9 bytes)
Event: 297.653 Thread 0x0000719664143000 nmethod 9011 0x0000719655410c10 code [0x0000719655410d80, 0x0000719655411008]
Event: 297.653 Thread 0x0000719664137800 9012       4       org.apache.flink.core.memory.DataOutputSerializer::getCopyOfBuffer (12 bytes)
Event: 297.653 Thread 0x0000719664133000 9013       4       org.apache.flink.table.runtime.typeutils.RowDataSerializer::copy (9 bytes)
Event: 297.656 Thread 0x0000719664143000 9014       3       org.apache.flink.table.runtime.typeutils.RowDataSerializer::copy (108 bytes)
Event: 297.656 Thread 0x0000719664141000 9015   !   3       org.apache.flink.state.forl0.ForL0ValueState::value (359 bytes)
Event: 297.656 Thread 0x0000719664149800 9016       3       org.apache.flink.table.runtime.util.collections.binary.AbstractBytesMultiMap$RecordArea$ValueIterator::next (5 bytes)
Event: 297.656 Thread 0x0000719664145800 9017   !   3       org.apache.flink.table.runtime.util.collections.binary.AbstractBytesMultiMap$RecordArea$ValueIterator::next (170 bytes)
Event: 297.656 Thread 0x0000719664147800 9018       3       org.apache.flink.state.forl0.ForL0ValueState::getDefaultValue (23 bytes)

GC Heap History (10 events):
Event: 289.660 GC heap before
{Heap before GC invocations=72 (full 3):
 PSYoungGen      total 18971648K, used 18959168K [0x00007191cd800000, 0x0000719655000000, 0x0000719655000000)
  eden space 18946048K, 100% used [0x00007191cd800000,0x0000719651e00000,0x0000719651e00000)
  from space 25600K, 51% used [0x0000719653700000,0x00007196543d03e8,0x0000719655000000)
  to   space 25600K, 0% used [0x0000719651e00000,0x0000719651e00000,0x0000719653700000)
 ParOldGen       total 37994496K, used 124505K [0x00007188be800000, 0x00007191cd800000, 0x00007191cd800000)
  object space 37994496K, 0% used [0x00007188be800000,0x00007188c61966d8,0x00007191cd800000)
 Metaspace       used 54098K, capacity 58165K, committed 60160K, reserved 61440K
Event: 289.668 GC heap after
Heap after GC invocations=72 (full 3):
 PSYoungGen      total 18971648K, used 13355K [0x00007191cd800000, 0x0000719655000000, 0x0000719655000000)
  eden space 18946048K, 0% used [0x00007191cd800000,0x00007191cd800000,0x0000719651e00000)
  from space 25600K, 52% used [0x0000719651e00000,0x0000719652b0ad78,0x0000719653700000)
  to   space 25600K, 0% used [0x0000719653700000,0x0000719653700000,0x0000719655000000)
 ParOldGen       total 37994496K, used 124505K [0x00007188be800000, 0x00007191cd800000, 0x00007191cd800000)
  object space 37994496K, 0% used [0x00007188be800000,0x00007188c61966d8,0x00007191cd800000)
 Metaspace       used 54098K, capacity 58165K, committed 60160K, reserved 61440K
}
Event: 291.372 GC heap before
{Heap before GC invocations=73 (full 3):
 PSYoungGen      total 18971648K, used 18959403K [0x00007191cd800000, 0x0000719655000000, 0x0000719655000000)
  eden space 18946048K, 100% used [0x00007191cd800000,0x0000719651e00000,0x0000719651e00000)
  from space 25600K, 52% used [0x0000719651e00000,0x0000719652b0ad78,0x0000719653700000)
  to   space 25600K, 0% used [0x0000719653700000,0x0000719653700000,0x0000719655000000)
 ParOldGen       total 37994496K, used 124505K [0x00007188be800000, 0x00007191cd800000, 0x00007191cd800000)
  object space 37994496K, 0% used [0x00007188be800000,0x00007188c61966d8,0x00007191cd800000)
 Metaspace       used 54098K, capacity 58165K, committed 60160K, reserved 61440K
Event: 291.385 GC heap after
Heap after GC invocations=73 (full 3):
 PSYoungGen      total 18972160K, used 13230K [0x00007191cd800000, 0x0000719655000000, 0x0000719655000000)
  eden space 18946560K, 0% used [0x00007191cd800000,0x00007191cd800000,0x0000719651e80000)
  from space 25600K, 51% used [0x0000719653700000,0x00007196543ebb08,0x0000719655000000)
  to   space 25088K, 0% used [0x0000719651e80000,0x0000719651e80000,0x0000719653700000)
 ParOldGen       total 37994496K, used 124505K [0x00007188be800000, 0x00007191cd800000, 0x00007191cd800000)
  object space 37994496K, 0% used [0x00007188be800000,0x00007188c61966d8,0x00007191cd800000)
 Metaspace       used 54098K, capacity 58165K, committed 60160K, reserved 61440K
}
Event: 293.138 GC heap before
{Heap before GC invocations=74 (full 3):
 PSYoungGen      total 18972160K, used 18959790K [0x00007191cd800000, 0x0000719655000000, 0x0000719655000000)
  eden space 18946560K, 100% used [0x00007191cd800000,0x0000719651e80000,0x0000719651e80000)
  from space 25600K, 51% used [0x0000719653700000,0x00007196543ebb08,0x0000719655000000)
  to   space 25088K, 0% used [0x0000719651e80000,0x0000719651e80000,0x0000719653700000)
 ParOldGen       total 37994496K, used 124505K [0x00007188be800000, 0x00007191cd800000, 0x00007191cd800000)
  object space 37994496K, 0% used [0x00007188be800000,0x00007188c61966d8,0x00007191cd800000)
 Metaspace       used 54101K, capacity 58165K, committed 60160K, reserved 61440K
Event: 293.152 GC heap after
Heap after GC invocations=74 (full 3):
 PSYoungGen      total 18971648K, used 13994K [0x00007191cd800000, 0x0000719655000000, 0x0000719655000000)
  eden space 18946560K, 0% used [0x00007191cd800000,0x00007191cd800000,0x0000719651e80000)
  from space 25088K, 55% used [0x0000719651e80000,0x0000719652c2a9d0,0x0000719653700000)
  to   space 25600K, 0% used [0x0000719653700000,0x0000719653700000,0x0000719655000000)
 ParOldGen       total 37994496K, used 124505K [0x00007188be800000, 0x00007191cd800000, 0x00007191cd800000)
  object space 37994496K, 0% used [0x00007188be800000,0x00007188c61966d8,0x00007191cd800000)
 Metaspace       used 54101K, capacity 58165K, committed 60160K, reserved 61440K
}
Event: 294.844 GC heap before
{Heap before GC invocations=75 (full 3):
 PSYoungGen      total 18971648K, used 18960554K [0x00007191cd800000, 0x0000719655000000, 0x0000719655000000)
  eden space 18946560K, 100% used [0x00007191cd800000,0x0000719651e80000,0x0000719651e80000)
  from space 25088K, 55% used [0x0000719651e80000,0x0000719652c2a9d0,0x0000719653700000)
  to   space 25600K, 0% used [0x0000719653700000,0x0000719653700000,0x0000719655000000)
 ParOldGen       total 37994496K, used 124505K [0x00007188be800000, 0x00007191cd800000, 0x00007191cd800000)
  object space 37994496K, 0% used [0x00007188be800000,0x00007188c61966d8,0x00007191cd800000)
 Metaspace       used 54101K, capacity 58165K, committed 60160K, reserved 61440K
Event: 294.851 GC heap after
Heap after GC invocations=75 (full 3):
 PSYoungGen      total 18972160K, used 13753K [0x00007191cd800000, 0x0000719655000000, 0x0000719655000000)
  eden space 18946560K, 0% used [0x00007191cd800000,0x00007191cd800000,0x0000719651e80000)
  from space 25600K, 53% used [0x0000719653700000,0x000071965446e498,0x0000719655000000)
  to   space 25088K, 0% used [0x0000719651e80000,0x0000719651e80000,0x0000719653700000)
 ParOldGen       total 37994496K, used 124513K [0x00007188be800000, 0x00007191cd800000, 0x00007191cd800000)
  object space 37994496K, 0% used [0x00007188be800000,0x00007188c61986d8,0x00007191cd800000)
 Metaspace       used 54101K, capacity 58165K, committed 60160K, reserved 61440K
}
Event: 296.532 GC heap before
{Heap before GC invocations=76 (full 3):
 PSYoungGen      total 18972160K, used 18960313K [0x00007191cd800000, 0x0000719655000000, 0x0000719655000000)
  eden space 18946560K, 100% used [0x00007191cd800000,0x0000719651e80000,0x0000719651e80000)
  from space 25600K, 53% used [0x0000719653700000,0x000071965446e498,0x0000719655000000)
  to   space 25088K, 0% used [0x0000719651e80000,0x0000719651e80000,0x0000719653700000)
 ParOldGen       total 37994496K, used 124513K [0x00007188be800000, 0x00007191cd800000, 0x00007191cd800000)
  object space 37994496K, 0% used [0x00007188be800000,0x00007188c61986d8,0x00007191cd800000)
 Metaspace       used 54101K, capacity 58165K, committed 60160K, reserved 61440K
Event: 296.550 GC heap after
Heap after GC invocations=76 (full 3):
 PSYoungGen      total 18971648K, used 6277K [0x00007191cd800000, 0x0000719655000000, 0x0000719655000000)
  eden space 18946560K, 0% used [0x00007191cd800000,0x00007191cd800000,0x0000719651e80000)
  from space 25088K, 25% used [0x0000719651e80000,0x00007196524a16e0,0x0000719653700000)
  to   space 24576K, 0% used [0x0000719653800000,0x0000719653800000,0x0000719655000000)
 ParOldGen       total 37994496K, used 132313K [0x00007188be800000, 0x00007191cd800000, 0x00007191cd800000)
  object space 37994496K, 0% used [0x00007188be800000,0x00007188c6936540,0x00007191cd800000)
 Metaspace       used 54101K, capacity 58165K, committed 60160K, reserved 61440K
}

Deoptimization events (10 events):
Event: 297.652 Thread 0x00007186952f8000 Uncommon trap: reason=unstable_if action=reinterpret pc=0x0000719656458c3c method=org.apache.flink.state.forl0.ForL0ValueState.value()Ljava/lang/Object; @ 27
Event: 297.652 Thread 0x00007186952f8000 Uncommon trap: reason=unstable_if action=reinterpret pc=0x0000719656464978 method=org.apache.flink.state.forl0.ForL0ValueState.update(Ljava/lang/Object;)V @ 36
Event: 297.652 Thread 0x0000718694573000 Uncommon trap: reason=unstable_if action=reinterpret pc=0x0000719656464978 method=org.apache.flink.state.forl0.ForL0ValueState.update(Ljava/lang/Object;)V @ 36
Event: 297.652 Thread 0x00007186952ed800 Uncommon trap: reason=unstable_if action=reinterpret pc=0x0000719656464978 method=org.apache.flink.state.forl0.ForL0ValueState.update(Ljava/lang/Object;)V @ 36
Event: 297.652 Thread 0x0000718695303000 Uncommon trap: reason=unstable_if action=reinterpret pc=0x0000719656464978 method=org.apache.flink.state.forl0.ForL0ValueState.update(Ljava/lang/Object;)V @ 36
Event: 297.656 Thread 0x00007186952ed800 Uncommon trap: reason=unstable_if action=reinterpret pc=0x000071965659a1f0 method=org.apache.flink.table.runtime.util.collections.binary.AbstractBytesMultiMap$RecordArea$EntryIterator.getKey()Ljava/lang/Object; @ 4
Event: 297.656 Thread 0x00007186952f8000 Uncommon trap: reason=unstable_if action=reinterpret pc=0x000071965659a1f0 method=org.apache.flink.table.runtime.util.collections.binary.AbstractBytesMultiMap$RecordArea$EntryIterator.getKey()Ljava/lang/Object; @ 4
Event: 297.656 Thread 0x00007186952ed800 Uncommon trap: reason=unstable_if action=reinterpret pc=0x000071965627e024 method=org.apache.flink.table.runtime.typeutils.RowDataSerializer.copy(Lorg/apache/flink/table/data/RowData;)Lorg/apache/flink/table/data/RowData; @ 63
Event: 297.656 Thread 0x0000718694573000 Uncommon trap: reason=unstable_if action=reinterpret pc=0x000071965659a1f0 method=org.apache.flink.table.runtime.util.collections.binary.AbstractBytesMultiMap$RecordArea$EntryIterator.getKey()Ljava/lang/Object; @ 4
Event: 297.656 Thread 0x0000718695303000 Uncommon trap: reason=unstable_if action=reinterpret pc=0x000071965659a1f0 method=org.apache.flink.table.runtime.util.collections.binary.AbstractBytesMultiMap$RecordArea$EntryIterator.getKey()Ljava/lang/Object; @ 4

Classes redefined (0 events):
No events

Internal exceptions (10 events):
Event: 279.899 Thread 0x0000718494029800 Exception <a 'sun/nio/fs/UnixException'> (0x0000719360670518) thrown at [./src/hotspot/src/share/vm/prims/jni.cpp, line 712]
Event: 279.899 Thread 0x0000718494029800 Exception <a 'java/security/PrivilegedActionException'> (0x0000719360671158) thrown at [./src/hotspot/src/share/vm/prims/jvm.cpp, line 1512]
Event: 279.900 Thread 0x0000718494029800 Exception <a 'sun/nio/fs/UnixException'> (0x0000719360671dc8) thrown at [./src/hotspot/src/share/vm/prims/jni.cpp, line 712]
Event: 279.900 Thread 0x0000718494029800 Exception <a 'java/security/PrivilegedActionException'> (0x00007193606729e0) thrown at [./src/hotspot/src/share/vm/prims/jvm.cpp, line 1512]
Event: 279.900 Thread 0x0000718494029800 Exception <a 'sun/nio/fs/UnixException'> (0x0000719360673658) thrown at [./src/hotspot/src/share/vm/prims/jni.cpp, line 712]
Event: 279.900 Thread 0x0000718494029800 Exception <a 'java/security/PrivilegedActionException'> (0x0000719360674270) thrown at [./src/hotspot/src/share/vm/prims/jvm.cpp, line 1512]
Event: 279.900 Thread 0x0000718494029800 Exception <a 'sun/nio/fs/UnixException'> (0x0000719360674f28) thrown at [./src/hotspot/src/share/vm/prims/jni.cpp, line 712]
Event: 279.900 Thread 0x0000718494029800 Exception <a 'java/security/PrivilegedActionException'> (0x0000719360675b50) thrown at [./src/hotspot/src/share/vm/prims/jvm.cpp, line 1512]
Event: 279.900 Thread 0x0000718494029800 Exception <a 'sun/nio/fs/UnixException'> (0x00007193606767c8) thrown at [./src/hotspot/src/share/vm/prims/jni.cpp, line 712]
Event: 279.900 Thread 0x0000718494029800 Exception <a 'java/security/PrivilegedActionException'> (0x00007193606773e0) thrown at [./src/hotspot/src/share/vm/prims/jvm.cpp, line 1512]

Events (10 events):
Event: 297.656 Thread 0x00007186952ed800 Uncommon trap: trap_request=0xffffff65 fr.pc=0x000071965627e024
Event: 297.656 Thread 0x0000718694573000 Uncommon trap: trap_request=0xffffff65 fr.pc=0x000071965659a1f0
Event: 297.656 Thread 0x00007186952f8000 DEOPT PACKING pc=0x000071965659a1f0 sp=0x00007187f0bfe2a0
Event: 297.656 Thread 0x00007186952ed800 DEOPT PACKING pc=0x000071965627e024 sp=0x00007187ebcfe0e0
Event: 297.656 Thread 0x00007186952f8000 DEOPT UNPACKING pc=0x000071965504547a sp=0x00007187f0bfe268 mode 2
Event: 297.656 Thread 0x00007186952ed800 DEOPT UNPACKING pc=0x000071965504547a sp=0x00007187ebcfe0c8 mode 2
Event: 297.656 Thread 0x0000718694573000 DEOPT PACKING pc=0x000071965659a1f0 sp=0x00007187ea7fe2a0
Event: 297.656 Thread 0x0000718695303000 DEOPT PACKING pc=0x000071965659a1f0 sp=0x00007187eb2fe2a0
Event: 297.656 Thread 0x0000718694573000 DEOPT UNPACKING pc=0x000071965504547a sp=0x00007187ea7fe268 mode 2
Event: 297.656 Thread 0x0000718695303000 DEOPT UNPACKING pc=0x000071965504547a sp=0x00007187eb2fe268 mode 2


Dynamic libraries:
5b7533e4b000-5b7533e4c000 r--p 00000000 103:02 94373942                  /usr/lib/jvm/java-8-openjdk-amd64/jre/bin/java
5b7533e4c000-5b7533e4d000 r-xp 00001000 103:02 94373942                  /usr/lib/jvm/java-8-openjdk-amd64/jre/bin/java
5b7533e4d000-5b7533e4e000 r--p 00002000 103:02 94373942                  /usr/lib/jvm/java-8-openjdk-amd64/jre/bin/java
5b7533e4e000-5b7533e4f000 r--p 00002000 103:02 94373942                  /usr/lib/jvm/java-8-openjdk-amd64/jre/bin/java
5b7533e4f000-5b7533e50000 rw-p 00003000 103:02 94373942                  /usr/lib/jvm/java-8-openjdk-amd64/jre/bin/java
5b756d6cc000-5b756d6ed000 rw-p 00000000 00:00 0                          [heap]
71800c000000-71800c031000 rw-p 00000000 00:00 0 
71800c031000-718010000000 ---p 00000000 00:00 0 
718014000000-718014031000 rw-p 00000000 00:00 0 
718014031000-718018000000 ---p 00000000 00:00 0 
718018000000-718018041000 rw-p 00000000 00:00 0 
718018041000-71801c000000 ---p 00000000 00:00 0 
71801c000000-71801c041000 rw-p 00000000 00:00 0 
71801c041000-718020000000 ---p 00000000 00:00 0 
718020000000-718020041000 rw-p 00000000 00:00 0 
718020041000-718024000000 ---p 00000000 00:00 0 
718024000000-718024071000 rw-p 00000000 00:00 0 
718024071000-718028000000 ---p 00000000 00:00 0 
718028000000-718028059000 rw-p 00000000 00:00 0 
718028059000-71802c000000 ---p 00000000 00:00 0 
71802c000000-71802fff9000 rw-p 00000000 00:00 0 
71802fff9000-718030000000 ---p 00000000 00:00 0 
718030000000-718033ff9000 rw-p 00000000 00:00 0 
718033ff9000-718034000000 ---p 00000000 00:00 0 
718034000000-718037ff9000 rw-p 00000000 00:00 0 
718037ff9000-718038000000 ---p 00000000 00:00 0 
718038000000-71803bff9000 rw-p 00000000 00:00 0 
71803bff9000-71803c000000 ---p 00000000 00:00 0 
71803c000000-71803ee8f000 rw-p 00000000 00:00 0 
71803ee8f000-718040000000 ---p 00000000 00:00 0 
718040000000-7180405de000 rw-p 00000000 00:00 0 
7180405de000-718044000000 ---p 00000000 00:00 0 
718044000000-718047b7c000 rw-p 00000000 00:00 0 
718047b7c000-718048000000 ---p 00000000 00:00 0 
718048000000-71804b01a000 rw-p 00000000 00:00 0 
71804b01a000-71804c000000 ---p 00000000 00:00 0 
71804c000000-718050000000 rw-p 00000000 00:00 0 
718050000000-718054000000 rw-p 00000000 00:00 0 
718054000000-718058000000 rw-p 00000000 00:00 0 
718058000000-71805bffc000 rw-p 00000000 00:00 0 
71805bffc000-71805c000000 ---p 00000000 00:00 0 
71805c000000-718060000000 rw-p 00000000 00:00 0 
718060000000-718063ffe000 rw-p 00000000 00:00 0 
718063ffe000-718064000000 ---p 00000000 00:00 0 
718064000000-718068000000 rw-p 00000000 00:00 0 
718068000000-71806c000000 rw-p 00000000 00:00 0 
71806c000000-71806fff6000 rw-p 00000000 00:00 0 
71806fff6000-718070000000 ---p 00000000 00:00 0 
718070000000-718074000000 rw-p 00000000 00:00 0 
718074000000-718078000000 rw-p 00000000 00:00 0 
718078000000-71807bffb000 rw-p 00000000 00:00 0 
71807bffb000-71807c000000 ---p 00000000 00:00 0 
71807c000000-718080000000 rw-p 00000000 00:00 0 
718080000000-718083ff8000 rw-p 00000000 00:00 0 
718083ff8000-718084000000 ---p 00000000 00:00 0 
718084000000-718088000000 rw-p 00000000 00:00 0 
718088000000-71808c000000 rw-p 00000000 00:00 0 
71808c000000-718090000000 rw-p 00000000 00:00 0 
718090000000-718093ffd000 rw-p 00000000 00:00 0 
718093ffd000-718094000000 ---p 00000000 00:00 0 
718094000000-718097ffc000 rw-p 00000000 00:00 0 
718097ffc000-718098000000 ---p 00000000 00:00 0 
718098000000-71809c000000 rw-p 00000000 00:00 0 
71809c000000-7180a0000000 rw-p 00000000 00:00 0 
7180a0000000-7180a4000000 rw-p 00000000 00:00 0 
7180a4000000-7180a8000000 rw-p 00000000 00:00 0 
7180a8000000-7180ac000000 rw-p 00000000 00:00 0 
7180ac000000-7180b0000000 rw-p 00000000 00:00 0 
7180b0000000-7180b4000000 rw-p 00000000 00:00 0 
7180b4000000-7180b7ffc000 rw-p 00000000 00:00 0 
7180b7ffc000-7180b8000000 ---p 00000000 00:00 0 
7180b8000000-7180bc000000 rw-p 00000000 00:00 0 
7180bc000000-7180c0000000 rw-p 00000000 00:00 0 
7180c0000000-7180c4000000 rw-p 00000000 00:00 0 
7180c4000000-7180c8000000 rw-p 00000000 00:00 0 
7180c8000000-7180cbffd000 rw-p 00000000 00:00 0 
7180cbffd000-7180cc000000 ---p 00000000 00:00 0 
7180cc000000-7180d0000000 rw-p 00000000 00:00 0 
7180d0000000-7180d4000000 rw-p 00000000 00:00 0 
7180d4000000-7180d8000000 rw-p 00000000 00:00 0 
7180d8000000-7180dbff3000 rw-p 00000000 00:00 0 
7180dbff3000-7180dc000000 ---p 00000000 00:00 0 
7180dc000000-7180dfff9000 rw-p 00000000 00:00 0 
7180dfff9000-7180e0000000 ---p 00000000 00:00 0 
7180e0000000-7180e3ff5000 rw-p 00000000 00:00 0 
7180e3ff5000-7180e4000000 ---p 00000000 00:00 0 
7180e4000000-7180e7ffc000 rw-p 00000000 00:00 0 
7180e7ffc000-7180e8000000 ---p 00000000 00:00 0 
7180e8000000-7180ec000000 rw-p 00000000 00:00 0 
7180ec000000-7180efcf1000 rw-p 00000000 00:00 0 
7180efcf1000-7180f0000000 ---p 00000000 00:00 0 
7180f0000000-7180f3ffa000 rw-p 00000000 00:00 0 
7180f3ffa000-7180f4000000 ---p 00000000 00:00 0 
7180f8000000-7180fbcf1000 rw-p 00000000 00:00 0 
7180fbcf1000-7180fc000000 ---p 00000000 00:00 0 
718100000000-718103cf1000 rw-p 00000000 00:00 0 
718103cf1000-718104000000 ---p 00000000 00:00 0 
718104000000-718107cf1000 rw-p 00000000 00:00 0 
718107cf1000-718108000000 ---p 00000000 00:00 0 
718108000000-71810bcf1000 rw-p 00000000 00:00 0 
71810bcf1000-71810c000000 ---p 00000000 00:00 0 
718110000000-718113cf1000 rw-p 00000000 00:00 0 
718113cf1000-718114000000 ---p 00000000 00:00 0 
718114000000-718117cf1000 rw-p 00000000 00:00 0 
718117cf1000-718118000000 ---p 00000000 00:00 0 
71811c000000-71811fd6a000 rw-p 00000000 00:00 0 
71811fd6a000-718120000000 ---p 00000000 00:00 0 
718120000000-718123cf1000 rw-p 00000000 00:00 0 
718123cf1000-718124000000 ---p 00000000 00:00 0 
718124000000-718127dd6000 rw-p 00000000 00:00 0 
718127dd6000-718128000000 ---p 00000000 00:00 0 
718128000000-71812bed4000 rw-p 00000000 00:00 0 
71812bed4000-71812c000000 ---p 00000000 00:00 0 
71812c000000-71812fffc000 rw-p 00000000 00:00 0 
71812fffc000-718130000000 ---p 00000000 00:00 0 
718130000000-718133ffb000 rw-p 00000000 00:00 0 
718133ffb000-718134000000 ---p 00000000 00:00 0 
718134000000-718138000000 rw-p 00000000 00:00 0 
718138000000-71813c000000 rw-p 00000000 00:00 0 
71813c000000-718140000000 rw-p 00000000 00:00 0 
718140000000-718144000000 rw-p 00000000 00:00 0 
718144000000-718147ffe000 rw-p 00000000 00:00 0 
718147ffe000-718148000000 ---p 00000000 00:00 0 
718148000000-71814bff5000 rw-p 00000000 00:00 0 
71814bff5000-71814c000000 ---p 00000000 00:00 0 
71814c000000-718150000000 rw-p 00000000 00:00 0 
718150000000-718154000000 rw-p 00000000 00:00 0 
718154000000-718158000000 rw-p 00000000 00:00 0 
718158000000-71815c000000 rw-p 00000000 00:00 0 
71815c000000-718160000000 rw-p 00000000 00:00 0 
718160000000-718164000000 rw-p 00000000 00:00 0 
718164000000-718168000000 rw-p 00000000 00:00 0 
718168000000-71816c000000 rw-p 00000000 00:00 0 
71816c000000-718170000000 rw-p 00000000 00:00 0 
718170000000-718174000000 rw-p 00000000 00:00 0 
718174000000-718178000000 rw-p 00000000 00:00 0 
718178000000-71817bff3000 rw-p 00000000 00:00 0 
71817bff3000-71817c000000 ---p 00000000 00:00 0 
71817c000000-71817fffa000 rw-p 00000000 00:00 0 
71817fffa000-718180000000 ---p 00000000 00:00 0 
718180000000-718184000000 rw-p 00000000 00:00 0 
718184000000-718188000000 rw-p 00000000 00:00 0 
718188000000-71818c000000 rw-p 00000000 00:00 0 
71818c000000-71818fffb000 rw-p 00000000 00:00 0 
71818fffb000-718190000000 ---p 00000000 00:00 0 
718190000000-718194000000 rw-p 00000000 00:00 0 
718194000000-718198000000 rw-p 00000000 00:00 0 
718198000000-71819c000000 rw-p 00000000 00:00 0 
71819c000000-7181a0000000 rw-p 00000000 00:00 0 
7181a3fff000-7181a8000000 rw-p 00000000 00:00 0 
7181a8000000-7181ac000000 rw-p 00000000 00:00 0 
7181ac000000-7181ac0a2000 rw-p 00000000 00:00 0 
7181ac0a2000-7181b0000000 ---p 00000000 00:00 0 
7181b0000000-7181b4000000 rw-p 00000000 00:00 0 
7181b4000000-7181b8000000 rw-p 00000000 00:00 0 
7181b8000000-7181bc000000 rw-p 00000000 00:00 0 
7181bc000000-7181c0000000 rw-p 00000000 00:00 0 
7181c0000000-7181c4000000 rw-p 00000000 00:00 0 
7181c4000000-7181c8000000 rw-p 00000000 00:00 0 
7181c8000000-7181cbfff000 rw-p 00000000 00:00 0 
7181cbfff000-7181cc000000 ---p 00000000 00:00 0 
7181cc000000-7181cfffd000 rw-p 00000000 00:00 0 
7181cfffd000-7181d0000000 ---p 00000000 00:00 0 
7181d0000000-7181d3ffb000 rw-p 00000000 00:00 0 
7181d3ffb000-7181d4000000 ---p 00000000 00:00 0 
7181d4000000-7181d7fff000 rw-p 00000000 00:00 0 
7181d7fff000-7181d8000000 ---p 00000000 00:00 0 
7181d8000000-7181d8021000 rw-p 00000000 00:00 0 
7181d8021000-7181dc000000 ---p 00000000 00:00 0 
7181dc000000-7181e0000000 rw-p 00000000 00:00 0 
7181e0000000-7181e3ffc000 rw-p 00000000 00:00 0 
7181e3ffc000-7181e4000000 ---p 00000000 00:00 0 
7181e4000000-7181e8000000 rw-p 00000000 00:00 0 
7181e8000000-7181ec000000 rw-p 00000000 00:00 0 
7181ec000000-7181f0000000 rw-p 00000000 00:00 0 
7181f0000000-7181f3ffb000 rw-p 00000000 00:00 0 
7181f3ffb000-7181f4000000 ---p 00000000 00:00 0 
7181f4000000-7181f8000000 rw-p 00000000 00:00 0 
7181f8000000-7181fc000000 rw-p 00000000 00:00 0 
7181fc000000-718200000000 rw-p 00000000 00:00 0 
718200000000-718203ff9000 rw-p 00000000 00:00 0 
718203ff9000-718204000000 ---p 00000000 00:00 0 
718204000000-718207ff4000 rw-p 00000000 00:00 0 
718207ff4000-718208000000 ---p 00000000 00:00 0 
718208000000-71820c000000 rw-p 00000000 00:00 0 
71820c000000-718210000000 rw-p 00000000 00:00 0 
718210000000-718213ffe000 rw-p 00000000 00:00 0 
718213ffe000-718214000000 ---p 00000000 00:00 0 
718214000000-718218000000 rw-p 00000000 00:00 0 
718218000000-71821c000000 rw-p 00000000 00:00 0 
71821c000000-718220000000 rw-p 00000000 00:00 0 
718220000000-718224000000 rw-p 00000000 00:00 0 
718224000000-718227ffb000 rw-p 00000000 00:00 0 
718227ffb000-718228000000 ---p 00000000 00:00 0 
718228000000-71822c000000 rw-p 00000000 00:00 0 
71822c000000-718230000000 rw-p 00000000 00:00 0 
718230000000-718233ff8000 rw-p 00000000 00:00 0 
718233ff8000-718234000000 ---p 00000000 00:00 0 
718234000000-718238000000 rw-p 00000000 00:00 0 
718238000000-71823c000000 rw-p 00000000 00:00 0 
71823c000000-718240000000 rw-p 00000000 00:00 0 
718240000000-718244000000 rw-p 00000000 00:00 0 
718244000000-718248000000 rw-p 00000000 00:00 0 
718248000000-71824c000000 rw-p 00000000 00:00 0 
71824c000000-718250000000 rw-p 00000000 00:00 0 
718250000000-718254000000 rw-p 00000000 00:00 0 
718254000000-718258000000 rw-p 00000000 00:00 0 
71825c000000-718260000000 rw-p 00000000 00:00 0 
718264000000-718268000000 rw-p 00000000 00:00 0 
718270000000-718273f00000 rw-p 00000000 00:00 0 
718273f00000-718274000000 ---p 00000000 00:00 0 
718274000000-718277ef9000 rw-p 00000000 00:00 0 
718277ef9000-718278000000 ---p 00000000 00:00 0 
718278000000-71827bffd000 rw-p 00000000 00:00 0 
71827bffd000-71827c000000 ---p 00000000 00:00 0 
71827c000000-71827ff88000 rw-p 00000000 00:00 0 
71827ff88000-718280000000 ---p 00000000 00:00 0 
718280000000-718284000000 rw-p 00000000 00:00 0 
718284000000-718287f67000 rw-p 00000000 00:00 0 
718287f67000-718288000000 ---p 00000000 00:00 0 
718288000000-71828c000000 rw-p 00000000 00:00 0 
71828c000000-71828fff7000 rw-p 00000000 00:00 0 
71828fff7000-718290000000 ---p 00000000 00:00 0 
718290000000-718294000000 rw-p 00000000 00:00 0 
718294000000-718298000000 rw-p 00000000 00:00 0 
718298000000-71829c000000 rw-p 00000000 00:00 0 
71829c000000-7182a0000000 rw-p 00000000 00:00 0 
7182a0000000-7182a3ffe000 rw-p 00000000 00:00 0 
7182a3ffe000-7182a4000000 ---p 00000000 00:00 0 
7182a4000000-7182a7ffd000 rw-p 00000000 00:00 0 
7182a7ffd000-7182a8000000 ---p 00000000 00:00 0 
7182a8000000-7182ac000000 rw-p 00000000 00:00 0 
7182ac000000-7182b0000000 rw-p 00000000 00:00 0 
7182b0000000-7182b4000000 rw-p 00000000 00:00 0 
7182b4000000-7182b8000000 rw-p 00000000 00:00 0 
7182b8000000-7182bc000000 rw-p 00000000 00:00 0 
7182bc000000-7182c0000000 rw-p 00000000 00:00 0 
7182c0000000-7182c4000000 rw-p 00000000 00:00 0 
7182c4000000-7182c7ffb000 rw-p 00000000 00:00 0 
7182c7ffb000-7182c8000000 ---p 00000000 00:00 0 
7182c8000000-7182cc000000 rw-p 00000000 00:00 0 
7182cc000000-7182d0000000 rw-p 00000000 00:00 0 
7182d0000000-7182d4000000 rw-p 00000000 00:00 0 
7182d4000000-7182d8000000 rw-p 00000000 00:00 0 
7182d8000000-7182dbffd000 rw-p 00000000 00:00 0 
7182dbffd000-7182dc000000 ---p 00000000 00:00 0 
7182dc000000-7182e0000000 rw-p 00000000 00:00 0 
7182e0000000-7182e4000000 rw-p 00000000 00:00 0 
7182e4000000-7182e7ffd000 rw-p 00000000 00:00 0 
7182e7ffd000-7182e8000000 ---p 00000000 00:00 0 
7182e8000000-7182ec000000 rw-p 00000000 00:00 0 
7182ec000000-7182f0000000 rw-p 00000000 00:00 0 
7182f0000000-7182f4000000 rw-p 00000000 00:00 0 
7182f4000000-7182f7ffd000 rw-p 00000000 00:00 0 
7182f7ffd000-7182f8000000 ---p 00000000 00:00 0 
7182f8000000-7182fc000000 rw-p 00000000 00:00 0 
7182fc000000-718300000000 rw-p 00000000 00:00 0 
718300000000-718303ff7000 rw-p 00000000 00:00 0 
718303ff7000-718304000000 ---p 00000000 00:00 0 
718304000000-718308000000 rw-p 00000000 00:00 0 
718308000000-71830bffe000 rw-p 00000000 00:00 0 
71830bffe000-71830c000000 ---p 00000000 00:00 0 
71830c000000-71830fffa000 rw-p 00000000 00:00 0 
71830fffa000-718310000000 ---p 00000000 00:00 0 
718310000000-718313fc9000 rw-p 00000000 00:00 0 
718313fc9000-718314000000 ---p 00000000 00:00 0 
718314000000-718317fb1000 rw-p 00000000 00:00 0 
718317fb1000-718318000000 ---p 00000000 00:00 0 
718318000000-71831bff0000 rw-p 00000000 00:00 0 
71831bff0000-71831c000000 ---p 00000000 00:00 0 
71831c000000-71831ff29000 rw-p 00000000 00:00 0 
71831ff29000-718320000000 ---p 00000000 00:00 0 
718320000000-718324000000 rw-p 00000000 00:00 0 
718324000000-718327ff8000 rw-p 00000000 00:00 0 
718327ff8000-718328000000 ---p 00000000 00:00 0 
718328000000-71832c000000 rw-p 00000000 00:00 0 
71832c000000-718330000000 rw-p 00000000 00:00 0 
718330000000-718334000000 rw-p 00000000 00:00 0 
718334000000-718338000000 rw-p 00000000 00:00 0 
718338000000-71833c000000 rw-p 00000000 00:00 0 
71833c000000-718340000000 rw-p 00000000 00:00 0 
718340000000-718344000000 rw-p 00000000 00:00 0 
718344000000-718348000000 rw-p 00000000 00:00 0 
718348000000-71834c000000 rw-p 00000000 00:00 0 
71834c000000-71834fffc000 rw-p 00000000 00:00 0 
71834fffc000-718350000000 ---p 00000000 00:00 0 
718350000000-718354000000 rw-p 00000000 00:00 0 
718354000000-718358000000 rw-p 00000000 00:00 0 
718358000000-71835bffb000 rw-p 00000000 00:00 0 
71835bffb000-71835c000000 ---p 00000000 00:00 0 
71835c000000-71835fffe000 rw-p 00000000 00:00 0 
71835fffe000-718360000000 ---p 00000000 00:00 0 
718360000000-718363f8c000 rw-p 00000000 00:00 0 
718363f8c000-718364000000 ---p 00000000 00:00 0 
718364000000-718367fdd000 rw-p 00000000 00:00 0 
718367fdd000-718368000000 ---p 00000000 00:00 0 
718368000000-71836bffe000 rw-p 00000000 00:00 0 
71836bffe000-71836c000000 ---p 00000000 00:00 0 
71836c000000-71836ffb0000 rw-p 00000000 00:00 0 
71836ffb0000-718370000000 ---p 00000000 00:00 0 
718370000000-718374000000 rw-p 00000000 00:00 0 
718374000000-718378000000 rw-p 00000000 00:00 0 
718378000000-71837c000000 rw-p 00000000 00:00 0 
71837c000000-718380000000 rw-p 00000000 00:00 0 
718380000000-718384000000 rw-p 00000000 00:00 0 
718384000000-718387fff000 rw-p 00000000 00:00 0 
718387fff000-718388000000 ---p 00000000 00:00 0 
718388000000-71838c000000 rw-p 00000000 00:00 0 
71838c000000-718390000000 rw-p 00000000 00:00 0 
718390000000-718390021000 rw-p 00000000 00:00 0 
718390021000-718394000000 ---p 00000000 00:00 0 
718394000000-718394021000 rw-p 00000000 00:00 0 
718394021000-718398000000 ---p 00000000 00:00 0 
718398000000-71839c000000 rw-p 00000000 00:00 0 
71839c000000-7183a0000000 rw-p 00000000 00:00 0 
7183a0000000-7183a4000000 rw-p 00000000 00:00 0 
7183a4000000-7183a8000000 rw-p 00000000 00:00 0 
7183a8000000-7183a8021000 rw-p 00000000 00:00 0 
7183a8021000-7183ac000000 ---p 00000000 00:00 0 
7183ac000000-7183ac021000 rw-p 00000000 00:00 0 
7183ac021000-7183b0000000 ---p 00000000 00:00 0 
7183b0000000-7183b0021000 rw-p 00000000 00:00 0 
7183b0021000-7183b4000000 ---p 00000000 00:00 0 
7183b4000000-7183b4021000 rw-p 00000000 00:00 0 
7183b4021000-7183b8000000 ---p 00000000 00:00 0 
7183b8000000-7183b8021000 rw-p 00000000 00:00 0 
7183b8021000-7183bc000000 ---p 00000000 00:00 0 
7183bc000000-7183bc021000 rw-p 00000000 00:00 0 
7183bc021000-7183c0000000 ---p 00000000 00:00 0 
7183c0000000-7183c0021000 rw-p 00000000 00:00 0 
7183c0021000-7183c4000000 ---p 00000000 00:00 0 
7183c4000000-7183c7ff9000 rw-p 00000000 00:00 0 
7183c7ff9000-7183c8000000 ---p 00000000 00:00 0 
7183c8000000-7183c8021000 rw-p 00000000 00:00 0 
7183c8021000-7183cc000000 ---p 00000000 00:00 0 
7183cc000000-7183cc021000 rw-p 00000000 00:00 0 
7183cc021000-7183d0000000 ---p 00000000 00:00 0 
7183d0000000-7183d0021000 rw-p 00000000 00:00 0 
7183d0021000-7183d4000000 ---p 00000000 00:00 0 
7183d4000000-7183d7ffb000 rw-p 00000000 00:00 0 
7183d7ffb000-7183d8000000 ---p 00000000 00:00 0 
7183d8000000-7183d8021000 rw-p 00000000 00:00 0 
7183d8021000-7183dc000000 ---p 00000000 00:00 0 
7183dc000000-7183dc021000 rw-p 00000000 00:00 0 
7183dc021000-7183e0000000 ---p 00000000 00:00 0 
7183e0000000-7183e0021000 rw-p 00000000 00:00 0 
7183e0021000-7183e4000000 ---p 00000000 00:00 0 
7183e4000000-7183e4021000 rw-p 00000000 00:00 0 
7183e4021000-7183e8000000 ---p 00000000 00:00 0 
7183e8000000-7183e8021000 rw-p 00000000 00:00 0 
7183e8021000-7183ec000000 ---p 00000000 00:00 0 
7183ec000000-7183ec021000 rw-p 00000000 00:00 0 
7183ec021000-7183f0000000 ---p 00000000 00:00 0 
7183f0000000-7183f0021000 rw-p 00000000 00:00 0 
7183f0021000-7183f4000000 ---p 00000000 00:00 0 
7183f4000000-7183f4021000 rw-p 00000000 00:00 0 
7183f4021000-7183f8000000 ---p 00000000 00:00 0 
7183f8000000-7183f8021000 rw-p 00000000 00:00 0 
7183f8021000-7183fc000000 ---p 00000000 00:00 0 
7183fc000000-7183fc039000 rw-p 00000000 00:00 0 
7183fc039000-718400000000 ---p 00000000 00:00 0 
718400000000-718403ffa000 rw-p 00000000 00:00 0 
718403ffa000-718404000000 ---p 00000000 00:00 0 
718404000000-718404021000 rw-p 00000000 00:00 0 
718404021000-718408000000 ---p 00000000 00:00 0 
718408000000-718408021000 rw-p 00000000 00:00 0 
718408021000-71840c000000 ---p 00000000 00:00 0 
71840c000000-71840c021000 rw-p 00000000 00:00 0 
71840c021000-718410000000 ---p 00000000 00:00 0 
718410000000-718410021000 rw-p 00000000 00:00 0 
718410021000-718414000000 ---p 00000000 00:00 0 
718414000000-718414021000 rw-p 00000000 00:00 0 
718414021000-718418000000 ---p 00000000 00:00 0 
718418000000-718418021000 rw-p 00000000 00:00 0 
718418021000-71841c000000 ---p 00000000 00:00 0 
71841c000000-71841c021000 rw-p 00000000 00:00 0 
71841c021000-718420000000 ---p 00000000 00:00 0 
718420000000-718420021000 rw-p 00000000 00:00 0 
718420021000-718424000000 ---p 00000000 00:00 0 
718424000000-718424021000 rw-p 00000000 00:00 0 
718424021000-718428000000 ---p 00000000 00:00 0 
718428000000-718428021000 rw-p 00000000 00:00 0 
718428021000-71842c000000 ---p 00000000 00:00 0 
71842c000000-71842fffe000 rw-p 00000000 00:00 0 
71842fffe000-718430000000 ---p 00000000 00:00 0 
718430000000-718430021000 rw-p 00000000 00:00 0 
718430021000-718434000000 ---p 00000000 00:00 0 
718434000000-718434021000 rw-p 00000000 00:00 0 
718434021000-718438000000 ---p 00000000 00:00 0 
718438000000-718438265000 rw-p 00000000 00:00 0 
718438265000-71843c000000 ---p 00000000 00:00 0 
71843c000000-71843fff9000 rw-p 00000000 00:00 0 
71843fff9000-718440000000 ---p 00000000 00:00 0 
718440000000-71844009f000 rw-p 00000000 00:00 0 
71844009f000-718444000000 ---p 00000000 00:00 0 
718444000000-7184440fe000 rw-p 00000000 00:00 0 
7184440fe000-718448000000 ---p 00000000 00:00 0 
718448000000-71844be8f000 rw-p 00000000 00:00 0 
71844be8f000-71844c000000 ---p 00000000 00:00 0 
71844c000000-71844c1e2000 rw-p 00000000 00:00 0 
71844c1e2000-718450000000 ---p 00000000 00:00 0 
718450000000-718453df0000 rw-p 00000000 00:00 0 
718453df0000-718454000000 ---p 00000000 00:00 0 
718454000000-718457f0c000 rw-p 00000000 00:00 0 
718457f0c000-718458000000 ---p 00000000 00:00 0 
718458000000-71845bffd000 rw-p 00000000 00:00 0 
71845bffd000-71845c000000 ---p 00000000 00:00 0 
71845c000000-71845fffe000 rw-p 00000000 00:00 0 
71845fffe000-718460000000 ---p 00000000 00:00 0 
718460000000-718464000000 rw-p 00000000 00:00 0 
718464000000-718468000000 rw-p 00000000 00:00 0 
718468000000-71846804b000 rw-p 00000000 00:00 0 
71846804b000-71846c000000 ---p 00000000 00:00 0 
71846c000000-718470000000 rw-p 00000000 00:00 0 
718470000000-718470052000 rw-p 00000000 00:00 0 
718470052000-718474000000 ---p 00000000 00:00 0 
718474000000-718474048000 rw-p 00000000 00:00 0 
718474048000-718478000000 ---p 00000000 00:00 0 
718478000000-718478021000 rw-p 00000000 00:00 0 
718478021000-71847c000000 ---p 00000000 00:00 0 
71847c000000-71847c021000 rw-p 00000000 00:00 0 
71847c021000-718480000000 ---p 00000000 00:00 0 
718480000000-718480021000 rw-p 00000000 00:00 0 
718480021000-718484000000 ---p 00000000 00:00 0 
718484000000-71848404d000 rw-p 00000000 00:00 0 
71848404d000-718488000000 ---p 00000000 00:00 0 
718488000000-718488021000 rw-p 00000000 00:00 0 
718488021000-71848c000000 ---p 00000000 00:00 0 
71848c000000-71848c176000 rw-p 00000000 00:00 0 
71848c176000-718490000000 ---p 00000000 00:00 0 
718490000000-718490021000 rw-p 00000000 00:00 0 
718490021000-718494000000 ---p 00000000 00:00 0 
718494000000-71849405a000 rw-p 00000000 00:00 0 
71849405a000-718498000000 ---p 00000000 00:00 0 
718498000000-718498021000 rw-p 00000000 00:00 0 
718498021000-71849c000000 ---p 00000000 00:00 0 
71849c000000-71849c101000 rw-p 00000000 00:00 0 
71849c101000-7184a0000000 ---p 00000000 00:00 0 
7184a0000000-7184a3ff9000 rw-p 00000000 00:00 0 
7184a3ff9000-7184a4000000 ---p 00000000 00:00 0 
7184a4000000-7184a72b5000 rw-p 00000000 00:00 0 
7184a72b5000-7184a8000000 ---p 00000000 00:00 0 
7184a8000000-7184abff9000 rw-p 00000000 00:00 0 
7184abff9000-7184ac000000 ---p 00000000 00:00 0 
7184ac000000-7184afff9000 rw-p 00000000 00:00 0 
7184afff9000-7184b0000000 ---p 00000000 00:00 0 
7184b0000000-7184b3ff9000 rw-p 00000000 00:00 0 
7184b3ff9000-7184b4000000 ---p 00000000 00:00 0 
7184b4000000-7184b7ff9000 rw-p 00000000 00:00 0 
7184b7ff9000-7184b8000000 ---p 00000000 00:00 0 
7184b8000000-7184bbff9000 rw-p 00000000 00:00 0 
7184bbff9000-7184bc000000 ---p 00000000 00:00 0 
7184bc000000-7184bfff9000 rw-p 00000000 00:00 0 
7184bfff9000-7184c0000000 ---p 00000000 00:00 0 
7184c0000000-7184c3ff9000 rw-p 00000000 00:00 0 
7184c3ff9000-7184c4000000 ---p 00000000 00:00 0 
7184c4000000-7184c7ff9000 rw-p 00000000 00:00 0 
7184c7ff9000-7184c8000000 ---p 00000000 00:00 0 
7184c8000000-7184cbff9000 rw-p 00000000 00:00 0 
7184cbff9000-7184cc000000 ---p 00000000 00:00 0 
7184cc000000-7184cfff9000 rw-p 00000000 00:00 0 
7184cfff9000-7184d0000000 ---p 00000000 00:00 0 
7184d0000000-7184d3ff9000 rw-p 00000000 00:00 0 
7184d3ff9000-7184d4000000 ---p 00000000 00:00 0 
7184d4000000-7184d7ff9000 rw-p 00000000 00:00 0 
7184d7ff9000-7184d8000000 ---p 00000000 00:00 0 
7184d8000000-7184dbff9000 rw-p 00000000 00:00 0 
7184dbff9000-7184dc000000 ---p 00000000 00:00 0 
7184dc000000-7184dfff9000 rw-p 00000000 00:00 0 
7184dfff9000-7184e0000000 ---p 00000000 00:00 0 
7184e0000000-7184e3ff9000 rw-p 00000000 00:00 0 
7184e3ff9000-7184e4000000 ---p 00000000 00:00 0 
7184e4000000-7184e7ff9000 rw-p 00000000 00:00 0 
7184e7ff9000-7184e8000000 ---p 00000000 00:00 0 
7184e8000000-7184ebff9000 rw-p 00000000 00:00 0 
7184ebff9000-7184ec000000 ---p 00000000 00:00 0 
7184ec000000-7184efff9000 rw-p 00000000 00:00 0 
7184efff9000-7184f0000000 ---p 00000000 00:00 0 
7184f0000000-7184f3ff9000 rw-p 00000000 00:00 0 
7184f3ff9000-7184f4000000 ---p 00000000 00:00 0 
7184f4000000-7184f7ff9000 rw-p 00000000 00:00 0 
7184f7ff9000-7184f8000000 ---p 00000000 00:00 0 
7184f8000000-7184fbff9000 rw-p 00000000 00:00 0 
7184fbff9000-7184fc000000 ---p 00000000 00:00 0 
7184fc000000-7184ffff9000 rw-p 00000000 00:00 0 
7184ffff9000-718500000000 ---p 00000000 00:00 0 
718500000000-718503ff9000 rw-p 00000000 00:00 0 
718503ff9000-718504000000 ---p 00000000 00:00 0 
718504000000-718507ff9000 rw-p 00000000 00:00 0 
718507ff9000-718508000000 ---p 00000000 00:00 0 
718508000000-71850bff9000 rw-p 00000000 00:00 0 
71850bff9000-71850c000000 ---p 00000000 00:00 0 
71850c000000-71850fff9000 rw-p 00000000 00:00 0 
71850fff9000-718510000000 ---p 00000000 00:00 0 
718510000000-718513ff9000 rw-p 00000000 00:00 0 
718513ff9000-718514000000 ---p 00000000 00:00 0 
718514000000-718517ff9000 rw-p 00000000 00:00 0 
718517ff9000-718518000000 ---p 00000000 00:00 0 
718518000000-71851bff9000 rw-p 00000000 00:00 0 
71851bff9000-71851c000000 ---p 00000000 00:00 0 
71851c000000-71851fff9000 rw-p 00000000 00:00 0 
71851fff9000-718520000000 ---p 00000000 00:00 0 
718520000000-718523ff9000 rw-p 00000000 00:00 0 
718523ff9000-718524000000 ---p 00000000 00:00 0 
718524000000-718527ff9000 rw-p 00000000 00:00 0 
718527ff9000-718528000000 ---p 00000000 00:00 0 
718528000000-71852bff9000 rw-p 00000000 00:00 0 
71852bff9000-71852c000000 ---p 00000000 00:00 0 
71852c000000-71852fff9000 rw-p 00000000 00:00 0 
71852fff9000-718530000000 ---p 00000000 00:00 0 
718530000000-718533ff9000 rw-p 00000000 00:00 0 
718533ff9000-718534000000 ---p 00000000 00:00 0 
718534000000-718537ff9000 rw-p 00000000 00:00 0 
718537ff9000-718538000000 ---p 00000000 00:00 0 
718538000000-71853bff9000 rw-p 00000000 00:00 0 
71853bff9000-71853c000000 ---p 00000000 00:00 0 
71853c000000-71853fff9000 rw-p 00000000 00:00 0 
71853fff9000-718540000000 ---p 00000000 00:00 0 
718540000000-718543ff9000 rw-p 00000000 00:00 0 
718543ff9000-718544000000 ---p 00000000 00:00 0 
718544000000-718547ff9000 rw-p 00000000 00:00 0 
718547ff9000-718548000000 ---p 00000000 00:00 0 
718548000000-71854bff9000 rw-p 00000000 00:00 0 
71854bff9000-71854c000000 ---p 00000000 00:00 0 
71854c000000-71854fff9000 rw-p 00000000 00:00 0 
71854fff9000-718550000000 ---p 00000000 00:00 0 
718550000000-718553ff9000 rw-p 00000000 00:00 0 
718553ff9000-718554000000 ---p 00000000 00:00 0 
718554000000-718557ff9000 rw-p 00000000 00:00 0 
718557ff9000-718558000000 ---p 00000000 00:00 0 
718558000000-71855bff9000 rw-p 00000000 00:00 0 
71855bff9000-71855c000000 ---p 00000000 00:00 0 
71855c000000-71855fff9000 rw-p 00000000 00:00 0 
71855fff9000-718560000000 ---p 00000000 00:00 0 
718560000000-718563ff9000 rw-p 00000000 00:00 0 
718563ff9000-718564000000 ---p 00000000 00:00 0 
718564000000-718567ff9000 rw-p 00000000 00:00 0 
718567ff9000-718568000000 ---p 00000000 00:00 0 
718568000000-71856bff9000 rw-p 00000000 00:00 0 
71856bff9000-71856c000000 ---p 00000000 00:00 0 
71856c000000-71856fff9000 rw-p 00000000 00:00 0 
71856fff9000-718570000000 ---p 00000000 00:00 0 
718570000000-718573ff9000 rw-p 00000000 00:00 0 
718573ff9000-718574000000 ---p 00000000 00:00 0 
718574000000-718577ff9000 rw-p 00000000 00:00 0 
718577ff9000-718578000000 ---p 00000000 00:00 0 
718578000000-71857bff9000 rw-p 00000000 00:00 0 
71857bff9000-71857c000000 ---p 00000000 00:00 0 
71857c000000-71857fff9000 rw-p 00000000 00:00 0 
71857fff9000-718580000000 ---p 00000000 00:00 0 
718580000000-718583ff9000 rw-p 00000000 00:00 0 
718583ff9000-718584000000 ---p 00000000 00:00 0 
718584000000-718587ff9000 rw-p 00000000 00:00 0 
718587ff9000-718588000000 ---p 00000000 00:00 0 
718588000000-71858bff9000 rw-p 00000000 00:00 0 
71858bff9000-71858c000000 ---p 00000000 00:00 0 
71858c000000-71858fff9000 rw-p 00000000 00:00 0 
71858fff9000-718590000000 ---p 00000000 00:00 0 
718590000000-718593ff9000 rw-p 00000000 00:00 0 
718593ff9000-718594000000 ---p 00000000 00:00 0 
718594000000-718597ff9000 rw-p 00000000 00:00 0 
718597ff9000-718598000000 ---p 00000000 00:00 0 
718598000000-71859bff9000 rw-p 00000000 00:00 0 
71859bff9000-71859c000000 ---p 00000000 00:00 0 
71859c000000-71859fff9000 rw-p 00000000 00:00 0 
71859fff9000-7185a0000000 ---p 00000000 00:00 0 
7185a0000000-7185a3ff9000 rw-p 00000000 00:00 0 
7185a3ff9000-7185a4000000 ---p 00000000 00:00 0 
7185a4000000-7185a7ff9000 rw-p 00000000 00:00 0 
7185a7ff9000-7185a8000000 ---p 00000000 00:00 0 
7185a8000000-7185abff9000 rw-p 00000000 00:00 0 
7185abff9000-7185ac000000 ---p 00000000 00:00 0 
7185ac000000-7185afff9000 rw-p 00000000 00:00 0 
7185afff9000-7185b0000000 ---p 00000000 00:00 0 
7185b0000000-7185b3ff9000 rw-p 00000000 00:00 0 
7185b3ff9000-7185b4000000 ---p 00000000 00:00 0 
7185b4000000-7185b7ff9000 rw-p 00000000 00:00 0 
7185b7ff9000-7185b8000000 ---p 00000000 00:00 0 
7185b8000000-7185bbff9000 rw-p 00000000 00:00 0 
7185bbff9000-7185bc000000 ---p 00000000 00:00 0 
7185bc000000-7185bfff9000 rw-p 00000000 00:00 0 
7185bfff9000-7185c0000000 ---p 00000000 00:00 0 
7185c0000000-7185c3ff9000 rw-p 00000000 00:00 0 
7185c3ff9000-7185c4000000 ---p 00000000 00:00 0 
7185c4000000-7185c7ff9000 rw-p 00000000 00:00 0 
7185c7ff9000-7185c8000000 ---p 00000000 00:00 0 
7185c8000000-7185cbff9000 rw-p 00000000 00:00 0 
7185cbff9000-7185cc000000 ---p 00000000 00:00 0 
7185cc000000-7185cfff9000 rw-p 00000000 00:00 0 
7185cfff9000-7185d0000000 ---p 00000000 00:00 0 
7185d0000000-7185d3ff9000 rw-p 00000000 00:00 0 
7185d3ff9000-7185d4000000 ---p 00000000 00:00 0 
7185d4000000-7185d7ff9000 rw-p 00000000 00:00 0 
7185d7ff9000-7185d8000000 ---p 00000000 00:00 0 
7185d8000000-7185dbff9000 rw-p 00000000 00:00 0 
7185dbff9000-7185dc000000 ---p 00000000 00:00 0 
7185dc000000-7185dc021000 rw-p 00000000 00:00 0 
7185dc021000-7185e0000000 ---p 00000000 00:00 0 
7185e0000000-7185e3ff9000 rw-p 00000000 00:00 0 
7185e3ff9000-7185e4000000 ---p 00000000 00:00 0 
7185e4000000-7185e7ff9000 rw-p 00000000 00:00 0 
7185e7ff9000-7185e8000000 ---p 00000000 00:00 0 
7185e8000000-7185ebff9000 rw-p 00000000 00:00 0 
7185ebff9000-7185ec000000 ---p 00000000 00:00 0 
7185ec000000-7185efff9000 rw-p 00000000 00:00 0 
7185efff9000-7185f0000000 ---p 00000000 00:00 0 
7185f0000000-7185f3ff9000 rw-p 00000000 00:00 0 
7185f3ff9000-7185f4000000 ---p 00000000 00:00 0 
7185f4000000-7185f7ff9000 rw-p 00000000 00:00 0 
7185f7ff9000-7185f8000000 ---p 00000000 00:00 0 
7185f8000000-7185fbff9000 rw-p 00000000 00:00 0 
7185fbff9000-7185fc000000 ---p 00000000 00:00 0 
7185fc000000-7185ffff9000 rw-p 00000000 00:00 0 
7185ffff9000-718600000000 ---p 00000000 00:00 0 
718600000000-718603ff9000 rw-p 00000000 00:00 0 
718603ff9000-718604000000 ---p 00000000 00:00 0 
718604000000-718607ff9000 rw-p 00000000 00:00 0 
718607ff9000-718608000000 ---p 00000000 00:00 0 
718608000000-71860bff9000 rw-p 00000000 00:00 0 
71860bff9000-71860c000000 ---p 00000000 00:00 0 
71860c000000-71860c021000 rw-p 00000000 00:00 0 
71860c021000-718610000000 ---p 00000000 00:00 0 
718610000000-718613ff9000 rw-p 00000000 00:00 0 
718613ff9000-718614000000 ---p 00000000 00:00 0 
718614000000-718617ff9000 rw-p 00000000 00:00 0 
718617ff9000-718618000000 ---p 00000000 00:00 0 
718618000000-71861bff9000 rw-p 00000000 00:00 0 
71861bff9000-71861c000000 ---p 00000000 00:00 0 
71861c000000-71861fff9000 rw-p 00000000 00:00 0 
71861fff9000-718620000000 ---p 00000000 00:00 0 
718620000000-718623ff9000 rw-p 00000000 00:00 0 
718623ff9000-718624000000 ---p 00000000 00:00 0 
718624000000-718627ff9000 rw-p 00000000 00:00 0 
718627ff9000-718628000000 ---p 00000000 00:00 0 
718628000000-71862bff9000 rw-p 00000000 00:00 0 
71862bff9000-71862c000000 ---p 00000000 00:00 0 
71862c000000-71862fff9000 rw-p 00000000 00:00 0 
71862fff9000-718630000000 ---p 00000000 00:00 0 
718630000000-718633ff9000 rw-p 00000000 00:00 0 
718633ff9000-718634000000 ---p 00000000 00:00 0 
718634000000-718637ff9000 rw-p 00000000 00:00 0 
718637ff9000-718638000000 ---p 00000000 00:00 0 
718638000000-718638021000 rw-p 00000000 00:00 0 
718638021000-71863c000000 ---p 00000000 00:00 0 
71863c000000-71863c021000 rw-p 00000000 00:00 0 
71863c021000-718640000000 ---p 00000000 00:00 0 
718640000000-718640021000 rw-p 00000000 00:00 0 
718640021000-718644000000 ---p 00000000 00:00 0 
718644000000-718644021000 rw-p 00000000 00:00 0 
718644021000-718648000000 ---p 00000000 00:00 0 
718648000000-718648021000 rw-p 00000000 00:00 0 
718648021000-71864c000000 ---p 00000000 00:00 0 
71864c000000-71864c021000 rw-p 00000000 00:00 0 
71864c021000-718650000000 ---p 00000000 00:00 0 
718650000000-718650021000 rw-p 00000000 00:00 0 
718650021000-718654000000 ---p 00000000 00:00 0 
718654000000-71865411c000 rw-p 00000000 00:00 0 
71865411c000-718658000000 ---p 00000000 00:00 0 
718658000000-718658021000 rw-p 00000000 00:00 0 
718658021000-71865c000000 ---p 00000000 00:00 0 
71865c000000-71865cf5e000 rw-p 00000000 00:00 0 
71865cf5e000-718660000000 ---p 00000000 00:00 0 
718660000000-718663ffe000 rw-p 00000000 00:00 0 
718663ffe000-718664000000 ---p 00000000 00:00 0 
718664000000-718664021000 rw-p 00000000 00:00 0 
718664021000-718668000000 ---p 00000000 00:00 0 
718668000000-718668021000 rw-p 00000000 00:00 0 
718668021000-71866c000000 ---p 00000000 00:00 0 
71866c000000-71866c021000 rw-p 00000000 00:00 0 
71866c021000-718670000000 ---p 00000000 00:00 0 
718670000000-718670021000 rw-p 00000000 00:00 0 
718670021000-718674000000 ---p 00000000 00:00 0 
718674000000-718674021000 rw-p 00000000 00:00 0 
718674021000-718678000000 ---p 00000000 00:00 0 
718678000000-718678021000 rw-p 00000000 00:00 0 
718678021000-71867c000000 ---p 00000000 00:00 0 
71867c000000-71867c021000 rw-p 00000000 00:00 0 
71867c021000-718680000000 ---p 00000000 00:00 0 
718680000000-718680021000 rw-p 00000000 00:00 0 
718680021000-718684000000 ---p 00000000 00:00 0 
718684000000-718684021000 rw-p 00000000 00:00 0 
718684021000-718688000000 ---p 00000000 00:00 0 
718688000000-718688297000 rw-p 00000000 00:00 0 
718688297000-71868c000000 ---p 00000000 00:00 0 
71868c000000-71868d37b000 rw-p 00000000 00:00 0 
71868d37b000-718690000000 ---p 00000000 00:00 0 
718690000000-718690040000 rw-p 00000000 00:00 0 
718690040000-718694000000 ---p 00000000 00:00 0 
718694000000-718695324000 rw-p 00000000 00:00 0 
718695324000-718698000000 ---p 00000000 00:00 0 
718698000000-718698021000 rw-p 00000000 00:00 0 
718698021000-71869c000000 ---p 00000000 00:00 0 
71869c000000-71869c021000 rw-p 00000000 00:00 0 
71869c021000-7186a0000000 ---p 00000000 00:00 0 
7186a0000000-7186a0021000 rw-p 00000000 00:00 0 
7186a0021000-7186a4000000 ---p 00000000 00:00 0 
7186a4000000-7186a4021000 rw-p 00000000 00:00 0 
7186a4021000-7186a8000000 ---p 00000000 00:00 0 
7186a8000000-7186a8021000 rw-p 00000000 00:00 0 
7186a8021000-7186ac000000 ---p 00000000 00:00 0 
7186ac000000-7186ac021000 rw-p 00000000 00:00 0 
7186ac021000-7186b0000000 ---p 00000000 00:00 0 
7186b0000000-7186b031c000 rw-p 00000000 00:00 0 
7186b031c000-7186b4000000 ---p 00000000 00:00 0 
7186b4000000-7186b4021000 rw-p 00000000 00:00 0 
7186b4021000-7186b8000000 ---p 00000000 00:00 0 
7186b8000000-7186b82e7000 rw-p 00000000 00:00 0 
7186b82e7000-7186bc000000 ---p 00000000 00:00 0 
7186bc000000-7186bc3a9000 rw-p 00000000 00:00 0 
7186bc3a9000-7186c0000000 ---p 00000000 00:00 0 
7186c0000000-7186c034e000 rw-p 00000000 00:00 0 
7186c034e000-7186c4000000 ---p 00000000 00:00 0 
7186c4000000-7186c43dd000 rw-p 00000000 00:00 0 
7186c43dd000-7186c8000000 ---p 00000000 00:00 0 
7186c8000000-7186c927a000 rw-p 00000000 00:00 0 
7186c927a000-7186cc000000 ---p 00000000 00:00 0 
7186cc000000-7186cc3a0000 rw-p 00000000 00:00 0 
7186cc3a0000-7186d0000000 ---p 00000000 00:00 0 
7186d0000000-7186d0ba7000 rw-p 00000000 00:00 0 
7186d0ba7000-7186d4000000 ---p 00000000 00:00 0 
7186d4000000-7186d4bd1000 rw-p 00000000 00:00 0 
7186d4bd1000-7186d8000000 ---p 00000000 00:00 0 
7186d8000000-7186d8835000 rw-p 00000000 00:00 0 
7186d8835000-7186dc000000 ---p 00000000 00:00 0 
7186dc000000-7186dcede000 rw-p 00000000 00:00 0 
7186dcede000-7186e0000000 ---p 00000000 00:00 0 
7186e0000000-7186e1370000 rw-p 00000000 00:00 0 
7186e1370000-7186e4000000 ---p 00000000 00:00 0 
7186e4000000-7186e52c8000 rw-p 00000000 00:00 0 
7186e52c8000-7186e8000000 ---p 00000000 00:00 0 
7186e8000000-7186e8bff000 rw-p 00000000 00:00 0 
7186e8bff000-7186ec000000 ---p 00000000 00:00 0 
7186ec000000-7186ed064000 rw-p 00000000 00:00 0 
7186ed064000-7186f0000000 ---p 00000000 00:00 0 
7186f0000000-7186f19e5000 rw-p 00000000 00:00 0 
7186f19e5000-7186f4000000 ---p 00000000 00:00 0 
7186f4000000-7186f4d97000 rw-p 00000000 00:00 0 
7186f4d97000-7186f8000000 ---p 00000000 00:00 0 
7186f8000000-7186f8021000 rw-p 00000000 00:00 0 
7186f8021000-7186fc000000 ---p 00000000 00:00 0 
7186fc000000-7186fd474000 rw-p 00000000 00:00 0 
7186fd474000-718700000000 ---p 00000000 00:00 0 
718700000000-718700021000 rw-p 00000000 00:00 0 
718700021000-718704000000 ---p 00000000 00:00 0 
718704000000-718704021000 rw-p 00000000 00:00 0 
718704021000-718708000000 ---p 00000000 00:00 0 
718708000000-718708021000 rw-p 00000000 00:00 0 
718708021000-71870c000000 ---p 00000000 00:00 0 
71870c000000-71870c112000 rw-p 00000000 00:00 0 
71870c112000-718710000000 ---p 00000000 00:00 0 
718710000000-718710021000 rw-p 00000000 00:00 0 
718710021000-718714000000 ---p 00000000 00:00 0 
718718000000-718718021000 rw-p 00000000 00:00 0 
718718021000-71871c000000 ---p 00000000 00:00 0 
71871d34c000-718724000000 rw-p 00000000 00:00 0 
718724000000-718724021000 rw-p 00000000 00:00 0 
718724021000-718728000000 ---p 00000000 00:00 0 
71872c000000-71872c021000 rw-p 00000000 00:00 0 
71872c021000-718730000000 ---p 00000000 00:00 0 
718734000000-718734021000 rw-p 00000000 00:00 0 
718734021000-718738000000 ---p 00000000 00:00 0 
71873c000000-71873c021000 rw-p 00000000 00:00 0 
71873c021000-718740000000 ---p 00000000 00:00 0 
718744000000-718744021000 rw-p 00000000 00:00 0 
718744021000-718748000000 ---p 00000000 00:00 0 
71874c000000-71874c021000 rw-p 00000000 00:00 0 
71874c021000-718750000000 ---p 00000000 00:00 0 
718754000000-718754021000 rw-p 00000000 00:00 0 
718754021000-718758000000 ---p 00000000 00:00 0 
71875c000000-71875c021000 rw-p 00000000 00:00 0 
71875c021000-718760000000 ---p 00000000 00:00 0 
718764000000-718764021000 rw-p 00000000 00:00 0 
718764021000-718768000000 ---p 00000000 00:00 0 
71876c000000-71876c021000 rw-p 00000000 00:00 0 
71876c021000-718770000000 ---p 00000000 00:00 0 
718774000000-718774021000 rw-p 00000000 00:00 0 
718774021000-718778000000 ---p 00000000 00:00 0 
71877c000000-71877c021000 rw-p 00000000 00:00 0 
71877c021000-718780000000 ---p 00000000 00:00 0 
718784000000-718784021000 rw-p 00000000 00:00 0 
718784021000-718788000000 ---p 00000000 00:00 0 
71878c000000-71878c021000 rw-p 00000000 00:00 0 
71878c021000-718790000000 ---p 00000000 00:00 0 
718794000000-718794021000 rw-p 00000000 00:00 0 
718794021000-718798000000 ---p 00000000 00:00 0 
71879c000000-71879c021000 rw-p 00000000 00:00 0 
71879c021000-7187a0000000 ---p 00000000 00:00 0 
7187a4000000-7187a4021000 rw-p 00000000 00:00 0 
7187a4021000-7187a8000000 ---p 00000000 00:00 0 
7187ac000000-7187ac021000 rw-p 00000000 00:00 0 
7187ac021000-7187b0000000 ---p 00000000 00:00 0 
7187b0000000-7187b0021000 rw-p 00000000 00:00 0 
7187b0021000-7187b4000000 ---p 00000000 00:00 0 
7187b4000000-7187b4021000 rw-p 00000000 00:00 0 
7187b4021000-7187b8000000 ---p 00000000 00:00 0 
7187b8000000-7187b8021000 rw-p 00000000 00:00 0 
7187b8021000-7187bc000000 ---p 00000000 00:00 0 
7187bc000000-7187bc021000 rw-p 00000000 00:00 0 
7187bc021000-7187c0000000 ---p 00000000 00:00 0 
7187c0000000-7187c0021000 rw-p 00000000 00:00 0 
7187c0021000-7187c4000000 ---p 00000000 00:00 0 
7187c4000000-7187c4021000 rw-p 00000000 00:00 0 
7187c4021000-7187c8000000 ---p 00000000 00:00 0 
7187cc000000-7187cc021000 rw-p 00000000 00:00 0 
7187cc021000-7187d0000000 ---p 00000000 00:00 0 
7187d0000000-7187d0021000 rw-p 00000000 00:00 0 
7187d0021000-7187d4000000 ---p 00000000 00:00 0 
7187d4000000-7187d4021000 rw-p 00000000 00:00 0 
7187d4021000-7187d8000000 ---p 00000000 00:00 0 
7187d8000000-7187d8021000 rw-p 00000000 00:00 0 
7187d8021000-7187dc000000 ---p 00000000 00:00 0 
7187dc000000-7187dc021000 rw-p 00000000 00:00 0 
7187dc021000-7187e0000000 ---p 00000000 00:00 0 
7187e3000000-7187e30c0000 rw-p 00000000 00:00 0 
7187e30c0000-7187e3200000 ---p 00000000 00:00 0 
7187e3223000-7187e4000000 rw-p 00000000 00:00 0 
7187e4000000-7187e4021000 rw-p 00000000 00:00 0 
7187e4021000-7187e8000000 ---p 00000000 00:00 0 
7187e83ff000-7187e8600000 rw-p 00000000 00:00 0 
7187e8600000-7187e8648000 r-xp 00000000 103:02 63701023                  /tmp/libasyncProfiler-6704425565192703066.so (deleted)
7187e8648000-7187e8848000 ---p 00048000 103:02 63701023                  /tmp/libasyncProfiler-6704425565192703066.so (deleted)
7187e8848000-7187e884a000 rw-p 00048000 103:02 63701023                  /tmp/libasyncProfiler-6704425565192703066.so (deleted)
7187e884a000-7187e8852000 rw-p 00000000 00:00 0 
7187e88ff000-7187e8902000 ---p 00000000 00:00 0 
7187e8902000-7187e89ff000 rw-p 00000000 00:00 0 
7187e89ff000-7187e8a02000 ---p 00000000 00:00 0 
7187e8a02000-7187e8aff000 rw-p 00000000 00:00 0 
7187e8aff000-7187e8b02000 ---p 00000000 00:00 0 
7187e8b02000-7187e8bff000 rw-p 00000000 00:00 0 
7187e8bff000-7187e9000000 rw-p 00000000 00:00 0 
7187e9000000-7187e9003000 ---p 00000000 00:00 0 
7187e9003000-7187e9100000 rw-p 00000000 00:00 0 
7187e9100000-7187e9103000 ---p 00000000 00:00 0 
7187e9103000-7187e9200000 rw-p 00000000 00:00 0 
7187e9200000-7187e9400000 rw-p 00000000 00:00 0 
7187e9400000-7187e9403000 ---p 00000000 00:00 0 
7187e9403000-7187e9500000 rw-p 00000000 00:00 0 
7187e9800000-7187e9803000 ---p 00000000 00:00 0 
7187e9803000-7187e9900000 rw-p 00000000 00:00 0 
7187e9900000-7187e9903000 ---p 00000000 00:00 0 
7187e9903000-7187e9a00000 rw-p 00000000 00:00 0 
7187e9a00000-7187e9a03000 ---p 00000000 00:00 0 
7187e9a03000-7187e9b00000 rw-p 00000000 00:00 0 
7187e9b00000-7187e9b03000 ---p 00000000 00:00 0 
7187e9b03000-7187e9c00000 rw-p 00000000 00:00 0 
7187e9d00000-7187e9d03000 ---p 00000000 00:00 0 
7187e9d03000-7187e9e00000 rw-p 00000000 00:00 0 
7187e9e00000-7187e9e03000 ---p 00000000 00:00 0 
7187e9e03000-7187e9f00000 rw-p 00000000 00:00 0 
7187e9f00000-7187e9f03000 ---p 00000000 00:00 0 
7187e9f03000-7187ea000000 rw-p 00000000 00:00 0 
7187ea000000-7187ea003000 ---p 00000000 00:00 0 
7187ea003000-7187ea100000 rw-p 00000000 00:00 0 
7187ea100000-7187ea103000 ---p 00000000 00:00 0 
7187ea103000-7187ea200000 rw-p 00000000 00:00 0 
7187ea200000-7187ea203000 ---p 00000000 00:00 0 
7187ea203000-7187ea300000 rw-p 00000000 00:00 0 
7187ea400000-7187ea403000 ---p 00000000 00:00 0 
7187ea403000-7187ea500000 rw-p 00000000 00:00 0 
7187ea500000-7187ea503000 ---p 00000000 00:00 0 
7187ea503000-7187ea600000 rw-p 00000000 00:00 0 
7187ea600000-7187ea603000 ---p 00000000 00:00 0 
7187ea603000-7187ea700000 rw-p 00000000 00:00 0 
7187ea700000-7187ea703000 ---p 00000000 00:00 0 
7187ea703000-7187ea800000 rw-p 00000000 00:00 0 
7187ea800000-7187ea9c0000 rw-p 00000000 00:00 0 
7187ea9c0000-7187eabc0000 rw-p 00000000 00:00 0 
7187eabc0000-7187eadc0000 rw-p 00000000 00:00 0 
7187eadc0000-7187eb000000 rw-p 00000000 00:00 0 
7187eb000000-7187eb003000 ---p 00000000 00:00 0 
7187eb003000-7187eb100000 rw-p 00000000 00:00 0 
7187eb100000-7187eb103000 ---p 00000000 00:00 0 
7187eb103000-7187eb200000 rw-p 00000000 00:00 0 
7187eb200000-7187eb203000 ---p 00000000 00:00 0 
7187eb203000-7187eb300000 rw-p 00000000 00:00 0 
7187eb300000-7187eb303000 ---p 00000000 00:00 0 
7187eb303000-7187eb400000 rw-p 00000000 00:00 0 
7187eb400000-7187eb600000 rw-p 00000000 00:00 0 
7187eb600000-7187eb603000 ---p 00000000 00:00 0 
7187eb603000-7187eb700000 rw-p 00000000 00:00 0 
7187eb700000-7187eb703000 ---p 00000000 00:00 0 
7187eb703000-7187eb800000 rw-p 00000000 00:00 0 
7187eb800000-7187eb803000 ---p 00000000 00:00 0 
7187eb803000-7187eb900000 rw-p 00000000 00:00 0 
7187eb900000-7187eb903000 ---p 00000000 00:00 0 
7187eb903000-7187eba00000 rw-p 00000000 00:00 0 
7187eba00000-7187eba03000 ---p 00000000 00:00 0 
7187eba03000-7187ebb00000 rw-p 00000000 00:00 0 
7187ebb00000-7187ebb03000 ---p 00000000 00:00 0 
7187ebb03000-7187ebc00000 rw-p 00000000 00:00 0 
7187ebc00000-7187ebc03000 ---p 00000000 00:00 0 
7187ebc03000-7187ebd00000 rw-p 00000000 00:00 0 
7187ebd00000-7187ebd03000 ---p 00000000 00:00 0 
7187ebd03000-7187ebe00000 rw-p 00000000 00:00 0 
7187ebe00000-7187ebe03000 ---p 00000000 00:00 0 
7187ebe03000-7187ebf00000 rw-p 00000000 00:00 0 
7187ebf00000-7187ebf03000 ---p 00000000 00:00 0 
7187ebf03000-7187ec000000 rw-p 00000000 00:00 0 
7187ec000000-7187ec021000 rw-p 00000000 00:00 0 
7187ec021000-7187f0000000 ---p 00000000 00:00 0 
7187f0000000-7187f0003000 ---p 00000000 00:00 0 
7187f0003000-7187f0100000 rw-p 00000000 00:00 0 
7187f0100000-7187f0103000 ---p 00000000 00:00 0 
7187f0103000-7187f0200000 rw-p 00000000 00:00 0 
7187f0200000-7187f0203000 ---p 00000000 00:00 0 
7187f0203000-7187f0300000 rw-p 00000000 00:00 0 
7187f0300000-7187f0303000 ---p 00000000 00:00 0 
7187f0303000-7187f0400000 rw-p 00000000 00:00 0 
7187f0400000-7187f0403000 ---p 00000000 00:00 0 
7187f0403000-7187f0500000 rw-p 00000000 00:00 0 
7187f0500000-7187f0503000 ---p 00000000 00:00 0 
7187f0503000-7187f0600000 rw-p 00000000 00:00 0 
7187f0600000-7187f0603000 ---p 00000000 00:00 0 
7187f0603000-7187f0700000 rw-p 00000000 00:00 0 
7187f0700000-7187f0703000 ---p 00000000 00:00 0 
7187f0703000-7187f0800000 rw-p 00000000 00:00 0 
7187f0800000-7187f0803000 ---p 00000000 00:00 0 
7187f0803000-7187f0900000 rw-p 00000000 00:00 0 
7187f0900000-7187f0903000 ---p 00000000 00:00 0 
7187f0903000-7187f0a00000 rw-p 00000000 00:00 0 
7187f0a00000-7187f0a03000 ---p 00000000 00:00 0 
7187f0a03000-7187f0b00000 rw-p 00000000 00:00 0 
7187f0b00000-7187f0b03000 ---p 00000000 00:00 0 
7187f0b03000-7187f0c00000 rw-p 00000000 00:00 0 
7187f0c00000-7187f0c03000 ---p 00000000 00:00 0 
7187f0c03000-7187f0d00000 rw-p 00000000 00:00 0 
7187f0d00000-7187f0d03000 ---p 00000000 00:00 0 
7187f0d03000-7187f0e00000 rw-p 00000000 00:00 0 
7187f0e00000-7187f1000000 rw-p 00000000 00:00 0 
7187f10ff000-7187f1102000 ---p 00000000 00:00 0 
7187f1102000-7187f11ff000 rw-p 00000000 00:00 0 
7187f11ff000-7187f1202000 ---p 00000000 00:00 0 
7187f1202000-7187f12ff000 rw-p 00000000 00:00 0 
7187f12ff000-7187f1302000 ---p 00000000 00:00 0 
7187f1302000-7187f13ff000 rw-p 00000000 00:00 0 
7187f13ff000-7187f1402000 ---p 00000000 00:00 0 
7187f1402000-7187f14ff000 rw-p 00000000 00:00 0 
7187f14ff000-7187f1502000 ---p 00000000 00:00 0 
7187f1502000-7187f15ff000 rw-p 00000000 00:00 0 
7187f15ff000-7187f1c00000 rw-p 00000000 00:00 0 
7187f1c00000-7187f1c03000 ---p 00000000 00:00 0 
7187f1c03000-7187f1d00000 rw-p 00000000 00:00 0 
7187f1d00000-7187f1d03000 ---p 00000000 00:00 0 
7187f1d03000-7187f1e00000 rw-p 00000000 00:00 0 
7187f1e00000-7187f1e03000 ---p 00000000 00:00 0 
7187f1e03000-7187f1f00000 rw-p 00000000 00:00 0 
7187f1f00000-7187f1f03000 ---p 00000000 00:00 0 
7187f1f03000-7187f2000000 rw-p 00000000 00:00 0 
7187f2000000-7187f2200000 rw-p 00000000 00:00 0 
7187f22de000-7187f22e1000 ---p 00000000 00:00 0 
7187f22e1000-7187f23de000 rw-p 00000000 00:00 0 
7187f2400000-7187f2403000 ---p 00000000 00:00 0 
7187f2403000-7187f2500000 rw-p 00000000 00:00 0 
7187f2500000-7187f2503000 ---p 00000000 00:00 0 
7187f2503000-7187f2600000 rw-p 00000000 00:00 0 
7187f2600000-7187f2800000 rw-p 00000000 00:00 0 
7187f2800000-7187f2811000 r-xp 00000000 103:02 63701022                  /tmp/liborg_apache_flink_shaded_netty4_netty_transport_native_epoll_x86_64111773422103941794.so (deleted)
7187f2811000-7187f2a10000 ---p 00011000 103:02 63701022                  /tmp/liborg_apache_flink_shaded_netty4_netty_transport_native_epoll_x86_64111773422103941794.so (deleted)
7187f2a10000-7187f2a12000 r--p 00010000 103:02 63701022                  /tmp/liborg_apache_flink_shaded_netty4_netty_transport_native_epoll_x86_64111773422103941794.so (deleted)
7187f2a12000-7187f2a13000 rw-p 00000000 00:00 0 
7187f2b00000-7187f2b03000 ---p 00000000 00:00 0 
7187f2b03000-7187f2c00000 rw-p 00000000 00:00 0 
7187f2c00000-7187f2c03000 ---p 00000000 00:00 0 
7187f2c03000-7187f2d00000 rw-p 00000000 00:00 0 
7187f2d00000-7187f2d03000 ---p 00000000 00:00 0 
7187f2d03000-7187f2e00000 rw-p 00000000 00:00 0 
7187f2e00000-7187f2e03000 ---p 00000000 00:00 0 
7187f2e03000-7187f2f00000 rw-p 00000000 00:00 0 
7187f2f00000-7187f2f03000 ---p 00000000 00:00 0 
7187f2f03000-7187f3000000 rw-p 00000000 00:00 0 
7187f3000000-7187f3200000 rw-p 00000000 00:00 0 
7187f3200000-7187f3203000 ---p 00000000 00:00 0 
7187f3203000-7187f3300000 rw-p 00000000 00:00 0 
7187f3300000-7187f3303000 ---p 00000000 00:00 0 
7187f3303000-7187f3400000 rw-p 00000000 00:00 0 
7187f3400000-7187f3403000 ---p 00000000 00:00 0 
7187f3403000-7187f3500000 rw-p 00000000 00:00 0 
7187f3500000-7187f3503000 ---p 00000000 00:00 0 
7187f3503000-7187f3600000 rw-p 00000000 00:00 0 
7187f3600000-7187f3603000 ---p 00000000 00:00 0 
7187f3603000-7187f3700000 rw-p 00000000 00:00 0 
7187f3700000-7187f3703000 ---p 00000000 00:00 0 
7187f3703000-7187f3800000 rw-p 00000000 00:00 0 
7187f3800000-7187f3803000 ---p 00000000 00:00 0 
7187f3803000-7187f3900000 rw-p 00000000 00:00 0 
7187f3900000-7187f3903000 ---p 00000000 00:00 0 
7187f3903000-7187f3a00000 rw-p 00000000 00:00 0 
7187f3a00000-7187f3a03000 ---p 00000000 00:00 0 
7187f3a03000-7187f3b00000 rw-p 00000000 00:00 0 
7187f3b00000-7187f3b03000 ---p 00000000 00:00 0 
7187f3b03000-7187f3c00000 rw-p 00000000 00:00 0 
7187f3c00000-7187f3c03000 ---p 00000000 00:00 0 
7187f3c03000-7187f3d00000 rw-p 00000000 00:00 0 
7187f3d00000-7187f3d03000 ---p 00000000 00:00 0 
7187f3d03000-7187f3e00000 rw-p 00000000 00:00 0 
7187f3e00000-7187f3e03000 ---p 00000000 00:00 0 
7187f3e03000-7187f3f00000 rw-p 00000000 00:00 0 
7187f3f00000-7187f3f03000 ---p 00000000 00:00 0 
7187f3f03000-7187f4000000 rw-p 00000000 00:00 0 
7187f4000000-7187f4021000 rw-p 00000000 00:00 0 
7187f4021000-7187f8000000 ---p 00000000 00:00 0 
7187f8000000-7187f8003000 ---p 00000000 00:00 0 
7187f8003000-7187f8100000 rw-p 00000000 00:00 0 
7187f8100000-7187f8103000 ---p 00000000 00:00 0 
7187f8103000-7187f8200000 rw-p 00000000 00:00 0 
7187f8200000-7187f83d6000 rw-p 00000000 00:00 0 
7187f83d6000-7187f8600000 rw-p 00000000 00:00 0 
7187f8600000-7187f8603000 ---p 00000000 00:00 0 
7187f8603000-7187f8700000 rw-p 00000000 00:00 0 
7187f8700000-7187f8703000 ---p 00000000 00:00 0 
7187f8703000-7187f8800000 rw-p 00000000 00:00 0 
7187f8800000-7187f89c0000 rw-p 00000000 00:00 0 
7187f89c0000-7187f8c00000 rw-p 00000000 00:00 0 
7187f8c00000-7187f8c03000 ---p 00000000 00:00 0 
7187f8c03000-7187f8d00000 rw-p 00000000 00:00 0 
7187f8d00000-7187f8d03000 ---p 00000000 00:00 0 
7187f8d03000-7187f8e00000 rw-p 00000000 00:00 0 
7187f8e00000-7187f8e03000 ---p 00000000 00:00 0 
7187f8e03000-7187f8f00000 rw-p 00000000 00:00 0 
7187f8f00000-7187f8f03000 ---p 00000000 00:00 0 
7187f8f03000-7187f9000000 rw-p 00000000 00:00 0 
7187f9000000-7187f9003000 ---p 00000000 00:00 0 
7187f9003000-7187f9100000 rw-p 00000000 00:00 0 
7187f9100000-7187f9103000 ---p 00000000 00:00 0 
7187f9103000-7187f9200000 rw-p 00000000 00:00 0 
7187f9200000-7187f93c0000 rw-p 00000000 00:00 0 
7187f93c0000-7187f95c0000 rw-p 00000000 00:00 0 
7187f95c0000-7187f97c0000 rw-p 00000000 00:00 0 
7187f97c0000-7187f99c0000 rw-p 00000000 00:00 0 
7187f99c0000-7187f9c00000 rw-p 00000000 00:00 0 
7187f9c00000-7187f9c03000 ---p 00000000 00:00 0 
7187f9c03000-7187f9d00000 rw-p 00000000 00:00 0 
7187f9d00000-7187f9d03000 ---p 00000000 00:00 0 
7187f9d03000-7187f9e00000 rw-p 00000000 00:00 0 
7187f9e00000-7187fa000000 rw-p 00000000 00:00 0 
7187fa05b000-7187fa06b000 rw-p 00000000 00:00 0 
7187fa06b000-7187fa08c000 r--p 00000000 103:02 67799812                  /tmp/forl0_native_1279159742030886471/libforl0_engine.so
7187fa08c000-7187fa0ec000 r-xp 00021000 103:02 67799812                  /tmp/forl0_native_1279159742030886471/libforl0_engine.so
7187fa0ec000-7187fa0fb000 r--p 00081000 103:02 67799812                  /tmp/forl0_native_1279159742030886471/libforl0_engine.so
7187fa0fb000-7187fa0fc000 r--p 0008f000 103:02 67799812                  /tmp/forl0_native_1279159742030886471/libforl0_engine.so
7187fa0fc000-7187fa0fd000 rw-p 00090000 103:02 67799812                  /tmp/forl0_native_1279159742030886471/libforl0_engine.so
7187fa0fd000-7187fa200000 r--s 01370000 103:02 63701021                  /tmp/flink-rpc-akka816e9178-e8e5-4cbe-ba4c-73f2b73594d5.jar
7187fa200000-7187fa3c0000 rw-p 00000000 00:00 0 
7187fa3c0000-7187fa5c0000 rw-p 00000000 00:00 0 
7187fa5c0000-7187fa7c0000 rw-p 00000000 00:00 0 
7187fa7c0000-7187faa00000 rw-p 00000000 00:00 0 
7187faa0c000-7187faa0d000 r--p 00000000 103:02 93587712                  /usr/lib/x86_64-linux-gnu/libpthread.so.0
7187faa0d000-7187faa0e000 r-xp 00001000 103:02 93587712                  /usr/lib/x86_64-linux-gnu/libpthread.so.0
7187faa0e000-7187faa0f000 r--p 00002000 103:02 93587712                  /usr/lib/x86_64-linux-gnu/libpthread.so.0
7187faa0f000-7187faa10000 r--p 00002000 103:02 93587712                  /usr/lib/x86_64-linux-gnu/libpthread.so.0
7187faa10000-7187faa11000 rw-p 00003000 103:02 93587712                  /usr/lib/x86_64-linux-gnu/libpthread.so.0
7187faa27000-7187faa38000 r--s 001c5000 103:02 94374103                  /usr/lib/jvm/java-8-openjdk-amd64/jre/lib/jsse.jar
7187faa38000-7187faa3b000 ---p 00000000 00:00 0 
7187faa3b000-7187fab38000 rw-p 00000000 00:00 0 
7187fab38000-7187fabc1000 rw-p 00000000 00:00 0 
7187fabc1000-7187fb01e000 r--s 073c1000 103:02 31869623                  /home/user/flink-1.20.3/lib/flink-dist-1.20.3.jar
7187fb021000-7187fb029000 r--s 000ea000 103:02 67537726                  /tmp/tm_localhost:34725-496004/blobStorage/job_5a2a07308cfc81617838f2451fe7ed05/blob_p-1cc853eb33d8f46605c79bdb80dfa20134fe14a4-124f4372488dd3b4159b6dbba2d24102
7187fb029000-7187fb02a000 r--p 00000000 103:02 93587610                  /usr/lib/x86_64-linux-gnu/libdl.so.2
7187fb02a000-7187fb02b000 r-xp 00001000 103:02 93587610                  /usr/lib/x86_64-linux-gnu/libdl.so.2
7187fb02b000-7187fb02c000 r--p 00002000 103:02 93587610                  /usr/lib/x86_64-linux-gnu/libdl.so.2
7187fb02c000-7187fb02d000 r--p 00002000 103:02 93587610                  /usr/lib/x86_64-linux-gnu/libdl.so.2
7187fb02d000-7187fb02e000 rw-p 00003000 103:02 93587610                  /usr/lib/x86_64-linux-gnu/libdl.so.2
7187fb02e000-7187fb032000 r--s 00027000 103:02 31869537                  /home/user/flink-1.20.3/plugins/metrics-graphite/flink-metrics-graphite-1.20.3.jar
7187fb032000-7187fb0f2000 r--s 00e3d000 103:02 31869617                  /home/user/flink-1.20.3/lib/flink-table-api-java-uber-1.20.3.jar
7187fb0f2000-7187fb0f3000 ---p 00000000 00:00 0 
7187fb0f3000-7187fb1f3000 rw-p 00000000 00:00 0 
7187fb1f3000-7187fb1f6000 ---p 00000000 00:00 0 
7187fb1f6000-7187fb2f3000 rw-p 00000000 00:00 0 
7187fb2f3000-7187fb2f4000 ---p 00000000 00:00 0 
7187fb2f4000-7187fb2f7000 ---p 00000000 00:00 0 
7187fb2f7000-7187fb3f4000 rw-p 00000000 00:00 0 
7187fb3f4000-7187fb3f5000 ---p 00000000 00:00 0 
7187fb3f5000-7187fb3f8000 ---p 00000000 00:00 0 
7187fb3f8000-7187fb4f5000 rw-p 00000000 00:00 0 
7187fb4f5000-7187fb4f6000 ---p 00000000 00:00 0 
7187fb4f6000-7187fb4f9000 ---p 00000000 00:00 0 
7187fb4f9000-7187fb5f6000 rw-p 00000000 00:00 0 
7187fb5f6000-7187fb5f7000 ---p 00000000 00:00 0 
7187fb5f7000-7187fb5fa000 ---p 00000000 00:00 0 
7187fb5fa000-7187fb6f7000 rw-p 00000000 00:00 0 
7187fb6f7000-7187fb6f8000 ---p 00000000 00:00 0 
7187fb6f8000-7187fb6fb000 ---p 00000000 00:00 0 
7187fb6fb000-7187fb7f8000 rw-p 00000000 00:00 0 
7187fb7f8000-7187fb7f9000 ---p 00000000 00:00 0 
7187fb7f9000-7187fb7fc000 ---p 00000000 00:00 0 
7187fb7fc000-7187fb8f9000 rw-p 00000000 00:00 0 
7187fb8f9000-7187fb8fa000 ---p 00000000 00:00 0 
7187fb8fa000-7187fb8fd000 ---p 00000000 00:00 0 
7187fb8fd000-7187fb9fa000 rw-p 00000000 00:00 0 
7187fb9fa000-7187fb9fb000 ---p 00000000 00:00 0 
7187fb9fb000-7187fb9fe000 ---p 00000000 00:00 0 
7187fb9fe000-7187fbafb000 rw-p 00000000 00:00 0 
7187fbafb000-7187fbafc000 ---p 00000000 00:00 0 
7187fbafc000-7187fbaff000 ---p 00000000 00:00 0 
7187fbaff000-7187fbbfc000 rw-p 00000000 00:00 0 
7187fbbfc000-7187fbbfd000 ---p 00000000 00:00 0 
7187fbbfd000-7187fbc00000 ---p 00000000 00:00 0 
7187fbc00000-7187fbcfd000 rw-p 00000000 00:00 0 
7187fbcfd000-7187fbcfe000 ---p 00000000 00:00 0 
7187fbcfe000-7187fbd01000 ---p 00000000 00:00 0 
7187fbd01000-7187fbdfe000 rw-p 00000000 00:00 0 
7187fbdfe000-7187fbdff000 ---p 00000000 00:00 0 
7187fbdff000-7187fbe02000 ---p 00000000 00:00 0 
7187fbe02000-7187fbeff000 rw-p 00000000 00:00 0 
7187fbeff000-7187fbf00000 ---p 00000000 00:00 0 
7187fbf00000-7187fbf03000 ---p 00000000 00:00 0 
7187fbf03000-7187fc000000 rw-p 00000000 00:00 0 
7187fc000000-7187fc021000 rw-p 00000000 00:00 0 
7187fc021000-718800000000 ---p 00000000 00:00 0 
718800001000-718800010000 r--s 000e2000 103:02 31869545                  /home/user/flink-1.20.3/plugins/metrics-influx/flink-metrics-influxdb-1.20.3.jar
718800010000-718800041000 rw-p 00000000 00:00 0 
718800041000-7188000fb000 r--s 0135c000 103:02 31869618                  /home/user/flink-1.20.3/lib/flink-scala_2.12-1.20.3.jar
7188000fb000-7188000fc000 ---p 00000000 00:00 0 
7188000fc000-7188000ff000 ---p 00000000 00:00 0 
7188000ff000-7188001fc000 rw-p 00000000 00:00 0 
7188001fc000-7188001fd000 ---p 00000000 00:00 0 
7188001fd000-718800200000 ---p 00000000 00:00 0 
718800200000-7188002fd000 rw-p 00000000 00:00 0 
7188002fd000-7188002fe000 ---p 00000000 00:00 0 
7188002fe000-718800301000 ---p 00000000 00:00 0 
718800301000-7188003fe000 rw-p 00000000 00:00 0 
7188003fe000-7188003ff000 ---p 00000000 00:00 0 
7188003ff000-718800402000 ---p 00000000 00:00 0 
718800402000-7188004ff000 rw-p 00000000 00:00 0 
7188004ff000-718800500000 ---p 00000000 00:00 0 
718800500000-718800503000 ---p 00000000 00:00 0 
718800503000-718800600000 rw-p 00000000 00:00 0 
718800600000-718800b73000 r--p 00000000 103:02 93587570                  /usr/lib/locale/locale-archive
718800b75000-718800b79000 r--p 00000000 103:02 94374015                  /usr/lib/jvm/java-8-openjdk-amd64/jre/lib/amd64/libmanagement.so
718800b79000-718800b7d000 r-xp 00004000 103:02 94374015                  /usr/lib/jvm/java-8-openjdk-amd64/jre/lib/amd64/libmanagement.so
718800b7d000-718800b7f000 r--p 00008000 103:02 94374015                  /usr/lib/jvm/java-8-openjdk-amd64/jre/lib/amd64/libmanagement.so
718800b7f000-718800b80000 r--p 00009000 103:02 94374015                  /usr/lib/jvm/java-8-openjdk-amd64/jre/lib/amd64/libmanagement.so
718800b80000-718800b81000 rw-p 0000a000 103:02 94374015                  /usr/lib/jvm/java-8-openjdk-amd64/jre/lib/amd64/libmanagement.so
718800b81000-718800b86000 r--p 00000000 103:02 94374019                  /usr/lib/jvm/java-8-openjdk-amd64/jre/lib/amd64/libnet.so
718800b86000-718800b97000 r-xp 00005000 103:02 94374019                  /usr/lib/jvm/java-8-openjdk-amd64/jre/lib/amd64/libnet.so
718800b97000-718800b9b000 r--p 00016000 103:02 94374019                  /usr/lib/jvm/java-8-openjdk-amd64/jre/lib/amd64/libnet.so
718800b9b000-718800b9c000 r--p 00019000 103:02 94374019                  /usr/lib/jvm/java-8-openjdk-amd64/jre/lib/amd64/libnet.so
718800b9c000-718800b9d000 rw-p 0001a000 103:02 94374019                  /usr/lib/jvm/java-8-openjdk-amd64/jre/lib/amd64/libnet.so
718800b9d000-718800ba4000 r--p 00000000 103:02 94374021                  /usr/lib/jvm/java-8-openjdk-amd64/jre/lib/amd64/libnio.so
718800ba4000-718800bad000 r-xp 00007000 103:02 94374021                  /usr/lib/jvm/java-8-openjdk-amd64/jre/lib/amd64/libnio.so
718800bad000-718800bb0000 r--p 00010000 103:02 94374021                  /usr/lib/jvm/java-8-openjdk-amd64/jre/lib/amd64/libnio.so
718800bb0000-718800bb1000 r--p 00012000 103:02 94374021                  /usr/lib/jvm/java-8-openjdk-amd64/jre/lib/amd64/libnio.so
718800bb1000-718800bb2000 rw-p 00013000 103:02 94374021                  /usr/lib/jvm/java-8-openjdk-amd64/jre/lib/amd64/libnio.so
718800bb2000-718800bd7000 r--s 001e0000 103:02 31882517                  /home/user/flink-1.20.3/lib/nexmark-flink-0.3-SNAPSHOT.jar
718800bd7000-718800bda000 ---p 00000000 00:00 0 
718800bda000-718800cd7000 rw-p 00000000 00:00 0 
718800cd7000-718800cda000 ---p 00000000 00:00 0 
718800cda000-718800dd7000 rw-p 00000000 00:00 0 
718800dd7000-718800dda000 ---p 00000000 00:00 0 
718800dda000-718800ed7000 rw-p 00000000 00:00 0 
718800ed7000-718800ed8000 ---p 00000000 00:00 0 
718800ed8000-718800fd8000 rw-p 00000000 00:00 0 
718800fd8000-718804000000 rw-p 00000000 00:00 0 
718804000000-718804021000 rw-p 00000000 00:00 0 
718804021000-718808000000 ---p 00000000 00:00 0 
718808000000-718808002000 r--s 00002000 103:02 31869547                  /home/user/flink-1.20.3/plugins/metrics-slf4j/flink-metrics-slf4j-1.20.3.jar
718808002000-718808009000 r--s 00080000 103:02 31869550                  /home/user/flink-1.20.3/plugins/metrics-datadog/flink-metrics-datadog-1.20.3.jar
718808009000-71880802e000 r--s 001af000 103:02 31869621                  /home/user/flink-1.20.3/lib/log4j-core-2.24.3.jar
71880802e000-71880806f000 r--s 00322000 103:02 31869620                  /home/user/flink-1.20.3/lib/flink-table-runtime-1.20.3.jar
71880806f000-71880808a000 r--s 001d6000 103:02 94374067                  /usr/lib/jvm/java-8-openjdk-amd64/jre/lib/ext/nashorn.jar
71880808a000-7188080a6000 r--s 00394000 103:02 94374057                  /usr/lib/jvm/java-8-openjdk-amd64/jre/lib/ext/cldrdata.jar
7188080a6000-71887c000000 rw-p 00000000 00:00 0 
71887c000000-71887c021000 rw-p 00000000 00:00 0 
71887c021000-718880000000 ---p 00000000 00:00 0 
718880000000-718880021000 rw-p 00000000 00:00 0 
718880021000-718884000000 ---p 00000000 00:00 0 
718884000000-718884021000 rw-p 00000000 00:00 0 
718884021000-718888000000 ---p 00000000 00:00 0 
718888000000-718888021000 rw-p 00000000 00:00 0 
718888021000-71888c000000 ---p 00000000 00:00 0 
71888c000000-71888c021000 rw-p 00000000 00:00 0 
71888c021000-718890000000 ---p 00000000 00:00 0 
718890000000-718890021000 rw-p 00000000 00:00 0 
718890021000-718894000000 ---p 00000000 00:00 0 
718894000000-718894021000 rw-p 00000000 00:00 0 
718894021000-718898000000 ---p 00000000 00:00 0 
718898000000-718898021000 rw-p 00000000 00:00 0 
718898021000-71889c000000 ---p 00000000 00:00 0 
71889c000000-71889c021000 rw-p 00000000 00:00 0 
71889c021000-7188a0000000 ---p 00000000 00:00 0 
7188a0000000-7188a0021000 rw-p 00000000 00:00 0 
7188a0021000-7188a4000000 ---p 00000000 00:00 0 
7188a4000000-7188a4021000 rw-p 00000000 00:00 0 
7188a4021000-7188a8000000 ---p 00000000 00:00 0 
7188a8000000-7188a8021000 rw-p 00000000 00:00 0 
7188a8021000-7188ac000000 ---p 00000000 00:00 0 
7188ac000000-7188ac021000 rw-p 00000000 00:00 0 
7188ac021000-7188b0000000 ---p 00000000 00:00 0 
7188b0001000-7188b0004000 r--s 00016000 103:02 31869535                  /home/user/flink-1.20.3/plugins/metrics-prometheus/flink-metrics-prometheus-1.20.3.jar
7188b0004000-7188b0006000 r--s 00003000 103:02 31869543                  /home/user/flink-1.20.3/plugins/metrics-jmx/flink-metrics-jmx-1.20.3.jar
7188b0006000-7188b0008000 r--s 00003000 103:02 31869539                  /home/user/flink-1.20.3/plugins/external-resource-gpu/flink-external-resource-gpu-1.20.3.jar
7188b0008000-7188b000a000 r--s 00005000 103:02 31869622                  /home/user/flink-1.20.3/lib/log4j-slf4j-impl-2.24.3.jar
7188b000a000-7188b0011000 r--s 0004f000 103:02 31869627                  /home/user/flink-1.20.3/lib/log4j-api-2.24.3.jar
7188b0011000-7188b0398000 rw-p 00000000 00:00 0 
7188b0398000-7188b056a000 r--s 03cd8000 103:02 94374113                  /usr/lib/jvm/java-8-openjdk-amd64/jre/lib/rt.jar
7188b056a000-7188b09aa000 rw-p 00000000 00:00 0 
7188b09aa000-7188b09ab000 ---p 00000000 00:00 0 
7188b09ab000-7188b0aab000 rw-p 00000000 00:00 0 
7188b0aab000-7188b0aac000 ---p 00000000 00:00 0 
7188b0aac000-7188b0bac000 rw-p 00000000 00:00 0 
7188b0bac000-7188b0bad000 ---p 00000000 00:00 0 
7188b0bad000-7188b0cad000 rw-p 00000000 00:00 0 
7188b0cad000-7188b0cae000 ---p 00000000 00:00 0 
7188b0cae000-7188b0dae000 rw-p 00000000 00:00 0 
7188b0dae000-7188b0daf000 ---p 00000000 00:00 0 
7188b0daf000-7188b0eaf000 rw-p 00000000 00:00 0 
7188b0eaf000-7188b0eb0000 ---p 00000000 00:00 0 
7188b0eb0000-7188b0fb0000 rw-p 00000000 00:00 0 
7188b0fb0000-7188b0fb1000 ---p 00000000 00:00 0 
7188b0fb1000-7188b10b1000 rw-p 00000000 00:00 0 
7188b10b1000-7188b10b2000 ---p 00000000 00:00 0 
7188b10b2000-7188b11b2000 rw-p 00000000 00:00 0 
7188b11b2000-7188b11b3000 ---p 00000000 00:00 0 
7188b11b3000-7188b12b3000 rw-p 00000000 00:00 0 
7188b12b3000-7188b12b4000 ---p 00000000 00:00 0 
7188b12b4000-7188b13b4000 rw-p 00000000 00:00 0 
7188b13b4000-7188b13b5000 ---p 00000000 00:00 0 
7188b13b5000-7188b14b5000 rw-p 00000000 00:00 0 
7188b14b5000-7188b14b6000 ---p 00000000 00:00 0 
7188b14b6000-7188b15b6000 rw-p 00000000 00:00 0 
7188b15b6000-7188b15b7000 ---p 00000000 00:00 0 
7188b15b7000-7188b16b7000 rw-p 00000000 00:00 0 
7188b16b7000-7188b16b8000 ---p 00000000 00:00 0 
7188b16b8000-7188b17b8000 rw-p 00000000 00:00 0 
7188b17b8000-7188b17b9000 ---p 00000000 00:00 0 
7188b17b9000-7188b18b9000 rw-p 00000000 00:00 0 
7188b18b9000-7188b18ba000 ---p 00000000 00:00 0 
7188b18ba000-7188b19ba000 rw-p 00000000 00:00 0 
7188b19ba000-7188b19bb000 ---p 00000000 00:00 0 
7188b19bb000-7188b1abb000 rw-p 00000000 00:00 0 
7188b1abb000-7188b1abc000 ---p 00000000 00:00 0 
7188b1abc000-7188b1bbc000 rw-p 00000000 00:00 0 
7188b1bbc000-7188b1bbd000 ---p 00000000 00:00 0 
7188b1bbd000-7188b1cbd000 rw-p 00000000 00:00 0 
7188b1cbd000-7188b1cbe000 ---p 00000000 00:00 0 
7188b1cbe000-7188b1dbe000 rw-p 00000000 00:00 0 
7188b1dbe000-7188b1dbf000 ---p 00000000 00:00 0 
7188b1dbf000-7188b1ebf000 rw-p 00000000 00:00 0 
7188b1ebf000-7188b1ec0000 ---p 00000000 00:00 0 
7188b1ec0000-7188b1fc0000 rw-p 00000000 00:00 0 
7188b1fc0000-7188b1fc1000 ---p 00000000 00:00 0 
7188b1fc1000-7188b20c1000 rw-p 00000000 00:00 0 
7188b20c1000-7188b20c2000 ---p 00000000 00:00 0 
7188b20c2000-7188b21c2000 rw-p 00000000 00:00 0 
7188b21c2000-7188b21c3000 ---p 00000000 00:00 0 
7188b21c3000-7188b22c3000 rw-p 00000000 00:00 0 
7188b22c3000-7188b22c4000 ---p 00000000 00:00 0 
7188b22c4000-7188b23c4000 rw-p 00000000 00:00 0 
7188b23c4000-7188b23c5000 ---p 00000000 00:00 0 
7188b23c5000-7188b24c5000 rw-p 00000000 00:00 0 
7188b24c5000-7188b24c6000 ---p 00000000 00:00 0 
7188b24c6000-7188b25c6000 rw-p 00000000 00:00 0 
7188b25c6000-7188b25c7000 ---p 00000000 00:00 0 
7188b25c7000-7188b26c7000 rw-p 00000000 00:00 0 
7188b26c7000-7188b26c8000 ---p 00000000 00:00 0 
7188b26c8000-7188b27c8000 rw-p 00000000 00:00 0 
7188b27c8000-7188b27c9000 ---p 00000000 00:00 0 
7188b27c9000-7188b28c9000 rw-p 00000000 00:00 0 
7188b28c9000-7188b28ca000 ---p 00000000 00:00 0 
7188b28ca000-7188b29ca000 rw-p 00000000 00:00 0 
7188b29ca000-7188b29cb000 ---p 00000000 00:00 0 
7188b29cb000-7188b2acb000 rw-p 00000000 00:00 0 
7188b2acb000-7188b2acc000 ---p 00000000 00:00 0 
7188b2acc000-7188b2bcc000 rw-p 00000000 00:00 0 
7188b2bcc000-7188b2bcd000 ---p 00000000 00:00 0 
7188b2bcd000-7188b2ccd000 rw-p 00000000 00:00 0 
7188b2ccd000-7188b2cce000 ---p 00000000 00:00 0 
7188b2cce000-7188b2dce000 rw-p 00000000 00:00 0 
7188b2dce000-7188b2dcf000 ---p 00000000 00:00 0 
7188b2dcf000-7188b2ecf000 rw-p 00000000 00:00 0 
7188b2ecf000-7188b2ed0000 ---p 00000000 00:00 0 
7188b2ed0000-7188b2fd0000 rw-p 00000000 00:00 0 
7188b2fd0000-7188b2fd1000 ---p 00000000 00:00 0 
7188b2fd1000-7188b30d1000 rw-p 00000000 00:00 0 
7188b30d1000-7188b30d2000 ---p 00000000 00:00 0 
7188b30d2000-7188b31d2000 rw-p 00000000 00:00 0 
7188b31d2000-7188b31d3000 ---p 00000000 00:00 0 
7188b31d3000-7188b32d3000 rw-p 00000000 00:00 0 
7188b32d3000-719655000000 rw-p 00000000 00:00 0 
719655000000-719656aa0000 rwxp 00000000 00:00 0 
719656aa0000-719664000000 ---p 00000000 00:00 0 
719664000000-719667ffd000 rw-p 00000000 00:00 0 
719667ffd000-719668000000 ---p 00000000 00:00 0 
719668000000-719668007000 r--s 00051000 103:02 31869624                  /home/user/flink-1.20.3/lib/log4j-1.2-api-2.24.3.jar
719668007000-71966800b000 r--s 0002e000 103:02 31869625                  /home/user/flink-1.20.3/lib/flink-json-1.20.3.jar
71966800b000-719668017000 r--s 0007e000 103:02 31869619                  /home/user/flink-1.20.3/lib/flink-connector-files-1.20.3.jar
719668017000-719668038000 rw-p 00000000 00:00 0 
719668038000-719668039000 ---p 00000000 00:00 0 
719668039000-719668139000 rw-p 00000000 00:00 0 
719668139000-71966813a000 ---p 00000000 00:00 0 
71966813a000-71966823a000 rw-p 00000000 00:00 0 
71966823a000-71966823b000 ---p 00000000 00:00 0 
71966823b000-71966833b000 rw-p 00000000 00:00 0 
71966833b000-71966833c000 ---p 00000000 00:00 0 
71966833c000-71966843c000 rw-p 00000000 00:00 0 
71966843c000-71966843d000 ---p 00000000 00:00 0 
71966843d000-71966853d000 rw-p 00000000 00:00 0 
71966853d000-71966853e000 ---p 00000000 00:00 0 
71966853e000-71966863e000 rw-p 00000000 00:00 0 
71966863e000-71966863f000 ---p 00000000 00:00 0 
71966863f000-71966873f000 rw-p 00000000 00:00 0 
71966873f000-719668740000 ---p 00000000 00:00 0 
719668740000-719668840000 rw-p 00000000 00:00 0 
719668840000-7196688ab000 rw-p 00000000 00:00 0 
7196688ab000-719668c00000 ---p 00000000 00:00 0 
719668c00000-719668c9a000 r--p 00000000 103:02 93589302                  /usr/lib/x86_64-linux-gnu/libstdc++.so.6.0.30
719668c9a000-719668dab000 r-xp 0009a000 103:02 93589302                  /usr/lib/x86_64-linux-gnu/libstdc++.so.6.0.30
719668dab000-719668e1a000 r--p 001ab000 103:02 93589302                  /usr/lib/x86_64-linux-gnu/libstdc++.so.6.0.30
719668e1a000-719668e1b000 ---p 0021a000 103:02 93589302                  /usr/lib/x86_64-linux-gnu/libstdc++.so.6.0.30
719668e1b000-719668e26000 r--p 0021a000 103:02 93589302                  /usr/lib/x86_64-linux-gnu/libstdc++.so.6.0.30
719668e26000-719668e29000 rw-p 00225000 103:02 93589302                  /usr/lib/x86_64-linux-gnu/libstdc++.so.6.0.30
719668e29000-719668e2c000 rw-p 00000000 00:00 0 
719668e2c000-719668e31000 r--s 0002c000 103:02 31869616                  /home/user/flink-1.20.3/lib/flink-cep-1.20.3.jar
719668e31000-719668e3b000 r--s 00117000 103:02 94374065                  /usr/lib/jvm/java-8-openjdk-amd64/jre/lib/ext/localedata.jar
719668e3b000-719668eff000 rw-p 00000000 00:00 0 
719668eff000-719668f00000 ---p 00000000 00:00 0 
719668f00000-719669000000 rw-p 00000000 00:00 0 
719669000000-7196691f6000 r--p 00000000 103:02 94374039                  /usr/lib/jvm/java-8-openjdk-amd64/jre/lib/amd64/server/libjvm.so
7196691f6000-719669b67000 r-xp 001f6000 103:02 94374039                  /usr/lib/jvm/java-8-openjdk-amd64/jre/lib/amd64/server/libjvm.so
719669b67000-719669d13000 r--p 00b67000 103:02 94374039                  /usr/lib/jvm/java-8-openjdk-amd64/jre/lib/amd64/server/libjvm.so
719669d13000-719669da9000 r--p 00d12000 103:02 94374039                  /usr/lib/jvm/java-8-openjdk-amd64/jre/lib/amd64/server/libjvm.so
719669da9000-719669dd2000 rw-p 00da8000 103:02 94374039                  /usr/lib/jvm/java-8-openjdk-amd64/jre/lib/amd64/server/libjvm.so
719669dd2000-719669e05000 rw-p 00000000 00:00 0 
719669e05000-719669e07000 r--s 0004d000 103:02 31882489                  /home/user/flink-1.20.3/lib/flink-statebackend-forL0-1.0-SNAPSHOT.jar
719669e07000-719669e09000 r--s 00017000 103:02 31869628                  /home/user/flink-1.20.3/lib/flink-csv-1.20.3.jar
719669e09000-719669e0b000 r--s 00010000 103:02 94374075                  /usr/lib/jvm/java-8-openjdk-amd64/jre/lib/ext/zipfs.jar
719669e0b000-719669ed0000 rw-p 00000000 00:00 0 
719669ed0000-719669edd000 r--p 00000000 103:02 94373997                  /usr/lib/jvm/java-8-openjdk-amd64/jre/lib/amd64/libjava.so
719669edd000-719669ef5000 r-xp 0000d000 103:02 94373997                  /usr/lib/jvm/java-8-openjdk-amd64/jre/lib/amd64/libjava.so
719669ef5000-719669efc000 r--p 00025000 103:02 94373997                  /usr/lib/jvm/java-8-openjdk-amd64/jre/lib/amd64/libjava.so
719669efc000-719669efd000 r--p 0002b000 103:02 94373997                  /usr/lib/jvm/java-8-openjdk-amd64/jre/lib/amd64/libjava.so
719669efd000-719669eff000 rw-p 0002c000 103:02 94373997                  /usr/lib/jvm/java-8-openjdk-amd64/jre/lib/amd64/libjava.so
719669eff000-719669f00000 ---p 00000000 00:00 0 
719669f00000-719669f03000 ---p 00000000 00:00 0 
719669f03000-71966a000000 rw-p 00000000 00:00 0 
71966a000000-71966a028000 r--p 00000000 103:02 93587590                  /usr/lib/x86_64-linux-gnu/libc.so.6
71966a028000-71966a1bd000 r-xp 00028000 103:02 93587590                  /usr/lib/x86_64-linux-gnu/libc.so.6
71966a1bd000-71966a215000 r--p 001bd000 103:02 93587590                  /usr/lib/x86_64-linux-gnu/libc.so.6
71966a215000-71966a216000 ---p 00215000 103:02 93587590                  /usr/lib/x86_64-linux-gnu/libc.so.6
71966a216000-71966a21a000 r--p 00215000 103:02 93587590                  /usr/lib/x86_64-linux-gnu/libc.so.6
71966a21a000-71966a21c000 rw-p 00219000 103:02 93587590                  /usr/lib/x86_64-linux-gnu/libc.so.6
71966a21c000-71966a229000 rw-p 00000000 00:00 0 
71966a229000-71966a22a000 r--s 00002000 103:02 31869533                  /home/user/flink-1.20.3/plugins/metrics-statsd/flink-metrics-statsd-1.20.3.jar
71966a22a000-71966a230000 r--s 0003e000 103:02 94374071                  /usr/lib/jvm/java-8-openjdk-amd64/jre/lib/ext/sunjce_provider.jar
71966a230000-71966a232000 r--s 00001000 103:02 94374059                  /usr/lib/jvm/java-8-openjdk-amd64/jre/lib/ext/dnsns.jar
71966a232000-71966a234000 r--s 00008000 103:02 94374069                  /usr/lib/jvm/java-8-openjdk-amd64/jre/lib/ext/sunec.jar
71966a234000-71966a237000 r--s 0000f000 103:02 94374061                  /usr/lib/jvm/java-8-openjdk-amd64/jre/lib/ext/icedtea-sound.jar
71966a237000-71966a239000 r--s 0000c000 103:02 93728508                  /usr/share/java/java-atk-wrapper.jar
71966a239000-71966a23c000 r--s 00042000 103:02 94374073                  /usr/lib/jvm/java-8-openjdk-amd64/jre/lib/ext/sunpkcs11.jar
71966a23c000-71966a243000 r--s 000d3000 103:02 94374101                  /usr/lib/jvm/java-8-openjdk-amd64/jre/lib/jfr.jar
71966a243000-71966a246000 r--p 00000000 103:02 94374035                  /usr/lib/jvm/java-8-openjdk-amd64/jre/lib/amd64/libzip.so
71966a246000-71966a24b000 r-xp 00003000 103:02 94374035                  /usr/lib/jvm/java-8-openjdk-amd64/jre/lib/amd64/libzip.so
71966a24b000-71966a24d000 r--p 00008000 103:02 94374035                  /usr/lib/jvm/java-8-openjdk-amd64/jre/lib/amd64/libzip.so
71966a24d000-71966a24e000 r--p 00009000 103:02 94374035                  /usr/lib/jvm/java-8-openjdk-amd64/jre/lib/amd64/libzip.so
71966a24e000-71966a24f000 rw-p 0000a000 103:02 94374035                  /usr/lib/jvm/java-8-openjdk-amd64/jre/lib/amd64/libzip.so
71966a24f000-71966a257000 rw-s 00000000 103:02 66485464                  /tmp/hsperfdata_user/434623
71966a257000-71966a258000 r--p 00000000 103:02 93587731                  /usr/lib/x86_64-linux-gnu/librt.so.1
71966a258000-71966a259000 r-xp 00001000 103:02 93587731                  /usr/lib/x86_64-linux-gnu/librt.so.1
71966a259000-71966a25a000 r--p 00002000 103:02 93587731                  /usr/lib/x86_64-linux-gnu/librt.so.1
71966a25a000-71966a25b000 r--p 00002000 103:02 93587731                  /usr/lib/x86_64-linux-gnu/librt.so.1
71966a25b000-71966a25c000 rw-p 00003000 103:02 93587731                  /usr/lib/x86_64-linux-gnu/librt.so.1
71966a25c000-71966a25f000 r--p 00000000 103:02 93587967                  /usr/lib/x86_64-linux-gnu/libgcc_s.so.1
71966a25f000-71966a276000 r-xp 00003000 103:02 93587967                  /usr/lib/x86_64-linux-gnu/libgcc_s.so.1
71966a276000-71966a27a000 r--p 0001a000 103:02 93587967                  /usr/lib/x86_64-linux-gnu/libgcc_s.so.1
71966a27a000-71966a27b000 r--p 0001d000 103:02 93587967                  /usr/lib/x86_64-linux-gnu/libgcc_s.so.1
71966a27b000-71966a27c000 rw-p 0001e000 103:02 93587967                  /usr/lib/x86_64-linux-gnu/libgcc_s.so.1
71966a27c000-71966a28a000 r--p 00000000 103:02 93587630                  /usr/lib/x86_64-linux-gnu/libm.so.6
71966a28a000-71966a306000 r-xp 0000e000 103:02 93587630                  /usr/lib/x86_64-linux-gnu/libm.so.6
71966a306000-71966a361000 r--p 0008a000 103:02 93587630                  /usr/lib/x86_64-linux-gnu/libm.so.6
71966a361000-71966a362000 r--p 000e4000 103:02 93587630                  /usr/lib/x86_64-linux-gnu/libm.so.6
71966a362000-71966a363000 rw-p 000e5000 103:02 93587630                  /usr/lib/x86_64-linux-gnu/libm.so.6
71966a363000-71966a365000 rw-p 00000000 00:00 0 
71966a365000-71966a368000 r--p 00000000 103:02 94373966                  /usr/lib/jvm/java-8-openjdk-amd64/jre/lib/amd64/jli/libjli.so
71966a368000-71966a371000 r-xp 00003000 103:02 94373966                  /usr/lib/jvm/java-8-openjdk-amd64/jre/lib/amd64/jli/libjli.so
71966a371000-71966a374000 r--p 0000c000 103:02 94373966                  /usr/lib/jvm/java-8-openjdk-amd64/jre/lib/amd64/jli/libjli.so
71966a374000-71966a375000 r--p 0000e000 103:02 94373966                  /usr/lib/jvm/java-8-openjdk-amd64/jre/lib/amd64/jli/libjli.so
71966a375000-71966a376000 rw-p 0000f000 103:02 94373966                  /usr/lib/jvm/java-8-openjdk-amd64/jre/lib/amd64/jli/libjli.so
71966a376000-71966a378000 r--p 00000000 103:02 93614678                  /usr/lib/x86_64-linux-gnu/libz.so.1.2.11
71966a378000-71966a389000 r-xp 00002000 103:02 93614678                  /usr/lib/x86_64-linux-gnu/libz.so.1.2.11
71966a389000-71966a38f000 r--p 00013000 103:02 93614678                  /usr/lib/x86_64-linux-gnu/libz.so.1.2.11
71966a38f000-71966a390000 ---p 00019000 103:02 93614678                  /usr/lib/x86_64-linux-gnu/libz.so.1.2.11
71966a390000-71966a391000 r--p 00019000 103:02 93614678                  /usr/lib/x86_64-linux-gnu/libz.so.1.2.11
71966a391000-71966a392000 rw-p 0001a000 103:02 93614678                  /usr/lib/x86_64-linux-gnu/libz.so.1.2.11
71966a392000-71966a393000 r--s 024a4000 103:02 31869626                  /home/user/flink-1.20.3/lib/flink-table-planner-loader-1.20.3.jar
71966a393000-71966a394000 r--s 0000a000 103:02 94374063                  /usr/lib/jvm/java-8-openjdk-amd64/jre/lib/ext/jaccess.jar
71966a394000-71966a395000 rw-p 00000000 00:00 0 
71966a395000-71966a39a000 r--p 00000000 103:02 94374033                  /usr/lib/jvm/java-8-openjdk-amd64/jre/lib/amd64/libverify.so
71966a39a000-71966a3a3000 r-xp 00005000 103:02 94374033                  /usr/lib/jvm/java-8-openjdk-amd64/jre/lib/amd64/libverify.so
71966a3a3000-71966a3a5000 r--p 0000e000 103:02 94374033                  /usr/lib/jvm/java-8-openjdk-amd64/jre/lib/amd64/libverify.so
71966a3a5000-71966a3a7000 r--p 0000f000 103:02 94374033                  /usr/lib/jvm/java-8-openjdk-amd64/jre/lib/amd64/libverify.so
71966a3a7000-71966a3a8000 rw-p 00011000 103:02 94374033                  /usr/lib/jvm/java-8-openjdk-amd64/jre/lib/amd64/libverify.so
71966a3a8000-71966a3aa000 rw-p 00000000 00:00 0 
71966a3aa000-71966a3ac000 r--p 00000000 103:02 93587428                  /usr/lib/x86_64-linux-gnu/ld-linux-x86-64.so.2
71966a3ac000-71966a3d6000 r-xp 00002000 103:02 93587428                  /usr/lib/x86_64-linux-gnu/ld-linux-x86-64.so.2
71966a3d6000-71966a3e1000 r--p 0002c000 103:02 93587428                  /usr/lib/x86_64-linux-gnu/ld-linux-x86-64.so.2
71966a3e1000-71966a3e2000 r--p 00000000 00:00 0 
71966a3e2000-71966a3e4000 r--p 00037000 103:02 93587428                  /usr/lib/x86_64-linux-gnu/ld-linux-x86-64.so.2
71966a3e4000-71966a3e6000 rw-p 00039000 103:02 93587428                  /usr/lib/x86_64-linux-gnu/ld-linux-x86-64.so.2
7ffffb4d9000-7ffffb4fd000 rw-p 00000000 00:00 0                          [stack]
7ffffb56b000-7ffffb56f000 r--p 00000000 00:00 0                          [vvar]
7ffffb56f000-7ffffb571000 r-xp 00000000 00:00 0                          [vdso]
ffffffffff600000-ffffffffff601000 --xp 00000000 00:00 0                  [vsyscall]

VM Arguments:
jvm_args: -Xmx58357868034 -Xms58357868034 -XX:MaxDirectMemorySize=6871947774 -XX:MaxMetaspaceSize=268435456 -XX:+IgnoreUnrecognizedVMOptions --add-exports=java.base/sun.net.util=ALL-UNNAMED --add-exports=java.rmi/sun.rmi.registry=ALL-UNNAMED --add-exports=jdk.compiler/com.sun.tools.javac.api=ALL-UNNAMED --add-exports=jdk.compiler/com.sun.tools.javac.file=ALL-UNNAMED --add-exports=jdk.compiler/com.sun.tools.javac.parser=ALL-UNNAMED --add-exports=jdk.compiler/com.sun.tools.javac.tree=ALL-UNNAMED --add-exports=jdk.compiler/com.sun.tools.javac.util=ALL-UNNAMED --add-exports=java.security.jgss/sun.security.krb5=ALL-UNNAMED --add-opens=java.base/java.lang=ALL-UNNAMED --add-opens=java.base/java.net=ALL-UNNAMED --add-opens=java.base/java.io=ALL-UNNAMED --add-opens=java.base/java.nio=ALL-UNNAMED --add-opens=java.base/sun.nio.ch=ALL-UNNAMED --add-opens=java.base/java.lang.reflect=ALL-UNNAMED --add-opens=java.base/java.text=ALL-UNNAMED --add-opens=java.base/java.time=ALL-UNNAMED --add-opens=java.base/java.util=ALL-UNNAMED --add-opens=java.base/java.util.concurrent=ALL-UNNAMED --add-opens=java.base/java.util.concurrent.atomic=ALL-UNNAMED --add-opens=java.base/java.util.concurrent.locks=ALL-UNNAMED -Dlog.file=/home/user/flink-1.20.3/log/flink-user-taskexecutor-0-jm.log -Dlog4j.configuration=file:/home/user/flink-1.20.3/conf/log4j.properties -Dlog4j.configurationFile=file:/home/user/flink-1.20.3/conf/log4j.properties -Dlogback.configurationFile=file:/home/user/flink-1.20.3/conf/logback.xml 
java_command: org.apache.flink.runtime.taskexecutor.TaskManagerRunner --configDir /home/user/flink-1.20.3/conf -D taskmanager.memory.network.min=6737730046b -D taskmanager.cpu.cores=4.0 -D taskmanager.memory.task.off-heap.size=0b -D taskmanager.memory.jvm-metaspace.size=268435456b -D external-resources=none -D taskmanager.memory.jvm-overhead.min=1073741824b -D taskmanager.memory.framework.off-heap.size=134217728b -D taskmanager.memory.network.max=6737730046b -D taskmanager.memory.framework.heap.size=134217728b -D taskmanager.memory.managed.size=2147483648b -D taskmanager.memory.task.heap.size=58223650306b -D taskmanager.numberOfTaskSlots=4 -D taskmanager.memory.jvm-overhead.max=1073741824b
java_class_path (initial): /home/user/flink-1.20.3/lib/flink-cep-1.20.3.jar:/home/user/flink-1.20.3/lib/flink-connector-files-1.20.3.jar:/home/user/flink-1.20.3/lib/flink-csv-1.20.3.jar:/home/user/flink-1.20.3/lib/flink-json-1.20.3.jar:/home/user/flink-1.20.3/lib/flink-scala_2.12-1.20.3.jar:/home/user/flink-1.20.3/lib/flink-statebackend-forL0-1.0-SNAPSHOT.jar:/home/user/flink-1.20.3/lib/flink-table-api-java-uber-1.20.3.jar:/home/user/flink-1.20.3/lib/flink-table-planner-loader-1.20.3.jar:/home/user/flink-1.20.3/lib/flink-table-runtime-1.20.3.jar:/home/user/flink-1.20.3/lib/log4j-1.2-api-2.24.3.jar:/home/user/flink-1.20.3/lib/log4j-api-2.24.3.jar:/home/user/flink-1.20.3/lib/log4j-core-2.24.3.jar:/home/user/flink-1.20.3/lib/log4j-slf4j-impl-2.24.3.jar:/home/user/flink-1.20.3/lib/nexmark-flink-0.3-SNAPSHOT.jar:/home/user/flink-1.20.3/lib/flink-dist-1.20.3.jar::::
Launcher Type: SUN_STANDARD

Environment Variables:
JAVA_HOME=/usr/lib/jvm/java-8-openjdk-amd64
PATH=/home/user/flink/bin:/usr/local/cuda-12.4/bin:/home/user/.vscode-server/data/User/globalStorage/github.copilot-chat/debugCommand:/home/user/.vscode-server/data/User/globalStorage/github.copilot-chat/copilotCli:/home/user/.vscode-server/cli/servers/Stable-ce099c1ed25d9eb3076c11e4a280f3eb52b4fbeb/server/bin/remote-cli:/home/user/.local/bin:/home/user/flink/bin:/usr/local/cuda-12.4/bin:/usr/lib/jvm/java-8-openjdk-amd64/bin:/home/user/.local/bin:/usr/lib/jvm/java-8-openjdk-amd64/bin:/usr/local/sbin:/usr/local/bin:/usr/sbin:/usr/bin:/sbin:/bin:/usr/games:/usr/local/games:/snap/bin:/opt/flink/bin:/opt/flink/bin:/home/user/.local/bin:/home/user/.vscode-server/extensions/vscjava.vscode-java-debug-0.58.5/bundled/scripts/noConfigScripts:/home/user/.local/bin
LD_LIBRARY_PATH=/usr/local/cuda-12.4/lib64:/usr/local/cuda-12.4/lib64:
SHELL=/bin/bash

Signal Handlers:
SIGSEGV: [libjvm.so+0xb40610], sa_mask[0]=11111111011111111101111111111110, sa_flags=SA_RESTART|SA_SIGINFO
SIGBUS: [libjvm.so+0xb40610], sa_mask[0]=11111111011111111101111111111110, sa_flags=SA_RESTART|SA_SIGINFO
SIGFPE: [libjvm.so+0x97f760], sa_mask[0]=11111111011111111101111111111110, sa_flags=SA_RESTART|SA_SIGINFO
SIGPIPE: [libjvm.so+0x97f760], sa_mask[0]=11111111011111111101111111111110, sa_flags=SA_RESTART|SA_SIGINFO
SIGXFSZ: [libjvm.so+0x97f760], sa_mask[0]=11111111011111111101111111111110, sa_flags=SA_RESTART|SA_SIGINFO
SIGILL: [libjvm.so+0x97f760], sa_mask[0]=11111111011111111101111111111110, sa_flags=SA_RESTART|SA_SIGINFO
SIGUSR1: SIG_DFL, sa_mask[0]=00000000000000000000000000000000, sa_flags=none
SIGUSR2: [libjvm.so+0x97fa90], sa_mask[0]=00000000000000000000000000000000, sa_flags=SA_RESTART|SA_SIGINFO
SIGHUP: [libjvm.so+0x97f9e0], sa_mask[0]=11111111011111111101111111111110, sa_flags=SA_RESTART|SA_SIGINFO
SIGINT: SIG_IGN, sa_mask[0]=00000000000000000000000000000000, sa_flags=none
SIGTERM: [libjvm.so+0x97f9e0], sa_mask[0]=11111111011111111101111111111110, sa_flags=SA_RESTART|SA_SIGINFO
SIGQUIT: [libjvm.so+0x97f9e0], sa_mask[0]=11111111011111111101111111111110, sa_flags=SA_RESTART|SA_SIGINFO


---------------  S Y S T E M  ---------------

OS:DISTRIB_ID=Ubuntu
DISTRIB_RELEASE=22.04
DISTRIB_CODENAME=jammy
DISTRIB_DESCRIPTION="Ubuntu 22.04.5 LTS"

uname:Linux 6.8.0-101-generic #101~22.04.1-Ubuntu SMP PREEMPT_DYNAMIC Wed Feb 11 13:19:54 UTC  x86_64
libc:glibc 2.35 NPTL 2.35 
rlimit: STACK 8192k, CORE 0k, NPROC 1029132, NOFILE 1048576, AS infinity
load average:3.15 3.60 2.57

/proc/meminfo:
MemTotal:       263542384 kB
MemFree:        205043396 kB
MemAvailable:   211742492 kB
Buffers:          838812 kB
Cached:          7534668 kB
SwapCached:            0 kB
Active:         51486268 kB
Inactive:        4724080 kB
Active(anon):   47851816 kB
Inactive(anon):        0 kB
Active(file):    3634452 kB
Inactive(file):  4724080 kB
Unevictable:        3088 kB
Mlocked:               0 kB
SwapTotal:       2097148 kB
SwapFree:        2097148 kB
Zswap:                 0 kB
Zswapped:              0 kB
Dirty:               172 kB
Writeback:             0 kB
AnonPages:      47841060 kB
Mapped:           854932 kB
Shmem:             15088 kB
KReclaimable:     608880 kB
Slab:            1310444 kB
SReclaimable:     608880 kB
SUnreclaim:       701564 kB
KernelStack:       41520 kB
PageTables:       189924 kB
SecPageTables:         0 kB
NFS_Unstable:          0 kB
Bounce:                0 kB
WritebackTmp:          0 kB
CommitLimit:    133868340 kB
Committed_AS:   82368336 kB
VmallocTotal:   13743895347199 kB
VmallocUsed:      231480 kB
VmallocChunk:          0 kB
Percpu:           189696 kB
HardwareCorrupted:     0 kB
AnonHugePages:         0 kB
ShmemHugePages:        0 kB
ShmemPmdMapped:        0 kB
FileHugePages:         0 kB
FilePmdMapped:         0 kB
Unaccepted:            0 kB
HugePages_Total:       0
HugePages_Free:        0
HugePages_Rsvd:        0
HugePages_Surp:        0
Hugepagesize:       2048 kB
Hugetlb:               0 kB
DirectMap4k:     1440512 kB
DirectMap2M:    39094272 kB
DirectMap1G:    229638144 kB

container (cgroup) information:
container_type: cgroupv2
cpu_cpuset_cpus: failed
cpu_memory_nodes: failed
active_processor_count: 76
cpu_quota: -2
cpu_period: -2
cpu_shares: -2
memory_limit_in_bytes: -1
memory_and_swap_limit_in_bytes: -1
memory_soft_limit_in_bytes: 0
memory_usage_in_bytes: 50011860992
memory_max_usage_in_bytes: -2


CPU:total 76 (initial active 76) (38 cores per cpu, 2 threads per core) family 6 model 106 stepping 6, cmov, cx8, fxsr, mmx, sse, sse2, sse3, ssse3, sse4.1, sse4.2, popcnt, avx, avx2, aes, clmul, erms, 3dnowpref, lzcnt, ht, tsc, tscinvbit, bmi1, bmi2, adx

/proc/cpuinfo:
processor	: 0
vendor_id	: GenuineIntel
cpu family	: 6
model		: 106
model name	: Intel(R) Xeon(R) Platinum 8368Q CPU @ 2.60GHz
stepping	: 6
microcode	: 0xd000421
cpu MHz		: 799.877
cache size	: 58368 KB
physical id	: 0
siblings	: 76
core id		: 0
cpu cores	: 38
apicid		: 0
initial apicid	: 0
fpu		: yes
fpu_exception	: yes
cpuid level	: 27
wp		: yes
flags		: fpu vme de pse tsc msr pae mce cx8 apic sep mtrr pge mca cmov pat pse36 clflush dts acpi mmx fxsr sse sse2 ss ht tm pbe syscall nx pdpe1gb rdtscp lm constant_tsc art arch_perfmon pebs bts rep_good nopl xtopology nonstop_tsc cpuid aperfmperf pni pclmulqdq dtes64 monitor ds_cpl vmx smx est tm2 ssse3 sdbg fma cx16 xtpr pdcm pcid dca sse4_1 sse4_2 x2apic movbe popcnt tsc_deadline_timer aes xsave avx f16c rdrand lahf_lm abm 3dnowprefetch cpuid_fault epb cat_l3 ssbd mba ibrs ibpb stibp ibrs_enhanced tpr_shadow flexpriority ept vpid ept_ad fsgsbase tsc_adjust bmi1 avx2 smep bmi2 erms invpcid cqm rdt_a avx512f avx512dq rdseed adx smap avx512ifma clflushopt clwb intel_pt avx512cd sha_ni avx512bw avx512vl xsaveopt xsavec xgetbv1 xsaves cqm_llc cqm_occup_llc cqm_mbm_total cqm_mbm_local split_lock_detect wbnoinvd dtherm ida arat pln pts vnmi avx512vbmi umip pku ospke avx512_vbmi2 gfni vaes vpclmulqdq avx512_vnni avx512_bitalg tme avx512_vpopcntdq la57 rdpid fsrm md_clear pconfig flush_l1d arch_capabilities
vmx flags	: vnmi preemption_timer posted_intr invvpid ept_x_only ept_ad ept_1gb flexpriority apicv tsc_offset vtpr mtf vapic ept vpid unrestricted_guest vapic_reg vid ple shadow_vmcs pml ept_mode_based_exec tsc_scaling
bugs		: spectre_v1 spectre_v2 spec_store_bypass swapgs mmio_stale_data eibrs_pbrsb gds bhi its its_native_only
bogomips	: 5200.00
clflush size	: 64
cache_alignment	: 64
address sizes	: 46 bits physical, 57 bits virtual
power management:

processor	: 1
vendor_id	: GenuineIntel
cpu family	: 6
model		: 106
model name	: Intel(R) Xeon(R) Platinum 8368Q CPU @ 2.60GHz
stepping	: 6
microcode	: 0xd000421
cpu MHz		: 800.000
cache size	: 58368 KB
physical id	: 0
siblings	: 76
core id		: 1
cpu cores	: 38
apicid		: 2
initial apicid	: 2
fpu		: yes
fpu_exception	: yes
cpuid level	: 27
wp		: yes
flags		: fpu vme de pse tsc msr pae mce cx8 apic sep mtrr pge mca cmov pat pse36 clflush dts acpi mmx fxsr sse sse2 ss ht tm pbe syscall nx pdpe1gb rdtscp lm constant_tsc art arch_perfmon pebs bts rep_good nopl xtopology nonstop_tsc cpuid aperfmperf pni pclmulqdq dtes64 monitor ds_cpl vmx smx est tm2 ssse3 sdbg fma cx16 xtpr pdcm pcid dca sse4_1 sse4_2 x2apic movbe popcnt tsc_deadline_timer aes xsave avx f16c rdrand lahf_lm abm 3dnowprefetch cpuid_fault epb cat_l3 ssbd mba ibrs ibpb stibp ibrs_enhanced tpr_shadow flexpriority ept vpid ept_ad fsgsbase tsc_adjust bmi1 avx2 smep bmi2 erms invpcid cqm rdt_a avx512f avx512dq rdseed adx smap avx512ifma clflushopt clwb intel_pt avx512cd sha_ni avx512bw avx512vl xsaveopt xsavec xgetbv1 xsaves cqm_llc cqm_occup_llc cqm_mbm_total cqm_mbm_local split_lock_detect wbnoinvd dtherm ida arat pln pts vnmi avx512vbmi umip pku ospke avx512_vbmi2 gfni vaes vpclmulqdq avx512_vnni avx512_bitalg tme avx512_vpopcntdq la57 rdpid fsrm md_clear pconfig flush_l1d arch_capabilities
vmx flags	: vnmi preemption_timer posted_intr invvpid ept_x_only ept_ad ept_1gb flexpriority apicv tsc_offset vtpr mtf vapic ept vpid unrestricted_guest vapic_reg vid ple shadow_vmcs pml ept_mode_based_exec tsc_scaling
bugs		: spectre_v1 spectre_v2 spec_store_bypass swapgs mmio_stale_data eibrs_pbrsb gds bhi its its_native_only
bogomips	: 5200.00
clflush size	: 64
cache_alignment	: 64
address sizes	: 46 bits physical, 57 bits virtual
power management:

processor	: 2
vendor_id	: GenuineIntel
cpu family	: 6
model		: 106
model name	: Intel(R) Xeon(R) Platinum 8368Q CPU @ 2.60GHz
stepping	: 6
microcode	: 0xd000421
cpu MHz		: 800.000
cache size	: 58368 KB
physical id	: 0
siblings	: 76
core id		: 2
cpu cores	: 38
apicid		: 4
initial apicid	: 4
fpu		: yes
fpu_exception	: yes
cpuid level	: 27
wp		: yes
flags		: fpu vme de pse tsc msr pae mce cx8 apic sep mtrr pge mca cmov pat pse36 clflush dts acpi mmx fxsr sse sse2 ss ht tm pbe syscall nx pdpe1gb rdtscp lm constant_tsc art arch_perfmon pebs bts rep_good nopl xtopology nonstop_tsc cpuid aperfmperf pni pclmulqdq dtes64 monitor ds_cpl vmx smx est tm2 ssse3 sdbg fma cx16 xtpr pdcm pcid dca sse4_1 sse4_2 x2apic movbe popcnt tsc_deadline_timer aes xsave avx f16c rdrand lahf_lm abm 3dnowprefetch cpuid_fault epb cat_l3 ssbd mba ibrs ibpb stibp ibrs_enhanced tpr_shadow flexpriority ept vpid ept_ad fsgsbase tsc_adjust bmi1 avx2 smep bmi2 erms invpcid cqm rdt_a avx512f avx512dq rdseed adx smap avx512ifma clflushopt clwb intel_pt avx512cd sha_ni avx512bw avx512vl xsaveopt xsavec xgetbv1 xsaves cqm_llc cqm_occup_llc cqm_mbm_total cqm_mbm_local split_lock_detect wbnoinvd dtherm ida arat pln pts vnmi avx512vbmi umip pku ospke avx512_vbmi2 gfni vaes vpclmulqdq avx512_vnni avx512_bitalg tme avx512_vpopcntdq la57 rdpid fsrm md_clear pconfig flush_l1d arch_capabilities
vmx flags	: vnmi preemption_timer posted_intr invvpid ept_x_only ept_ad ept_1gb flexpriority apicv tsc_offset vtpr mtf vapic ept vpid unrestricted_guest vapic_reg vid ple shadow_vmcs pml ept_mode_based_exec tsc_scaling
bugs		: spectre_v1 spectre_v2 spec_store_bypass swapgs mmio_stale_data eibrs_pbrsb gds bhi its its_native_only
bogomips	: 5200.00
clflush size	: 64
cache_alignment	: 64
address sizes	: 46 bits physical, 57 bits virtual
power management:

processor	: 3
vendor_id	: GenuineIntel
cpu family	: 6
model		: 106
model name	: Intel(R) Xeon(R) Platinum 8368Q CPU @ 2.60GHz
stepping	: 6
microcode	: 0xd000421
cpu MHz		: 800.000
cache size	: 58368 KB
physical id	: 0
siblings	: 76
core id		: 3
cpu cores	: 38
apicid		: 6
initial apicid	: 6
fpu		: yes
fpu_exception	: yes
cpuid level	: 27
wp		: yes
flags		: fpu vme de pse tsc msr pae mce cx8 apic sep mtrr pge mca cmov pat pse36 clflush dts acpi mmx fxsr sse sse2 ss ht tm pbe syscall nx pdpe1gb rdtscp lm constant_tsc art arch_perfmon pebs bts rep_good nopl xtopology nonstop_tsc cpuid aperfmperf pni pclmulqdq dtes64 monitor ds_cpl vmx smx est tm2 ssse3 sdbg fma cx16 xtpr pdcm pcid dca sse4_1 sse4_2 x2apic movbe popcnt tsc_deadline_timer aes xsave avx f16c rdrand lahf_lm abm 3dnowprefetch cpuid_fault epb cat_l3 ssbd mba ibrs ibpb stibp ibrs_enhanced tpr_shadow flexpriority ept vpid ept_ad fsgsbase tsc_adjust bmi1 avx2 smep bmi2 erms invpcid cqm rdt_a avx512f avx512dq rdseed adx smap avx512ifma clflushopt clwb intel_pt avx512cd sha_ni avx512bw avx512vl xsaveopt xsavec xgetbv1 xsaves cqm_llc cqm_occup_llc cqm_mbm_total cqm_mbm_local split_lock_detect wbnoinvd dtherm ida arat pln pts vnmi avx512vbmi umip pku ospke avx512_vbmi2 gfni vaes vpclmulqdq avx512_vnni avx512_bitalg tme avx512_vpopcntdq la57 rdpid fsrm md_clear pconfig flush_l1d arch_capabilities
vmx flags	: vnmi preemption_timer posted_intr invvpid ept_x_only ept_ad ept_1gb flexpriority apicv tsc_offset vtpr mtf vapic ept vpid unrestricted_guest vapic_reg vid ple shadow_vmcs pml ept_mode_based_exec tsc_scaling
bugs		: spectre_v1 spectre_v2 spec_store_bypass swapgs mmio_stale_data eibrs_pbrsb gds bhi its its_native_only
bogomips	: 5200.00
clflush size	: 64
cache_alignment	: 64
address sizes	: 46 bits physical, 57 bits virtual
power management:

processor	: 4
vendor_id	: GenuineIntel
cpu family	: 6
model		: 106
model name	: Intel(R) Xeon(R) Platinum 8368Q CPU @ 2.60GHz
stepping	: 6
microcode	: 0xd000421
cpu MHz		: 800.007
cache size	: 58368 KB
physical id	: 0
siblings	: 76
core id		: 4
cpu cores	: 38
apicid		: 8
initial apicid	: 8
fpu		: yes
fpu_exception	: yes
cpuid level	: 27
wp		: yes
flags		: fpu vme de pse tsc msr pae mce cx8 apic sep mtrr pge mca cmov pat pse36 clflush dts acpi mmx fxsr sse sse2 ss ht tm pbe syscall nx pdpe1gb rdtscp lm constant_tsc art arch_perfmon pebs bts rep_good nopl xtopology nonstop_tsc cpuid aperfmperf pni pclmulqdq dtes64 monitor ds_cpl vmx smx est tm2 ssse3 sdbg fma cx16 xtpr pdcm pcid dca sse4_1 sse4_2 x2apic movbe popcnt tsc_deadline_timer aes xsave avx f16c rdrand lahf_lm abm 3dnowprefetch cpuid_fault epb cat_l3 ssbd mba ibrs ibpb stibp ibrs_enhanced tpr_shadow flexpriority ept vpid ept_ad fsgsbase tsc_adjust bmi1 avx2 smep bmi2 erms invpcid cqm rdt_a avx512f avx512dq rdseed adx smap avx512ifma clflushopt clwb intel_pt avx512cd sha_ni avx512bw avx512vl xsaveopt xsavec xgetbv1 xsaves cqm_llc cqm_occup_llc cqm_mbm_total cqm_mbm_local split_lock_detect wbnoinvd dtherm ida arat pln pts vnmi avx512vbmi umip pku ospke avx512_vbmi2 gfni vaes vpclmulqdq avx512_vnni avx512_bitalg tme avx512_vpopcntdq la57 rdpid fsrm md_clear pconfig flush_l1d arch_capabilities
vmx flags	: vnmi preemption_timer posted_intr invvpid ept_x_only ept_ad ept_1gb flexpriority apicv tsc_offset vtpr mtf vapic ept vpid unrestricted_guest vapic_reg vid ple shadow_vmcs pml ept_mode_based_exec tsc_scaling
bugs		: spectre_v1 spectre_v2 spec_store_bypass swapgs mmio_stale_data eibrs_pbrsb gds bhi its its_native_only
bogomips	: 5200.00
clflush size	: 64
cache_alignment	: 64
address sizes	: 46 bits physical, 57 bits virtual
power management:

processor	: 5
vendor_id	: GenuineIntel
cpu family	: 6
model		: 106
model name	: Intel(R) Xeon(R) Platinum 8368Q CPU @ 2.60GHz
stepping	: 6
microcode	: 0xd000421
cpu MHz		: 800.000
cache size	: 58368 KB
physical id	: 0
siblings	: 76
core id		: 5
cpu cores	: 38
apicid		: 10
initial apicid	: 10
fpu		: yes
fpu_exception	: yes
cpuid level	: 27
wp		: yes
flags		: fpu vme de pse tsc msr pae mce cx8 apic sep mtrr pge mca cmov pat pse36 clflush dts acpi mmx fxsr sse sse2 ss ht tm pbe syscall nx pdpe1gb rdtscp lm constant_tsc art arch_perfmon pebs bts rep_good nopl xtopology nonstop_tsc cpuid aperfmperf pni pclmulqdq dtes64 monitor ds_cpl vmx smx est tm2 ssse3 sdbg fma cx16 xtpr pdcm pcid dca sse4_1 sse4_2 x2apic movbe popcnt tsc_deadline_timer aes xsave avx f16c rdrand lahf_lm abm 3dnowprefetch cpuid_fault epb cat_l3 ssbd mba ibrs ibpb stibp ibrs_enhanced tpr_shadow flexpriority ept vpid ept_ad fsgsbase tsc_adjust bmi1 avx2 smep bmi2 erms invpcid cqm rdt_a avx512f avx512dq rdseed adx smap avx512ifma clflushopt clwb intel_pt avx512cd sha_ni avx512bw avx512vl xsaveopt xsavec xgetbv1 xsaves cqm_llc cqm_occup_llc cqm_mbm_total cqm_mbm_local split_lock_detect wbnoinvd dtherm ida arat pln pts vnmi avx512vbmi umip pku ospke avx512_vbmi2 gfni vaes vpclmulqdq avx512_vnni avx512_bitalg tme avx512_vpopcntdq la57 rdpid fsrm md_clear pconfig flush_l1d arch_capabilities
vmx flags	: vnmi preemption_timer posted_intr invvpid ept_x_only ept_ad ept_1gb flexpriority apicv tsc_offset vtpr mtf vapic ept vpid unrestricted_guest vapic_reg vid ple shadow_vmcs pml ept_mode_based_exec tsc_scaling
bugs		: spectre_v1 spectre_v2 spec_store_bypass swapgs mmio_stale_data eibrs_pbrsb gds bhi its its_native_only
bogomips	: 5200.00
clflush size	: 64
cache_alignment	: 64
address sizes	: 46 bits physical, 57 bits virtual
power management:

processor	: 6
vendor_id	: GenuineIntel
cpu family	: 6
model		: 106
model name	: Intel(R) Xeon(R) Platinum 8368Q CPU @ 2.60GHz
stepping	: 6
microcode	: 0xd000421
cpu MHz		: 800.000
cache size	: 58368 KB
physical id	: 0
siblings	: 76
core id		: 6
cpu cores	: 38
apicid		: 12
initial apicid	: 12
fpu		: yes
fpu_exception	: yes
cpuid level	: 27
wp		: yes
flags		: fpu vme de pse tsc msr pae mce cx8 apic sep mtrr pge mca cmov pat pse36 clflush dts acpi mmx fxsr sse sse2 ss ht tm pbe syscall nx pdpe1gb rdtscp lm constant_tsc art arch_perfmon pebs bts rep_good nopl xtopology nonstop_tsc cpuid aperfmperf pni pclmulqdq dtes64 monitor ds_cpl vmx smx est tm2 ssse3 sdbg fma cx16 xtpr pdcm pcid dca sse4_1 sse4_2 x2apic movbe popcnt tsc_deadline_timer aes xsave avx f16c rdrand lahf_lm abm 3dnowprefetch cpuid_fault epb cat_l3 ssbd mba ibrs ibpb stibp ibrs_enhanced tpr_shadow flexpriority ept vpid ept_ad fsgsbase tsc_adjust bmi1 avx2 smep bmi2 erms invpcid cqm rdt_a avx512f avx512dq rdseed adx smap avx512ifma clflushopt clwb intel_pt avx512cd sha_ni avx512bw avx512vl xsaveopt xsavec xgetbv1 xsaves cqm_llc cqm_occup_llc cqm_mbm_total cqm_mbm_local split_lock_detect wbnoinvd dtherm ida arat pln pts vnmi avx512vbmi umip pku ospke avx512_vbmi2 gfni vaes vpclmulqdq avx512_vnni avx512_bitalg tme avx512_vpopcntdq la57 rdpid fsrm md_clear pconfig flush_l1d arch_capabilities
vmx flags	: vnmi preemption_timer posted_intr invvpid ept_x_only ept_ad ept_1gb flexpriority apicv tsc_offset vtpr mtf vapic ept vpid unrestricted_guest vapic_reg vid ple shadow_vmcs pml ept_mode_based_exec tsc_scaling
bugs		: spectre_v1 spectre_v2 spec_store_bypass swapgs mmio_stale_data eibrs_pbrsb gds bhi its its_native_only
bogomips	: 5200.00
clflush size	: 64
cache_alignment	: 64
address sizes	: 46 bits physical, 57 bits virtual
power management:

processor	: 7
vendor_id	: GenuineIntel
cpu family	: 6
model		: 106
model name	: Intel(R) Xeon(R) Platinum 8368Q CPU @ 2.60GHz
stepping	: 6
microcode	: 0xd000421
cpu MHz		: 800.000
cache size	: 58368 KB
physical id	: 0
siblings	: 76
core id		: 7
cpu cores	: 38
apicid		: 14
initial apicid	: 14
fpu		: yes
fpu_exception	: yes
cpuid level	: 27
wp		: yes
flags		: fpu vme de pse tsc msr pae mce cx8 apic sep mtrr pge mca cmov pat pse36 clflush dts acpi mmx fxsr sse sse2 ss ht tm pbe syscall nx pdpe1gb rdtscp lm constant_tsc art arch_perfmon pebs bts rep_good nopl xtopology nonstop_tsc cpuid aperfmperf pni pclmulqdq dtes64 monitor ds_cpl vmx smx est tm2 ssse3 sdbg fma cx16 xtpr pdcm pcid dca sse4_1 sse4_2 x2apic movbe popcnt tsc_deadline_timer aes xsave avx f16c rdrand lahf_lm abm 3dnowprefetch cpuid_fault epb cat_l3 ssbd mba ibrs ibpb stibp ibrs_enhanced tpr_shadow flexpriority ept vpid ept_ad fsgsbase tsc_adjust bmi1 avx2 smep bmi2 erms invpcid cqm rdt_a avx512f avx512dq rdseed adx smap avx512ifma clflushopt clwb intel_pt avx512cd sha_ni avx512bw avx512vl xsaveopt xsavec xgetbv1 xsaves cqm_llc cqm_occup_llc cqm_mbm_total cqm_mbm_local split_lock_detect wbnoinvd dtherm ida arat pln pts vnmi avx512vbmi umip pku ospke avx512_vbmi2 gfni vaes vpclmulqdq avx512_vnni avx512_bitalg tme avx512_vpopcntdq la57 rdpid fsrm md_clear pconfig flush_l1d arch_capabilities
vmx flags	: vnmi preemption_timer posted_intr invvpid ept_x_only ept_ad ept_1gb flexpriority apicv tsc_offset vtpr mtf vapic ept vpid unrestricted_guest vapic_reg vid ple shadow_vmcs pml ept_mode_based_exec tsc_scaling
bugs		: spectre_v1 spectre_v2 spec_store_bypass swapgs mmio_stale_data eibrs_pbrsb gds bhi its its_native_only
bogomips	: 5200.00
clflush size	: 64
cache_alignment	: 64
address sizes	: 46 bits physical, 57 bits virtual
power management:

processor	: 8
vendor_id	: GenuineIntel
cpu family	: 6
model		: 106
model name	: Intel(R) Xeon(R) Platinum 8368Q CPU @ 2.60GHz
stepping	: 6
microcode	: 0xd000421
cpu MHz		: 800.000
cache size	: 58368 KB
physical id	: 0
siblings	: 76
core id		: 8
cpu cores	: 38
apicid		: 16
initial apicid	: 16
fpu		: yes
fpu_exception	: yes
cpuid level	: 27
wp		: yes
flags		: fpu vme de pse tsc msr pae mce cx8 apic sep mtrr pge mca cmov pat pse36 clflush dts acpi mmx fxsr sse sse2 ss ht tm pbe syscall nx pdpe1gb rdtscp lm constant_tsc art arch_perfmon pebs bts rep_good nopl xtopology nonstop_tsc cpuid aperfmperf pni pclmulqdq dtes64 monitor ds_cpl vmx smx est tm2 ssse3 sdbg fma cx16 xtpr pdcm pcid dca sse4_1 sse4_2 x2apic movbe popcnt tsc_deadline_timer aes xsave avx f16c rdrand lahf_lm abm 3dnowprefetch cpuid_fault epb cat_l3 ssbd mba ibrs ibpb stibp ibrs_enhanced tpr_shadow flexpriority ept vpid ept_ad fsgsbase tsc_adjust bmi1 avx2 smep bmi2 erms invpcid cqm rdt_a avx512f avx512dq rdseed adx smap avx512ifma clflushopt clwb intel_pt avx512cd sha_ni avx512bw avx512vl xsaveopt xsavec xgetbv1 xsaves cqm_llc cqm_occup_llc cqm_mbm_total cqm_mbm_local split_lock_detect wbnoinvd dtherm ida arat pln pts vnmi avx512vbmi umip pku ospke avx512_vbmi2 gfni vaes vpclmulqdq avx512_vnni avx512_bitalg tme avx512_vpopcntdq la57 rdpid fsrm md_clear pconfig flush_l1d arch_capabilities
vmx flags	: vnmi preemption_timer posted_intr invvpid ept_x_only ept_ad ept_1gb flexpriority apicv tsc_offset vtpr mtf vapic ept vpid unrestricted_guest vapic_reg vid ple shadow_vmcs pml ept_mode_based_exec tsc_scaling
bugs		: spectre_v1 spectre_v2 spec_store_bypass swapgs mmio_stale_data eibrs_pbrsb gds bhi its its_native_only
bogomips	: 5200.00
clflush size	: 64
cache_alignment	: 64
address sizes	: 46 bits physical, 57 bits virtual
power management:

processor	: 9
vendor_id	: GenuineIntel
cpu family	: 6
model		: 106
model name	: Intel(R) Xeon(R) Platinum 8368Q CPU @ 2.60GHz
stepping	: 6
microcode	: 0xd000421
cpu MHz		: 800.000
cache size	: 58368 KB
physical id	: 0
siblings	: 76
core id		: 9
cpu cores	: 38
apicid		: 18
initial apicid	: 18
fpu		: yes
fpu_exception	: yes
cpuid level	: 27
wp		: yes
flags		: fpu vme de pse tsc msr pae mce cx8 apic sep mtrr pge mca cmov pat pse36 clflush dts acpi mmx fxsr sse sse2 ss ht tm pbe syscall nx pdpe1gb rdtscp lm constant_tsc art arch_perfmon pebs bts rep_good nopl xtopology nonstop_tsc cpuid aperfmperf pni pclmulqdq dtes64 monitor ds_cpl vmx smx est tm2 ssse3 sdbg fma cx16 xtpr pdcm pcid dca sse4_1 sse4_2 x2apic movbe popcnt tsc_deadline_timer aes xsave avx f16c rdrand lahf_lm abm 3dnowprefetch cpuid_fault epb cat_l3 ssbd mba ibrs ibpb stibp ibrs_enhanced tpr_shadow flexpriority ept vpid ept_ad fsgsbase tsc_adjust bmi1 avx2 smep bmi2 erms invpcid cqm rdt_a avx512f avx512dq rdseed adx smap avx512ifma clflushopt clwb intel_pt avx512cd sha_ni avx512bw avx512vl xsaveopt xsavec xgetbv1 xsaves cqm_llc cqm_occup_llc cqm_mbm_total cqm_mbm_local split_lock_detect wbnoinvd dtherm ida arat pln pts vnmi avx512vbmi umip pku ospke avx512_vbmi2 gfni vaes vpclmulqdq avx512_vnni avx512_bitalg tme avx512_vpopcntdq la57 rdpid fsrm md_clear pconfig flush_l1d arch_capabilities
vmx flags	: vnmi preemption_timer posted_intr invvpid ept_x_only ept_ad ept_1gb flexpriority apicv tsc_offset vtpr mtf vapic ept vpid unrestricted_guest vapic_reg vid ple shadow_vmcs pml ept_mode_based_exec tsc_scaling
bugs		: spectre_v1 spectre_v2 spec_store_bypass swapgs mmio_stale_data eibrs_pbrsb gds bhi its its_native_only
bogomips	: 5200.00
clflush size	: 64
cache_alignment	: 64
address sizes	: 46 bits physical, 57 bits virtual
power management:

processor	: 10
vendor_id	: GenuineIntel
cpu family	: 6
model		: 106
model name	: Intel(R) Xeon(R) Platinum 8368Q CPU @ 2.60GHz
stepping	: 6
microcode	: 0xd000421
cpu MHz		: 800.000
cache size	: 58368 KB
physical id	: 0
siblings	: 76
core id		: 10
cpu cores	: 38
apicid		: 20
initial apicid	: 20
fpu		: yes
fpu_exception	: yes
cpuid level	: 27
wp		: yes
flags		: fpu vme de pse tsc msr pae mce cx8 apic sep mtrr pge mca cmov pat pse36 clflush dts acpi mmx fxsr sse sse2 ss ht tm pbe syscall nx pdpe1gb rdtscp lm constant_tsc art arch_perfmon pebs bts rep_good nopl xtopology nonstop_tsc cpuid aperfmperf pni pclmulqdq dtes64 monitor ds_cpl vmx smx est tm2 ssse3 sdbg fma cx16 xtpr pdcm pcid dca sse4_1 sse4_2 x2apic movbe popcnt tsc_deadline_timer aes xsave avx f16c rdrand lahf_lm abm 3dnowprefetch cpuid_fault epb cat_l3 ssbd mba ibrs ibpb stibp ibrs_enhanced tpr_shadow flexpriority ept vpid ept_ad fsgsbase tsc_adjust bmi1 avx2 smep bmi2 erms invpcid cqm rdt_a avx512f avx512dq rdseed adx smap avx512ifma clflushopt clwb intel_pt avx512cd sha_ni avx512bw avx512vl xsaveopt xsavec xgetbv1 xsaves cqm_llc cqm_occup_llc cqm_mbm_total cqm_mbm_local split_lock_detect wbnoinvd dtherm ida arat pln pts vnmi avx512vbmi umip pku ospke avx512_vbmi2 gfni vaes vpclmulqdq avx512_vnni avx512_bitalg tme avx512_vpopcntdq la57 rdpid fsrm md_clear pconfig flush_l1d arch_capabilities
vmx flags	: vnmi preemption_timer posted_intr invvpid ept_x_only ept_ad ept_1gb flexpriority apicv tsc_offset vtpr mtf vapic ept vpid unrestricted_guest vapic_reg vid ple shadow_vmcs pml ept_mode_based_exec tsc_scaling
bugs		: spectre_v1 spectre_v2 spec_store_bypass swapgs mmio_stale_data eibrs_pbrsb gds bhi its its_native_only
bogomips	: 5200.00
clflush size	: 64
cache_alignment	: 64
address sizes	: 46 bits physical, 57 bits virtual
power management:

processor	: 11
vendor_id	: GenuineIntel
cpu family	: 6
model		: 106
model name	: Intel(R) Xeon(R) Platinum 8368Q CPU @ 2.60GHz
stepping	: 6
microcode	: 0xd000421
cpu MHz		: 800.000
cache size	: 58368 KB
physical id	: 0
siblings	: 76
core id		: 11
cpu cores	: 38
apicid		: 22
initial apicid	: 22
fpu		: yes
fpu_exception	: yes
cpuid level	: 27
wp		: yes
flags		: fpu vme de pse tsc msr pae mce cx8 apic sep mtrr pge mca cmov pat pse36 clflush dts acpi mmx fxsr sse sse2 ss ht tm pbe syscall nx pdpe1gb rdtscp lm constant_tsc art arch_perfmon pebs bts rep_good nopl xtopology nonstop_tsc cpuid aperfmperf pni pclmulqdq dtes64 monitor ds_cpl vmx smx est tm2 ssse3 sdbg fma cx16 xtpr pdcm pcid dca sse4_1 sse4_2 x2apic movbe popcnt tsc_deadline_timer aes xsave avx f16c rdrand lahf_lm abm 3dnowprefetch cpuid_fault epb cat_l3 ssbd mba ibrs ibpb stibp ibrs_enhanced tpr_shadow flexpriority ept vpid ept_ad fsgsbase tsc_adjust bmi1 avx2 smep bmi2 erms invpcid cqm rdt_a avx512f avx512dq rdseed adx smap avx512ifma clflushopt clwb intel_pt avx512cd sha_ni avx512bw avx512vl xsaveopt xsavec xgetbv1 xsaves cqm_llc cqm_occup_llc cqm_mbm_total cqm_mbm_local split_lock_detect wbnoinvd dtherm ida arat pln pts vnmi avx512vbmi umip pku ospke avx512_vbmi2 gfni vaes vpclmulqdq avx512_vnni avx512_bitalg tme avx512_vpopcntdq la57 rdpid fsrm md_clear pconfig flush_l1d arch_capabilities
vmx flags	: vnmi preemption_timer posted_intr invvpid ept_x_only ept_ad ept_1gb flexpriority apicv tsc_offset vtpr mtf vapic ept vpid unrestricted_guest vapic_reg vid ple shadow_vmcs pml ept_mode_based_exec tsc_scaling
bugs		: spectre_v1 spectre_v2 spec_store_bypass swapgs mmio_stale_data eibrs_pbrsb gds bhi its its_native_only
bogomips	: 5200.00
clflush size	: 64
cache_alignment	: 64
address sizes	: 46 bits physical, 57 bits virtual
power management:

processor	: 12
vendor_id	: GenuineIntel
cpu family	: 6
model		: 106
model name	: Intel(R) Xeon(R) Platinum 8368Q CPU @ 2.60GHz
stepping	: 6
microcode	: 0xd000421
cpu MHz		: 800.000
cache size	: 58368 KB
physical id	: 0
siblings	: 76
core id		: 12
cpu cores	: 38
apicid		: 24
initial apicid	: 24
fpu		: yes
fpu_exception	: yes
cpuid level	: 27
wp		: yes
flags		: fpu vme de pse tsc msr pae mce cx8 apic sep mtrr pge mca cmov pat pse36 clflush dts acpi mmx fxsr sse sse2 ss ht tm pbe syscall nx pdpe1gb rdtscp lm constant_tsc art arch_perfmon pebs bts rep_good nopl xtopology nonstop_tsc cpuid aperfmperf pni pclmulqdq dtes64 monitor ds_cpl vmx smx est tm2 ssse3 sdbg fma cx16 xtpr pdcm pcid dca sse4_1 sse4_2 x2apic movbe popcnt tsc_deadline_timer aes xsave avx f16c rdrand lahf_lm abm 3dnowprefetch cpuid_fault epb cat_l3 ssbd mba ibrs ibpb stibp ibrs_enhanced tpr_shadow flexpriority ept vpid ept_ad fsgsbase tsc_adjust bmi1 avx2 smep bmi2 erms invpcid cqm rdt_a avx512f avx512dq rdseed adx smap avx512ifma clflushopt clwb intel_pt avx512cd sha_ni avx512bw avx512vl xsaveopt xsavec xgetbv1 xsaves cqm_llc cqm_occup_llc cqm_mbm_total cqm_mbm_local split_lock_detect wbnoinvd dtherm ida arat pln pts vnmi avx512vbmi umip pku ospke avx512_vbmi2 gfni vaes vpclmulqdq avx512_vnni avx512_bitalg tme avx512_vpopcntdq la57 rdpid fsrm md_clear pconfig flush_l1d arch_capabilities
vmx flags	: vnmi preemption_timer posted_intr invvpid ept_x_only ept_ad ept_1gb flexpriority apicv tsc_offset vtpr mtf vapic ept vpid unrestricted_guest vapic_reg vid ple shadow_vmcs pml ept_mode_based_exec tsc_scaling
bugs		: spectre_v1 spectre_v2 spec_store_bypass swapgs mmio_stale_data eibrs_pbrsb gds bhi its its_native_only
bogomips	: 5200.00
clflush size	: 64
cache_alignment	: 64
address sizes	: 46 bits physical, 57 bits virtual
power management:

processor	: 13
vendor_id	: GenuineIntel
cpu family	: 6
model		: 106
model name	: Intel(R) Xeon(R) Platinum 8368Q CPU @ 2.60GHz
stepping	: 6
microcode	: 0xd000421
cpu MHz		: 800.000
cache size	: 58368 KB
physical id	: 0
siblings	: 76
core id		: 13
cpu cores	: 38
apicid		: 26
initial apicid	: 26
fpu		: yes
fpu_exception	: yes
cpuid level	: 27
wp		: yes
flags		: fpu vme de pse tsc msr pae mce cx8 apic sep mtrr pge mca cmov pat pse36 clflush dts acpi mmx fxsr sse sse2 ss ht tm pbe syscall nx pdpe1gb rdtscp lm constant_tsc art arch_perfmon pebs bts rep_good nopl xtopology nonstop_tsc cpuid aperfmperf pni pclmulqdq dtes64 monitor ds_cpl vmx smx est tm2 ssse3 sdbg fma cx16 xtpr pdcm pcid dca sse4_1 sse4_2 x2apic movbe popcnt tsc_deadline_timer aes xsave avx f16c rdrand lahf_lm abm 3dnowprefetch cpuid_fault epb cat_l3 ssbd mba ibrs ibpb stibp ibrs_enhanced tpr_shadow flexpriority ept vpid ept_ad fsgsbase tsc_adjust bmi1 avx2 smep bmi2 erms invpcid cqm rdt_a avx512f avx512dq rdseed adx smap avx512ifma clflushopt clwb intel_pt avx512cd sha_ni avx512bw avx512vl xsaveopt xsavec xgetbv1 xsaves cqm_llc cqm_occup_llc cqm_mbm_total cqm_mbm_local split_lock_detect wbnoinvd dtherm ida arat pln pts vnmi avx512vbmi umip pku ospke avx512_vbmi2 gfni vaes vpclmulqdq avx512_vnni avx512_bitalg tme avx512_vpopcntdq la57 rdpid fsrm md_clear pconfig flush_l1d arch_capabilities
vmx flags	: vnmi preemption_timer posted_intr invvpid ept_x_only ept_ad ept_1gb flexpriority apicv tsc_offset vtpr mtf vapic ept vpid unrestricted_guest vapic_reg vid ple shadow_vmcs pml ept_mode_based_exec tsc_scaling
bugs		: spectre_v1 spectre_v2 spec_store_bypass swapgs mmio_stale_data eibrs_pbrsb gds bhi its its_native_only
bogomips	: 5200.00
clflush size	: 64
cache_alignment	: 64
address sizes	: 46 bits physical, 57 bits virtual
power management:

processor	: 14
vendor_id	: GenuineIntel
cpu family	: 6
model		: 106
model name	: Intel(R) Xeon(R) Platinum 8368Q CPU @ 2.60GHz
stepping	: 6
microcode	: 0xd000421
cpu MHz		: 800.000
cache size	: 58368 KB
physical id	: 0
siblings	: 76
core id		: 14
cpu cores	: 38
apicid		: 28
initial apicid	: 28
fpu		: yes
fpu_exception	: yes
cpuid level	: 27
wp		: yes
flags		: fpu vme de pse tsc msr pae mce cx8 apic sep mtrr pge mca cmov pat pse36 clflush dts acpi mmx fxsr sse sse2 ss ht tm pbe syscall nx pdpe1gb rdtscp lm constant_tsc art arch_perfmon pebs bts rep_good nopl xtopology nonstop_tsc cpuid aperfmperf pni pclmulqdq dtes64 monitor ds_cpl vmx smx est tm2 ssse3 sdbg fma cx16 xtpr pdcm pcid dca sse4_1 sse4_2 x2apic movbe popcnt tsc_deadline_timer aes xsave avx f16c rdrand lahf_lm abm 3dnowprefetch cpuid_fault epb cat_l3 ssbd mba ibrs ibpb stibp ibrs_enhanced tpr_shadow flexpriority ept vpid ept_ad fsgsbase tsc_adjust bmi1 avx2 smep bmi2 erms invpcid cqm rdt_a avx512f avx512dq rdseed adx smap avx512ifma clflushopt clwb intel_pt avx512cd sha_ni avx512bw avx512vl xsaveopt xsavec xgetbv1 xsaves cqm_llc cqm_occup_llc cqm_mbm_total cqm_mbm_local split_lock_detect wbnoinvd dtherm ida arat pln pts vnmi avx512vbmi umip pku ospke avx512_vbmi2 gfni vaes vpclmulqdq avx512_vnni avx512_bitalg tme avx512_vpopcntdq la57 rdpid fsrm md_clear pconfig flush_l1d arch_capabilities
vmx flags	: vnmi preemption_timer posted_intr invvpid ept_x_only ept_ad ept_1gb flexpriority apicv tsc_offset vtpr mtf vapic ept vpid unrestricted_guest vapic_reg vid ple shadow_vmcs pml ept_mode_based_exec tsc_scaling
bugs		: spectre_v1 spectre_v2 spec_store_bypass swapgs mmio_stale_data eibrs_pbrsb gds bhi its its_native_only
bogomips	: 5200.00
clflush size	: 64
cache_alignment	: 64
address sizes	: 46 bits physical, 57 bits virtual
power management:

processor	: 15
vendor_id	: GenuineIntel
cpu family	: 6
model		: 106
model name	: Intel(R) Xeon(R) Platinum 8368Q CPU @ 2.60GHz
stepping	: 6
microcode	: 0xd000421
cpu MHz		: 800.000
cache size	: 58368 KB
physical id	: 0
siblings	: 76
core id		: 15
cpu cores	: 38
apicid		: 30
initial apicid	: 30
fpu		: yes
fpu_exception	: yes
cpuid level	: 27
wp		: yes
flags		: fpu vme de pse tsc msr pae mce cx8 apic sep mtrr pge mca cmov pat pse36 clflush dts acpi mmx fxsr sse sse2 ss ht tm pbe syscall nx pdpe1gb rdtscp lm constant_tsc art arch_perfmon pebs bts rep_good nopl xtopology nonstop_tsc cpuid aperfmperf pni pclmulqdq dtes64 monitor ds_cpl vmx smx est tm2 ssse3 sdbg fma cx16 xtpr pdcm pcid dca sse4_1 sse4_2 x2apic movbe popcnt tsc_deadline_timer aes xsave avx f16c rdrand lahf_lm abm 3dnowprefetch cpuid_fault epb cat_l3 ssbd mba ibrs ibpb stibp ibrs_enhanced tpr_shadow flexpriority ept vpid ept_ad fsgsbase tsc_adjust bmi1 avx2 smep bmi2 erms invpcid cqm rdt_a avx512f avx512dq rdseed adx smap avx512ifma clflushopt clwb intel_pt avx512cd sha_ni avx512bw avx512vl xsaveopt xsavec xgetbv1 xsaves cqm_llc cqm_occup_llc cqm_mbm_total cqm_mbm_local split_lock_detect wbnoinvd dtherm ida arat pln pts vnmi avx512vbmi umip pku ospke avx512_vbmi2 gfni vaes vpclmulqdq avx512_vnni avx512_bitalg tme avx512_vpopcntdq la57 rdpid fsrm md_clear pconfig flush_l1d arch_capabilities
vmx flags	: vnmi preemption_timer posted_intr invvpid ept_x_only ept_ad ept_1gb flexpriority apicv tsc_offset vtpr mtf vapic ept vpid unrestricted_guest vapic_reg vid ple shadow_vmcs pml ept_mode_based_exec tsc_scaling
bugs		: spectre_v1 spectre_v2 spec_store_bypass swapgs mmio_stale_data eibrs_pbrsb gds bhi its its_native_only
bogomips	: 5200.00
clflush size	: 64
cache_alignment	: 64
address sizes	: 46 bits physical, 57 bits virtual
power management:

processor	: 16
vendor_id	: GenuineIntel
cpu family	: 6
model		: 106
model name	: Intel(R) Xeon(R) Platinum 8368Q CPU @ 2.60GHz
stepping	: 6
microcode	: 0xd000421
cpu MHz		: 800.000
cache size	: 58368 KB
physical id	: 0
siblings	: 76
core id		: 16
cpu cores	: 38
apicid		: 32
initial apicid	: 32
fpu		: yes
fpu_exception	: yes
cpuid level	: 27
wp		: yes
flags		: fpu vme de pse tsc msr pae mce cx8 apic sep mtrr pge mca cmov pat pse36 clflush dts acpi mmx fxsr sse sse2 ss ht tm pbe syscall nx pdpe1gb rdtscp lm constant_tsc art arch_perfmon pebs bts rep_good nopl xtopology nonstop_tsc cpuid aperfmperf pni pclmulqdq dtes64 monitor ds_cpl vmx smx est tm2 ssse3 sdbg fma cx16 xtpr pdcm pcid dca sse4_1 sse4_2 x2apic movbe popcnt tsc_deadline_timer aes xsave avx f16c rdrand lahf_lm abm 3dnowprefetch cpuid_fault epb cat_l3 ssbd mba ibrs ibpb stibp ibrs_enhanced tpr_shadow flexpriority ept vpid ept_ad fsgsbase tsc_adjust bmi1 avx2 smep bmi2 erms invpcid cqm rdt_a avx512f avx512dq rdseed adx smap avx512ifma clflushopt clwb intel_pt avx512cd sha_ni avx512bw avx512vl xsaveopt xsavec xgetbv1 xsaves cqm_llc cqm_occup_llc cqm_mbm_total cqm_mbm_local split_lock_detect wbnoinvd dtherm ida arat pln pts vnmi avx512vbmi umip pku ospke avx512_vbmi2 gfni vaes vpclmulqdq avx512_vnni avx512_bitalg tme avx512_vpopcntdq la57 rdpid fsrm md_clear pconfig flush_l1d arch_capabilities
vmx flags	: vnmi preemption_timer posted_intr invvpid ept_x_only ept_ad ept_1gb flexpriority apicv tsc_offset vtpr mtf vapic ept vpid unrestricted_guest vapic_reg vid ple shadow_vmcs pml ept_mode_based_exec tsc_scaling
bugs		: spectre_v1 spectre_v2 spec_store_bypass swapgs mmio_stale_data eibrs_pbrsb gds bhi its its_native_only
bogomips	: 5200.00
clflush size	: 64
cache_alignment	: 64
address sizes	: 46 bits physical, 57 bits virtual
power management:

processor	: 17
vendor_id	: GenuineIntel
cpu family	: 6
model		: 106
model name	: Intel(R) Xeon(R) Platinum 8368Q CPU @ 2.60GHz
stepping	: 6
microcode	: 0xd000421
cpu MHz		: 800.000
cache size	: 58368 KB
physical id	: 0
siblings	: 76
core id		: 17
cpu cores	: 38
apicid		: 34
initial apicid	: 34
fpu		: yes
fpu_exception	: yes
cpuid level	: 27
wp		: yes
flags		: fpu vme de pse tsc msr pae mce cx8 apic sep mtrr pge mca cmov pat pse36 clflush dts acpi mmx fxsr sse sse2 ss ht tm pbe syscall nx pdpe1gb rdtscp lm constant_tsc art arch_perfmon pebs bts rep_good nopl xtopology nonstop_tsc cpuid aperfmperf pni pclmulqdq dtes64 monitor ds_cpl vmx smx est tm2 ssse3 sdbg fma cx16 xtpr pdcm pcid dca sse4_1 sse4_2 x2apic movbe popcnt tsc_deadline_timer aes xsave avx f16c rdrand lahf_lm abm 3dnowprefetch cpuid_fault epb cat_l3 ssbd mba ibrs ibpb stibp ibrs_enhanced tpr_shadow flexpriority ept vpid ept_ad fsgsbase tsc_adjust bmi1 avx2 smep bmi2 erms invpcid cqm rdt_a avx512f avx512dq rdseed adx smap avx512ifma clflushopt clwb intel_pt avx512cd sha_ni avx512bw avx512vl xsaveopt xsavec xgetbv1 xsaves cqm_llc cqm_occup_llc cqm_mbm_total cqm_mbm_local split_lock_detect wbnoinvd dtherm ida arat pln pts vnmi avx512vbmi umip pku ospke avx512_vbmi2 gfni vaes vpclmulqdq avx512_vnni avx512_bitalg tme avx512_vpopcntdq la57 rdpid fsrm md_clear pconfig flush_l1d arch_capabilities
vmx flags	: vnmi preemption_timer posted_intr invvpid ept_x_only ept_ad ept_1gb flexpriority apicv tsc_offset vtpr mtf vapic ept vpid unrestricted_guest vapic_reg vid ple shadow_vmcs pml ept_mode_based_exec tsc_scaling
bugs		: spectre_v1 spectre_v2 spec_store_bypass swapgs mmio_stale_data eibrs_pbrsb gds bhi its its_native_only
bogomips	: 5200.00
clflush size	: 64
cache_alignment	: 64
address sizes	: 46 bits physical, 57 bits virtual
power management:

processor	: 18
vendor_id	: GenuineIntel
cpu family	: 6
model		: 106
model name	: Intel(R) Xeon(R) Platinum 8368Q CPU @ 2.60GHz
stepping	: 6
microcode	: 0xd000421
cpu MHz		: 800.000
cache size	: 58368 KB
physical id	: 0
siblings	: 76
core id		: 18
cpu cores	: 38
apicid		: 36
initial apicid	: 36
fpu		: yes
fpu_exception	: yes
cpuid level	: 27
wp		: yes
flags		: fpu vme de pse tsc msr pae mce cx8 apic sep mtrr pge mca cmov pat pse36 clflush dts acpi mmx fxsr sse sse2 ss ht tm pbe syscall nx pdpe1gb rdtscp lm constant_tsc art arch_perfmon pebs bts rep_good nopl xtopology nonstop_tsc cpuid aperfmperf pni pclmulqdq dtes64 monitor ds_cpl vmx smx est tm2 ssse3 sdbg fma cx16 xtpr pdcm pcid dca sse4_1 sse4_2 x2apic movbe popcnt tsc_deadline_timer aes xsave avx f16c rdrand lahf_lm abm 3dnowprefetch cpuid_fault epb cat_l3 ssbd mba ibrs ibpb stibp ibrs_enhanced tpr_shadow flexpriority ept vpid ept_ad fsgsbase tsc_adjust bmi1 avx2 smep bmi2 erms invpcid cqm rdt_a avx512f avx512dq rdseed adx smap avx512ifma clflushopt clwb intel_pt avx512cd sha_ni avx512bw avx512vl xsaveopt xsavec xgetbv1 xsaves cqm_llc cqm_occup_llc cqm_mbm_total cqm_mbm_local split_lock_detect wbnoinvd dtherm ida arat pln pts vnmi avx512vbmi umip pku ospke avx512_vbmi2 gfni vaes vpclmulqdq avx512_vnni avx512_bitalg tme avx512_vpopcntdq la57 rdpid fsrm md_clear pconfig flush_l1d arch_capabilities
vmx flags	: vnmi preemption_timer posted_intr invvpid ept_x_only ept_ad ept_1gb flexpriority apicv tsc_offset vtpr mtf vapic ept vpid unrestricted_guest vapic_reg vid ple shadow_vmcs pml ept_mode_based_exec tsc_scaling
bugs		: spectre_v1 spectre_v2 spec_store_bypass swapgs mmio_stale_data eibrs_pbrsb gds bhi its its_native_only
bogomips	: 5200.00
clflush size	: 64
cache_alignment	: 64
address sizes	: 46 bits physical, 57 bits virtual
power management:

processor	: 19
vendor_id	: GenuineIntel
cpu family	: 6
model		: 106
model name	: Intel(R) Xeon(R) Platinum 8368Q CPU @ 2.60GHz
stepping	: 6
microcode	: 0xd000421
cpu MHz		: 800.000
cache size	: 58368 KB
physical id	: 0
siblings	: 76
core id		: 19
cpu cores	: 38
apicid		: 38
initial apicid	: 38
fpu		: yes
fpu_exception	: yes
cpuid level	: 27
wp		: yes
flags		: fpu vme de pse tsc msr pae mce cx8 apic sep mtrr pge mca cmov pat pse36 clflush dts acpi mmx fxsr sse sse2 ss ht tm pbe syscall nx pdpe1gb rdtscp lm constant_tsc art arch_perfmon pebs bts rep_good nopl xtopology nonstop_tsc cpuid aperfmperf pni pclmulqdq dtes64 monitor ds_cpl vmx smx est tm2 ssse3 sdbg fma cx16 xtpr pdcm pcid dca sse4_1 sse4_2 x2apic movbe popcnt tsc_deadline_timer aes xsave avx f16c rdrand lahf_lm abm 3dnowprefetch cpuid_fault epb cat_l3 ssbd mba ibrs ibpb stibp ibrs_enhanced tpr_shadow flexpriority ept vpid ept_ad fsgsbase tsc_adjust bmi1 avx2 smep bmi2 erms invpcid cqm rdt_a avx512f avx512dq rdseed adx smap avx512ifma clflushopt clwb intel_pt avx512cd sha_ni avx512bw avx512vl xsaveopt xsavec xgetbv1 xsaves cqm_llc cqm_occup_llc cqm_mbm_total cqm_mbm_local split_lock_detect wbnoinvd dtherm ida arat pln pts vnmi avx512vbmi umip pku ospke avx512_vbmi2 gfni vaes vpclmulqdq avx512_vnni avx512_bitalg tme avx512_vpopcntdq la57 rdpid fsrm md_clear pconfig flush_l1d arch_capabilities
vmx flags	: vnmi preemption_timer posted_intr invvpid ept_x_only ept_ad ept_1gb flexpriority apicv tsc_offset vtpr mtf vapic ept vpid unrestricted_guest vapic_reg vid ple shadow_vmcs pml ept_mode_based_exec tsc_scaling
bugs		: spectre_v1 spectre_v2 spec_store_bypass swapgs mmio_stale_data eibrs_pbrsb gds bhi its its_native_only
bogomips	: 5200.00
clflush size	: 64
cache_alignment	: 64
address sizes	: 46 bits physical, 57 bits virtual
power management:

processor	: 20
vendor_id	: GenuineIntel
cpu family	: 6
model		: 106
model name	: Intel(R) Xeon(R) Platinum 8368Q CPU @ 2.60GHz
stepping	: 6
microcode	: 0xd000421
cpu MHz		: 800.000
cache size	: 58368 KB
physical id	: 0
siblings	: 76
core id		: 20
cpu cores	: 38
apicid		: 40
initial apicid	: 40
fpu		: yes
fpu_exception	: yes
cpuid level	: 27
wp		: yes
flags		: fpu vme de pse tsc msr pae mce cx8 apic sep mtrr pge mca cmov pat pse36 clflush dts acpi mmx fxsr sse sse2 ss ht tm pbe syscall nx pdpe1gb rdtscp lm constant_tsc art arch_perfmon pebs bts rep_good nopl xtopology nonstop_tsc cpuid aperfmperf pni pclmulqdq dtes64 monitor ds_cpl vmx smx est tm2 ssse3 sdbg fma cx16 xtpr pdcm pcid dca sse4_1 sse4_2 x2apic movbe popcnt tsc_deadline_timer aes xsave avx f16c rdrand lahf_lm abm 3dnowprefetch cpuid_fault epb cat_l3 ssbd mba ibrs ibpb stibp ibrs_enhanced tpr_shadow flexpriority ept vpid ept_ad fsgsbase tsc_adjust bmi1 avx2 smep bmi2 erms invpcid cqm rdt_a avx512f avx512dq rdseed adx smap avx512ifma clflushopt clwb intel_pt avx512cd sha_ni avx512bw avx512vl xsaveopt xsavec xgetbv1 xsaves cqm_llc cqm_occup_llc cqm_mbm_total cqm_mbm_local split_lock_detect wbnoinvd dtherm ida arat pln pts vnmi avx512vbmi umip pku ospke avx512_vbmi2 gfni vaes vpclmulqdq avx512_vnni avx512_bitalg tme avx512_vpopcntdq la57 rdpid fsrm md_clear pconfig flush_l1d arch_capabilities
vmx flags	: vnmi preemption_timer posted_intr invvpid ept_x_only ept_ad ept_1gb flexpriority apicv tsc_offset vtpr mtf vapic ept vpid unrestricted_guest vapic_reg vid ple shadow_vmcs pml ept_mode_based_exec tsc_scaling
bugs		: spectre_v1 spectre_v2 spec_store_bypass swapgs mmio_stale_data eibrs_pbrsb gds bhi its its_native_only
bogomips	: 5200.00
clflush size	: 64
cache_alignment	: 64
address sizes	: 46 bits physical, 57 bits virtual
power management:

processor	: 21
vendor_id	: GenuineIntel
cpu family	: 6
model		: 106
model name	: Intel(R) Xeon(R) Platinum 8368Q CPU @ 2.60GHz
stepping	: 6
microcode	: 0xd000421
cpu MHz		: 800.000
cache size	: 58368 KB
physical id	: 0
siblings	: 76
core id		: 21
cpu cores	: 38
apicid		: 42
initial apicid	: 42
fpu		: yes
fpu_exception	: yes
cpuid level	: 27
wp		: yes
flags		: fpu vme de pse tsc msr pae mce cx8 apic sep mtrr pge mca cmov pat pse36 clflush dts acpi mmx fxsr sse sse2 ss ht tm pbe syscall nx pdpe1gb rdtscp lm constant_tsc art arch_perfmon pebs bts rep_good nopl xtopology nonstop_tsc cpuid aperfmperf pni pclmulqdq dtes64 monitor ds_cpl vmx smx est tm2 ssse3 sdbg fma cx16 xtpr pdcm pcid dca sse4_1 sse4_2 x2apic movbe popcnt tsc_deadline_timer aes xsave avx f16c rdrand lahf_lm abm 3dnowprefetch cpuid_fault epb cat_l3 ssbd mba ibrs ibpb stibp ibrs_enhanced tpr_shadow flexpriority ept vpid ept_ad fsgsbase tsc_adjust bmi1 avx2 smep bmi2 erms invpcid cqm rdt_a avx512f avx512dq rdseed adx smap avx512ifma clflushopt clwb intel_pt avx512cd sha_ni avx512bw avx512vl xsaveopt xsavec xgetbv1 xsaves cqm_llc cqm_occup_llc cqm_mbm_total cqm_mbm_local split_lock_detect wbnoinvd dtherm ida arat pln pts vnmi avx512vbmi umip pku ospke avx512_vbmi2 gfni vaes vpclmulqdq avx512_vnni avx512_bitalg tme avx512_vpopcntdq la57 rdpid fsrm md_clear pconfig flush_l1d arch_capabilities
vmx flags	: vnmi preemption_timer posted_intr invvpid ept_x_only ept_ad ept_1gb flexpriority apicv tsc_offset vtpr mtf vapic ept vpid unrestricted_guest vapic_reg vid ple shadow_vmcs pml ept_mode_based_exec tsc_scaling
bugs		: spectre_v1 spectre_v2 spec_store_bypass swapgs mmio_stale_data eibrs_pbrsb gds bhi its its_native_only
bogomips	: 5200.00
clflush size	: 64
cache_alignment	: 64
address sizes	: 46 bits physical, 57 bits virtual
power management:

processor	: 22
vendor_id	: GenuineIntel
cpu family	: 6
model		: 106
model name	: Intel(R) Xeon(R) Platinum 8368Q CPU @ 2.60GHz
stepping	: 6
microcode	: 0xd000421
cpu MHz		: 800.000
cache size	: 58368 KB
physical id	: 0
siblings	: 76
core id		: 22
cpu cores	: 38
apicid		: 44
initial apicid	: 44
fpu		: yes
fpu_exception	: yes
cpuid level	: 27
wp		: yes
flags		: fpu vme de pse tsc msr pae mce cx8 apic sep mtrr pge mca cmov pat pse36 clflush dts acpi mmx fxsr sse sse2 ss ht tm pbe syscall nx pdpe1gb rdtscp lm constant_tsc art arch_perfmon pebs bts rep_good nopl xtopology nonstop_tsc cpuid aperfmperf pni pclmulqdq dtes64 monitor ds_cpl vmx smx est tm2 ssse3 sdbg fma cx16 xtpr pdcm pcid dca sse4_1 sse4_2 x2apic movbe popcnt tsc_deadline_timer aes xsave avx f16c rdrand lahf_lm abm 3dnowprefetch cpuid_fault epb cat_l3 ssbd mba ibrs ibpb stibp ibrs_enhanced tpr_shadow flexpriority ept vpid ept_ad fsgsbase tsc_adjust bmi1 avx2 smep bmi2 erms invpcid cqm rdt_a avx512f avx512dq rdseed adx smap avx512ifma clflushopt clwb intel_pt avx512cd sha_ni avx512bw avx512vl xsaveopt xsavec xgetbv1 xsaves cqm_llc cqm_occup_llc cqm_mbm_total cqm_mbm_local split_lock_detect wbnoinvd dtherm ida arat pln pts vnmi avx512vbmi umip pku ospke avx512_vbmi2 gfni vaes vpclmulqdq avx512_vnni avx512_bitalg tme avx512_vpopcntdq la57 rdpid fsrm md_clear pconfig flush_l1d arch_capabilities
vmx flags	: vnmi preemption_timer posted_intr invvpid ept_x_only ept_ad ept_1gb flexpriority apicv tsc_offset vtpr mtf vapic ept vpid unrestricted_guest vapic_reg vid ple shadow_vmcs pml ept_mode_based_exec tsc_scaling
bugs		: spectre_v1 spectre_v2 spec_store_bypass swapgs mmio_stale_data eibrs_pbrsb gds bhi its its_native_only
bogomips	: 5200.00
clflush size	: 64
cache_alignment	: 64
address sizes	: 46 bits physical, 57 bits virtual
power management:

processor	: 23
vendor_id	: GenuineIntel
cpu family	: 6
model		: 106
model name	: Intel(R) Xeon(R) Platinum 8368Q CPU @ 2.60GHz
stepping	: 6
microcode	: 0xd000421
cpu MHz		: 800.000
cache size	: 58368 KB
physical id	: 0
siblings	: 76
core id		: 23
cpu cores	: 38
apicid		: 46
initial apicid	: 46
fpu		: yes
fpu_exception	: yes
cpuid level	: 27
wp		: yes
flags		: fpu vme de pse tsc msr pae mce cx8 apic sep mtrr pge mca cmov pat pse36 clflush dts acpi mmx fxsr sse sse2 ss ht tm pbe syscall nx pdpe1gb rdtscp lm constant_tsc art arch_perfmon pebs bts rep_good nopl xtopology nonstop_tsc cpuid aperfmperf pni pclmulqdq dtes64 monitor ds_cpl vmx smx est tm2 ssse3 sdbg fma cx16 xtpr pdcm pcid dca sse4_1 sse4_2 x2apic movbe popcnt tsc_deadline_timer aes xsave avx f16c rdrand lahf_lm abm 3dnowprefetch cpuid_fault epb cat_l3 ssbd mba ibrs ibpb stibp ibrs_enhanced tpr_shadow flexpriority ept vpid ept_ad fsgsbase tsc_adjust bmi1 avx2 smep bmi2 erms invpcid cqm rdt_a avx512f avx512dq rdseed adx smap avx512ifma clflushopt clwb intel_pt avx512cd sha_ni avx512bw avx512vl xsaveopt xsavec xgetbv1 xsaves cqm_llc cqm_occup_llc cqm_mbm_total cqm_mbm_local split_lock_detect wbnoinvd dtherm ida arat pln pts vnmi avx512vbmi umip pku ospke avx512_vbmi2 gfni vaes vpclmulqdq avx512_vnni avx512_bitalg tme avx512_vpopcntdq la57 rdpid fsrm md_clear pconfig flush_l1d arch_capabilities
vmx flags	: vnmi preemption_timer posted_intr invvpid ept_x_only ept_ad ept_1gb flexpriority apicv tsc_offset vtpr mtf vapic ept vpid unrestricted_guest vapic_reg vid ple shadow_vmcs pml ept_mode_based_exec tsc_scaling
bugs		: spectre_v1 spectre_v2 spec_store_bypass swapgs mmio_stale_data eibrs_pbrsb gds bhi its its_native_only
bogomips	: 5200.00
clflush size	: 64
cache_alignment	: 64
address sizes	: 46 bits physical, 57 bits virtual
power management:

processor	: 24
vendor_id	: GenuineIntel
cpu family	: 6
model		: 106
model name	: Intel(R) Xeon(R) Platinum 8368Q CPU @ 2.60GHz
stepping	: 6
microcode	: 0xd000421
cpu MHz		: 3700.000
cache size	: 58368 KB
physical id	: 0
siblings	: 76
core id		: 24
cpu cores	: 38
apicid		: 48
initial apicid	: 48
fpu		: yes
fpu_exception	: yes
cpuid level	: 27
wp		: yes
flags		: fpu vme de pse tsc msr pae mce cx8 apic sep mtrr pge mca cmov pat pse36 clflush dts acpi mmx fxsr sse sse2 ss ht tm pbe syscall nx pdpe1gb rdtscp lm constant_tsc art arch_perfmon pebs bts rep_good nopl xtopology nonstop_tsc cpuid aperfmperf pni pclmulqdq dtes64 monitor ds_cpl vmx smx est tm2 ssse3 sdbg fma cx16 xtpr pdcm pcid dca sse4_1 sse4_2 x2apic movbe popcnt tsc_deadline_timer aes xsave avx f16c rdrand lahf_lm abm 3dnowprefetch cpuid_fault epb cat_l3 ssbd mba ibrs ibpb stibp ibrs_enhanced tpr_shadow flexpriority ept vpid ept_ad fsgsbase tsc_adjust bmi1 avx2 smep bmi2 erms invpcid cqm rdt_a avx512f avx512dq rdseed adx smap avx512ifma clflushopt clwb intel_pt avx512cd sha_ni avx512bw avx512vl xsaveopt xsavec xgetbv1 xsaves cqm_llc cqm_occup_llc cqm_mbm_total cqm_mbm_local split_lock_detect wbnoinvd dtherm ida arat pln pts vnmi avx512vbmi umip pku ospke avx512_vbmi2 gfni vaes vpclmulqdq avx512_vnni avx512_bitalg tme avx512_vpopcntdq la57 rdpid fsrm md_clear pconfig flush_l1d arch_capabilities
vmx flags	: vnmi preemption_timer posted_intr invvpid ept_x_only ept_ad ept_1gb flexpriority apicv tsc_offset vtpr mtf vapic ept vpid unrestricted_guest vapic_reg vid ple shadow_vmcs pml ept_mode_based_exec tsc_scaling
bugs		: spectre_v1 spectre_v2 spec_store_bypass swapgs mmio_stale_data eibrs_pbrsb gds bhi its its_native_only
bogomips	: 5200.00
clflush size	: 64
cache_alignment	: 64
address sizes	: 46 bits physical, 57 bits virtual
power management:

processor	: 25
vendor_id	: GenuineIntel
cpu family	: 6
model		: 106
model name	: Intel(R) Xeon(R) Platinum 8368Q CPU @ 2.60GHz
stepping	: 6
microcode	: 0xd000421
cpu MHz		: 800.000
cache size	: 58368 KB
physical id	: 0
siblings	: 76
core id		: 25
cpu cores	: 38
apicid		: 50
initial apicid	: 50
fpu		: yes
fpu_exception	: yes
cpuid level	: 27
wp		: yes
flags		: fpu vme de pse tsc msr pae mce cx8 apic sep mtrr pge mca cmov pat pse36 clflush dts acpi mmx fxsr sse sse2 ss ht tm pbe syscall nx pdpe1gb rdtscp lm constant_tsc art arch_perfmon pebs bts rep_good nopl xtopology nonstop_tsc cpuid aperfmperf pni pclmulqdq dtes64 monitor ds_cpl vmx smx est tm2 ssse3 sdbg fma cx16 xtpr pdcm pcid dca sse4_1 sse4_2 x2apic movbe popcnt tsc_deadline_timer aes xsave avx f16c rdrand lahf_lm abm 3dnowprefetch cpuid_fault epb cat_l3 ssbd mba ibrs ibpb stibp ibrs_enhanced tpr_shadow flexpriority ept vpid ept_ad fsgsbase tsc_adjust bmi1 avx2 smep bmi2 erms invpcid cqm rdt_a avx512f avx512dq rdseed adx smap avx512ifma clflushopt clwb intel_pt avx512cd sha_ni avx512bw avx512vl xsaveopt xsavec xgetbv1 xsaves cqm_llc cqm_occup_llc cqm_mbm_total cqm_mbm_local split_lock_detect wbnoinvd dtherm ida arat pln pts vnmi avx512vbmi umip pku ospke avx512_vbmi2 gfni vaes vpclmulqdq avx512_vnni avx512_bitalg tme avx512_vpopcntdq la57 rdpid fsrm md_clear pconfig flush_l1d arch_capabilities
vmx flags	: vnmi preemption_timer posted_intr invvpid ept_x_only ept_ad ept_1gb flexpriority apicv tsc_offset vtpr mtf vapic ept vpid unrestricted_guest vapic_reg vid ple shadow_vmcs pml ept_mode_based_exec tsc_scaling
bugs		: spectre_v1 spectre_v2 spec_store_bypass swapgs mmio_stale_data eibrs_pbrsb gds bhi its its_native_only
bogomips	: 5200.00
clflush size	: 64
cache_alignment	: 64
address sizes	: 46 bits physical, 57 bits virtual
power management:

processor	: 26
vendor_id	: GenuineIntel
cpu family	: 6
model		: 106
model name	: Intel(R) Xeon(R) Platinum 8368Q CPU @ 2.60GHz
stepping	: 6
microcode	: 0xd000421
cpu MHz		: 800.000
cache size	: 58368 KB
physical id	: 0
siblings	: 76
core id		: 26
cpu cores	: 38
apicid		: 52
initial apicid	: 52
fpu		: yes
fpu_exception	: yes
cpuid level	: 27
wp		: yes
flags		: fpu vme de pse tsc msr pae mce cx8 apic sep mtrr pge mca cmov pat pse36 clflush dts acpi mmx fxsr sse sse2 ss ht tm pbe syscall nx pdpe1gb rdtscp lm constant_tsc art arch_perfmon pebs bts rep_good nopl xtopology nonstop_tsc cpuid aperfmperf pni pclmulqdq dtes64 monitor ds_cpl vmx smx est tm2 ssse3 sdbg fma cx16 xtpr pdcm pcid dca sse4_1 sse4_2 x2apic movbe popcnt tsc_deadline_timer aes xsave avx f16c rdrand lahf_lm abm 3dnowprefetch cpuid_fault epb cat_l3 ssbd mba ibrs ibpb stibp ibrs_enhanced tpr_shadow flexpriority ept vpid ept_ad fsgsbase tsc_adjust bmi1 avx2 smep bmi2 erms invpcid cqm rdt_a avx512f avx512dq rdseed adx smap avx512ifma clflushopt clwb intel_pt avx512cd sha_ni avx512bw avx512vl xsaveopt xsavec xgetbv1 xsaves cqm_llc cqm_occup_llc cqm_mbm_total cqm_mbm_local split_lock_detect wbnoinvd dtherm ida arat pln pts vnmi avx512vbmi umip pku ospke avx512_vbmi2 gfni vaes vpclmulqdq avx512_vnni avx512_bitalg tme avx512_vpopcntdq la57 rdpid fsrm md_clear pconfig flush_l1d arch_capabilities
vmx flags	: vnmi preemption_timer posted_intr invvpid ept_x_only ept_ad ept_1gb flexpriority apicv tsc_offset vtpr mtf vapic ept vpid unrestricted_guest vapic_reg vid ple shadow_vmcs pml ept_mode_based_exec tsc_scaling
bugs		: spectre_v1 spectre_v2 spec_store_bypass swapgs mmio_stale_data eibrs_pbrsb gds bhi its its_native_only
bogomips	: 5200.00
clflush size	: 64
cache_alignment	: 64
address sizes	: 46 bits physical, 57 bits virtual
power management:

processor	: 27
vendor_id	: GenuineIntel
cpu family	: 6
model		: 106
model name	: Intel(R) Xeon(R) Platinum 8368Q CPU @ 2.60GHz
stepping	: 6
microcode	: 0xd000421
cpu MHz		: 800.000
cache size	: 58368 KB
physical id	: 0
siblings	: 76
core id		: 27
cpu cores	: 38
apicid		: 54
initial apicid	: 54
fpu		: yes
fpu_exception	: yes
cpuid level	: 27
wp		: yes
flags		: fpu vme de pse tsc msr pae mce cx8 apic sep mtrr pge mca cmov pat pse36 clflush dts acpi mmx fxsr sse sse2 ss ht tm pbe syscall nx pdpe1gb rdtscp lm constant_tsc art arch_perfmon pebs bts rep_good nopl xtopology nonstop_tsc cpuid aperfmperf pni pclmulqdq dtes64 monitor ds_cpl vmx smx est tm2 ssse3 sdbg fma cx16 xtpr pdcm pcid dca sse4_1 sse4_2 x2apic movbe popcnt tsc_deadline_timer aes xsave avx f16c rdrand lahf_lm abm 3dnowprefetch cpuid_fault epb cat_l3 ssbd mba ibrs ibpb stibp ibrs_enhanced tpr_shadow flexpriority ept vpid ept_ad fsgsbase tsc_adjust bmi1 avx2 smep bmi2 erms invpcid cqm rdt_a avx512f avx512dq rdseed adx smap avx512ifma clflushopt clwb intel_pt avx512cd sha_ni avx512bw avx512vl xsaveopt xsavec xgetbv1 xsaves cqm_llc cqm_occup_llc cqm_mbm_total cqm_mbm_local split_lock_detect wbnoinvd dtherm ida arat pln pts vnmi avx512vbmi umip pku ospke avx512_vbmi2 gfni vaes vpclmulqdq avx512_vnni avx512_bitalg tme avx512_vpopcntdq la57 rdpid fsrm md_clear pconfig flush_l1d arch_capabilities
vmx flags	: vnmi preemption_timer posted_intr invvpid ept_x_only ept_ad ept_1gb flexpriority apicv tsc_offset vtpr mtf vapic ept vpid unrestricted_guest vapic_reg vid ple shadow_vmcs pml ept_mode_based_exec tsc_scaling
bugs		: spectre_v1 spectre_v2 spec_store_bypass swapgs mmio_stale_data eibrs_pbrsb gds bhi its its_native_only
bogomips	: 5200.00
clflush size	: 64
cache_alignment	: 64
address sizes	: 46 bits physical, 57 bits virtual
power management:

processor	: 28
vendor_id	: GenuineIntel
cpu family	: 6
model		: 106
model name	: Intel(R) Xeon(R) Platinum 8368Q CPU @ 2.60GHz
stepping	: 6
microcode	: 0xd000421
cpu MHz		: 800.000
cache size	: 58368 KB
physical id	: 0
siblings	: 76
core id		: 28
cpu cores	: 38
apicid		: 56
initial apicid	: 56
fpu		: yes
fpu_exception	: yes
cpuid level	: 27
wp		: yes
flags		: fpu vme de pse tsc msr pae mce cx8 apic sep mtrr pge mca cmov pat pse36 clflush dts acpi mmx fxsr sse sse2 ss ht tm pbe syscall nx pdpe1gb rdtscp lm constant_tsc art arch_perfmon pebs bts rep_good nopl xtopology nonstop_tsc cpuid aperfmperf pni pclmulqdq dtes64 monitor ds_cpl vmx smx est tm2 ssse3 sdbg fma cx16 xtpr pdcm pcid dca sse4_1 sse4_2 x2apic movbe popcnt tsc_deadline_timer aes xsave avx f16c rdrand lahf_lm abm 3dnowprefetch cpuid_fault epb cat_l3 ssbd mba ibrs ibpb stibp ibrs_enhanced tpr_shadow flexpriority ept vpid ept_ad fsgsbase tsc_adjust bmi1 avx2 smep bmi2 erms invpcid cqm rdt_a avx512f avx512dq rdseed adx smap avx512ifma clflushopt clwb intel_pt avx512cd sha_ni avx512bw avx512vl xsaveopt xsavec xgetbv1 xsaves cqm_llc cqm_occup_llc cqm_mbm_total cqm_mbm_local split_lock_detect wbnoinvd dtherm ida arat pln pts vnmi avx512vbmi umip pku ospke avx512_vbmi2 gfni vaes vpclmulqdq avx512_vnni avx512_bitalg tme avx512_vpopcntdq la57 rdpid fsrm md_clear pconfig flush_l1d arch_capabilities
vmx flags	: vnmi preemption_timer posted_intr invvpid ept_x_only ept_ad ept_1gb flexpriority apicv tsc_offset vtpr mtf vapic ept vpid unrestricted_guest vapic_reg vid ple shadow_vmcs pml ept_mode_based_exec tsc_scaling
bugs		: spectre_v1 spectre_v2 spec_store_bypass swapgs mmio_stale_data eibrs_pbrsb gds bhi its its_native_only
bogomips	: 5200.00
clflush size	: 64
cache_alignment	: 64
address sizes	: 46 bits physical, 57 bits virtual
power management:

processor	: 29
vendor_id	: GenuineIntel
cpu family	: 6
model		: 106
model name	: Intel(R) Xeon(R) Platinum 8368Q CPU @ 2.60GHz
stepping	: 6
microcode	: 0xd000421
cpu MHz		: 800.000
cache size	: 58368 KB
physical id	: 0
siblings	: 76
core id		: 29
cpu cores	: 38
apicid		: 58
initial apicid	: 58
fpu		: yes
fpu_exception	: yes
cpuid level	: 27
wp		: yes
flags		: fpu vme de pse tsc msr pae mce cx8 apic sep mtrr pge mca cmov pat pse36 clflush dts acpi mmx fxsr sse sse2 ss ht tm pbe syscall nx pdpe1gb rdtscp lm constant_tsc art arch_perfmon pebs bts rep_good nopl xtopology nonstop_tsc cpuid aperfmperf pni pclmulqdq dtes64 monitor ds_cpl vmx smx est tm2 ssse3 sdbg fma cx16 xtpr pdcm pcid dca sse4_1 sse4_2 x2apic movbe popcnt tsc_deadline_timer aes xsave avx f16c rdrand lahf_lm abm 3dnowprefetch cpuid_fault epb cat_l3 ssbd mba ibrs ibpb stibp ibrs_enhanced tpr_shadow flexpriority ept vpid ept_ad fsgsbase tsc_adjust bmi1 avx2 smep bmi2 erms invpcid cqm rdt_a avx512f avx512dq rdseed adx smap avx512ifma clflushopt clwb intel_pt avx512cd sha_ni avx512bw avx512vl xsaveopt xsavec xgetbv1 xsaves cqm_llc cqm_occup_llc cqm_mbm_total cqm_mbm_local split_lock_detect wbnoinvd dtherm ida arat pln pts vnmi avx512vbmi umip pku ospke avx512_vbmi2 gfni vaes vpclmulqdq avx512_vnni avx512_bitalg tme avx512_vpopcntdq la57 rdpid fsrm md_clear pconfig flush_l1d arch_capabilities
vmx flags	: vnmi preemption_timer posted_intr invvpid ept_x_only ept_ad ept_1gb flexpriority apicv tsc_offset vtpr mtf vapic ept vpid unrestricted_guest vapic_reg vid ple shadow_vmcs pml ept_mode_based_exec tsc_scaling
bugs		: spectre_v1 spectre_v2 spec_store_bypass swapgs mmio_stale_data eibrs_pbrsb gds bhi its its_native_only
bogomips	: 5200.00
clflush size	: 64
cache_alignment	: 64
address sizes	: 46 bits physical, 57 bits virtual
power management:

processor	: 30
vendor_id	: GenuineIntel
cpu family	: 6
model		: 106
model name	: Intel(R) Xeon(R) Platinum 8368Q CPU @ 2.60GHz
stepping	: 6
microcode	: 0xd000421
cpu MHz		: 800.000
cache size	: 58368 KB
physical id	: 0
siblings	: 76
core id		: 30
cpu cores	: 38
apicid		: 60
initial apicid	: 60
fpu		: yes
fpu_exception	: yes
cpuid level	: 27
wp		: yes
flags		: fpu vme de pse tsc msr pae mce cx8 apic sep mtrr pge mca cmov pat pse36 clflush dts acpi mmx fxsr sse sse2 ss ht tm pbe syscall nx pdpe1gb rdtscp lm constant_tsc art arch_perfmon pebs bts rep_good nopl xtopology nonstop_tsc cpuid aperfmperf pni pclmulqdq dtes64 monitor ds_cpl vmx smx est tm2 ssse3 sdbg fma cx16 xtpr pdcm pcid dca sse4_1 sse4_2 x2apic movbe popcnt tsc_deadline_timer aes xsave avx f16c rdrand lahf_lm abm 3dnowprefetch cpuid_fault epb cat_l3 ssbd mba ibrs ibpb stibp ibrs_enhanced tpr_shadow flexpriority ept vpid ept_ad fsgsbase tsc_adjust bmi1 avx2 smep bmi2 erms invpcid cqm rdt_a avx512f avx512dq rdseed adx smap avx512ifma clflushopt clwb intel_pt avx512cd sha_ni avx512bw avx512vl xsaveopt xsavec xgetbv1 xsaves cqm_llc cqm_occup_llc cqm_mbm_total cqm_mbm_local split_lock_detect wbnoinvd dtherm ida arat pln pts vnmi avx512vbmi umip pku ospke avx512_vbmi2 gfni vaes vpclmulqdq avx512_vnni avx512_bitalg tme avx512_vpopcntdq la57 rdpid fsrm md_clear pconfig flush_l1d arch_capabilities
vmx flags	: vnmi preemption_timer posted_intr invvpid ept_x_only ept_ad ept_1gb flexpriority apicv tsc_offset vtpr mtf vapic ept vpid unrestricted_guest vapic_reg vid ple shadow_vmcs pml ept_mode_based_exec tsc_scaling
bugs		: spectre_v1 spectre_v2 spec_store_bypass swapgs mmio_stale_data eibrs_pbrsb gds bhi its its_native_only
bogomips	: 5200.00
clflush size	: 64
cache_alignment	: 64
address sizes	: 46 bits physical, 57 bits virtual
power management:

processor	: 31
vendor_id	: GenuineIntel
cpu family	: 6
model		: 106
model name	: Intel(R) Xeon(R) Platinum 8368Q CPU @ 2.60GHz
stepping	: 6
microcode	: 0xd000421
cpu MHz		: 3700.037
cache size	: 58368 KB
physical id	: 0
siblings	: 76
core id		: 31
cpu cores	: 38
apicid		: 62
initial apicid	: 62
fpu		: yes
fpu_exception	: yes
cpuid level	: 27
wp		: yes
flags		: fpu vme de pse tsc msr pae mce cx8 apic sep mtrr pge mca cmov pat pse36 clflush dts acpi mmx fxsr sse sse2 ss ht tm pbe syscall nx pdpe1gb rdtscp lm constant_tsc art arch_perfmon pebs bts rep_good nopl xtopology nonstop_tsc cpuid aperfmperf pni pclmulqdq dtes64 monitor ds_cpl vmx smx est tm2 ssse3 sdbg fma cx16 xtpr pdcm pcid dca sse4_1 sse4_2 x2apic movbe popcnt tsc_deadline_timer aes xsave avx f16c rdrand lahf_lm abm 3dnowprefetch cpuid_fault epb cat_l3 ssbd mba ibrs ibpb stibp ibrs_enhanced tpr_shadow flexpriority ept vpid ept_ad fsgsbase tsc_adjust bmi1 avx2 smep bmi2 erms invpcid cqm rdt_a avx512f avx512dq rdseed adx smap avx512ifma clflushopt clwb intel_pt avx512cd sha_ni avx512bw avx512vl xsaveopt xsavec xgetbv1 xsaves cqm_llc cqm_occup_llc cqm_mbm_total cqm_mbm_local split_lock_detect wbnoinvd dtherm ida arat pln pts vnmi avx512vbmi umip pku ospke avx512_vbmi2 gfni vaes vpclmulqdq avx512_vnni avx512_bitalg tme avx512_vpopcntdq la57 rdpid fsrm md_clear pconfig flush_l1d arch_capabilities
vmx flags	: vnmi preemption_timer posted_intr invvpid ept_x_only ept_ad ept_1gb flexpriority apicv tsc_offset vtpr mtf vapic ept vpid unrestricted_guest vapic_reg vid ple shadow_vmcs pml ept_mode_based_exec tsc_scaling
bugs		: spectre_v1 spectre_v2 spec_store_bypass swapgs mmio_stale_data eibrs_pbrsb gds bhi its its_native_only
bogomips	: 5200.00
clflush size	: 64
cache_alignment	: 64
address sizes	: 46 bits physical, 57 bits virtual
power management:

processor	: 32
vendor_id	: GenuineIntel
cpu family	: 6
model		: 106
model name	: Intel(R) Xeon(R) Platinum 8368Q CPU @ 2.60GHz
stepping	: 6
microcode	: 0xd000421
cpu MHz		: 800.000
cache size	: 58368 KB
physical id	: 0
siblings	: 76
core id		: 32
cpu cores	: 38
apicid		: 64
initial apicid	: 64
fpu		: yes
fpu_exception	: yes
cpuid level	: 27
wp		: yes
flags		: fpu vme de pse tsc msr pae mce cx8 apic sep mtrr pge mca cmov pat pse36 clflush dts acpi mmx fxsr sse sse2 ss ht tm pbe syscall nx pdpe1gb rdtscp lm constant_tsc art arch_perfmon pebs bts rep_good nopl xtopology nonstop_tsc cpuid aperfmperf pni pclmulqdq dtes64 monitor ds_cpl vmx smx est tm2 ssse3 sdbg fma cx16 xtpr pdcm pcid dca sse4_1 sse4_2 x2apic movbe popcnt tsc_deadline_timer aes xsave avx f16c rdrand lahf_lm abm 3dnowprefetch cpuid_fault epb cat_l3 ssbd mba ibrs ibpb stibp ibrs_enhanced tpr_shadow flexpriority ept vpid ept_ad fsgsbase tsc_adjust bmi1 avx2 smep bmi2 erms invpcid cqm rdt_a avx512f avx512dq rdseed adx smap avx512ifma clflushopt clwb intel_pt avx512cd sha_ni avx512bw avx512vl xsaveopt xsavec xgetbv1 xsaves cqm_llc cqm_occup_llc cqm_mbm_total cqm_mbm_local split_lock_detect wbnoinvd dtherm ida arat pln pts vnmi avx512vbmi umip pku ospke avx512_vbmi2 gfni vaes vpclmulqdq avx512_vnni avx512_bitalg tme avx512_vpopcntdq la57 rdpid fsrm md_clear pconfig flush_l1d arch_capabilities
vmx flags	: vnmi preemption_timer posted_intr invvpid ept_x_only ept_ad ept_1gb flexpriority apicv tsc_offset vtpr mtf vapic ept vpid unrestricted_guest vapic_reg vid ple shadow_vmcs pml ept_mode_based_exec tsc_scaling
bugs		: spectre_v1 spectre_v2 spec_store_bypass swapgs mmio_stale_data eibrs_pbrsb gds bhi its its_native_only
bogomips	: 5200.00
clflush size	: 64
cache_alignment	: 64
address sizes	: 46 bits physical, 57 bits virtual
power management:

processor	: 33
vendor_id	: GenuineIntel
cpu family	: 6
model		: 106
model name	: Intel(R) Xeon(R) Platinum 8368Q CPU @ 2.60GHz
stepping	: 6
microcode	: 0xd000421
cpu MHz		: 800.000
cache size	: 58368 KB
physical id	: 0
siblings	: 76
core id		: 33
cpu cores	: 38
apicid		: 66
initial apicid	: 66
fpu		: yes
fpu_exception	: yes
cpuid level	: 27
wp		: yes
flags		: fpu vme de pse tsc msr pae mce cx8 apic sep mtrr pge mca cmov pat pse36 clflush dts acpi mmx fxsr sse sse2 ss ht tm pbe syscall nx pdpe1gb rdtscp lm constant_tsc art arch_perfmon pebs bts rep_good nopl xtopology nonstop_tsc cpuid aperfmperf pni pclmulqdq dtes64 monitor ds_cpl vmx smx est tm2 ssse3 sdbg fma cx16 xtpr pdcm pcid dca sse4_1 sse4_2 x2apic movbe popcnt tsc_deadline_timer aes xsave avx f16c rdrand lahf_lm abm 3dnowprefetch cpuid_fault epb cat_l3 ssbd mba ibrs ibpb stibp ibrs_enhanced tpr_shadow flexpriority ept vpid ept_ad fsgsbase tsc_adjust bmi1 avx2 smep bmi2 erms invpcid cqm rdt_a avx512f avx512dq rdseed adx smap avx512ifma clflushopt clwb intel_pt avx512cd sha_ni avx512bw avx512vl xsaveopt xsavec xgetbv1 xsaves cqm_llc cqm_occup_llc cqm_mbm_total cqm_mbm_local split_lock_detect wbnoinvd dtherm ida arat pln pts vnmi avx512vbmi umip pku ospke avx512_vbmi2 gfni vaes vpclmulqdq avx512_vnni avx512_bitalg tme avx512_vpopcntdq la57 rdpid fsrm md_clear pconfig flush_l1d arch_capabilities
vmx flags	: vnmi preemption_timer posted_intr invvpid ept_x_only ept_ad ept_1gb flexpriority apicv tsc_offset vtpr mtf vapic ept vpid unrestricted_guest vapic_reg vid ple shadow_vmcs pml ept_mode_based_exec tsc_scaling
bugs		: spectre_v1 spectre_v2 spec_store_bypass swapgs mmio_stale_data eibrs_pbrsb gds bhi its its_native_only
bogomips	: 5200.00
clflush size	: 64
cache_alignment	: 64
address sizes	: 46 bits physical, 57 bits virtual
power management:

processor	: 34
vendor_id	: GenuineIntel
cpu family	: 6
model		: 106
model name	: Intel(R) Xeon(R) Platinum 8368Q CPU @ 2.60GHz
stepping	: 6
microcode	: 0xd000421
cpu MHz		: 799.992
cache size	: 58368 KB
physical id	: 0
siblings	: 76
core id		: 34
cpu cores	: 38
apicid		: 68
initial apicid	: 68
fpu		: yes
fpu_exception	: yes
cpuid level	: 27
wp		: yes
flags		: fpu vme de pse tsc msr pae mce cx8 apic sep mtrr pge mca cmov pat pse36 clflush dts acpi mmx fxsr sse sse2 ss ht tm pbe syscall nx pdpe1gb rdtscp lm constant_tsc art arch_perfmon pebs bts rep_good nopl xtopology nonstop_tsc cpuid aperfmperf pni pclmulqdq dtes64 monitor ds_cpl vmx smx est tm2 ssse3 sdbg fma cx16 xtpr pdcm pcid dca sse4_1 sse4_2 x2apic movbe popcnt tsc_deadline_timer aes xsave avx f16c rdrand lahf_lm abm 3dnowprefetch cpuid_fault epb cat_l3 ssbd mba ibrs ibpb stibp ibrs_enhanced tpr_shadow flexpriority ept vpid ept_ad fsgsbase tsc_adjust bmi1 avx2 smep bmi2 erms invpcid cqm rdt_a avx512f avx512dq rdseed adx smap avx512ifma clflushopt clwb intel_pt avx512cd sha_ni avx512bw avx512vl xsaveopt xsavec xgetbv1 xsaves cqm_llc cqm_occup_llc cqm_mbm_total cqm_mbm_local split_lock_detect wbnoinvd dtherm ida arat pln pts vnmi avx512vbmi umip pku ospke avx512_vbmi2 gfni vaes vpclmulqdq avx512_vnni avx512_bitalg tme avx512_vpopcntdq la57 rdpid fsrm md_clear pconfig flush_l1d arch_capabilities
vmx flags	: vnmi preemption_timer posted_intr invvpid ept_x_only ept_ad ept_1gb flexpriority apicv tsc_offset vtpr mtf vapic ept vpid unrestricted_guest vapic_reg vid ple shadow_vmcs pml ept_mode_based_exec tsc_scaling
bugs		: spectre_v1 spectre_v2 spec_store_bypass swapgs mmio_stale_data eibrs_pbrsb gds bhi its its_native_only
bogomips	: 5200.00
clflush size	: 64
cache_alignment	: 64
address sizes	: 46 bits physical, 57 bits virtual
power management:

processor	: 35
vendor_id	: GenuineIntel
cpu family	: 6
model		: 106
model name	: Intel(R) Xeon(R) Platinum 8368Q CPU @ 2.60GHz
stepping	: 6
microcode	: 0xd000421
cpu MHz		: 800.000
cache size	: 58368 KB
physical id	: 0
siblings	: 76
core id		: 35
cpu cores	: 38
apicid		: 70
initial apicid	: 70
fpu		: yes
fpu_exception	: yes
cpuid level	: 27
wp		: yes
flags		: fpu vme de pse tsc msr pae mce cx8 apic sep mtrr pge mca cmov pat pse36 clflush dts acpi mmx fxsr sse sse2 ss ht tm pbe syscall nx pdpe1gb rdtscp lm constant_tsc art arch_perfmon pebs bts rep_good nopl xtopology nonstop_tsc cpuid aperfmperf pni pclmulqdq dtes64 monitor ds_cpl vmx smx est tm2 ssse3 sdbg fma cx16 xtpr pdcm pcid dca sse4_1 sse4_2 x2apic movbe popcnt tsc_deadline_timer aes xsave avx f16c rdrand lahf_lm abm 3dnowprefetch cpuid_fault epb cat_l3 ssbd mba ibrs ibpb stibp ibrs_enhanced tpr_shadow flexpriority ept vpid ept_ad fsgsbase tsc_adjust bmi1 avx2 smep bmi2 erms invpcid cqm rdt_a avx512f avx512dq rdseed adx smap avx512ifma clflushopt clwb intel_pt avx512cd sha_ni avx512bw avx512vl xsaveopt xsavec xgetbv1 xsaves cqm_llc cqm_occup_llc cqm_mbm_total cqm_mbm_local split_lock_detect wbnoinvd dtherm ida arat pln pts vnmi avx512vbmi umip pku ospke avx512_vbmi2 gfni vaes vpclmulqdq avx512_vnni avx512_bitalg tme avx512_vpopcntdq la57 rdpid fsrm md_clear pconfig flush_l1d arch_capabilities
vmx flags	: vnmi preemption_timer posted_intr invvpid ept_x_only ept_ad ept_1gb flexpriority apicv tsc_offset vtpr mtf vapic ept vpid unrestricted_guest vapic_reg vid ple shadow_vmcs pml ept_mode_based_exec tsc_scaling
bugs		: spectre_v1 spectre_v2 spec_store_bypass swapgs mmio_stale_data eibrs_pbrsb gds bhi its its_native_only
bogomips	: 5200.00
clflush size	: 64
cache_alignment	: 64
address sizes	: 46 bits physical, 57 bits virtual
power management:

processor	: 36
vendor_id	: GenuineIntel
cpu family	: 6
model		: 106
model name	: Intel(R) Xeon(R) Platinum 8368Q CPU @ 2.60GHz
stepping	: 6
microcode	: 0xd000421
cpu MHz		: 800.000
cache size	: 58368 KB
physical id	: 0
siblings	: 76
core id		: 36
cpu cores	: 38
apicid		: 72
initial apicid	: 72
fpu		: yes
fpu_exception	: yes
cpuid level	: 27
wp		: yes
flags		: fpu vme de pse tsc msr pae mce cx8 apic sep mtrr pge mca cmov pat pse36 clflush dts acpi mmx fxsr sse sse2 ss ht tm pbe syscall nx pdpe1gb rdtscp lm constant_tsc art arch_perfmon pebs bts rep_good nopl xtopology nonstop_tsc cpuid aperfmperf pni pclmulqdq dtes64 monitor ds_cpl vmx smx est tm2 ssse3 sdbg fma cx16 xtpr pdcm pcid dca sse4_1 sse4_2 x2apic movbe popcnt tsc_deadline_timer aes xsave avx f16c rdrand lahf_lm abm 3dnowprefetch cpuid_fault epb cat_l3 ssbd mba ibrs ibpb stibp ibrs_enhanced tpr_shadow flexpriority ept vpid ept_ad fsgsbase tsc_adjust bmi1 avx2 smep bmi2 erms invpcid cqm rdt_a avx512f avx512dq rdseed adx smap avx512ifma clflushopt clwb intel_pt avx512cd sha_ni avx512bw avx512vl xsaveopt xsavec xgetbv1 xsaves cqm_llc cqm_occup_llc cqm_mbm_total cqm_mbm_local split_lock_detect wbnoinvd dtherm ida arat pln pts vnmi avx512vbmi umip pku ospke avx512_vbmi2 gfni vaes vpclmulqdq avx512_vnni avx512_bitalg tme avx512_vpopcntdq la57 rdpid fsrm md_clear pconfig flush_l1d arch_capabilities
vmx flags	: vnmi preemption_timer posted_intr invvpid ept_x_only ept_ad ept_1gb flexpriority apicv tsc_offset vtpr mtf vapic ept vpid unrestricted_guest vapic_reg vid ple shadow_vmcs pml ept_mode_based_exec tsc_scaling
bugs		: spectre_v1 spectre_v2 spec_store_bypass swapgs mmio_stale_data eibrs_pbrsb gds bhi its its_native_only
bogomips	: 5200.00
clflush size	: 64
cache_alignment	: 64
address sizes	: 46 bits physical, 57 bits virtual
power management:

processor	: 37
vendor_id	: GenuineIntel
cpu family	: 6
model		: 106
model name	: Intel(R) Xeon(R) Platinum 8368Q CPU @ 2.60GHz
stepping	: 6
microcode	: 0xd000421
cpu MHz		: 800.000
cache size	: 58368 KB
physical id	: 0
siblings	: 76
core id		: 37
cpu cores	: 38
apicid		: 74
initial apicid	: 74
fpu		: yes
fpu_exception	: yes
cpuid level	: 27
wp		: yes
flags		: fpu vme de pse tsc msr pae mce cx8 apic sep mtrr pge mca cmov pat pse36 clflush dts acpi mmx fxsr sse sse2 ss ht tm pbe syscall nx pdpe1gb rdtscp lm constant_tsc art arch_perfmon pebs bts rep_good nopl xtopology nonstop_tsc cpuid aperfmperf pni pclmulqdq dtes64 monitor ds_cpl vmx smx est tm2 ssse3 sdbg fma cx16 xtpr pdcm pcid dca sse4_1 sse4_2 x2apic movbe popcnt tsc_deadline_timer aes xsave avx f16c rdrand lahf_lm abm 3dnowprefetch cpuid_fault epb cat_l3 ssbd mba ibrs ibpb stibp ibrs_enhanced tpr_shadow flexpriority ept vpid ept_ad fsgsbase tsc_adjust bmi1 avx2 smep bmi2 erms invpcid cqm rdt_a avx512f avx512dq rdseed adx smap avx512ifma clflushopt clwb intel_pt avx512cd sha_ni avx512bw avx512vl xsaveopt xsavec xgetbv1 xsaves cqm_llc cqm_occup_llc cqm_mbm_total cqm_mbm_local split_lock_detect wbnoinvd dtherm ida arat pln pts vnmi avx512vbmi umip pku ospke avx512_vbmi2 gfni vaes vpclmulqdq avx512_vnni avx512_bitalg tme avx512_vpopcntdq la57 rdpid fsrm md_clear pconfig flush_l1d arch_capabilities
vmx flags	: vnmi preemption_timer posted_intr invvpid ept_x_only ept_ad ept_1gb flexpriority apicv tsc_offset vtpr mtf vapic ept vpid unrestricted_guest vapic_reg vid ple shadow_vmcs pml ept_mode_based_exec tsc_scaling
bugs		: spectre_v1 spectre_v2 spec_store_bypass swapgs mmio_stale_data eibrs_pbrsb gds bhi its its_native_only
bogomips	: 5200.00
clflush size	: 64
cache_alignment	: 64
address sizes	: 46 bits physical, 57 bits virtual
power management:

processor	: 38
vendor_id	: GenuineIntel
cpu family	: 6
model		: 106
model name	: Intel(R) Xeon(R) Platinum 8368Q CPU @ 2.60GHz
stepping	: 6
microcode	: 0xd000421
cpu MHz		: 800.000
cache size	: 58368 KB
physical id	: 0
siblings	: 76
core id		: 0
cpu cores	: 38
apicid		: 1
initial apicid	: 1
fpu		: yes
fpu_exception	: yes
cpuid level	: 27
wp		: yes
flags		: fpu vme de pse tsc msr pae mce cx8 apic sep mtrr pge mca cmov pat pse36 clflush dts acpi mmx fxsr sse sse2 ss ht tm pbe syscall nx pdpe1gb rdtscp lm constant_tsc art arch_perfmon pebs bts rep_good nopl xtopology nonstop_tsc cpuid aperfmperf pni pclmulqdq dtes64 monitor ds_cpl vmx smx est tm2 ssse3 sdbg fma cx16 xtpr pdcm pcid dca sse4_1 sse4_2 x2apic movbe popcnt tsc_deadline_timer aes xsave avx f16c rdrand lahf_lm abm 3dnowprefetch cpuid_fault epb cat_l3 ssbd mba ibrs ibpb stibp ibrs_enhanced tpr_shadow flexpriority ept vpid ept_ad fsgsbase tsc_adjust bmi1 avx2 smep bmi2 erms invpcid cqm rdt_a avx512f avx512dq rdseed adx smap avx512ifma clflushopt clwb intel_pt avx512cd sha_ni avx512bw avx512vl xsaveopt xsavec xgetbv1 xsaves cqm_llc cqm_occup_llc cqm_mbm_total cqm_mbm_local split_lock_detect wbnoinvd dtherm ida arat pln pts vnmi avx512vbmi umip pku ospke avx512_vbmi2 gfni vaes vpclmulqdq avx512_vnni avx512_bitalg tme avx512_vpopcntdq la57 rdpid fsrm md_clear pconfig flush_l1d arch_capabilities
vmx flags	: vnmi preemption_timer posted_intr invvpid ept_x_only ept_ad ept_1gb flexpriority apicv tsc_offset vtpr mtf vapic ept vpid unrestricted_guest vapic_reg vid ple shadow_vmcs pml ept_mode_based_exec tsc_scaling
bugs		: spectre_v1 spectre_v2 spec_store_bypass swapgs mmio_stale_data eibrs_pbrsb gds bhi its its_native_only
bogomips	: 5200.00
clflush size	: 64
cache_alignment	: 64
address sizes	: 46 bits physical, 57 bits virtual
power management:

processor	: 39
vendor_id	: GenuineIntel
cpu family	: 6
model		: 106
model name	: Intel(R) Xeon(R) Platinum 8368Q CPU @ 2.60GHz
stepping	: 6
microcode	: 0xd000421
cpu MHz		: 800.000
cache size	: 58368 KB
physical id	: 0
siblings	: 76
core id		: 1
cpu cores	: 38
apicid		: 3
initial apicid	: 3
fpu		: yes
fpu_exception	: yes
cpuid level	: 27
wp		: yes
flags		: fpu vme de pse tsc msr pae mce cx8 apic sep mtrr pge mca cmov pat pse36 clflush dts acpi mmx fxsr sse sse2 ss ht tm pbe syscall nx pdpe1gb rdtscp lm constant_tsc art arch_perfmon pebs bts rep_good nopl xtopology nonstop_tsc cpuid aperfmperf pni pclmulqdq dtes64 monitor ds_cpl vmx smx est tm2 ssse3 sdbg fma cx16 xtpr pdcm pcid dca sse4_1 sse4_2 x2apic movbe popcnt tsc_deadline_timer aes xsave avx f16c rdrand lahf_lm abm 3dnowprefetch cpuid_fault epb cat_l3 ssbd mba ibrs ibpb stibp ibrs_enhanced tpr_shadow flexpriority ept vpid ept_ad fsgsbase tsc_adjust bmi1 avx2 smep bmi2 erms invpcid cqm rdt_a avx512f avx512dq rdseed adx smap avx512ifma clflushopt clwb intel_pt avx512cd sha_ni avx512bw avx512vl xsaveopt xsavec xgetbv1 xsaves cqm_llc cqm_occup_llc cqm_mbm_total cqm_mbm_local split_lock_detect wbnoinvd dtherm ida arat pln pts vnmi avx512vbmi umip pku ospke avx512_vbmi2 gfni vaes vpclmulqdq avx512_vnni avx512_bitalg tme avx512_vpopcntdq la57 rdpid fsrm md_clear pconfig flush_l1d arch_capabilities
vmx flags	: vnmi preemption_timer posted_intr invvpid ept_x_only ept_ad ept_1gb flexpriority apicv tsc_offset vtpr mtf vapic ept vpid unrestricted_guest vapic_reg vid ple shadow_vmcs pml ept_mode_based_exec tsc_scaling
bugs		: spectre_v1 spectre_v2 spec_store_bypass swapgs mmio_stale_data eibrs_pbrsb gds bhi its its_native_only
bogomips	: 5200.00
clflush size	: 64
cache_alignment	: 64
address sizes	: 46 bits physical, 57 bits virtual
power management:

processor	: 40
vendor_id	: GenuineIntel
cpu family	: 6
model		: 106
model name	: Intel(R) Xeon(R) Platinum 8368Q CPU @ 2.60GHz
stepping	: 6
microcode	: 0xd000421
cpu MHz		: 800.000
cache size	: 58368 KB
physical id	: 0
siblings	: 76
core id		: 2
cpu cores	: 38
apicid		: 5
initial apicid	: 5
fpu		: yes
fpu_exception	: yes
cpuid level	: 27
wp		: yes
flags		: fpu vme de pse tsc msr pae mce cx8 apic sep mtrr pge mca cmov pat pse36 clflush dts acpi mmx fxsr sse sse2 ss ht tm pbe syscall nx pdpe1gb rdtscp lm constant_tsc art arch_perfmon pebs bts rep_good nopl xtopology nonstop_tsc cpuid aperfmperf pni pclmulqdq dtes64 monitor ds_cpl vmx smx est tm2 ssse3 sdbg fma cx16 xtpr pdcm pcid dca sse4_1 sse4_2 x2apic movbe popcnt tsc_deadline_timer aes xsave avx f16c rdrand lahf_lm abm 3dnowprefetch cpuid_fault epb cat_l3 ssbd mba ibrs ibpb stibp ibrs_enhanced tpr_shadow flexpriority ept vpid ept_ad fsgsbase tsc_adjust bmi1 avx2 smep bmi2 erms invpcid cqm rdt_a avx512f avx512dq rdseed adx smap avx512ifma clflushopt clwb intel_pt avx512cd sha_ni avx512bw avx512vl xsaveopt xsavec xgetbv1 xsaves cqm_llc cqm_occup_llc cqm_mbm_total cqm_mbm_local split_lock_detect wbnoinvd dtherm ida arat pln pts vnmi avx512vbmi umip pku ospke avx512_vbmi2 gfni vaes vpclmulqdq avx512_vnni avx512_bitalg tme avx512_vpopcntdq la57 rdpid fsrm md_clear pconfig flush_l1d arch_capabilities
vmx flags	: vnmi preemption_timer posted_intr invvpid ept_x_only ept_ad ept_1gb flexpriority apicv tsc_offset vtpr mtf vapic ept vpid unrestricted_guest vapic_reg vid ple shadow_vmcs pml ept_mode_based_exec tsc_scaling
bugs		: spectre_v1 spectre_v2 spec_store_bypass swapgs mmio_stale_data eibrs_pbrsb gds bhi its its_native_only
bogomips	: 5200.00
clflush size	: 64
cache_alignment	: 64
address sizes	: 46 bits physical, 57 bits virtual
power management:

processor	: 41
vendor_id	: GenuineIntel
cpu family	: 6
model		: 106
model name	: Intel(R) Xeon(R) Platinum 8368Q CPU @ 2.60GHz
stepping	: 6
microcode	: 0xd000421
cpu MHz		: 800.000
cache size	: 58368 KB
physical id	: 0
siblings	: 76
core id		: 3
cpu cores	: 38
apicid		: 7
initial apicid	: 7
fpu		: yes
fpu_exception	: yes
cpuid level	: 27
wp		: yes
flags		: fpu vme de pse tsc msr pae mce cx8 apic sep mtrr pge mca cmov pat pse36 clflush dts acpi mmx fxsr sse sse2 ss ht tm pbe syscall nx pdpe1gb rdtscp lm constant_tsc art arch_perfmon pebs bts rep_good nopl xtopology nonstop_tsc cpuid aperfmperf pni pclmulqdq dtes64 monitor ds_cpl vmx smx est tm2 ssse3 sdbg fma cx16 xtpr pdcm pcid dca sse4_1 sse4_2 x2apic movbe popcnt tsc_deadline_timer aes xsave avx f16c rdrand lahf_lm abm 3dnowprefetch cpuid_fault epb cat_l3 ssbd mba ibrs ibpb stibp ibrs_enhanced tpr_shadow flexpriority ept vpid ept_ad fsgsbase tsc_adjust bmi1 avx2 smep bmi2 erms invpcid cqm rdt_a avx512f avx512dq rdseed adx smap avx512ifma clflushopt clwb intel_pt avx512cd sha_ni avx512bw avx512vl xsaveopt xsavec xgetbv1 xsaves cqm_llc cqm_occup_llc cqm_mbm_total cqm_mbm_local split_lock_detect wbnoinvd dtherm ida arat pln pts vnmi avx512vbmi umip pku ospke avx512_vbmi2 gfni vaes vpclmulqdq avx512_vnni avx512_bitalg tme avx512_vpopcntdq la57 rdpid fsrm md_clear pconfig flush_l1d arch_capabilities
vmx flags	: vnmi preemption_timer posted_intr invvpid ept_x_only ept_ad ept_1gb flexpriority apicv tsc_offset vtpr mtf vapic ept vpid unrestricted_guest vapic_reg vid ple shadow_vmcs pml ept_mode_based_exec tsc_scaling
bugs		: spectre_v1 spectre_v2 spec_store_bypass swapgs mmio_stale_data eibrs_pbrsb gds bhi its its_native_only
bogomips	: 5200.00
clflush size	: 64
cache_alignment	: 64
address sizes	: 46 bits physical, 57 bits virtual
power management:

processor	: 42
vendor_id	: GenuineIntel
cpu family	: 6
model		: 106
model name	: Intel(R) Xeon(R) Platinum 8368Q CPU @ 2.60GHz
stepping	: 6
microcode	: 0xd000421
cpu MHz		: 800.000
cache size	: 58368 KB
physical id	: 0
siblings	: 76
core id		: 4
cpu cores	: 38
apicid		: 9
initial apicid	: 9
fpu		: yes
fpu_exception	: yes
cpuid level	: 27
wp		: yes
flags		: fpu vme de pse tsc msr pae mce cx8 apic sep mtrr pge mca cmov pat pse36 clflush dts acpi mmx fxsr sse sse2 ss ht tm pbe syscall nx pdpe1gb rdtscp lm constant_tsc art arch_perfmon pebs bts rep_good nopl xtopology nonstop_tsc cpuid aperfmperf pni pclmulqdq dtes64 monitor ds_cpl vmx smx est tm2 ssse3 sdbg fma cx16 xtpr pdcm pcid dca sse4_1 sse4_2 x2apic movbe popcnt tsc_deadline_timer aes xsave avx f16c rdrand lahf_lm abm 3dnowprefetch cpuid_fault epb cat_l3 ssbd mba ibrs ibpb stibp ibrs_enhanced tpr_shadow flexpriority ept vpid ept_ad fsgsbase tsc_adjust bmi1 avx2 smep bmi2 erms invpcid cqm rdt_a avx512f avx512dq rdseed adx smap avx512ifma clflushopt clwb intel_pt avx512cd sha_ni avx512bw avx512vl xsaveopt xsavec xgetbv1 xsaves cqm_llc cqm_occup_llc cqm_mbm_total cqm_mbm_local split_lock_detect wbnoinvd dtherm ida arat pln pts vnmi avx512vbmi umip pku ospke avx512_vbmi2 gfni vaes vpclmulqdq avx512_vnni avx512_bitalg tme avx512_vpopcntdq la57 rdpid fsrm md_clear pconfig flush_l1d arch_capabilities
vmx flags	: vnmi preemption_timer posted_intr invvpid ept_x_only ept_ad ept_1gb flexpriority apicv tsc_offset vtpr mtf vapic ept vpid unrestricted_guest vapic_reg vid ple shadow_vmcs pml ept_mode_based_exec tsc_scaling
bugs		: spectre_v1 spectre_v2 spec_store_bypass swapgs mmio_stale_data eibrs_pbrsb gds bhi its its_native_only
bogomips	: 5200.00
clflush size	: 64
cache_alignment	: 64
address sizes	: 46 bits physical, 57 bits virtual
power management:

processor	: 43
vendor_id	: GenuineIntel
cpu family	: 6
model		: 106
model name	: Intel(R) Xeon(R) Platinum 8368Q CPU @ 2.60GHz
stepping	: 6
microcode	: 0xd000421
cpu MHz		: 800.000
cache size	: 58368 KB
physical id	: 0
siblings	: 76
core id		: 5
cpu cores	: 38
apicid		: 11
initial apicid	: 11
fpu		: yes
fpu_exception	: yes
cpuid level	: 27
wp		: yes
flags		: fpu vme de pse tsc msr pae mce cx8 apic sep mtrr pge mca cmov pat pse36 clflush dts acpi mmx fxsr sse sse2 ss ht tm pbe syscall nx pdpe1gb rdtscp lm constant_tsc art arch_perfmon pebs bts rep_good nopl xtopology nonstop_tsc cpuid aperfmperf pni pclmulqdq dtes64 monitor ds_cpl vmx smx est tm2 ssse3 sdbg fma cx16 xtpr pdcm pcid dca sse4_1 sse4_2 x2apic movbe popcnt tsc_deadline_timer aes xsave avx f16c rdrand lahf_lm abm 3dnowprefetch cpuid_fault epb cat_l3 ssbd mba ibrs ibpb stibp ibrs_enhanced tpr_shadow flexpriority ept vpid ept_ad fsgsbase tsc_adjust bmi1 avx2 smep bmi2 erms invpcid cqm rdt_a avx512f avx512dq rdseed adx smap avx512ifma clflushopt clwb intel_pt avx512cd sha_ni avx512bw avx512vl xsaveopt xsavec xgetbv1 xsaves cqm_llc cqm_occup_llc cqm_mbm_total cqm_mbm_local split_lock_detect wbnoinvd dtherm ida arat pln pts vnmi avx512vbmi umip pku ospke avx512_vbmi2 gfni vaes vpclmulqdq avx512_vnni avx512_bitalg tme avx512_vpopcntdq la57 rdpid fsrm md_clear pconfig flush_l1d arch_capabilities
vmx flags	: vnmi preemption_timer posted_intr invvpid ept_x_only ept_ad ept_1gb flexpriority apicv tsc_offset vtpr mtf vapic ept vpid unrestricted_guest vapic_reg vid ple shadow_vmcs pml ept_mode_based_exec tsc_scaling
bugs		: spectre_v1 spectre_v2 spec_store_bypass swapgs mmio_stale_data eibrs_pbrsb gds bhi its its_native_only
bogomips	: 5200.00
clflush size	: 64
cache_alignment	: 64
address sizes	: 46 bits physical, 57 bits virtual
power management:

processor	: 44
vendor_id	: GenuineIntel
cpu family	: 6
model		: 106
model name	: Intel(R) Xeon(R) Platinum 8368Q CPU @ 2.60GHz
stepping	: 6
microcode	: 0xd000421
cpu MHz		: 3700.000
cache size	: 58368 KB
physical id	: 0
siblings	: 76
core id		: 6
cpu cores	: 38
apicid		: 13
initial apicid	: 13
fpu		: yes
fpu_exception	: yes
cpuid level	: 27
wp		: yes
flags		: fpu vme de pse tsc msr pae mce cx8 apic sep mtrr pge mca cmov pat pse36 clflush dts acpi mmx fxsr sse sse2 ss ht tm pbe syscall nx pdpe1gb rdtscp lm constant_tsc art arch_perfmon pebs bts rep_good nopl xtopology nonstop_tsc cpuid aperfmperf pni pclmulqdq dtes64 monitor ds_cpl vmx smx est tm2 ssse3 sdbg fma cx16 xtpr pdcm pcid dca sse4_1 sse4_2 x2apic movbe popcnt tsc_deadline_timer aes xsave avx f16c rdrand lahf_lm abm 3dnowprefetch cpuid_fault epb cat_l3 ssbd mba ibrs ibpb stibp ibrs_enhanced tpr_shadow flexpriority ept vpid ept_ad fsgsbase tsc_adjust bmi1 avx2 smep bmi2 erms invpcid cqm rdt_a avx512f avx512dq rdseed adx smap avx512ifma clflushopt clwb intel_pt avx512cd sha_ni avx512bw avx512vl xsaveopt xsavec xgetbv1 xsaves cqm_llc cqm_occup_llc cqm_mbm_total cqm_mbm_local split_lock_detect wbnoinvd dtherm ida arat pln pts vnmi avx512vbmi umip pku ospke avx512_vbmi2 gfni vaes vpclmulqdq avx512_vnni avx512_bitalg tme avx512_vpopcntdq la57 rdpid fsrm md_clear pconfig flush_l1d arch_capabilities
vmx flags	: vnmi preemption_timer posted_intr invvpid ept_x_only ept_ad ept_1gb flexpriority apicv tsc_offset vtpr mtf vapic ept vpid unrestricted_guest vapic_reg vid ple shadow_vmcs pml ept_mode_based_exec tsc_scaling
bugs		: spectre_v1 spectre_v2 spec_store_bypass swapgs mmio_stale_data eibrs_pbrsb gds bhi its its_native_only
bogomips	: 5200.00
clflush size	: 64
cache_alignment	: 64
address sizes	: 46 bits physical, 57 bits virtual
power management:

processor	: 45
vendor_id	: GenuineIntel
cpu family	: 6
model		: 106
model name	: Intel(R) Xeon(R) Platinum 8368Q CPU @ 2.60GHz
stepping	: 6
microcode	: 0xd000421
cpu MHz		: 800.000
cache size	: 58368 KB
physical id	: 0
siblings	: 76
core id		: 7
cpu cores	: 38
apicid		: 15
initial apicid	: 15
fpu		: yes
fpu_exception	: yes
cpuid level	: 27
wp		: yes
flags		: fpu vme de pse tsc msr pae mce cx8 apic sep mtrr pge mca cmov pat pse36 clflush dts acpi mmx fxsr sse sse2 ss ht tm pbe syscall nx pdpe1gb rdtscp lm constant_tsc art arch_perfmon pebs bts rep_good nopl xtopology nonstop_tsc cpuid aperfmperf pni pclmulqdq dtes64 monitor ds_cpl vmx smx est tm2 ssse3 sdbg fma cx16 xtpr pdcm pcid dca sse4_1 sse4_2 x2apic movbe popcnt tsc_deadline_timer aes xsave avx f16c rdrand lahf_lm abm 3dnowprefetch cpuid_fault epb cat_l3 ssbd mba ibrs ibpb stibp ibrs_enhanced tpr_shadow flexpriority ept vpid ept_ad fsgsbase tsc_adjust bmi1 avx2 smep bmi2 erms invpcid cqm rdt_a avx512f avx512dq rdseed adx smap avx512ifma clflushopt clwb intel_pt avx512cd sha_ni avx512bw avx512vl xsaveopt xsavec xgetbv1 xsaves cqm_llc cqm_occup_llc cqm_mbm_total cqm_mbm_local split_lock_detect wbnoinvd dtherm ida arat pln pts vnmi avx512vbmi umip pku ospke avx512_vbmi2 gfni vaes vpclmulqdq avx512_vnni avx512_bitalg tme avx512_vpopcntdq la57 rdpid fsrm md_clear pconfig flush_l1d arch_capabilities
vmx flags	: vnmi preemption_timer posted_intr invvpid ept_x_only ept_ad ept_1gb flexpriority apicv tsc_offset vtpr mtf vapic ept vpid unrestricted_guest vapic_reg vid ple shadow_vmcs pml ept_mode_based_exec tsc_scaling
bugs		: spectre_v1 spectre_v2 spec_store_bypass swapgs mmio_stale_data eibrs_pbrsb gds bhi its its_native_only
bogomips	: 5200.00
clflush size	: 64
cache_alignment	: 64
address sizes	: 46 bits physical, 57 bits virtual
power management:

processor	: 46
vendor_id	: GenuineIntel
cpu family	: 6
model		: 106
model name	: Intel(R) Xeon(R) Platinum 8368Q CPU @ 2.60GHz
stepping	: 6
microcode	: 0xd000421
cpu MHz		: 800.000
cache size	: 58368 KB
physical id	: 0
siblings	: 76
core id		: 8
cpu cores	: 38
apicid		: 17
initial apicid	: 17
fpu		: yes
fpu_exception	: yes
cpuid level	: 27
wp		: yes
flags		: fpu vme de pse tsc msr pae mce cx8 apic sep mtrr pge mca cmov pat pse36 clflush dts acpi mmx fxsr sse sse2 ss ht tm pbe syscall nx pdpe1gb rdtscp lm constant_tsc art arch_perfmon pebs bts rep_good nopl xtopology nonstop_tsc cpuid aperfmperf pni pclmulqdq dtes64 monitor ds_cpl vmx smx est tm2 ssse3 sdbg fma cx16 xtpr pdcm pcid dca sse4_1 sse4_2 x2apic movbe popcnt tsc_deadline_timer aes xsave avx f16c rdrand lahf_lm abm 3dnowprefetch cpuid_fault epb cat_l3 ssbd mba ibrs ibpb stibp ibrs_enhanced tpr_shadow flexpriority ept vpid ept_ad fsgsbase tsc_adjust bmi1 avx2 smep bmi2 erms invpcid cqm rdt_a avx512f avx512dq rdseed adx smap avx512ifma clflushopt clwb intel_pt avx512cd sha_ni avx512bw avx512vl xsaveopt xsavec xgetbv1 xsaves cqm_llc cqm_occup_llc cqm_mbm_total cqm_mbm_local split_lock_detect wbnoinvd dtherm ida arat pln pts vnmi avx512vbmi umip pku ospke avx512_vbmi2 gfni vaes vpclmulqdq avx512_vnni avx512_bitalg tme avx512_vpopcntdq la57 rdpid fsrm md_clear pconfig flush_l1d arch_capabilities
vmx flags	: vnmi preemption_timer posted_intr invvpid ept_x_only ept_ad ept_1gb flexpriority apicv tsc_offset vtpr mtf vapic ept vpid unrestricted_guest vapic_reg vid ple shadow_vmcs pml ept_mode_based_exec tsc_scaling
bugs		: spectre_v1 spectre_v2 spec_store_bypass swapgs mmio_stale_data eibrs_pbrsb gds bhi its its_native_only
bogomips	: 5200.00
clflush size	: 64
cache_alignment	: 64
address sizes	: 46 bits physical, 57 bits virtual
power management:

processor	: 47
vendor_id	: GenuineIntel
cpu family	: 6
model		: 106
model name	: Intel(R) Xeon(R) Platinum 8368Q CPU @ 2.60GHz
stepping	: 6
microcode	: 0xd000421
cpu MHz		: 800.000
cache size	: 58368 KB
physical id	: 0
siblings	: 76
core id		: 9
cpu cores	: 38
apicid		: 19
initial apicid	: 19
fpu		: yes
fpu_exception	: yes
cpuid level	: 27
wp		: yes
flags		: fpu vme de pse tsc msr pae mce cx8 apic sep mtrr pge mca cmov pat pse36 clflush dts acpi mmx fxsr sse sse2 ss ht tm pbe syscall nx pdpe1gb rdtscp lm constant_tsc art arch_perfmon pebs bts rep_good nopl xtopology nonstop_tsc cpuid aperfmperf pni pclmulqdq dtes64 monitor ds_cpl vmx smx est tm2 ssse3 sdbg fma cx16 xtpr pdcm pcid dca sse4_1 sse4_2 x2apic movbe popcnt tsc_deadline_timer aes xsave avx f16c rdrand lahf_lm abm 3dnowprefetch cpuid_fault epb cat_l3 ssbd mba ibrs ibpb stibp ibrs_enhanced tpr_shadow flexpriority ept vpid ept_ad fsgsbase tsc_adjust bmi1 avx2 smep bmi2 erms invpcid cqm rdt_a avx512f avx512dq rdseed adx smap avx512ifma clflushopt clwb intel_pt avx512cd sha_ni avx512bw avx512vl xsaveopt xsavec xgetbv1 xsaves cqm_llc cqm_occup_llc cqm_mbm_total cqm_mbm_local split_lock_detect wbnoinvd dtherm ida arat pln pts vnmi avx512vbmi umip pku ospke avx512_vbmi2 gfni vaes vpclmulqdq avx512_vnni avx512_bitalg tme avx512_vpopcntdq la57 rdpid fsrm md_clear pconfig flush_l1d arch_capabilities
vmx flags	: vnmi preemption_timer posted_intr invvpid ept_x_only ept_ad ept_1gb flexpriority apicv tsc_offset vtpr mtf vapic ept vpid unrestricted_guest vapic_reg vid ple shadow_vmcs pml ept_mode_based_exec tsc_scaling
bugs		: spectre_v1 spectre_v2 spec_store_bypass swapgs mmio_stale_data eibrs_pbrsb gds bhi its its_native_only
bogomips	: 5200.00
clflush size	: 64
cache_alignment	: 64
address sizes	: 46 bits physical, 57 bits virtual
power management:

processor	: 48
vendor_id	: GenuineIntel
cpu family	: 6
model		: 106
model name	: Intel(R) Xeon(R) Platinum 8368Q CPU @ 2.60GHz
stepping	: 6
microcode	: 0xd000421
cpu MHz		: 800.000
cache size	: 58368 KB
physical id	: 0
siblings	: 76
core id		: 10
cpu cores	: 38
apicid		: 21
initial apicid	: 21
fpu		: yes
fpu_exception	: yes
cpuid level	: 27
wp		: yes
flags		: fpu vme de pse tsc msr pae mce cx8 apic sep mtrr pge mca cmov pat pse36 clflush dts acpi mmx fxsr sse sse2 ss ht tm pbe syscall nx pdpe1gb rdtscp lm constant_tsc art arch_perfmon pebs bts rep_good nopl xtopology nonstop_tsc cpuid aperfmperf pni pclmulqdq dtes64 monitor ds_cpl vmx smx est tm2 ssse3 sdbg fma cx16 xtpr pdcm pcid dca sse4_1 sse4_2 x2apic movbe popcnt tsc_deadline_timer aes xsave avx f16c rdrand lahf_lm abm 3dnowprefetch cpuid_fault epb cat_l3 ssbd mba ibrs ibpb stibp ibrs_enhanced tpr_shadow flexpriority ept vpid ept_ad fsgsbase tsc_adjust bmi1 avx2 smep bmi2 erms invpcid cqm rdt_a avx512f avx512dq rdseed adx smap avx512ifma clflushopt clwb intel_pt avx512cd sha_ni avx512bw avx512vl xsaveopt xsavec xgetbv1 xsaves cqm_llc cqm_occup_llc cqm_mbm_total cqm_mbm_local split_lock_detect wbnoinvd dtherm ida arat pln pts vnmi avx512vbmi umip pku ospke avx512_vbmi2 gfni vaes vpclmulqdq avx512_vnni avx512_bitalg tme avx512_vpopcntdq la57 rdpid fsrm md_clear pconfig flush_l1d arch_capabilities
vmx flags	: vnmi preemption_timer posted_intr invvpid ept_x_only ept_ad ept_1gb flexpriority apicv tsc_offset vtpr mtf vapic ept vpid unrestricted_guest vapic_reg vid ple shadow_vmcs pml ept_mode_based_exec tsc_scaling
bugs		: spectre_v1 spectre_v2 spec_store_bypass swapgs mmio_stale_data eibrs_pbrsb gds bhi its its_native_only
bogomips	: 5200.00
clflush size	: 64
cache_alignment	: 64
address sizes	: 46 bits physical, 57 bits virtual
power management:

processor	: 49
vendor_id	: GenuineIntel
cpu family	: 6
model		: 106
model name	: Intel(R) Xeon(R) Platinum 8368Q CPU @ 2.60GHz
stepping	: 6
microcode	: 0xd000421
cpu MHz		: 800.000
cache size	: 58368 KB
physical id	: 0
siblings	: 76
core id		: 11
cpu cores	: 38
apicid		: 23
initial apicid	: 23
fpu		: yes
fpu_exception	: yes
cpuid level	: 27
wp		: yes
flags		: fpu vme de pse tsc msr pae mce cx8 apic sep mtrr pge mca cmov pat pse36 clflush dts acpi mmx fxsr sse sse2 ss ht tm pbe syscall nx pdpe1gb rdtscp lm constant_tsc art arch_perfmon pebs bts rep_good nopl xtopology nonstop_tsc cpuid aperfmperf pni pclmulqdq dtes64 monitor ds_cpl vmx smx est tm2 ssse3 sdbg fma cx16 xtpr pdcm pcid dca sse4_1 sse4_2 x2apic movbe popcnt tsc_deadline_timer aes xsave avx f16c rdrand lahf_lm abm 3dnowprefetch cpuid_fault epb cat_l3 ssbd mba ibrs ibpb stibp ibrs_enhanced tpr_shadow flexpriority ept vpid ept_ad fsgsbase tsc_adjust bmi1 avx2 smep bmi2 erms invpcid cqm rdt_a avx512f avx512dq rdseed adx smap avx512ifma clflushopt clwb intel_pt avx512cd sha_ni avx512bw avx512vl xsaveopt xsavec xgetbv1 xsaves cqm_llc cqm_occup_llc cqm_mbm_total cqm_mbm_local split_lock_detect wbnoinvd dtherm ida arat pln pts vnmi avx512vbmi umip pku ospke avx512_vbmi2 gfni vaes vpclmulqdq avx512_vnni avx512_bitalg tme avx512_vpopcntdq la57 rdpid fsrm md_clear pconfig flush_l1d arch_capabilities
vmx flags	: vnmi preemption_timer posted_intr invvpid ept_x_only ept_ad ept_1gb flexpriority apicv tsc_offset vtpr mtf vapic ept vpid unrestricted_guest vapic_reg vid ple shadow_vmcs pml ept_mode_based_exec tsc_scaling
bugs		: spectre_v1 spectre_v2 spec_store_bypass swapgs mmio_stale_data eibrs_pbrsb gds bhi its its_native_only
bogomips	: 5200.00
clflush size	: 64
cache_alignment	: 64
address sizes	: 46 bits physical, 57 bits virtual
power management:

processor	: 50
vendor_id	: GenuineIntel
cpu family	: 6
model		: 106
model name	: Intel(R) Xeon(R) Platinum 8368Q CPU @ 2.60GHz
stepping	: 6
microcode	: 0xd000421
cpu MHz		: 800.000
cache size	: 58368 KB
physical id	: 0
siblings	: 76
core id		: 12
cpu cores	: 38
apicid		: 25
initial apicid	: 25
fpu		: yes
fpu_exception	: yes
cpuid level	: 27
wp		: yes
flags		: fpu vme de pse tsc msr pae mce cx8 apic sep mtrr pge mca cmov pat pse36 clflush dts acpi mmx fxsr sse sse2 ss ht tm pbe syscall nx pdpe1gb rdtscp lm constant_tsc art arch_perfmon pebs bts rep_good nopl xtopology nonstop_tsc cpuid aperfmperf pni pclmulqdq dtes64 monitor ds_cpl vmx smx est tm2 ssse3 sdbg fma cx16 xtpr pdcm pcid dca sse4_1 sse4_2 x2apic movbe popcnt tsc_deadline_timer aes xsave avx f16c rdrand lahf_lm abm 3dnowprefetch cpuid_fault epb cat_l3 ssbd mba ibrs ibpb stibp ibrs_enhanced tpr_shadow flexpriority ept vpid ept_ad fsgsbase tsc_adjust bmi1 avx2 smep bmi2 erms invpcid cqm rdt_a avx512f avx512dq rdseed adx smap avx512ifma clflushopt clwb intel_pt avx512cd sha_ni avx512bw avx512vl xsaveopt xsavec xgetbv1 xsaves cqm_llc cqm_occup_llc cqm_mbm_total cqm_mbm_local split_lock_detect wbnoinvd dtherm ida arat pln pts vnmi avx512vbmi umip pku ospke avx512_vbmi2 gfni vaes vpclmulqdq avx512_vnni avx512_bitalg tme avx512_vpopcntdq la57 rdpid fsrm md_clear pconfig flush_l1d arch_capabilities
vmx flags	: vnmi preemption_timer posted_intr invvpid ept_x_only ept_ad ept_1gb flexpriority apicv tsc_offset vtpr mtf vapic ept vpid unrestricted_guest vapic_reg vid ple shadow_vmcs pml ept_mode_based_exec tsc_scaling
bugs		: spectre_v1 spectre_v2 spec_store_bypass swapgs mmio_stale_data eibrs_pbrsb gds bhi its its_native_only
bogomips	: 5200.00
clflush size	: 64
cache_alignment	: 64
address sizes	: 46 bits physical, 57 bits virtual
power management:

processor	: 51
vendor_id	: GenuineIntel
cpu family	: 6
model		: 106
model name	: Intel(R) Xeon(R) Platinum 8368Q CPU @ 2.60GHz
stepping	: 6
microcode	: 0xd000421
cpu MHz		: 799.991
cache size	: 58368 KB
physical id	: 0
siblings	: 76
core id		: 13
cpu cores	: 38
apicid		: 27
initial apicid	: 27
fpu		: yes
fpu_exception	: yes
cpuid level	: 27
wp		: yes
flags		: fpu vme de pse tsc msr pae mce cx8 apic sep mtrr pge mca cmov pat pse36 clflush dts acpi mmx fxsr sse sse2 ss ht tm pbe syscall nx pdpe1gb rdtscp lm constant_tsc art arch_perfmon pebs bts rep_good nopl xtopology nonstop_tsc cpuid aperfmperf pni pclmulqdq dtes64 monitor ds_cpl vmx smx est tm2 ssse3 sdbg fma cx16 xtpr pdcm pcid dca sse4_1 sse4_2 x2apic movbe popcnt tsc_deadline_timer aes xsave avx f16c rdrand lahf_lm abm 3dnowprefetch cpuid_fault epb cat_l3 ssbd mba ibrs ibpb stibp ibrs_enhanced tpr_shadow flexpriority ept vpid ept_ad fsgsbase tsc_adjust bmi1 avx2 smep bmi2 erms invpcid cqm rdt_a avx512f avx512dq rdseed adx smap avx512ifma clflushopt clwb intel_pt avx512cd sha_ni avx512bw avx512vl xsaveopt xsavec xgetbv1 xsaves cqm_llc cqm_occup_llc cqm_mbm_total cqm_mbm_local split_lock_detect wbnoinvd dtherm ida arat pln pts vnmi avx512vbmi umip pku ospke avx512_vbmi2 gfni vaes vpclmulqdq avx512_vnni avx512_bitalg tme avx512_vpopcntdq la57 rdpid fsrm md_clear pconfig flush_l1d arch_capabilities
vmx flags	: vnmi preemption_timer posted_intr invvpid ept_x_only ept_ad ept_1gb flexpriority apicv tsc_offset vtpr mtf vapic ept vpid unrestricted_guest vapic_reg vid ple shadow_vmcs pml ept_mode_based_exec tsc_scaling
bugs		: spectre_v1 spectre_v2 spec_store_bypass swapgs mmio_stale_data eibrs_pbrsb gds bhi its its_native_only
bogomips	: 5200.00
clflush size	: 64
cache_alignment	: 64
address sizes	: 46 bits physical, 57 bits virtual
power management:

processor	: 52
vendor_id	: GenuineIntel
cpu family	: 6
model		: 106
model name	: Intel(R) Xeon(R) Platinum 8368Q CPU @ 2.60GHz
stepping	: 6
microcode	: 0xd000421
cpu MHz		: 800.000
cache size	: 58368 KB
physical id	: 0
siblings	: 76
core id		: 14
cpu cores	: 38
apicid		: 29
initial apicid	: 29
fpu		: yes
fpu_exception	: yes
cpuid level	: 27
wp		: yes
flags		: fpu vme de pse tsc msr pae mce cx8 apic sep mtrr pge mca cmov pat pse36 clflush dts acpi mmx fxsr sse sse2 ss ht tm pbe syscall nx pdpe1gb rdtscp lm constant_tsc art arch_perfmon pebs bts rep_good nopl xtopology nonstop_tsc cpuid aperfmperf pni pclmulqdq dtes64 monitor ds_cpl vmx smx est tm2 ssse3 sdbg fma cx16 xtpr pdcm pcid dca sse4_1 sse4_2 x2apic movbe popcnt tsc_deadline_timer aes xsave avx f16c rdrand lahf_lm abm 3dnowprefetch cpuid_fault epb cat_l3 ssbd mba ibrs ibpb stibp ibrs_enhanced tpr_shadow flexpriority ept vpid ept_ad fsgsbase tsc_adjust bmi1 avx2 smep bmi2 erms invpcid cqm rdt_a avx512f avx512dq rdseed adx smap avx512ifma clflushopt clwb intel_pt avx512cd sha_ni avx512bw avx512vl xsaveopt xsavec xgetbv1 xsaves cqm_llc cqm_occup_llc cqm_mbm_total cqm_mbm_local split_lock_detect wbnoinvd dtherm ida arat pln pts vnmi avx512vbmi umip pku ospke avx512_vbmi2 gfni vaes vpclmulqdq avx512_vnni avx512_bitalg tme avx512_vpopcntdq la57 rdpid fsrm md_clear pconfig flush_l1d arch_capabilities
vmx flags	: vnmi preemption_timer posted_intr invvpid ept_x_only ept_ad ept_1gb flexpriority apicv tsc_offset vtpr mtf vapic ept vpid unrestricted_guest vapic_reg vid ple shadow_vmcs pml ept_mode_based_exec tsc_scaling
bugs		: spectre_v1 spectre_v2 spec_store_bypass swapgs mmio_stale_data eibrs_pbrsb gds bhi its its_native_only
bogomips	: 5200.00
clflush size	: 64
cache_alignment	: 64
address sizes	: 46 bits physical, 57 bits virtual
power management:

processor	: 53
vendor_id	: GenuineIntel
cpu family	: 6
model		: 106
model name	: Intel(R) Xeon(R) Platinum 8368Q CPU @ 2.60GHz
stepping	: 6
microcode	: 0xd000421
cpu MHz		: 800.000
cache size	: 58368 KB
physical id	: 0
siblings	: 76
core id		: 15
cpu cores	: 38
apicid		: 31
initial apicid	: 31
fpu		: yes
fpu_exception	: yes
cpuid level	: 27
wp		: yes
flags		: fpu vme de pse tsc msr pae mce cx8 apic sep mtrr pge mca cmov pat pse36 clflush dts acpi mmx fxsr sse sse2 ss ht tm pbe syscall nx pdpe1gb rdtscp lm constant_tsc art arch_perfmon pebs bts rep_good nopl xtopology nonstop_tsc cpuid aperfmperf pni pclmulqdq dtes64 monitor ds_cpl vmx smx est tm2 ssse3 sdbg fma cx16 xtpr pdcm pcid dca sse4_1 sse4_2 x2apic movbe popcnt tsc_deadline_timer aes xsave avx f16c rdrand lahf_lm abm 3dnowprefetch cpuid_fault epb cat_l3 ssbd mba ibrs ibpb stibp ibrs_enhanced tpr_shadow flexpriority ept vpid ept_ad fsgsbase tsc_adjust bmi1 avx2 smep bmi2 erms invpcid cqm rdt_a avx512f avx512dq rdseed adx smap avx512ifma clflushopt clwb intel_pt avx512cd sha_ni avx512bw avx512vl xsaveopt xsavec xgetbv1 xsaves cqm_llc cqm_occup_llc cqm_mbm_total cqm_mbm_local split_lock_detect wbnoinvd dtherm ida arat pln pts vnmi avx512vbmi umip pku ospke avx512_vbmi2 gfni vaes vpclmulqdq avx512_vnni avx512_bitalg tme avx512_vpopcntdq la57 rdpid fsrm md_clear pconfig flush_l1d arch_capabilities
vmx flags	: vnmi preemption_timer posted_intr invvpid ept_x_only ept_ad ept_1gb flexpriority apicv tsc_offset vtpr mtf vapic ept vpid unrestricted_guest vapic_reg vid ple shadow_vmcs pml ept_mode_based_exec tsc_scaling
bugs		: spectre_v1 spectre_v2 spec_store_bypass swapgs mmio_stale_data eibrs_pbrsb gds bhi its its_native_only
bogomips	: 5200.00
clflush size	: 64
cache_alignment	: 64
address sizes	: 46 bits physical, 57 bits virtual
power management:

processor	: 54
vendor_id	: GenuineIntel
cpu family	: 6
model		: 106
model name	: Intel(R) Xeon(R) Platinum 8368Q CPU @ 2.60GHz
stepping	: 6
microcode	: 0xd000421
cpu MHz		: 800.000
cache size	: 58368 KB
physical id	: 0
siblings	: 76
core id		: 16
cpu cores	: 38
apicid		: 33
initial apicid	: 33
fpu		: yes
fpu_exception	: yes
cpuid level	: 27
wp		: yes
flags		: fpu vme de pse tsc msr pae mce cx8 apic sep mtrr pge mca cmov pat pse36 clflush dts acpi mmx fxsr sse sse2 ss ht tm pbe syscall nx pdpe1gb rdtscp lm constant_tsc art arch_perfmon pebs bts rep_good nopl xtopology nonstop_tsc cpuid aperfmperf pni pclmulqdq dtes64 monitor ds_cpl vmx smx est tm2 ssse3 sdbg fma cx16 xtpr pdcm pcid dca sse4_1 sse4_2 x2apic movbe popcnt tsc_deadline_timer aes xsave avx f16c rdrand lahf_lm abm 3dnowprefetch cpuid_fault epb cat_l3 ssbd mba ibrs ibpb stibp ibrs_enhanced tpr_shadow flexpriority ept vpid ept_ad fsgsbase tsc_adjust bmi1 avx2 smep bmi2 erms invpcid cqm rdt_a avx512f avx512dq rdseed adx smap avx512ifma clflushopt clwb intel_pt avx512cd sha_ni avx512bw avx512vl xsaveopt xsavec xgetbv1 xsaves cqm_llc cqm_occup_llc cqm_mbm_total cqm_mbm_local split_lock_detect wbnoinvd dtherm ida arat pln pts vnmi avx512vbmi umip pku ospke avx512_vbmi2 gfni vaes vpclmulqdq avx512_vnni avx512_bitalg tme avx512_vpopcntdq la57 rdpid fsrm md_clear pconfig flush_l1d arch_capabilities
vmx flags	: vnmi preemption_timer posted_intr invvpid ept_x_only ept_ad ept_1gb flexpriority apicv tsc_offset vtpr mtf vapic ept vpid unrestricted_guest vapic_reg vid ple shadow_vmcs pml ept_mode_based_exec tsc_scaling
bugs		: spectre_v1 spectre_v2 spec_store_bypass swapgs mmio_stale_data eibrs_pbrsb gds bhi its its_native_only
bogomips	: 5200.00
clflush size	: 64
cache_alignment	: 64
address sizes	: 46 bits physical, 57 bits virtual
power management:

processor	: 55
vendor_id	: GenuineIntel
cpu family	: 6
model		: 106
model name	: Intel(R) Xeon(R) Platinum 8368Q CPU @ 2.60GHz
stepping	: 6
microcode	: 0xd000421
cpu MHz		: 800.000
cache size	: 58368 KB
physical id	: 0
siblings	: 76
core id		: 17
cpu cores	: 38
apicid		: 35
initial apicid	: 35
fpu		: yes
fpu_exception	: yes
cpuid level	: 27
wp		: yes
flags		: fpu vme de pse tsc msr pae mce cx8 apic sep mtrr pge mca cmov pat pse36 clflush dts acpi mmx fxsr sse sse2 ss ht tm pbe syscall nx pdpe1gb rdtscp lm constant_tsc art arch_perfmon pebs bts rep_good nopl xtopology nonstop_tsc cpuid aperfmperf pni pclmulqdq dtes64 monitor ds_cpl vmx smx est tm2 ssse3 sdbg fma cx16 xtpr pdcm pcid dca sse4_1 sse4_2 x2apic movbe popcnt tsc_deadline_timer aes xsave avx f16c rdrand lahf_lm abm 3dnowprefetch cpuid_fault epb cat_l3 ssbd mba ibrs ibpb stibp ibrs_enhanced tpr_shadow flexpriority ept vpid ept_ad fsgsbase tsc_adjust bmi1 avx2 smep bmi2 erms invpcid cqm rdt_a avx512f avx512dq rdseed adx smap avx512ifma clflushopt clwb intel_pt avx512cd sha_ni avx512bw avx512vl xsaveopt xsavec xgetbv1 xsaves cqm_llc cqm_occup_llc cqm_mbm_total cqm_mbm_local split_lock_detect wbnoinvd dtherm ida arat pln pts vnmi avx512vbmi umip pku ospke avx512_vbmi2 gfni vaes vpclmulqdq avx512_vnni avx512_bitalg tme avx512_vpopcntdq la57 rdpid fsrm md_clear pconfig flush_l1d arch_capabilities
vmx flags	: vnmi preemption_timer posted_intr invvpid ept_x_only ept_ad ept_1gb flexpriority apicv tsc_offset vtpr mtf vapic ept vpid unrestricted_guest vapic_reg vid ple shadow_vmcs pml ept_mode_based_exec tsc_scaling
bugs		: spectre_v1 spectre_v2 spec_store_bypass swapgs mmio_stale_data eibrs_pbrsb gds bhi its its_native_only
bogomips	: 5200.00
clflush size	: 64
cache_alignment	: 64
address sizes	: 46 bits physical, 57 bits virtual
power management:

processor	: 56
vendor_id	: GenuineIntel
cpu family	: 6
model		: 106
model name	: Intel(R) Xeon(R) Platinum 8368Q CPU @ 2.60GHz
stepping	: 6
microcode	: 0xd000421
cpu MHz		: 3700.000
cache size	: 58368 KB
physical id	: 0
siblings	: 76
core id		: 18
cpu cores	: 38
apicid		: 37
initial apicid	: 37
fpu		: yes
fpu_exception	: yes
cpuid level	: 27
wp		: yes
flags		: fpu vme de pse tsc msr pae mce cx8 apic sep mtrr pge mca cmov pat pse36 clflush dts acpi mmx fxsr sse sse2 ss ht tm pbe syscall nx pdpe1gb rdtscp lm constant_tsc art arch_perfmon pebs bts rep_good nopl xtopology nonstop_tsc cpuid aperfmperf pni pclmulqdq dtes64 monitor ds_cpl vmx smx est tm2 ssse3 sdbg fma cx16 xtpr pdcm pcid dca sse4_1 sse4_2 x2apic movbe popcnt tsc_deadline_timer aes xsave avx f16c rdrand lahf_lm abm 3dnowprefetch cpuid_fault epb cat_l3 ssbd mba ibrs ibpb stibp ibrs_enhanced tpr_shadow flexpriority ept vpid ept_ad fsgsbase tsc_adjust bmi1 avx2 smep bmi2 erms invpcid cqm rdt_a avx512f avx512dq rdseed adx smap avx512ifma clflushopt clwb intel_pt avx512cd sha_ni avx512bw avx512vl xsaveopt xsavec xgetbv1 xsaves cqm_llc cqm_occup_llc cqm_mbm_total cqm_mbm_local split_lock_detect wbnoinvd dtherm ida arat pln pts vnmi avx512vbmi umip pku ospke avx512_vbmi2 gfni vaes vpclmulqdq avx512_vnni avx512_bitalg tme avx512_vpopcntdq la57 rdpid fsrm md_clear pconfig flush_l1d arch_capabilities
vmx flags	: vnmi preemption_timer posted_intr invvpid ept_x_only ept_ad ept_1gb flexpriority apicv tsc_offset vtpr mtf vapic ept vpid unrestricted_guest vapic_reg vid ple shadow_vmcs pml ept_mode_based_exec tsc_scaling
bugs		: spectre_v1 spectre_v2 spec_store_bypass swapgs mmio_stale_data eibrs_pbrsb gds bhi its its_native_only
bogomips	: 5200.00
clflush size	: 64
cache_alignment	: 64
address sizes	: 46 bits physical, 57 bits virtual
power management:

processor	: 57
vendor_id	: GenuineIntel
cpu family	: 6
model		: 106
model name	: Intel(R) Xeon(R) Platinum 8368Q CPU @ 2.60GHz
stepping	: 6
microcode	: 0xd000421
cpu MHz		: 800.000
cache size	: 58368 KB
physical id	: 0
siblings	: 76
core id		: 19
cpu cores	: 38
apicid		: 39
initial apicid	: 39
fpu		: yes
fpu_exception	: yes
cpuid level	: 27
wp		: yes
flags		: fpu vme de pse tsc msr pae mce cx8 apic sep mtrr pge mca cmov pat pse36 clflush dts acpi mmx fxsr sse sse2 ss ht tm pbe syscall nx pdpe1gb rdtscp lm constant_tsc art arch_perfmon pebs bts rep_good nopl xtopology nonstop_tsc cpuid aperfmperf pni pclmulqdq dtes64 monitor ds_cpl vmx smx est tm2 ssse3 sdbg fma cx16 xtpr pdcm pcid dca sse4_1 sse4_2 x2apic movbe popcnt tsc_deadline_timer aes xsave avx f16c rdrand lahf_lm abm 3dnowprefetch cpuid_fault epb cat_l3 ssbd mba ibrs ibpb stibp ibrs_enhanced tpr_shadow flexpriority ept vpid ept_ad fsgsbase tsc_adjust bmi1 avx2 smep bmi2 erms invpcid cqm rdt_a avx512f avx512dq rdseed adx smap avx512ifma clflushopt clwb intel_pt avx512cd sha_ni avx512bw avx512vl xsaveopt xsavec xgetbv1 xsaves cqm_llc cqm_occup_llc cqm_mbm_total cqm_mbm_local split_lock_detect wbnoinvd dtherm ida arat pln pts vnmi avx512vbmi umip pku ospke avx512_vbmi2 gfni vaes vpclmulqdq avx512_vnni avx512_bitalg tme avx512_vpopcntdq la57 rdpid fsrm md_clear pconfig flush_l1d arch_capabilities
vmx flags	: vnmi preemption_timer posted_intr invvpid ept_x_only ept_ad ept_1gb flexpriority apicv tsc_offset vtpr mtf vapic ept vpid unrestricted_guest vapic_reg vid ple shadow_vmcs pml ept_mode_based_exec tsc_scaling
bugs		: spectre_v1 spectre_v2 spec_store_bypass swapgs mmio_stale_data eibrs_pbrsb gds bhi its its_native_only
bogomips	: 5200.00
clflush size	: 64
cache_alignment	: 64
address sizes	: 46 bits physical, 57 bits virtual
power management:

processor	: 58
vendor_id	: GenuineIntel
cpu family	: 6
model		: 106
model name	: Intel(R) Xeon(R) Platinum 8368Q CPU @ 2.60GHz
stepping	: 6
microcode	: 0xd000421
cpu MHz		: 800.022
cache size	: 58368 KB
physical id	: 0
siblings	: 76
core id		: 20
cpu cores	: 38
apicid		: 41
initial apicid	: 41
fpu		: yes
fpu_exception	: yes
cpuid level	: 27
wp		: yes
flags		: fpu vme de pse tsc msr pae mce cx8 apic sep mtrr pge mca cmov pat pse36 clflush dts acpi mmx fxsr sse sse2 ss ht tm pbe syscall nx pdpe1gb rdtscp lm constant_tsc art arch_perfmon pebs bts rep_good nopl xtopology nonstop_tsc cpuid aperfmperf pni pclmulqdq dtes64 monitor ds_cpl vmx smx est tm2 ssse3 sdbg fma cx16 xtpr pdcm pcid dca sse4_1 sse4_2 x2apic movbe popcnt tsc_deadline_timer aes xsave avx f16c rdrand lahf_lm abm 3dnowprefetch cpuid_fault epb cat_l3 ssbd mba ibrs ibpb stibp ibrs_enhanced tpr_shadow flexpriority ept vpid ept_ad fsgsbase tsc_adjust bmi1 avx2 smep bmi2 erms invpcid cqm rdt_a avx512f avx512dq rdseed adx smap avx512ifma clflushopt clwb intel_pt avx512cd sha_ni avx512bw avx512vl xsaveopt xsavec xgetbv1 xsaves cqm_llc cqm_occup_llc cqm_mbm_total cqm_mbm_local split_lock_detect wbnoinvd dtherm ida arat pln pts vnmi avx512vbmi umip pku ospke avx512_vbmi2 gfni vaes vpclmulqdq avx512_vnni avx512_bitalg tme avx512_vpopcntdq la57 rdpid fsrm md_clear pconfig flush_l1d arch_capabilities
vmx flags	: vnmi preemption_timer posted_intr invvpid ept_x_only ept_ad ept_1gb flexpriority apicv tsc_offset vtpr mtf vapic ept vpid unrestricted_guest vapic_reg vid ple shadow_vmcs pml ept_mode_based_exec tsc_scaling
bugs		: spectre_v1 spectre_v2 spec_store_bypass swapgs mmio_stale_data eibrs_pbrsb gds bhi its its_native_only
bogomips	: 5200.00
clflush size	: 64
cache_alignment	: 64
address sizes	: 46 bits physical, 57 bits virtual
power management:

processor	: 59
vendor_id	: GenuineIntel
cpu family	: 6
model		: 106
model name	: Intel(R) Xeon(R) Platinum 8368Q CPU @ 2.60GHz
stepping	: 6
microcode	: 0xd000421
cpu MHz		: 800.000
cache size	: 58368 KB
physical id	: 0
siblings	: 76
core id		: 21
cpu cores	: 38
apicid		: 43
initial apicid	: 43
fpu		: yes
fpu_exception	: yes
cpuid level	: 27
wp		: yes
flags		: fpu vme de pse tsc msr pae mce cx8 apic sep mtrr pge mca cmov pat pse36 clflush dts acpi mmx fxsr sse sse2 ss ht tm pbe syscall nx pdpe1gb rdtscp lm constant_tsc art arch_perfmon pebs bts rep_good nopl xtopology nonstop_tsc cpuid aperfmperf pni pclmulqdq dtes64 monitor ds_cpl vmx smx est tm2 ssse3 sdbg fma cx16 xtpr pdcm pcid dca sse4_1 sse4_2 x2apic movbe popcnt tsc_deadline_timer aes xsave avx f16c rdrand lahf_lm abm 3dnowprefetch cpuid_fault epb cat_l3 ssbd mba ibrs ibpb stibp ibrs_enhanced tpr_shadow flexpriority ept vpid ept_ad fsgsbase tsc_adjust bmi1 avx2 smep bmi2 erms invpcid cqm rdt_a avx512f avx512dq rdseed adx smap avx512ifma clflushopt clwb intel_pt avx512cd sha_ni avx512bw avx512vl xsaveopt xsavec xgetbv1 xsaves cqm_llc cqm_occup_llc cqm_mbm_total cqm_mbm_local split_lock_detect wbnoinvd dtherm ida arat pln pts vnmi avx512vbmi umip pku ospke avx512_vbmi2 gfni vaes vpclmulqdq avx512_vnni avx512_bitalg tme avx512_vpopcntdq la57 rdpid fsrm md_clear pconfig flush_l1d arch_capabilities
vmx flags	: vnmi preemption_timer posted_intr invvpid ept_x_only ept_ad ept_1gb flexpriority apicv tsc_offset vtpr mtf vapic ept vpid unrestricted_guest vapic_reg vid ple shadow_vmcs pml ept_mode_based_exec tsc_scaling
bugs		: spectre_v1 spectre_v2 spec_store_bypass swapgs mmio_stale_data eibrs_pbrsb gds bhi its its_native_only
bogomips	: 5200.00
clflush size	: 64
cache_alignment	: 64
address sizes	: 46 bits physical, 57 bits virtual
power management:

processor	: 60
vendor_id	: GenuineIntel
cpu family	: 6
model		: 106
model name	: Intel(R) Xeon(R) Platinum 8368Q CPU @ 2.60GHz
stepping	: 6
microcode	: 0xd000421
cpu MHz		: 800.000
cache size	: 58368 KB
physical id	: 0
siblings	: 76
core id		: 22
cpu cores	: 38
apicid		: 45
initial apicid	: 45
fpu		: yes
fpu_exception	: yes
cpuid level	: 27
wp		: yes
flags		: fpu vme de pse tsc msr pae mce cx8 apic sep mtrr pge mca cmov pat pse36 clflush dts acpi mmx fxsr sse sse2 ss ht tm pbe syscall nx pdpe1gb rdtscp lm constant_tsc art arch_perfmon pebs bts rep_good nopl xtopology nonstop_tsc cpuid aperfmperf pni pclmulqdq dtes64 monitor ds_cpl vmx smx est tm2 ssse3 sdbg fma cx16 xtpr pdcm pcid dca sse4_1 sse4_2 x2apic movbe popcnt tsc_deadline_timer aes xsave avx f16c rdrand lahf_lm abm 3dnowprefetch cpuid_fault epb cat_l3 ssbd mba ibrs ibpb stibp ibrs_enhanced tpr_shadow flexpriority ept vpid ept_ad fsgsbase tsc_adjust bmi1 avx2 smep bmi2 erms invpcid cqm rdt_a avx512f avx512dq rdseed adx smap avx512ifma clflushopt clwb intel_pt avx512cd sha_ni avx512bw avx512vl xsaveopt xsavec xgetbv1 xsaves cqm_llc cqm_occup_llc cqm_mbm_total cqm_mbm_local split_lock_detect wbnoinvd dtherm ida arat pln pts vnmi avx512vbmi umip pku ospke avx512_vbmi2 gfni vaes vpclmulqdq avx512_vnni avx512_bitalg tme avx512_vpopcntdq la57 rdpid fsrm md_clear pconfig flush_l1d arch_capabilities
vmx flags	: vnmi preemption_timer posted_intr invvpid ept_x_only ept_ad ept_1gb flexpriority apicv tsc_offset vtpr mtf vapic ept vpid unrestricted_guest vapic_reg vid ple shadow_vmcs pml ept_mode_based_exec tsc_scaling
bugs		: spectre_v1 spectre_v2 spec_store_bypass swapgs mmio_stale_data eibrs_pbrsb gds bhi its its_native_only
bogomips	: 5200.00
clflush size	: 64
cache_alignment	: 64
address sizes	: 46 bits physical, 57 bits virtual
power management:

processor	: 61
vendor_id	: GenuineIntel
cpu family	: 6
model		: 106
model name	: Intel(R) Xeon(R) Platinum 8368Q CPU @ 2.60GHz
stepping	: 6
microcode	: 0xd000421
cpu MHz		: 800.000
cache size	: 58368 KB
physical id	: 0
siblings	: 76
core id		: 23
cpu cores	: 38
apicid		: 47
initial apicid	: 47
fpu		: yes
fpu_exception	: yes
cpuid level	: 27
wp		: yes
flags		: fpu vme de pse tsc msr pae mce cx8 apic sep mtrr pge mca cmov pat pse36 clflush dts acpi mmx fxsr sse sse2 ss ht tm pbe syscall nx pdpe1gb rdtscp lm constant_tsc art arch_perfmon pebs bts rep_good nopl xtopology nonstop_tsc cpuid aperfmperf pni pclmulqdq dtes64 monitor ds_cpl vmx smx est tm2 ssse3 sdbg fma cx16 xtpr pdcm pcid dca sse4_1 sse4_2 x2apic movbe popcnt tsc_deadline_timer aes xsave avx f16c rdrand lahf_lm abm 3dnowprefetch cpuid_fault epb cat_l3 ssbd mba ibrs ibpb stibp ibrs_enhanced tpr_shadow flexpriority ept vpid ept_ad fsgsbase tsc_adjust bmi1 avx2 smep bmi2 erms invpcid cqm rdt_a avx512f avx512dq rdseed adx smap avx512ifma clflushopt clwb intel_pt avx512cd sha_ni avx512bw avx512vl xsaveopt xsavec xgetbv1 xsaves cqm_llc cqm_occup_llc cqm_mbm_total cqm_mbm_local split_lock_detect wbnoinvd dtherm ida arat pln pts vnmi avx512vbmi umip pku ospke avx512_vbmi2 gfni vaes vpclmulqdq avx512_vnni avx512_bitalg tme avx512_vpopcntdq la57 rdpid fsrm md_clear pconfig flush_l1d arch_capabilities
vmx flags	: vnmi preemption_timer posted_intr invvpid ept_x_only ept_ad ept_1gb flexpriority apicv tsc_offset vtpr mtf vapic ept vpid unrestricted_guest vapic_reg vid ple shadow_vmcs pml ept_mode_based_exec tsc_scaling
bugs		: spectre_v1 spectre_v2 spec_store_bypass swapgs mmio_stale_data eibrs_pbrsb gds bhi its its_native_only
bogomips	: 5200.00
clflush size	: 64
cache_alignment	: 64
address sizes	: 46 bits physical, 57 bits virtual
power management:

processor	: 62
vendor_id	: GenuineIntel
cpu family	: 6
model		: 106
model name	: Intel(R) Xeon(R) Platinum 8368Q CPU @ 2.60GHz
stepping	: 6
microcode	: 0xd000421
cpu MHz		: 3700.000
cache size	: 58368 KB
physical id	: 0
siblings	: 76
core id		: 24
cpu cores	: 38
apicid		: 49
initial apicid	: 49
fpu		: yes
fpu_exception	: yes
cpuid level	: 27
wp		: yes
flags		: fpu vme de pse tsc msr pae mce cx8 apic sep mtrr pge mca cmov pat pse36 clflush dts acpi mmx fxsr sse sse2 ss ht tm pbe syscall nx pdpe1gb rdtscp lm constant_tsc art arch_perfmon pebs bts rep_good nopl xtopology nonstop_tsc cpuid aperfmperf pni pclmulqdq dtes64 monitor ds_cpl vmx smx est tm2 ssse3 sdbg fma cx16 xtpr pdcm pcid dca sse4_1 sse4_2 x2apic movbe popcnt tsc_deadline_timer aes xsave avx f16c rdrand lahf_lm abm 3dnowprefetch cpuid_fault epb cat_l3 ssbd mba ibrs ibpb stibp ibrs_enhanced tpr_shadow flexpriority ept vpid ept_ad fsgsbase tsc_adjust bmi1 avx2 smep bmi2 erms invpcid cqm rdt_a avx512f avx512dq rdseed adx smap avx512ifma clflushopt clwb intel_pt avx512cd sha_ni avx512bw avx512vl xsaveopt xsavec xgetbv1 xsaves cqm_llc cqm_occup_llc cqm_mbm_total cqm_mbm_local split_lock_detect wbnoinvd dtherm ida arat pln pts vnmi avx512vbmi umip pku ospke avx512_vbmi2 gfni vaes vpclmulqdq avx512_vnni avx512_bitalg tme avx512_vpopcntdq la57 rdpid fsrm md_clear pconfig flush_l1d arch_capabilities
vmx flags	: vnmi preemption_timer posted_intr invvpid ept_x_only ept_ad ept_1gb flexpriority apicv tsc_offset vtpr mtf vapic ept vpid unrestricted_guest vapic_reg vid ple shadow_vmcs pml ept_mode_based_exec tsc_scaling
bugs		: spectre_v1 spectre_v2 spec_store_bypass swapgs mmio_stale_data eibrs_pbrsb gds bhi its its_native_only
bogomips	: 5200.00
clflush size	: 64
cache_alignment	: 64
address sizes	: 46 bits physical, 57 bits virtual
power management:

processor	: 63
vendor_id	: GenuineIntel
cpu family	: 6
model		: 106
model name	: Intel(R) Xeon(R) Platinum 8368Q CPU @ 2.60GHz
stepping	: 6
microcode	: 0xd000421
cpu MHz		: 800.000
cache size	: 58368 KB
physical id	: 0
siblings	: 76
core id		: 25
cpu cores	: 38
apicid		: 51
initial apicid	: 51
fpu		: yes
fpu_exception	: yes
cpuid level	: 27
wp		: yes
flags		: fpu vme de pse tsc msr pae mce cx8 apic sep mtrr pge mca cmov pat pse36 clflush dts acpi mmx fxsr sse sse2 ss ht tm pbe syscall nx pdpe1gb rdtscp lm constant_tsc art arch_perfmon pebs bts rep_good nopl xtopology nonstop_tsc cpuid aperfmperf pni pclmulqdq dtes64 monitor ds_cpl vmx smx est tm2 ssse3 sdbg fma cx16 xtpr pdcm pcid dca sse4_1 sse4_2 x2apic movbe popcnt tsc_deadline_timer aes xsave avx f16c rdrand lahf_lm abm 3dnowprefetch cpuid_fault epb cat_l3 ssbd mba ibrs ibpb stibp ibrs_enhanced tpr_shadow flexpriority ept vpid ept_ad fsgsbase tsc_adjust bmi1 avx2 smep bmi2 erms invpcid cqm rdt_a avx512f avx512dq rdseed adx smap avx512ifma clflushopt clwb intel_pt avx512cd sha_ni avx512bw avx512vl xsaveopt xsavec xgetbv1 xsaves cqm_llc cqm_occup_llc cqm_mbm_total cqm_mbm_local split_lock_detect wbnoinvd dtherm ida arat pln pts vnmi avx512vbmi umip pku ospke avx512_vbmi2 gfni vaes vpclmulqdq avx512_vnni avx512_bitalg tme avx512_vpopcntdq la57 rdpid fsrm md_clear pconfig flush_l1d arch_capabilities
vmx flags	: vnmi preemption_timer posted_intr invvpid ept_x_only ept_ad ept_1gb flexpriority apicv tsc_offset vtpr mtf vapic ept vpid unrestricted_guest vapic_reg vid ple shadow_vmcs pml ept_mode_based_exec tsc_scaling
bugs		: spectre_v1 spectre_v2 spec_store_bypass swapgs mmio_stale_data eibrs_pbrsb gds bhi its its_native_only
bogomips	: 5200.00
clflush size	: 64
cache_alignment	: 64
address sizes	: 46 bits physical, 57 bits virtual
power management:

processor	: 64
vendor_id	: GenuineIntel
cpu family	: 6
model		: 106
model name	: Intel(R) Xeon(R) Platinum 8368Q CPU @ 2.60GHz
stepping	: 6
microcode	: 0xd000421
cpu MHz		: 800.000
cache size	: 58368 KB
physical id	: 0
siblings	: 76
core id		: 26
cpu cores	: 38
apicid		: 53
initial apicid	: 53
fpu		: yes
fpu_exception	: yes
cpuid level	: 27
wp		: yes
flags		: fpu vme de pse tsc msr pae mce cx8 apic sep mtrr pge mca cmov pat pse36 clflush dts acpi mmx fxsr sse sse2 ss ht tm pbe syscall nx pdpe1gb rdtscp lm constant_tsc art arch_perfmon pebs bts rep_good nopl xtopology nonstop_tsc cpuid aperfmperf pni pclmulqdq dtes64 monitor ds_cpl vmx smx est tm2 ssse3 sdbg fma cx16 xtpr pdcm pcid dca sse4_1 sse4_2 x2apic movbe popcnt tsc_deadline_timer aes xsave avx f16c rdrand lahf_lm abm 3dnowprefetch cpuid_fault epb cat_l3 ssbd mba ibrs ibpb stibp ibrs_enhanced tpr_shadow flexpriority ept vpid ept_ad fsgsbase tsc_adjust bmi1 avx2 smep bmi2 erms invpcid cqm rdt_a avx512f avx512dq rdseed adx smap avx512ifma clflushopt clwb intel_pt avx512cd sha_ni avx512bw avx512vl xsaveopt xsavec xgetbv1 xsaves cqm_llc cqm_occup_llc cqm_mbm_total cqm_mbm_local split_lock_detect wbnoinvd dtherm ida arat pln pts vnmi avx512vbmi umip pku ospke avx512_vbmi2 gfni vaes vpclmulqdq avx512_vnni avx512_bitalg tme avx512_vpopcntdq la57 rdpid fsrm md_clear pconfig flush_l1d arch_capabilities
vmx flags	: vnmi preemption_timer posted_intr invvpid ept_x_only ept_ad ept_1gb flexpriority apicv tsc_offset vtpr mtf vapic ept vpid unrestricted_guest vapic_reg vid ple shadow_vmcs pml ept_mode_based_exec tsc_scaling
bugs		: spectre_v1 spectre_v2 spec_store_bypass swapgs mmio_stale_data eibrs_pbrsb gds bhi its its_native_only
bogomips	: 5200.00
clflush size	: 64
cache_alignment	: 64
address sizes	: 46 bits physical, 57 bits virtual
power management:

processor	: 65
vendor_id	: GenuineIntel
cpu family	: 6
model		: 106
model name	: Intel(R) Xeon(R) Platinum 8368Q CPU @ 2.60GHz
stepping	: 6
microcode	: 0xd000421
cpu MHz		: 800.000
cache size	: 58368 KB
physical id	: 0
siblings	: 76
core id		: 27
cpu cores	: 38
apicid		: 55
initial apicid	: 55
fpu		: yes
fpu_exception	: yes
cpuid level	: 27
wp		: yes
flags		: fpu vme de pse tsc msr pae mce cx8 apic sep mtrr pge mca cmov pat pse36 clflush dts acpi mmx fxsr sse sse2 ss ht tm pbe syscall nx pdpe1gb rdtscp lm constant_tsc art arch_perfmon pebs bts rep_good nopl xtopology nonstop_tsc cpuid aperfmperf pni pclmulqdq dtes64 monitor ds_cpl vmx smx est tm2 ssse3 sdbg fma cx16 xtpr pdcm pcid dca sse4_1 sse4_2 x2apic movbe popcnt tsc_deadline_timer aes xsave avx f16c rdrand lahf_lm abm 3dnowprefetch cpuid_fault epb cat_l3 ssbd mba ibrs ibpb stibp ibrs_enhanced tpr_shadow flexpriority ept vpid ept_ad fsgsbase tsc_adjust bmi1 avx2 smep bmi2 erms invpcid cqm rdt_a avx512f avx512dq rdseed adx smap avx512ifma clflushopt clwb intel_pt avx512cd sha_ni avx512bw avx512vl xsaveopt xsavec xgetbv1 xsaves cqm_llc cqm_occup_llc cqm_mbm_total cqm_mbm_local split_lock_detect wbnoinvd dtherm ida arat pln pts vnmi avx512vbmi umip pku ospke avx512_vbmi2 gfni vaes vpclmulqdq avx512_vnni avx512_bitalg tme avx512_vpopcntdq la57 rdpid fsrm md_clear pconfig flush_l1d arch_capabilities
vmx flags	: vnmi preemption_timer posted_intr invvpid ept_x_only ept_ad ept_1gb flexpriority apicv tsc_offset vtpr mtf vapic ept vpid unrestricted_guest vapic_reg vid ple shadow_vmcs pml ept_mode_based_exec tsc_scaling
bugs		: spectre_v1 spectre_v2 spec_store_bypass swapgs mmio_stale_data eibrs_pbrsb gds bhi its its_native_only
bogomips	: 5200.00
clflush size	: 64
cache_alignment	: 64
address sizes	: 46 bits physical, 57 bits virtual
power management:

processor	: 66
vendor_id	: GenuineIntel
cpu family	: 6
model		: 106
model name	: Intel(R) Xeon(R) Platinum 8368Q CPU @ 2.60GHz
stepping	: 6
microcode	: 0xd000421
cpu MHz		: 800.000
cache size	: 58368 KB
physical id	: 0
siblings	: 76
core id		: 28
cpu cores	: 38
apicid		: 57
initial apicid	: 57
fpu		: yes
fpu_exception	: yes
cpuid level	: 27
wp		: yes
flags		: fpu vme de pse tsc msr pae mce cx8 apic sep mtrr pge mca cmov pat pse36 clflush dts acpi mmx fxsr sse sse2 ss ht tm pbe syscall nx pdpe1gb rdtscp lm constant_tsc art arch_perfmon pebs bts rep_good nopl xtopology nonstop_tsc cpuid aperfmperf pni pclmulqdq dtes64 monitor ds_cpl vmx smx est tm2 ssse3 sdbg fma cx16 xtpr pdcm pcid dca sse4_1 sse4_2 x2apic movbe popcnt tsc_deadline_timer aes xsave avx f16c rdrand lahf_lm abm 3dnowprefetch cpuid_fault epb cat_l3 ssbd mba ibrs ibpb stibp ibrs_enhanced tpr_shadow flexpriority ept vpid ept_ad fsgsbase tsc_adjust bmi1 avx2 smep bmi2 erms invpcid cqm rdt_a avx512f avx512dq rdseed adx smap avx512ifma clflushopt clwb intel_pt avx512cd sha_ni avx512bw avx512vl xsaveopt xsavec xgetbv1 xsaves cqm_llc cqm_occup_llc cqm_mbm_total cqm_mbm_local split_lock_detect wbnoinvd dtherm ida arat pln pts vnmi avx512vbmi umip pku ospke avx512_vbmi2 gfni vaes vpclmulqdq avx512_vnni avx512_bitalg tme avx512_vpopcntdq la57 rdpid fsrm md_clear pconfig flush_l1d arch_capabilities
vmx flags	: vnmi preemption_timer posted_intr invvpid ept_x_only ept_ad ept_1gb flexpriority apicv tsc_offset vtpr mtf vapic ept vpid unrestricted_guest vapic_reg vid ple shadow_vmcs pml ept_mode_based_exec tsc_scaling
bugs		: spectre_v1 spectre_v2 spec_store_bypass swapgs mmio_stale_data eibrs_pbrsb gds bhi its its_native_only
bogomips	: 5200.00
clflush size	: 64
cache_alignment	: 64
address sizes	: 46 bits physical, 57 bits virtual
power management:

processor	: 67
vendor_id	: GenuineIntel
cpu family	: 6
model		: 106
model name	: Intel(R) Xeon(R) Platinum 8368Q CPU @ 2.60GHz
stepping	: 6
microcode	: 0xd000421
cpu MHz		: 800.000
cache size	: 58368 KB
physical id	: 0
siblings	: 76
core id		: 29
cpu cores	: 38
apicid		: 59
initial apicid	: 59
fpu		: yes
fpu_exception	: yes
cpuid level	: 27
wp		: yes
flags		: fpu vme de pse tsc msr pae mce cx8 apic sep mtrr pge mca cmov pat pse36 clflush dts acpi mmx fxsr sse sse2 ss ht tm pbe syscall nx pdpe1gb rdtscp lm constant_tsc art arch_perfmon pebs bts rep_good nopl xtopology nonstop_tsc cpuid aperfmperf pni pclmulqdq dtes64 monitor ds_cpl vmx smx est tm2 ssse3 sdbg fma cx16 xtpr pdcm pcid dca sse4_1 sse4_2 x2apic movbe popcnt tsc_deadline_timer aes xsave avx f16c rdrand lahf_lm abm 3dnowprefetch cpuid_fault epb cat_l3 ssbd mba ibrs ibpb stibp ibrs_enhanced tpr_shadow flexpriority ept vpid ept_ad fsgsbase tsc_adjust bmi1 avx2 smep bmi2 erms invpcid cqm rdt_a avx512f avx512dq rdseed adx smap avx512ifma clflushopt clwb intel_pt avx512cd sha_ni avx512bw avx512vl xsaveopt xsavec xgetbv1 xsaves cqm_llc cqm_occup_llc cqm_mbm_total cqm_mbm_local split_lock_detect wbnoinvd dtherm ida arat pln pts vnmi avx512vbmi umip pku ospke avx512_vbmi2 gfni vaes vpclmulqdq avx512_vnni avx512_bitalg tme avx512_vpopcntdq la57 rdpid fsrm md_clear pconfig flush_l1d arch_capabilities
vmx flags	: vnmi preemption_timer posted_intr invvpid ept_x_only ept_ad ept_1gb flexpriority apicv tsc_offset vtpr mtf vapic ept vpid unrestricted_guest vapic_reg vid ple shadow_vmcs pml ept_mode_based_exec tsc_scaling
bugs		: spectre_v1 spectre_v2 spec_store_bypass swapgs mmio_stale_data eibrs_pbrsb gds bhi its its_native_only
bogomips	: 5200.00
clflush size	: 64
cache_alignment	: 64
address sizes	: 46 bits physical, 57 bits virtual
power management:

processor	: 68
vendor_id	: GenuineIntel
cpu family	: 6
model		: 106
model name	: Intel(R) Xeon(R) Platinum 8368Q CPU @ 2.60GHz
stepping	: 6
microcode	: 0xd000421
cpu MHz		: 800.000
cache size	: 58368 KB
physical id	: 0
siblings	: 76
core id		: 30
cpu cores	: 38
apicid		: 61
initial apicid	: 61
fpu		: yes
fpu_exception	: yes
cpuid level	: 27
wp		: yes
flags		: fpu vme de pse tsc msr pae mce cx8 apic sep mtrr pge mca cmov pat pse36 clflush dts acpi mmx fxsr sse sse2 ss ht tm pbe syscall nx pdpe1gb rdtscp lm constant_tsc art arch_perfmon pebs bts rep_good nopl xtopology nonstop_tsc cpuid aperfmperf pni pclmulqdq dtes64 monitor ds_cpl vmx smx est tm2 ssse3 sdbg fma cx16 xtpr pdcm pcid dca sse4_1 sse4_2 x2apic movbe popcnt tsc_deadline_timer aes xsave avx f16c rdrand lahf_lm abm 3dnowprefetch cpuid_fault epb cat_l3 ssbd mba ibrs ibpb stibp ibrs_enhanced tpr_shadow flexpriority ept vpid ept_ad fsgsbase tsc_adjust bmi1 avx2 smep bmi2 erms invpcid cqm rdt_a avx512f avx512dq rdseed adx smap avx512ifma clflushopt clwb intel_pt avx512cd sha_ni avx512bw avx512vl xsaveopt xsavec xgetbv1 xsaves cqm_llc cqm_occup_llc cqm_mbm_total cqm_mbm_local split_lock_detect wbnoinvd dtherm ida arat pln pts vnmi avx512vbmi umip pku ospke avx512_vbmi2 gfni vaes vpclmulqdq avx512_vnni avx512_bitalg tme avx512_vpopcntdq la57 rdpid fsrm md_clear pconfig flush_l1d arch_capabilities
vmx flags	: vnmi preemption_timer posted_intr invvpid ept_x_only ept_ad ept_1gb flexpriority apicv tsc_offset vtpr mtf vapic ept vpid unrestricted_guest vapic_reg vid ple shadow_vmcs pml ept_mode_based_exec tsc_scaling
bugs		: spectre_v1 spectre_v2 spec_store_bypass swapgs mmio_stale_data eibrs_pbrsb gds bhi its its_native_only
bogomips	: 5200.00
clflush size	: 64
cache_alignment	: 64
address sizes	: 46 bits physical, 57 bits virtual
power management:

processor	: 69
vendor_id	: GenuineIntel
cpu family	: 6
model		: 106
model name	: Intel(R) Xeon(R) Platinum 8368Q CPU @ 2.60GHz
stepping	: 6
microcode	: 0xd000421
cpu MHz		: 800.000
cache size	: 58368 KB
physical id	: 0
siblings	: 76
core id		: 31
cpu cores	: 38
apicid		: 63
initial apicid	: 63
fpu		: yes
fpu_exception	: yes
cpuid level	: 27
wp		: yes
flags		: fpu vme de pse tsc msr pae mce cx8 apic sep mtrr pge mca cmov pat pse36 clflush dts acpi mmx fxsr sse sse2 ss ht tm pbe syscall nx pdpe1gb rdtscp lm constant_tsc art arch_perfmon pebs bts rep_good nopl xtopology nonstop_tsc cpuid aperfmperf pni pclmulqdq dtes64 monitor ds_cpl vmx smx est tm2 ssse3 sdbg fma cx16 xtpr pdcm pcid dca sse4_1 sse4_2 x2apic movbe popcnt tsc_deadline_timer aes xsave avx f16c rdrand lahf_lm abm 3dnowprefetch cpuid_fault epb cat_l3 ssbd mba ibrs ibpb stibp ibrs_enhanced tpr_shadow flexpriority ept vpid ept_ad fsgsbase tsc_adjust bmi1 avx2 smep bmi2 erms invpcid cqm rdt_a avx512f avx512dq rdseed adx smap avx512ifma clflushopt clwb intel_pt avx512cd sha_ni avx512bw avx512vl xsaveopt xsavec xgetbv1 xsaves cqm_llc cqm_occup_llc cqm_mbm_total cqm_mbm_local split_lock_detect wbnoinvd dtherm ida arat pln pts vnmi avx512vbmi umip pku ospke avx512_vbmi2 gfni vaes vpclmulqdq avx512_vnni avx512_bitalg tme avx512_vpopcntdq la57 rdpid fsrm md_clear pconfig flush_l1d arch_capabilities
vmx flags	: vnmi preemption_timer posted_intr invvpid ept_x_only ept_ad ept_1gb flexpriority apicv tsc_offset vtpr mtf vapic ept vpid unrestricted_guest vapic_reg vid ple shadow_vmcs pml ept_mode_based_exec tsc_scaling
bugs		: spectre_v1 spectre_v2 spec_store_bypass swapgs mmio_stale_data eibrs_pbrsb gds bhi its its_native_only
bogomips	: 5200.00
clflush size	: 64
cache_alignment	: 64
address sizes	: 46 bits physical, 57 bits virtual
power management:

processor	: 70
vendor_id	: GenuineIntel
cpu family	: 6
model		: 106
model name	: Intel(R) Xeon(R) Platinum 8368Q CPU @ 2.60GHz
stepping	: 6
microcode	: 0xd000421
cpu MHz		: 800.000
cache size	: 58368 KB
physical id	: 0
siblings	: 76
core id		: 32
cpu cores	: 38
apicid		: 65
initial apicid	: 65
fpu		: yes
fpu_exception	: yes
cpuid level	: 27
wp		: yes
flags		: fpu vme de pse tsc msr pae mce cx8 apic sep mtrr pge mca cmov pat pse36 clflush dts acpi mmx fxsr sse sse2 ss ht tm pbe syscall nx pdpe1gb rdtscp lm constant_tsc art arch_perfmon pebs bts rep_good nopl xtopology nonstop_tsc cpuid aperfmperf pni pclmulqdq dtes64 monitor ds_cpl vmx smx est tm2 ssse3 sdbg fma cx16 xtpr pdcm pcid dca sse4_1 sse4_2 x2apic movbe popcnt tsc_deadline_timer aes xsave avx f16c rdrand lahf_lm abm 3dnowprefetch cpuid_fault epb cat_l3 ssbd mba ibrs ibpb stibp ibrs_enhanced tpr_shadow flexpriority ept vpid ept_ad fsgsbase tsc_adjust bmi1 avx2 smep bmi2 erms invpcid cqm rdt_a avx512f avx512dq rdseed adx smap avx512ifma clflushopt clwb intel_pt avx512cd sha_ni avx512bw avx512vl xsaveopt xsavec xgetbv1 xsaves cqm_llc cqm_occup_llc cqm_mbm_total cqm_mbm_local split_lock_detect wbnoinvd dtherm ida arat pln pts vnmi avx512vbmi umip pku ospke avx512_vbmi2 gfni vaes vpclmulqdq avx512_vnni avx512_bitalg tme avx512_vpopcntdq la57 rdpid fsrm md_clear pconfig flush_l1d arch_capabilities
vmx flags	: vnmi preemption_timer posted_intr invvpid ept_x_only ept_ad ept_1gb flexpriority apicv tsc_offset vtpr mtf vapic ept vpid unrestricted_guest vapic_reg vid ple shadow_vmcs pml ept_mode_based_exec tsc_scaling
bugs		: spectre_v1 spectre_v2 spec_store_bypass swapgs mmio_stale_data eibrs_pbrsb gds bhi its its_native_only
bogomips	: 5200.00
clflush size	: 64
cache_alignment	: 64
address sizes	: 46 bits physical, 57 bits virtual
power management:

processor	: 71
vendor_id	: GenuineIntel
cpu family	: 6
model		: 106
model name	: Intel(R) Xeon(R) Platinum 8368Q CPU @ 2.60GHz
stepping	: 6
microcode	: 0xd000421
cpu MHz		: 800.000
cache size	: 58368 KB
physical id	: 0
siblings	: 76
core id		: 33
cpu cores	: 38
apicid		: 67
initial apicid	: 67
fpu		: yes
fpu_exception	: yes
cpuid level	: 27
wp		: yes
flags		: fpu vme de pse tsc msr pae mce cx8 apic sep mtrr pge mca cmov pat pse36 clflush dts acpi mmx fxsr sse sse2 ss ht tm pbe syscall nx pdpe1gb rdtscp lm constant_tsc art arch_perfmon pebs bts rep_good nopl xtopology nonstop_tsc cpuid aperfmperf pni pclmulqdq dtes64 monitor ds_cpl vmx smx est tm2 ssse3 sdbg fma cx16 xtpr pdcm pcid dca sse4_1 sse4_2 x2apic movbe popcnt tsc_deadline_timer aes xsave avx f16c rdrand lahf_lm abm 3dnowprefetch cpuid_fault epb cat_l3 ssbd mba ibrs ibpb stibp ibrs_enhanced tpr_shadow flexpriority ept vpid ept_ad fsgsbase tsc_adjust bmi1 avx2 smep bmi2 erms invpcid cqm rdt_a avx512f avx512dq rdseed adx smap avx512ifma clflushopt clwb intel_pt avx512cd sha_ni avx512bw avx512vl xsaveopt xsavec xgetbv1 xsaves cqm_llc cqm_occup_llc cqm_mbm_total cqm_mbm_local split_lock_detect wbnoinvd dtherm ida arat pln pts vnmi avx512vbmi umip pku ospke avx512_vbmi2 gfni vaes vpclmulqdq avx512_vnni avx512_bitalg tme avx512_vpopcntdq la57 rdpid fsrm md_clear pconfig flush_l1d arch_capabilities
vmx flags	: vnmi preemption_timer posted_intr invvpid ept_x_only ept_ad ept_1gb flexpriority apicv tsc_offset vtpr mtf vapic ept vpid unrestricted_guest vapic_reg vid ple shadow_vmcs pml ept_mode_based_exec tsc_scaling
bugs		: spectre_v1 spectre_v2 spec_store_bypass swapgs mmio_stale_data eibrs_pbrsb gds bhi its its_native_only
bogomips	: 5200.00
clflush size	: 64
cache_alignment	: 64
address sizes	: 46 bits physical, 57 bits virtual
power management:

processor	: 72
vendor_id	: GenuineIntel
cpu family	: 6
model		: 106
model name	: Intel(R) Xeon(R) Platinum 8368Q CPU @ 2.60GHz
stepping	: 6
microcode	: 0xd000421
cpu MHz		: 800.000
cache size	: 58368 KB
physical id	: 0
siblings	: 76
core id		: 34
cpu cores	: 38
apicid		: 69
initial apicid	: 69
fpu		: yes
fpu_exception	: yes
cpuid level	: 27
wp		: yes
flags		: fpu vme de pse tsc msr pae mce cx8 apic sep mtrr pge mca cmov pat pse36 clflush dts acpi mmx fxsr sse sse2 ss ht tm pbe syscall nx pdpe1gb rdtscp lm constant_tsc art arch_perfmon pebs bts rep_good nopl xtopology nonstop_tsc cpuid aperfmperf pni pclmulqdq dtes64 monitor ds_cpl vmx smx est tm2 ssse3 sdbg fma cx16 xtpr pdcm pcid dca sse4_1 sse4_2 x2apic movbe popcnt tsc_deadline_timer aes xsave avx f16c rdrand lahf_lm abm 3dnowprefetch cpuid_fault epb cat_l3 ssbd mba ibrs ibpb stibp ibrs_enhanced tpr_shadow flexpriority ept vpid ept_ad fsgsbase tsc_adjust bmi1 avx2 smep bmi2 erms invpcid cqm rdt_a avx512f avx512dq rdseed adx smap avx512ifma clflushopt clwb intel_pt avx512cd sha_ni avx512bw avx512vl xsaveopt xsavec xgetbv1 xsaves cqm_llc cqm_occup_llc cqm_mbm_total cqm_mbm_local split_lock_detect wbnoinvd dtherm ida arat pln pts vnmi avx512vbmi umip pku ospke avx512_vbmi2 gfni vaes vpclmulqdq avx512_vnni avx512_bitalg tme avx512_vpopcntdq la57 rdpid fsrm md_clear pconfig flush_l1d arch_capabilities
vmx flags	: vnmi preemption_timer posted_intr invvpid ept_x_only ept_ad ept_1gb flexpriority apicv tsc_offset vtpr mtf vapic ept vpid unrestricted_guest vapic_reg vid ple shadow_vmcs pml ept_mode_based_exec tsc_scaling
bugs		: spectre_v1 spectre_v2 spec_store_bypass swapgs mmio_stale_data eibrs_pbrsb gds bhi its its_native_only
bogomips	: 5200.00
clflush size	: 64
cache_alignment	: 64
address sizes	: 46 bits physical, 57 bits virtual
power management:

processor	: 73
vendor_id	: GenuineIntel
cpu family	: 6
model		: 106
model name	: Intel(R) Xeon(R) Platinum 8368Q CPU @ 2.60GHz
stepping	: 6
microcode	: 0xd000421
cpu MHz		: 800.000
cache size	: 58368 KB
physical id	: 0
siblings	: 76
core id		: 35
cpu cores	: 38
apicid		: 71
initial apicid	: 71
fpu		: yes
fpu_exception	: yes
cpuid level	: 27
wp		: yes
flags		: fpu vme de pse tsc msr pae mce cx8 apic sep mtrr pge mca cmov pat pse36 clflush dts acpi mmx fxsr sse sse2 ss ht tm pbe syscall nx pdpe1gb rdtscp lm constant_tsc art arch_perfmon pebs bts rep_good nopl xtopology nonstop_tsc cpuid aperfmperf pni pclmulqdq dtes64 monitor ds_cpl vmx smx est tm2 ssse3 sdbg fma cx16 xtpr pdcm pcid dca sse4_1 sse4_2 x2apic movbe popcnt tsc_deadline_timer aes xsave avx f16c rdrand lahf_lm abm 3dnowprefetch cpuid_fault epb cat_l3 ssbd mba ibrs ibpb stibp ibrs_enhanced tpr_shadow flexpriority ept vpid ept_ad fsgsbase tsc_adjust bmi1 avx2 smep bmi2 erms invpcid cqm rdt_a avx512f avx512dq rdseed adx smap avx512ifma clflushopt clwb intel_pt avx512cd sha_ni avx512bw avx512vl xsaveopt xsavec xgetbv1 xsaves cqm_llc cqm_occup_llc cqm_mbm_total cqm_mbm_local split_lock_detect wbnoinvd dtherm ida arat pln pts vnmi avx512vbmi umip pku ospke avx512_vbmi2 gfni vaes vpclmulqdq avx512_vnni avx512_bitalg tme avx512_vpopcntdq la57 rdpid fsrm md_clear pconfig flush_l1d arch_capabilities
vmx flags	: vnmi preemption_timer posted_intr invvpid ept_x_only ept_ad ept_1gb flexpriority apicv tsc_offset vtpr mtf vapic ept vpid unrestricted_guest vapic_reg vid ple shadow_vmcs pml ept_mode_based_exec tsc_scaling
bugs		: spectre_v1 spectre_v2 spec_store_bypass swapgs mmio_stale_data eibrs_pbrsb gds bhi its its_native_only
bogomips	: 5200.00
clflush size	: 64
cache_alignment	: 64
address sizes	: 46 bits physical, 57 bits virtual
power management:

processor	: 74
vendor_id	: GenuineIntel
cpu family	: 6
model		: 106
model name	: Intel(R) Xeon(R) Platinum 8368Q CPU @ 2.60GHz
stepping	: 6
microcode	: 0xd000421
cpu MHz		: 800.000
cache size	: 58368 KB
physical id	: 0
siblings	: 76
core id		: 36
cpu cores	: 38
apicid		: 73
initial apicid	: 73
fpu		: yes
fpu_exception	: yes
cpuid level	: 27
wp		: yes
flags		: fpu vme de pse tsc msr pae mce cx8 apic sep mtrr pge mca cmov pat pse36 clflush dts acpi mmx fxsr sse sse2 ss ht tm pbe syscall nx pdpe1gb rdtscp lm constant_tsc art arch_perfmon pebs bts rep_good nopl xtopology nonstop_tsc cpuid aperfmperf pni pclmulqdq dtes64 monitor ds_cpl vmx smx est tm2 ssse3 sdbg fma cx16 xtpr pdcm pcid dca sse4_1 sse4_2 x2apic movbe popcnt tsc_deadline_timer aes xsave avx f16c rdrand lahf_lm abm 3dnowprefetch cpuid_fault epb cat_l3 ssbd mba ibrs ibpb stibp ibrs_enhanced tpr_shadow flexpriority ept vpid ept_ad fsgsbase tsc_adjust bmi1 avx2 smep bmi2 erms invpcid cqm rdt_a avx512f avx512dq rdseed adx smap avx512ifma clflushopt clwb intel_pt avx512cd sha_ni avx512bw avx512vl xsaveopt xsavec xgetbv1 xsaves cqm_llc cqm_occup_llc cqm_mbm_total cqm_mbm_local split_lock_detect wbnoinvd dtherm ida arat pln pts vnmi avx512vbmi umip pku ospke avx512_vbmi2 gfni vaes vpclmulqdq avx512_vnni avx512_bitalg tme avx512_vpopcntdq la57 rdpid fsrm md_clear pconfig flush_l1d arch_capabilities
vmx flags	: vnmi preemption_timer posted_intr invvpid ept_x_only ept_ad ept_1gb flexpriority apicv tsc_offset vtpr mtf vapic ept vpid unrestricted_guest vapic_reg vid ple shadow_vmcs pml ept_mode_based_exec tsc_scaling
bugs		: spectre_v1 spectre_v2 spec_store_bypass swapgs mmio_stale_data eibrs_pbrsb gds bhi its its_native_only
bogomips	: 5200.00
clflush size	: 64
cache_alignment	: 64
address sizes	: 46 bits physical, 57 bits virtual
power management:

processor	: 75
vendor_id	: GenuineIntel
cpu family	: 6
model		: 106
model name	: Intel(R) Xeon(R) Platinum 8368Q CPU @ 2.60GHz
stepping	: 6
microcode	: 0xd000421
cpu MHz		: 800.000
cache size	: 58368 KB
physical id	: 0
siblings	: 76
core id		: 37
cpu cores	: 38
apicid		: 75
initial apicid	: 75
fpu		: yes
fpu_exception	: yes
cpuid level	: 27
wp		: yes
flags		: fpu vme de pse tsc msr pae mce cx8 apic sep mtrr pge mca cmov pat pse36 clflush dts acpi mmx fxsr sse sse2 ss ht tm pbe syscall nx pdpe1gb rdtscp lm constant_tsc art arch_perfmon pebs bts rep_good nopl xtopology nonstop_tsc cpuid aperfmperf pni pclmulqdq dtes64 monitor ds_cpl vmx smx est tm2 ssse3 sdbg fma cx16 xtpr pdcm pcid dca sse4_1 sse4_2 x2apic movbe popcnt tsc_deadline_timer aes xsave avx f16c rdrand lahf_lm abm 3dnowprefetch cpuid_fault epb cat_l3 ssbd mba ibrs ibpb stibp ibrs_enhanced tpr_shadow flexpriority ept vpid ept_ad fsgsbase tsc_adjust bmi1 avx2 smep bmi2 erms invpcid cqm rdt_a avx512f avx512dq rdseed adx smap avx512ifma clflushopt clwb intel_pt avx512cd sha_ni avx512bw avx512vl xsaveopt xsavec xgetbv1 xsaves cqm_llc cqm_occup_llc cqm_mbm_total cqm_mbm_local split_lock_detect wbnoinvd dtherm ida arat pln pts vnmi avx512vbmi umip pku ospke avx512_vbmi2 gfni vaes vpclmulqdq avx512_vnni avx512_bitalg tme avx512_vpopcntdq la57 rdpid fsrm md_clear pconfig flush_l1d arch_capabilities
vmx flags	: vnmi preemption_timer posted_intr invvpid ept_x_only ept_ad ept_1gb flexpriority apicv tsc_offset vtpr mtf vapic ept vpid unrestricted_guest vapic_reg vid ple shadow_vmcs pml ept_mode_based_exec tsc_scaling
bugs		: spectre_v1 spectre_v2 spec_store_bypass swapgs mmio_stale_data eibrs_pbrsb gds bhi its its_native_only
bogomips	: 5200.00
clflush size	: 64
cache_alignment	: 64
address sizes	: 46 bits physical, 57 bits virtual
power management:



Memory: 4k page, physical 263542384k(205043396k free), swap 2097148k(2097148k free)

vm_info: OpenJDK 64-Bit Server VM (25.482-b08) for linux-amd64 JRE (1.8.0_482-8u482-ga~us1-0ubuntu1~22.04-b08), built on Jan 25 2026 21:05:59 by "buildd" with gcc 11.4.0

time: Wed Mar 11 03:19:18 2026
timezone: EDT
elapsed time: 297.702681 seconds (0d 0h 4m 57s)

