#
# A fatal error has been detected by the Java Runtime Environment:
#
#  SIGSEGV (0xb) at pc=0x00007ead98a7a289, pid=122722, tid=0x00007ead8adff640
#
# JRE version: OpenJDK Runtime Environment (8.0_482-b08) (build 1.8.0_482-8u482-ga~us1-0ubuntu1~22.04-b08)
# Java VM: OpenJDK 64-Bit Server VM (25.482-b08 mixed mode linux-amd64 compressed oops)
# Problematic frame:
# C  [libforl0_engine.so+0x35289]  Java_org_apache_flink_state_forl0_NativeEngine_valueGetGeneric+0x1a9
#
# Failed to write core dump. Core dumps have been disabled. To enable core dumping, try "ulimit -c unlimited" before starting Java again
#
# If you would like to submit a bug report, please visit:
#   http://bugreport.java.com/bugreport/crash.jsp
# The crash happened outside the Java Virtual Machine in native code.
# See problematic frame for where to report the bug.
#

---------------  T H R E A D  ---------------

Current thread (0x00007eab780c0800):  JavaThread "stateful -> Sink: sink (1/1)#0" [_thread_in_native, id=123098, stack(0x00007ead8ad00000,0x00007ead8ae00000)]

siginfo: si_signo: 11 (SIGSEGV), si_code: 128 (SI_KERNEL), si_addr: 0x0000000000000000

Registers:
RAX=0x0100000000000000, RBX=0x00007eaab80725f0, RCX=0x0100000000000000, RDX=0x0f83cad7329cd01a
RSP=0x00007ead8adfdfc0, RBP=0x00007eab780c0a60, RSI=0x00007eaab807260f, RDI=0x00007ead8adfe030
R8 =0x0dbedce0efd6364f, R9 =0x00000680a805200e, R10=0x00007eadc10184db, R11=0x00007eadd6c32160
R12=0x0000000000000004, R13=0x00007eaab8072610, R14=0x00000680a805200e, R15=0x00007ead8adfe030
RIP=0x00007ead98a7a289, EFLAGS=0x0000000000010202, CSGSFS=0x002b000000000033, ERR=0x0000000000000000
  TRAPNO=0x000000000000000d

Top of Stack: (sp=0x00007ead8adfdfc0)
0x00007ead8adfdfc0:   00007ead8adfe010 00007ead8adfe030
0x00007ead8adfdfd0:   00007ead8adfe030 0000000000000000
0x00007ead8adfdfe0:   1d1d1d1d1d1d1d1d 1d1d1d1d1d1d1d1d
0x00007ead8adfdff0:   0000000000000001 00007ead8adfdff8
0x00007ead8adfe000:   0100000000000000 00007eaab80725f0
0x00007ead8adfe010:   00007eaab807260f 00007eab780c0a60
0x00007ead8adfe020:   00007ead8adfe030 0000000000000004
0x00007ead8adfe030:   0000000021000000 0000000000000018
0x00007ead8adfe040:   00007ead8adfe050 0000000000000004
0x00007ead8adfe050:   0000000021000000 0000000000000018
0x00007ead8adfe060:   00007ead8adfe138 07a78576aed66700
0x00007ead8adfe070:   00007ead8adfe0e0 00007ead8ab14f70
0x00007ead8adfe080:   00007ead8adfe118 0000000000000000
0x00007ead8adfe090:   00007ead8ab14f70 00007ead8adfe150
0x00007ead8adfe0a0:   00007eab780c0800 00007eadc1018507
0x00007ead8adfe0b0:   00007ead8adfe0f0 00007ead933eff08
0x00007ead8adfe0c0:   0000000000000000 00007ead933ee088
0x00007ead8adfe0d0:   0000000000000000 00007ead8adfe0d8
0x00007ead8adfe0e0:   0000000000000000 00007ead8adfe150
0x00007ead8adfe0f0:   00007ead8ab16f58 0000000000000000
0x00007ead8adfe100:   00007ead8ab14f70 0000000000000000
0x00007ead8adfe110:   00007ead8adfe138 00007ead8adfe198
0x00007ead8adfe120:   00007eadc1007e00 0000000080ef59d8
0x00007ead8adfe130:   00007eadc1011afb 000000000000001d
0x00007ead8adfe140:   0000000587c5f860 00007eaab807d870
0x00007ead8adfe150:   0000000587c5f860 00007ead8adfe158
0x00007ead8adfe160:   00007ead8ab28348 00007ead8adfe1c8
0x00007ead8adfe170:   00007ead8ab293a0 0000000000000000
0x00007ead8adfe180:   00007ead8ab28400 00007ead8adfe138
0x00007ead8adfe190:   00007ead8adfe1c8 00007ead8adfe210
0x00007ead8adfe1a0:   00007eadc1007ee0 0000000000000000
0x00007ead8adfe1b0:   0000000587c5f860 000000000000001d 

Instructions: (pc=0x00007ead98a7a289)
0x00007ead98a7a269:   62 f2 7d 08 7a e8 49 21 f1 4c 89 f0 4d 89 e5 c5
0x00007ead98a7a279:   f9 7f 6c 24 20 4d 89 ce 49 89 c4 48 8b 44 24 40
0x00007ead98a7a289:   c4 a1 7a 6f 24 30 c5 d9 74 44 24 20 c5 f9 7f 64
0x00007ead98a7a299:   24 30 c5 79 d7 f8 45 85 ff 0f 84 4b 01 00 00 48 

Register to memory mapping:

RAX=0x0100000000000000 is an unknown value
RBX=0x00007eaab80725f0 is an unknown value
RCX=0x0100000000000000 is an unknown value
RDX=0x0f83cad7329cd01a is an unknown value
RSP=0x00007ead8adfdfc0 is pointing into the stack for thread: 0x00007eab780c0800
RBP=0x00007eab780c0a60 is an unknown value
RSI=0x00007eaab807260f is an unknown value
RDI=0x00007ead8adfe030 is pointing into the stack for thread: 0x00007eab780c0800
R8 =0x0dbedce0efd6364f is an unknown value
R9 =0x00000680a805200e is an unknown value
R10=0x00007eadc10184db is at code_begin+859 in an Interpreter codelet
method entry point (kind = native)  [0x00007eadc1018180, 0x00007eadc1018b20]  2464 bytes
R11=0x00007eadd6c32160: <offset 0xa32160> in /usr/lib/jvm/java-8-openjdk-amd64/jre/lib/amd64/server/libjvm.so at 0x00007eadd6200000
R12=0x0000000000000004 is an unknown value
R13=0x00007eaab8072610 is an unknown value
R14=0x00000680a805200e is an unknown value
R15=0x00007ead8adfe030 is pointing into the stack for thread: 0x00007eab780c0800


Stack: [0x00007ead8ad00000,0x00007ead8ae00000],  sp=0x00007ead8adfdfc0,  free space=1015k
Native frames: (J=compiled Java code, j=interpreted, Vv=VM code, C=native code)
C  [libforl0_engine.so+0x35289]  Java_org_apache_flink_state_forl0_NativeEngine_valueGetGeneric+0x1a9

Java frames: (J=compiled Java code, j=interpreted, Vv=VM code)
j  org.apache.flink.state.forl0.NativeEngine.valueGetGeneric(J[BI)[B+0
j  org.apache.flink.state.forl0.ForL0ValueState.value()Ljava/lang/Object;+144
j  org.apache.flink.state.forl0.minicluster.ForL0CheckpointOptimizationITCase$LargeStateSink.flatMap(Lorg/apache/flink/api/java/tuple/Tuple2;Lorg/apache/flink/util/Collector;)V+69
j  org.apache.flink.state.forl0.minicluster.ForL0CheckpointOptimizationITCase$LargeStateSink.flatMap(Ljava/lang/Object;Lorg/apache/flink/util/Collector;)V+6
j  org.apache.flink.streaming.api.operators.StreamFlatMap.processElement(Lorg/apache/flink/streaming/runtime/streamrecord/StreamRecord;)V+23
j  org.apache.flink.streaming.runtime.io.RecordProcessorUtils.lambda$getRecordProcessor$0(Lorg/apache/flink/streaming/api/operators/Input;Lorg/apache/flink/streaming/runtime/streamrecord/StreamRecord;)V+9
j  org.apache.flink.streaming.runtime.io.RecordProcessorUtils$$Lambda$1545.accept(Ljava/lang/Object;)V+8
j  org.apache.flink.streaming.runtime.tasks.OneInputStreamTask$StreamTaskNetworkOutput.emitRecord(Lorg/apache/flink/streaming/runtime/streamrecord/StreamRecord;)V+14
j  org.apache.flink.streaming.runtime.io.AbstractStreamTaskNetworkInput.processElement(Lorg/apache/flink/streaming/runtime/streamrecord/StreamElement;Lorg/apache/flink/streaming/runtime/io/PushingAsyncDataInput$DataOutput;)Z+12
j  org.apache.flink.streaming.runtime.io.AbstractStreamTaskNetworkInput.emitNext(Lorg/apache/flink/streaming/runtime/io/PushingAsyncDataInput$DataOutput;)Lorg/apache/flink/streaming/runtime/io/DataInputStatus;+83
j  org.apache.flink.streaming.runtime.io.StreamOneInputProcessor.processInput()Lorg/apache/flink/streaming/runtime/io/DataInputStatus;+8
j  org.apache.flink.streaming.runtime.tasks.StreamTask.processInput(Lorg/apache/flink/streaming/runtime/tasks/mailbox/MailboxDefaultAction$Controller;)V+4
j  org.apache.flink.streaming.runtime.tasks.StreamTask$$Lambda$1461.runDefaultAction(Lorg/apache/flink/streaming/runtime/tasks/mailbox/MailboxDefaultAction$Controller;)V+5
j  org.apache.flink.streaming.runtime.tasks.mailbox.MailboxProcessor.runMailboxLoop()V+95
j  org.apache.flink.streaming.runtime.tasks.StreamTask.runMailboxLoop()V+4
j  org.apache.flink.streaming.runtime.tasks.StreamTask.invoke()V+46
j  org.apache.flink.runtime.taskmanager.Task$$Lambda$1588.run()V+4
j  org.apache.flink.runtime.taskmanager.Task.runWithSystemExitMonitoring(Lorg/apache/flink/util/function/RunnableWithException;)V+4
j  org.apache.flink.runtime.taskmanager.Task.restoreAndInvoke(Lorg/apache/flink/runtime/jobgraph/tasks/TaskInvokable;)V+131
j  org.apache.flink.runtime.taskmanager.Task.doRun()V+712
j  org.apache.flink.runtime.taskmanager.Task.run()V+14
j  java.lang.Thread.run()V+11
v  ~StubRoutines::call_stub

---------------  P R O C E S S  ---------------

Java Threads: ( => current thread )
  0x00007eaab8087000 JavaThread "System Time Trigger for stateful -> Sink: sink (1/1)#0" daemon [_thread_blocked, id=123107, stack(0x00007ead8a400000,0x00007ead8a500000)]
  0x00007eaae804c000 JavaThread "jobmanager-io-thread-3" daemon [_thread_blocked, id=123106, stack(0x00007ead8a500000,0x00007ead8a600000)]
  0x00007eaac007d000 JavaThread "System Time Trigger for Source: Custom Source -> src (1/1)#0" daemon [_thread_blocked, id=123104, stack(0x00007ead8a600000,0x00007ead8a700000)]
  0x00007eaac0079000 JavaThread "Legacy Source Thread - Source: Custom Source -> src (1/1)#0" [_thread_blocked, id=123103, stack(0x00007ead8a700000,0x00007ead8a800000)]
  0x00007eaae803a000 JavaThread "jobmanager-io-thread-2" daemon [_thread_blocked, id=123102, stack(0x00007ead8a800000,0x00007ead8a900000)]
  0x00007eaac0077000 JavaThread "Time Trigger for Source: Custom Source -> src (1/1)#0" daemon [_thread_blocked, id=123100, stack(0x00007ead8a900000,0x00007ead8aa00000)]
  0x00007eaac001f800 JavaThread "OutputFlusher for Source: Custom Source -> src (1/1)#0" daemon [_thread_blocked, id=123099, stack(0x00007ead8ac00000,0x00007ead8ad00000)]
=>0x00007eab780c0800 JavaThread "stateful -> Sink: sink (1/1)#0" [_thread_in_native, id=123098, stack(0x00007ead8ad00000,0x00007ead8ae00000)]
  0x00007eaac0002000 JavaThread "CloseableReaperThread" daemon [_thread_blocked, id=123097, stack(0x00007ead8ae00000,0x00007ead8af00000)]
  0x00007eab780a0800 JavaThread "Source: Custom Source -> src (1/1)#0" [_thread_blocked, id=123096, stack(0x00007ead8af00000,0x00007ead8b000000)]
  0x00007eab08080000 JavaThread "jobmanager-future-thread-3" daemon [_thread_blocked, id=123095, stack(0x00007ead8b000000,0x00007ead8b100000)]
  0x00007eab0807e000 JavaThread "jobmanager-future-thread-2" daemon [_thread_blocked, id=123094, stack(0x00007ead8b100000,0x00007ead8b200000)]
  0x00007eab0c00e000 JavaThread "pool-3-thread-1" [_thread_blocked, id=123087, stack(0x00007ead8b800000,0x00007ead8b900000)]
  0x00007eab08075800 JavaThread "jobmanager-future-thread-1" daemon [_thread_blocked, id=123082, stack(0x00007ead90e07000,0x00007ead90f07000)]
  0x00007eab08055000 JavaThread "Checkpoint Timer" daemon [_thread_blocked, id=123081, stack(0x00007ead90f07000,0x00007ead91007000)]
  0x00007eab0804e000 JavaThread "jobmanager_3-main-scheduler-thread-1" daemon [_thread_blocked, id=123080, stack(0x00007ead91200000,0x00007ead91300000)]
  0x00007eab10049000 JavaThread "jobmanager-io-thread-1" daemon [_thread_blocked, id=123079, stack(0x00007ead91300000,0x00007ead91400000)]
  0x00007eab08043000 JavaThread "taskmanager_0-main-scheduler-thread-1" daemon [_thread_blocked, id=123077, stack(0x00007ead8b900000,0x00007ead8ba00000)]
  0x00007eab18017800 JavaThread "flink-pekko.actor.default-dispatcher-8" [_thread_blocked, id=123076, stack(0x00007ead8bc00000,0x00007ead8bd00000)]
  0x00007eab50001000 JavaThread "ForkJoinPool.commonPool-worker-100" daemon [_thread_blocked, id=123075, stack(0x00007ead8bd00000,0x00007ead8be00000)]
  0x00007eab0c001000 JavaThread "ForkJoinPool.commonPool-worker-86" daemon [_thread_blocked, id=123074, stack(0x00007ead8be00000,0x00007ead8bf00000)]
  0x00007eab18024000 JavaThread "ForkJoinPool.commonPool-worker-29" daemon [_thread_blocked, id=123073, stack(0x00007ead8bf00000,0x00007ead8c000000)]
  0x00007eab2403f800 JavaThread "ForkJoinPool.commonPool-worker-43" daemon [_thread_blocked, id=123072, stack(0x00007ead90000000,0x00007ead90100000)]
  0x00007eab2c0d4800 JavaThread "ForkJoinPool.commonPool-worker-114" daemon [_thread_blocked, id=123071, stack(0x00007ead90c28000,0x00007ead90d28000)]
  0x00007eab37fdf800 JavaThread "process reaper" daemon [_thread_blocked, id=123070, stack(0x00007ead98ab8000,0x00007ead98af1000)]
  0x00007eab10039800 JavaThread "flink-pekko.actor.default-dispatcher-7" [_thread_blocked, id=123069, stack(0x00007ead91007000,0x00007ead91107000)]
  0x00007eab1800c000 JavaThread "flink-pekko.actor.default-dispatcher-6" [_thread_blocked, id=123067, stack(0x00007ead90100000,0x00007ead90200000)]
  0x00007eab7800d800 JavaThread "resourcemanager_1-main-scheduler-thread-1" daemon [_thread_blocked, id=123066, stack(0x00007ead904f8000,0x00007ead905f8000)]
  0x00007eab37e5c800 JavaThread "mini-cluster-io-thread-4" daemon [_thread_blocked, id=123065, stack(0x00007ead905f8000,0x00007ead906f8000)]
  0x00007eab1800a000 JavaThread "pool-4-thread-1" [_thread_blocked, id=123064, stack(0x00007ead906f8000,0x00007ead907f8000)]
  0x00007eab37df6000 JavaThread "mini-cluster-io-thread-3" daemon [_thread_blocked, id=123063, stack(0x00007ead907f8000,0x00007ead908f8000)]
  0x00007eab37dd4800 JavaThread "mini-cluster-io-thread-2" daemon [_thread_blocked, id=123062, stack(0x00007ead908f8000,0x00007ead909f8000)]
  0x00007eab37cf5800 JavaThread "Flink-DispatcherRestEndpoint-thread-1" daemon [_thread_blocked, id=123061, stack(0x00007ead909f8000,0x00007ead90af8000)]
  0x00007eab36c1d000 JavaThread "mini-cluster-io-thread-1" daemon [_thread_blocked, id=123060, stack(0x00007ead90af8000,0x00007ead90bf8000)]
  0x00007eab37ca9000 JavaThread "flink-rest-server-netty-boss-thread-1" daemon [_thread_in_native, id=123059, stack(0x00007ead91c00000,0x00007ead91d00000)]
  0x00007eadd2a66000 JavaThread "IOManager reader thread #1" daemon [_thread_blocked, id=123055, stack(0x00007ead91d00000,0x00007ead91e00000)]
  0x00007eadd2a64000 JavaThread "IOManager writer thread #1" daemon [_thread_blocked, id=123054, stack(0x00007ead91e00000,0x00007ead91f00000)]
  0x00007eadd2a0b800 JavaThread "Timer-2" daemon [_thread_blocked, id=123053, stack(0x00007ead91f00000,0x00007ead92000000)]
  0x00007eadd2a10800 JavaThread "Timer-1" daemon [_thread_blocked, id=123052, stack(0x00007ead92000000,0x00007ead92100000)]
  0x00007eadd29fb000 JavaThread "BLOB Server listener at 34517" daemon [_thread_in_native, id=123051, stack(0x00007ead92100000,0x00007ead92200000)]
  0x00007eadd29f3000 JavaThread "Timer-0" daemon [_thread_blocked, id=123050, stack(0x00007ead92400000,0x00007ead92500000)]
  0x00007eadd297c000 JavaThread "Flink-Metric-View-Updater-thread-1" daemon [_thread_blocked, id=123049, stack(0x00007ead92500000,0x00007ead92600000)]
  0x00007eab5c003000 JavaThread "ForkJoinPool.commonPool-worker-57" daemon [_thread_blocked, id=123048, stack(0x00007ead92800000,0x00007ead92900000)]
  0x00007eab60001800 JavaThread "flink-metrics-pekko.actor.supervisor-dispatcher-8" [_thread_blocked, id=123047, stack(0x00007ead92900000,0x00007ead92a00000)]
  0x00007eab64001800 JavaThread "flink-metrics-7" [_thread_blocked, id=123046, stack(0x00007ead92a00000,0x00007ead92b00000)]
  0x00007eab68001000 JavaThread "flink-metrics-pekko.actor.internal-dispatcher-5" [_thread_blocked, id=123045, stack(0x00007ead92b00000,0x00007ead92c00000)]
  0x00007eadd2959800 JavaThread "flink-metrics-pekko.actor.internal-dispatcher-6" [_thread_blocked, id=123044, stack(0x00007ead92c00000,0x00007ead92d00000)]
  0x00007eab74001800 JavaThread "flink-metrics-pekko.actor.internal-dispatcher-4" [_thread_blocked, id=123043, stack(0x00007ead92d00000,0x00007ead92e00000)]
  0x00007eadd2958000 JavaThread "flink-metrics-pekko.actor.internal-dispatcher-3" [_thread_blocked, id=123042, stack(0x00007ead92e00000,0x00007ead92f00000)]
  0x00007eadd2957000 JavaThread "flink-metrics-pekko.actor.internal-dispatcher-2" [_thread_blocked, id=123041, stack(0x00007ead92f00000,0x00007ead93000000)]
  0x00007eadd294d000 JavaThread "flink-metrics-scheduler-1" [_thread_blocked, id=123040, stack(0x00007ead93000000,0x00007ead93100000)]
  0x00007eab80031000 JavaThread "flink-pekko.actor.supervisor-dispatcher-5" [_thread_blocked, id=123027, stack(0x00007ead93100000,0x00007ead93200000)]
  0x00007eab80009800 JavaThread "flink-pekko.actor.default-dispatcher-4" [_thread_blocked, id=122886, stack(0x00007ead93400000,0x00007ead93500000)]
  0x00007eadd287c800 JavaThread "flink-pekko.actor.internal-dispatcher-3" [_thread_blocked, id=122872, stack(0x00007ead93500000,0x00007ead93600000)]
  0x00007eadd2862800 JavaThread "flink-pekko.actor.internal-dispatcher-2" [_thread_blocked, id=122859, stack(0x00007ead93800000,0x00007ead93900000)]
  0x00007eadd27bb000 JavaThread "flink-scheduler-1" [_thread_blocked, id=122831, stack(0x00007ead93900000,0x00007ead93a00000)]
  0x00007eadd0e81000 JavaThread "surefire-forkedjvm-command-thread" daemon [_thread_in_native, id=122808, stack(0x00007ead98b02000,0x00007ead98c02000)]
  0x00007eadd0e72000 JavaThread "surefire-forkedjvm-stream-flusher" daemon [_thread_blocked, id=122807, stack(0x00007ead98c02000,0x00007ead98d02000)]
  0x00007eadd07cc800 JavaThread "Service Thread" daemon [_thread_blocked, id=122800, stack(0x00007ead992ee000,0x00007ead993ee000)]
  0x00007eadd07c9800 JavaThread "C1 CompilerThread17" daemon [_thread_blocked, id=122799, stack(0x00007ead993ef000,0x00007ead994ef000)]
  0x00007eadd07c7800 JavaThread "C1 CompilerThread16" daemon [_thread_blocked, id=122798, stack(0x00007ead994f0000,0x00007ead995f0000)]
  0x00007eadd07c5800 JavaThread "C1 CompilerThread15" daemon [_thread_blocked, id=122797, stack(0x00007ead995f1000,0x00007ead996f1000)]
  0x00007eadd07c4000 JavaThread "C1 CompilerThread14" daemon [_thread_blocked, id=122796, stack(0x00007ead996f2000,0x00007ead997f2000)]
  0x00007eadd07c2000 JavaThread "C1 CompilerThread13" daemon [_thread_blocked, id=122795, stack(0x00007ead997f3000,0x00007ead998f3000)]
  0x00007eadd07bf800 JavaThread "C1 CompilerThread12" daemon [_thread_blocked, id=122794, stack(0x00007ead998f4000,0x00007ead999f4000)]
  0x00007eadd07bd800 JavaThread "C2 CompilerThread11" daemon [_thread_blocked, id=122793, stack(0x00007ead999f5000,0x00007ead99af5000)]
  0x00007eadd07bb800 JavaThread "C2 CompilerThread10" daemon [_thread_blocked, id=122792, stack(0x00007ead99af6000,0x00007ead99bf6000)]
  0x00007eadd07b9000 JavaThread "C2 CompilerThread9" daemon [_thread_blocked, id=122791, stack(0x00007ead99bf7000,0x00007ead99cf7000)]
  0x00007eadd07b7000 JavaThread "C2 CompilerThread8" daemon [_thread_blocked, id=122790, stack(0x00007ead99cf8000,0x00007ead99df8000)]
  0x00007eadd07b5000 JavaThread "C2 CompilerThread7" daemon [_thread_blocked, id=122789, stack(0x00007ead99df9000,0x00007ead99ef9000)]
  0x00007eadd07b3000 JavaThread "C2 CompilerThread6" daemon [_thread_blocked, id=122788, stack(0x00007ead99efa000,0x00007ead99ffa000)]
  0x00007eadd07b1000 JavaThread "C2 CompilerThread5" daemon [_thread_blocked, id=122787, stack(0x00007ead99ffb000,0x00007ead9a0fb000)]
  0x00007eadd07af000 JavaThread "C2 CompilerThread4" daemon [_thread_blocked, id=122786, stack(0x00007ead9a0fc000,0x00007ead9a1fc000)]
  0x00007eadd07ad000 JavaThread "C2 CompilerThread3" daemon [_thread_blocked, id=122785, stack(0x00007ead9a1fd000,0x00007ead9a2fd000)]
  0x00007eadd07ab000 JavaThread "C2 CompilerThread2" daemon [_thread_blocked, id=122784, stack(0x00007ead9a2fe000,0x00007ead9a3fe000)]
  0x00007eadd07a9000 JavaThread "C2 CompilerThread1" daemon [_thread_blocked, id=122783, stack(0x00007ead9a3ff000,0x00007ead9a4ff000)]
  0x00007eadd07a6000 JavaThread "C2 CompilerThread0" daemon [_thread_blocked, id=122782, stack(0x00007ead9a500000,0x00007ead9a600000)]
  0x00007eadd079e800 JavaThread "Signal Dispatcher" daemon [_thread_blocked, id=122781, stack(0x00007ead9abef000,0x00007ead9acef000)]
  0x00007eadd0770800 JavaThread "Finalizer" daemon [_thread_blocked, id=122780, stack(0x00007ead9acef000,0x00007ead9adef000)]
  0x00007eadd076c000 JavaThread "Reference Handler" daemon [_thread_blocked, id=122779, stack(0x00007ead9adef000,0x00007ead9aeef000)]
  0x00007eadd000a000 JavaThread "main" [_thread_blocked, id=122724, stack(0x00007eadd70e0000,0x00007eadd71e0000)]

Other Threads:
  0x00007eadd0762000 VMThread [stack: 0x00007ead9aef0000,0x00007ead9aff0000] [id=122778]
  0x00007eadd07cf000 WatcherThread [stack: 0x00007ead991ee000,0x00007ead992ee000] [id=122801]

VM state:not at safepoint (normal execution)

VM Mutex/Monitor currently owned by a thread: None

heap address: 0x0000000080200000, size: 30718 MB, Compressed Oops mode: Zero based, Oop shift amount: 3
Narrow klass base: 0x0000000800000000, Narrow klass shift: 0
Compressed class space size: 1073741824 Address: 0x0000000800000000

Heap:
 PSYoungGen      total 996864K, used 128856K [0x0000000580100000, 0x00000005c5780000, 0x0000000800000000)
  eden space 956416K, 13% used [0x0000000580100000,0x0000000587ed63a0,0x00000005ba700000)
  from space 40448K, 0% used [0x00000005bbb80000,0x00000005bbb80000,0x00000005be300000)
  to   space 87040K, 0% used [0x00000005c0280000,0x00000005c0280000,0x00000005c5780000)
 ParOldGen       total 2131456K, used 45932K [0x0000000080200000, 0x0000000102380000, 0x0000000580100000)
  object space 2131456K, 2% used [0x0000000080200000,0x0000000082edb188,0x0000000102380000)
 Metaspace       used 54259K, capacity 59260K, committed 59648K, reserved 1099776K
  class space    used 7802K, capacity 8620K, committed 8704K, reserved 1048576K

Card table byte_map: [0x00007eadbd400000,0x00007eadc1000000] byte_map_base: 0x00007eadbcfff000

Marking Bits: (ParMarkBitMap*) 0x00007eadd6fe8760
 Begin Bits: [0x00007eac6d410000, 0x00007eac8b408000)
 End Bits:   [0x00007eac8b408000, 0x00007eaca9400000)

Polling page: 0x00007eadd75ac000

CodeCache: size=245760Kb used=13594Kb max_used=14807Kb free=232165Kb
 bounds [0x00007eadc1000000, 0x00007eadc1e90000, 0x00007eadd0000000]
 total_blobs=4081 nmethods=3397 adapters=592
 compilation: enabled

Compilation events (10 events):
Event: 4.665 Thread 0x00007eadd07c7800 3841       3       org.apache.logging.log4j.core.layout.AbstractStringLayout::trimToMaxSize (8 bytes)
Event: 4.665 Thread 0x00007eadd07c9800 nmethod 3842 0x00007eadc145e050 code [0x00007eadc145e1c0, 0x00007eadc145e468]
Event: 4.666 Thread 0x00007eadd07c7800 nmethod 3841 0x00007eadc1579890 code [0x00007eadc1579a40, 0x00007eadc1579ff8]
Event: 4.666 Thread 0x00007eadd07c9800 3843       3       org.apache.logging.log4j.util.StackLocator::getCallerClass (88 bytes)
Event: 4.666 Thread 0x00007eadd07c2000 3844   !   3       org.apache.logging.log4j.LogManager::getContext (43 bytes)
Event: 4.666 Thread 0x00007eadd07c5800 3845   !   3       org.apache.logging.log4j.spi.AbstractLoggerAdapter::getLoggersInContext (174 bytes)
Event: 4.668 Thread 0x00007eadd07c9800 nmethod 3843 0x00007eadc16333d0 code [0x00007eadc16335a0, 0x00007eadc1633db8]
Event: 4.668 Thread 0x00007eadd07c2000 nmethod 3844 0x00007eadc1416390 code [0x00007eadc14165a0, 0x00007eadc1416f38]
Event: 4.670 Thread 0x00007eadd07bf800 nmethod 3840 0x00007eadc19cb2d0 code [0x00007eadc19cb9e0, 0x00007eadc19d1498]
Event: 4.671 Thread 0x00007eadd07c5800 nmethod 3845 0x00007eadc14f94d0 code [0x00007eadc14f9860, 0x00007eadc14fb958]

GC Heap History (10 events):
Event: 1.502 GC heap before
{Heap before GC invocations=2 (full 1):
 PSYoungGen      total 611840K, used 14656K [0x0000000580100000, 0x00000005cac00000, 0x0000000800000000)
  eden space 524800K, 0% used [0x0000000580100000,0x0000000580100000,0x00000005a0180000)
  from space 87040K, 16% used [0x00000005a0180000,0x00000005a0fd0070,0x00000005a5680000)
  to   space 87040K, 0% used [0x00000005c5700000,0x00000005c5700000,0x00000005cac00000)
 ParOldGen       total 1398272K, used 24K [0x0000000080200000, 0x00000000d5780000, 0x0000000580100000)
  object space 1398272K, 0% used [0x0000000080200000,0x0000000080206000,0x00000000d5780000)
 Metaspace       used 19891K, capacity 21214K, committed 21296K, reserved 1067008K
  class space    used 2645K, capacity 2935K, committed 2944K, reserved 1048576K
Event: 1.571 GC heap after
Heap after GC invocations=2 (full 1):
 PSYoungGen      total 611840K, used 0K [0x0000000580100000, 0x00000005cac00000, 0x0000000800000000)
  eden space 524800K, 0% used [0x0000000580100000,0x0000000580100000,0x00000005a0180000)
  from space 87040K, 0% used [0x00000005a0180000,0x00000005a0180000,0x00000005a5680000)
  to   space 87040K, 0% used [0x00000005c5700000,0x00000005c5700000,0x00000005cac00000)
 ParOldGen       total 880640K, used 13317K [0x0000000080200000, 0x00000000b5e00000, 0x0000000580100000)
  object space 880640K, 1% used [0x0000000080200000,0x0000000080f01678,0x00000000b5e00000)
 Metaspace       used 19891K, capacity 21214K, committed 21296K, reserved 1067008K
  class space    used 2645K, capacity 2935K, committed 2944K, reserved 1048576K
}
Event: 2.618 GC heap before
{Heap before GC invocations=3 (full 1):
 PSYoungGen      total 611840K, used 185018K [0x0000000580100000, 0x00000005cac00000, 0x0000000800000000)
  eden space 524800K, 35% used [0x0000000580100000,0x000000058b5aeb80,0x00000005a0180000)
  from space 87040K, 0% used [0x00000005a0180000,0x00000005a0180000,0x00000005a5680000)
  to   space 87040K, 0% used [0x00000005c5700000,0x00000005c5700000,0x00000005cac00000)
 ParOldGen       total 880640K, used 13317K [0x0000000080200000, 0x00000000b5e00000, 0x0000000580100000)
  object space 880640K, 1% used [0x0000000080200000,0x0000000080f01678,0x00000000b5e00000)
 Metaspace       used 33123K, capacity 35416K, committed 35496K, reserved 1079296K
  class space    used 4690K, capacity 5072K, committed 5120K, reserved 1048576K
Event: 2.647 GC heap after
Heap after GC invocations=3 (full 1):
 PSYoungGen      total 727040K, used 14394K [0x0000000580100000, 0x00000005c6580000, 0x0000000800000000)
  eden space 712192K, 0% used [0x0000000580100000,0x0000000580100000,0x00000005ab880000)
  from space 14848K, 96% used [0x00000005c5700000,0x00000005c650eb98,0x00000005c6580000)
  to   space 87040K, 0% used [0x00000005bbb80000,0x00000005bbb80000,0x00000005c1080000)
 ParOldGen       total 880640K, used 13325K [0x0000000080200000, 0x00000000b5e00000, 0x0000000580100000)
  object space 880640K, 1% used [0x0000000080200000,0x0000000080f03678,0x00000000b5e00000)
 Metaspace       used 33123K, capacity 35416K, committed 35496K, reserved 1079296K
  class space    used 4690K, capacity 5072K, committed 5120K, reserved 1048576K
}
Event: 2.647 GC heap before
{Heap before GC invocations=4 (full 2):
 PSYoungGen      total 727040K, used 14394K [0x0000000580100000, 0x00000005c6580000, 0x0000000800000000)
  eden space 712192K, 0% used [0x0000000580100000,0x0000000580100000,0x00000005ab880000)
  from space 14848K, 96% used [0x00000005c5700000,0x00000005c650eb98,0x00000005c6580000)
  to   space 87040K, 0% used [0x00000005bbb80000,0x00000005bbb80000,0x00000005c1080000)
 ParOldGen       total 880640K, used 13325K [0x0000000080200000, 0x00000000b5e00000, 0x0000000580100000)
  object space 880640K, 1% used [0x0000000080200000,0x0000000080f03678,0x00000000b5e00000)
 Metaspace       used 33123K, capacity 35416K, committed 35496K, reserved 1079296K
  class space    used 4690K, capacity 5072K, committed 5120K, reserved 1048576K
Event: 2.718 GC heap after
Heap after GC invocations=4 (full 2):
 PSYoungGen      total 727040K, used 0K [0x0000000580100000, 0x00000005c6580000, 0x0000000800000000)
  eden space 712192K, 0% used [0x0000000580100000,0x0000000580100000,0x00000005ab880000)
  from space 14848K, 0% used [0x00000005c5700000,0x00000005c5700000,0x00000005c6580000)
  to   space 87040K, 0% used [0x00000005bbb80000,0x00000005bbb80000,0x00000005c1080000)
 ParOldGen       total 1474048K, used 17624K [0x0000000080200000, 0x00000000da180000, 0x0000000580100000)
  object space 1474048K, 1% used [0x0000000080200000,0x00000000813362d8,0x00000000da180000)
 Metaspace       used 33123K, capacity 35416K, committed 35496K, reserved 1079296K
  class space    used 4690K, capacity 5072K, committed 5120K, reserved 1048576K
}
Event: 4.344 GC heap before
{Heap before GC invocations=5 (full 2):
 PSYoungGen      total 727040K, used 341559K [0x0000000580100000, 0x00000005c6580000, 0x0000000800000000)
  eden space 712192K, 47% used [0x0000000580100000,0x0000000594e8dfb8,0x00000005ab880000)
  from space 14848K, 0% used [0x00000005c5700000,0x00000005c5700000,0x00000005c6580000)
  to   space 87040K, 0% used [0x00000005bbb80000,0x00000005bbb80000,0x00000005c1080000)
 ParOldGen       total 1474048K, used 17624K [0x0000000080200000, 0x00000000da180000, 0x0000000580100000)
  object space 1474048K, 1% used [0x0000000080200000,0x00000000813362d8,0x00000000da180000)
 Metaspace       used 53969K, capacity 59012K, committed 59136K, reserved 1099776K
  class space    used 7765K, capacity 8608K, committed 8704K, reserved 1048576K
Event: 4.403 GC heap after
Heap after GC invocations=5 (full 2):
 PSYoungGen      total 996864K, used 40026K [0x0000000580100000, 0x00000005c5780000, 0x0000000800000000)
  eden space 956416K, 0% used [0x0000000580100000,0x0000000580100000,0x00000005ba700000)
  from space 40448K, 98% used [0x00000005bbb80000,0x00000005be296b70,0x00000005be300000)
  to   space 87040K, 0% used [0x00000005c0280000,0x00000005c0280000,0x00000005c5780000)
 ParOldGen       total 1474048K, used 17632K [0x0000000080200000, 0x00000000da180000, 0x0000000580100000)
  object space 1474048K, 1% used [0x0000000080200000,0x00000000813382d8,0x00000000da180000)
 Metaspace       used 53969K, capacity 59012K, committed 59136K, reserved 1099776K
  class space    used 7765K, capacity 8608K, committed 8704K, reserved 1048576K
}
Event: 4.403 GC heap before
{Heap before GC invocations=6 (full 3):
 PSYoungGen      total 996864K, used 40026K [0x0000000580100000, 0x00000005c5780000, 0x0000000800000000)
  eden space 956416K, 0% used [0x0000000580100000,0x0000000580100000,0x00000005ba700000)
  from space 40448K, 98% used [0x00000005bbb80000,0x00000005be296b70,0x00000005be300000)
  to   space 87040K, 0% used [0x00000005c0280000,0x00000005c0280000,0x00000005c5780000)
 ParOldGen       total 1474048K, used 17632K [0x0000000080200000, 0x00000000da180000, 0x0000000580100000)
  object space 1474048K, 1% used [0x0000000080200000,0x00000000813382d8,0x00000000da180000)
 Metaspace       used 53969K, capacity 59012K, committed 59136K, reserved 1099776K
  class space    used 7765K, capacity 8608K, committed 8704K, reserved 1048576K
Event: 4.603 GC heap after
Heap after GC invocations=6 (full 3):
 PSYoungGen      total 996864K, used 0K [0x0000000580100000, 0x00000005c5780000, 0x0000000800000000)
  eden space 956416K, 0% used [0x0000000580100000,0x0000000580100000,0x00000005ba700000)
  from space 40448K, 0% used [0x00000005bbb80000,0x00000005bbb80000,0x00000005be300000)
  to   space 87040K, 0% used [0x00000005c0280000,0x00000005c0280000,0x00000005c5780000)
 ParOldGen       total 2131456K, used 45932K [0x0000000080200000, 0x0000000102380000, 0x0000000580100000)
  object space 2131456K, 2% used [0x0000000080200000,0x0000000082edb188,0x0000000102380000)
 Metaspace       used 53876K, capacity 58772K, committed 59136K, reserved 1099776K
  class space    used 7735K, capacity 8564K, committed 8704K, reserved 1048576K
}

Deoptimization events (10 events):
Event: 4.189 Thread 0x00007eab780a0800 Uncommon trap: reason=class_check action=maybe_recompile pc=0x00007eadc1af2234 method=java.lang.ClassLoader.loadClass(Ljava/lang/String;Z)Ljava/lang/Class; @ 38
Event: 4.189 Thread 0x00007eab780a0800 Uncommon trap: reason=class_check action=maybe_recompile pc=0x00007eadc1af2234 method=java.lang.ClassLoader.loadClass(Ljava/lang/String;Z)Ljava/lang/Class; @ 38
Event: 4.190 Thread 0x00007eab780a0800 Uncommon trap: reason=class_check action=maybe_recompile pc=0x00007eadc1af2234 method=java.lang.ClassLoader.loadClass(Ljava/lang/String;Z)Ljava/lang/Class; @ 38
Event: 4.226 Thread 0x00007eab780c0800 Uncommon trap: reason=class_check action=maybe_recompile pc=0x00007eadc17b3ff8 method=java.util.concurrent.ConcurrentHashMap.putVal(Ljava/lang/Object;Ljava/lang/Object;Z)Ljava/lang/Object; @ 192
Event: 4.226 Thread 0x00007eab780c0800 Uncommon trap: reason=class_check action=maybe_recompile pc=0x00007eadc17b3ff8 method=java.util.concurrent.ConcurrentHashMap.putVal(Ljava/lang/Object;Ljava/lang/Object;Z)Ljava/lang/Object; @ 192
Event: 4.256 Thread 0x00007eab780c0800 Uncommon trap: reason=class_check action=maybe_recompile pc=0x00007eadc17b3ff8 method=java.util.concurrent.ConcurrentHashMap.putVal(Ljava/lang/Object;Ljava/lang/Object;Z)Ljava/lang/Object; @ 192
Event: 4.606 Thread 0x00007eab780c0800 Uncommon trap: reason=unstable_if action=reinterpret pc=0x00007eadc1a23ec4 method=java.lang.invoke.MethodType$ConcurrentWeakInternSet$WeakEntry.equals(Ljava/lang/Object;)Z @ 21
Event: 4.607 Thread 0x00007eaac0077000 Uncommon trap: reason=unstable_if action=reinterpret pc=0x00007eadc17f7964 method=java.util.concurrent.ConcurrentHashMap.get(Ljava/lang/Object;)Ljava/lang/Object; @ 76
Event: 4.609 Thread 0x00007eab780c0800 Uncommon trap: reason=unstable_if action=reinterpret pc=0x00007eadc1e50f48 method=java.lang.invoke.MethodType$ConcurrentWeakInternSet$WeakEntry.equals(Ljava/lang/Object;)Z @ 21
Event: 4.609 Thread 0x00007eaac0077000 Uncommon trap: reason=unstable_if action=reinterpret pc=0x00007eadc1e50f48 method=java.lang.invoke.MethodType$ConcurrentWeakInternSet$WeakEntry.equals(Ljava/lang/Object;)Z @ 21

Classes redefined (0 events):
No events

Internal exceptions (10 events):
Event: 3.540 Thread 0x00007eaaec265800 Exception <a 'java/lang/NoSuchMethodError': <clinit>> (0x000000058f9b21b0) thrown at [./src/hotspot/src/share/vm/prims/jni.cpp, line 1617]
Event: 3.542 Thread 0x00007eaaec265800 Exception <a 'java/lang/NoSuchMethodError': <clinit>> (0x000000058f9e90b8) thrown at [./src/hotspot/src/share/vm/prims/jni.cpp, line 1617]
Event: 3.551 Thread 0x00007eaaec265800 Exception <a 'java/lang/NoSuchMethodError': <clinit>> (0x000000058fa8e250) thrown at [./src/hotspot/src/share/vm/prims/jni.cpp, line 1617]
Event: 3.646 Thread 0x00007eab37e5c800 Exception <a 'java/lang/NoSuchMethodError': java.lang.Object.lambda$unchecked$0(Lorg/apache/flink/util/function/ThrowingRunnable;)V> (0x000000058bfe76b0) thrown at [./src/hotspot/src/share/vm/interpreter/linkResolver.cpp, line 616]
Event: 3.707 Thread 0x00007eab10049000 Exception <a 'java/lang/NoSuchMethodError': java.lang.Object.lambda$static$0(Ljava/util/concurrent/Executor;Ljava/util/Collection;Lorg/apache/flink/core/execution/RestoreMode;)Lorg/apache/flink/runtime/state/SharedStateRegistry;> (0x0000000591418630) thro
Event: 4.106 Thread 0x00007eab1800c000 Exception <a 'java/lang/NoSuchMethodError': <clinit>> (0x000000059307d4e0) thrown at [./src/hotspot/src/share/vm/prims/jni.cpp, line 1617]
Event: 4.219 Thread 0x00007eab780a0800 Exception <a 'java/lang/NoSuchMethodError': java.lang.Object.lambda$getAvailabilityProvider$0()Ljava/util/concurrent/CompletableFuture;> (0x0000000593bda220) thrown at [./src/hotspot/src/share/vm/interpreter/linkResolver.cpp, line 616]
Event: 4.606 Thread 0x00007eab780c0800 Implicit null exception at 0x00007eadc1a22ffc to 0x00007eadc1a23e95
Event: 4.607 Thread 0x00007eab780c0800 Implicit null exception at 0x00007eadc1e50759 to 0x00007eadc1e50f17
Event: 4.607 Thread 0x00007eaac0077000 Implicit null exception at 0x00007eadc1e50759 to 0x00007eadc1e50f17

Events (10 events):
Event: 4.679 loading class org/apache/flink/runtime/io/network/partition/consumer/InputChannel$BufferAndAvailability
Event: 4.679 loading class org/apache/flink/runtime/io/network/partition/consumer/InputChannel$BufferAndAvailability done
Event: 4.680 loading class org/apache/flink/runtime/io/network/partition/consumer/InputGate$InputWithData
Event: 4.680 loading class org/apache/flink/runtime/io/network/partition/consumer/InputGate$InputWithData done
Event: 4.681 loading class org/apache/flink/runtime/io/network/partition/ResultSubpartitionView$AvailabilityWithBacklog
Event: 4.681 loading class org/apache/flink/runtime/io/network/partition/ResultSubpartitionView$AvailabilityWithBacklog done
Event: 4.681 loading class org/apache/flink/streaming/runtime/io/RecoverableStreamTaskInput
Event: 4.681 loading class org/apache/flink/streaming/runtime/io/RecoverableStreamTaskInput done
Event: 4.682 loading class org/apache/flink/runtime/io/network/api/serialization/RecordDeserializer$DeserializationResult
Event: 4.682 loading class org/apache/flink/runtime/io/network/api/serialization/RecordDeserializer$DeserializationResult done


Dynamic libraries:
80200000-102380000 rw-p 00000000 00:00 0 
102380000-580100000 ---p 00000000 00:00 0 
580100000-5c5780000 rw-p 00000000 00:00 0 
5c5780000-800000000 ---p 00000000 00:00 0 
800000000-800880000 rw-p 00000000 00:00 0 
800880000-840000000 ---p 00000000 00:00 0 
5ce8216f5000-5ce8216f6000 r--p 00000000 103:02 94373942                  /usr/lib/jvm/java-8-openjdk-amd64/jre/bin/java
5ce8216f6000-5ce8216f7000 r-xp 00001000 103:02 94373942                  /usr/lib/jvm/java-8-openjdk-amd64/jre/bin/java
5ce8216f7000-5ce8216f8000 r--p 00002000 103:02 94373942                  /usr/lib/jvm/java-8-openjdk-amd64/jre/bin/java
5ce8216f8000-5ce8216f9000 r--p 00002000 103:02 94373942                  /usr/lib/jvm/java-8-openjdk-amd64/jre/bin/java
5ce8216f9000-5ce8216fa000 rw-p 00003000 103:02 94373942                  /usr/lib/jvm/java-8-openjdk-amd64/jre/bin/java
5ce83f4af000-5ce83f4d0000 rw-p 00000000 00:00 0                          [heap]
7eaaa0000000-7eaaa0021000 rw-p 00000000 00:00 0 
7eaaa0021000-7eaaa4000000 ---p 00000000 00:00 0 
7eaaa4000000-7eaaa4021000 rw-p 00000000 00:00 0 
7eaaa4021000-7eaaa8000000 ---p 00000000 00:00 0 
7eaaa8000000-7eaaa8021000 rw-p 00000000 00:00 0 
7eaaa8021000-7eaaac000000 ---p 00000000 00:00 0 
7eaaac000000-7eaaac021000 rw-p 00000000 00:00 0 
7eaaac021000-7eaab0000000 ---p 00000000 00:00 0 
7eaab0000000-7eaab0021000 rw-p 00000000 00:00 0 
7eaab0021000-7eaab4000000 ---p 00000000 00:00 0 
7eaab4000000-7eaab4021000 rw-p 00000000 00:00 0 
7eaab4021000-7eaab8000000 ---p 00000000 00:00 0 
7eaab8000000-7eaab808d000 rw-p 00000000 00:00 0 
7eaab808d000-7eaabc000000 ---p 00000000 00:00 0 
7eaabc000000-7eaabc021000 rw-p 00000000 00:00 0 
7eaabc021000-7eaac0000000 ---p 00000000 00:00 0 
7eaac0000000-7eaac007f000 rw-p 00000000 00:00 0 
7eaac007f000-7eaac4000000 ---p 00000000 00:00 0 
7eaac4000000-7eaac4021000 rw-p 00000000 00:00 0 
7eaac4021000-7eaac8000000 ---p 00000000 00:00 0 
7eaac8000000-7eaac8021000 rw-p 00000000 00:00 0 
7eaac8021000-7eaacc000000 ---p 00000000 00:00 0 
7eaacc000000-7eaacc021000 rw-p 00000000 00:00 0 
7eaacc021000-7eaad0000000 ---p 00000000 00:00 0 
7eaad0000000-7eaad0021000 rw-p 00000000 00:00 0 
7eaad0021000-7eaad4000000 ---p 00000000 00:00 0 
7eaad4000000-7eaad4021000 rw-p 00000000 00:00 0 
7eaad4021000-7eaad8000000 ---p 00000000 00:00 0 
7eaad8000000-7eaad8021000 rw-p 00000000 00:00 0 
7eaad8021000-7eaadc000000 ---p 00000000 00:00 0 
7eaadc000000-7eaadc021000 rw-p 00000000 00:00 0 
7eaadc021000-7eaae0000000 ---p 00000000 00:00 0 
7eaae0000000-7eaae0021000 rw-p 00000000 00:00 0 
7eaae0021000-7eaae4000000 ---p 00000000 00:00 0 
7eaae4000000-7eaae41db000 rw-p 00000000 00:00 0 
7eaae41db000-7eaae8000000 ---p 00000000 00:00 0 
7eaae8000000-7eaae804d000 rw-p 00000000 00:00 0 
7eaae804d000-7eaaec000000 ---p 00000000 00:00 0 
7eaaec000000-7eaaec287000 rw-p 00000000 00:00 0 
7eaaec287000-7eaaf0000000 ---p 00000000 00:00 0 
7eaaf0000000-7eaaf0021000 rw-p 00000000 00:00 0 
7eaaf0021000-7eaaf4000000 ---p 00000000 00:00 0 
7eaaf4000000-7eaaf4021000 rw-p 00000000 00:00 0 
7eaaf4021000-7eaaf8000000 ---p 00000000 00:00 0 
7eaaf8000000-7eaaf8021000 rw-p 00000000 00:00 0 
7eaaf8021000-7eaafc000000 ---p 00000000 00:00 0 
7eaafc000000-7eaafc021000 rw-p 00000000 00:00 0 
7eaafc021000-7eab00000000 ---p 00000000 00:00 0 
7eab00000000-7eab00021000 rw-p 00000000 00:00 0 
7eab00021000-7eab04000000 ---p 00000000 00:00 0 
7eab04000000-7eab04021000 rw-p 00000000 00:00 0 
7eab04021000-7eab08000000 ---p 00000000 00:00 0 
7eab08000000-7eab080d5000 rw-p 00000000 00:00 0 
7eab080d5000-7eab0c000000 ---p 00000000 00:00 0 
7eab0c000000-7eab0c02d000 rw-p 00000000 00:00 0 
7eab0c02d000-7eab10000000 ---p 00000000 00:00 0 
7eab10000000-7eab10055000 rw-p 00000000 00:00 0 
7eab10055000-7eab14000000 ---p 00000000 00:00 0 
7eab14000000-7eab14021000 rw-p 00000000 00:00 0 
7eab14021000-7eab18000000 ---p 00000000 00:00 0 
7eab18000000-7eab1802a000 rw-p 00000000 00:00 0 
7eab1802a000-7eab1c000000 ---p 00000000 00:00 0 
7eab1c000000-7eab1c0d8000 rw-p 00000000 00:00 0 
7eab1c0d8000-7eab20000000 ---p 00000000 00:00 0 
7eab20000000-7eab20021000 rw-p 00000000 00:00 0 
7eab20021000-7eab24000000 ---p 00000000 00:00 0 
7eab24000000-7eab24098000 rw-p 00000000 00:00 0 
7eab24098000-7eab28000000 ---p 00000000 00:00 0 
7eab28000000-7eab28021000 rw-p 00000000 00:00 0 
7eab28021000-7eab2c000000 ---p 00000000 00:00 0 
7eab2c000000-7eab2c0d8000 rw-p 00000000 00:00 0 
7eab2c0d8000-7eab30000000 ---p 00000000 00:00 0 
7eab30000000-7eab33ff9000 rw-p 00000000 00:00 0 
7eab33ff9000-7eab34000000 ---p 00000000 00:00 0 
7eab34000000-7eab37ffb000 rw-p 00000000 00:00 0 
7eab37ffb000-7eab38000000 ---p 00000000 00:00 0 
7eab38000000-7eab38021000 rw-p 00000000 00:00 0 
7eab38021000-7eab3c000000 ---p 00000000 00:00 0 
7eab3c000000-7eab3c021000 rw-p 00000000 00:00 0 
7eab3c021000-7eab40000000 ---p 00000000 00:00 0 
7eab40000000-7eab40021000 rw-p 00000000 00:00 0 
7eab40021000-7eab44000000 ---p 00000000 00:00 0 
7eab44000000-7eab44021000 rw-p 00000000 00:00 0 
7eab44021000-7eab48000000 ---p 00000000 00:00 0 
7eab48000000-7eab48021000 rw-p 00000000 00:00 0 
7eab48021000-7eab4c000000 ---p 00000000 00:00 0 
7eab4c000000-7eab4c021000 rw-p 00000000 00:00 0 
7eab4c021000-7eab50000000 ---p 00000000 00:00 0 
7eab50000000-7eab50021000 rw-p 00000000 00:00 0 
7eab50021000-7eab54000000 ---p 00000000 00:00 0 
7eab54000000-7eab54021000 rw-p 00000000 00:00 0 
7eab54021000-7eab58000000 ---p 00000000 00:00 0 
7eab58000000-7eab58021000 rw-p 00000000 00:00 0 
7eab58021000-7eab5c000000 ---p 00000000 00:00 0 
7eab5c000000-7eab5c021000 rw-p 00000000 00:00 0 
7eab5c021000-7eab60000000 ---p 00000000 00:00 0 
7eab60000000-7eab60021000 rw-p 00000000 00:00 0 
7eab60021000-7eab64000000 ---p 00000000 00:00 0 
7eab64000000-7eab64021000 rw-p 00000000 00:00 0 
7eab64021000-7eab68000000 ---p 00000000 00:00 0 
7eab68000000-7eab68021000 rw-p 00000000 00:00 0 
7eab68021000-7eab6c000000 ---p 00000000 00:00 0 
7eab6c000000-7eab6c021000 rw-p 00000000 00:00 0 
7eab6c021000-7eab70000000 ---p 00000000 00:00 0 
7eab70000000-7eab70021000 rw-p 00000000 00:00 0 
7eab70021000-7eab74000000 ---p 00000000 00:00 0 
7eab74000000-7eab74021000 rw-p 00000000 00:00 0 
7eab74021000-7eab78000000 ---p 00000000 00:00 0 
7eab78000000-7eab780c4000 rw-p 00000000 00:00 0 
7eab780c4000-7eab7c000000 ---p 00000000 00:00 0 
7eab7c000000-7eab7c021000 rw-p 00000000 00:00 0 
7eab7c021000-7eab80000000 ---p 00000000 00:00 0 
7eab80000000-7eab80034000 rw-p 00000000 00:00 0 
7eab80034000-7eab84000000 ---p 00000000 00:00 0 
7eab84000000-7eab84021000 rw-p 00000000 00:00 0 
7eab84021000-7eab88000000 ---p 00000000 00:00 0 
7eab88000000-7eab88021000 rw-p 00000000 00:00 0 
7eab88021000-7eab8c000000 ---p 00000000 00:00 0 
7eab8c000000-7eab8c021000 rw-p 00000000 00:00 0 
7eab8c021000-7eab90000000 ---p 00000000 00:00 0 
7eab90000000-7eab90021000 rw-p 00000000 00:00 0 
7eab90021000-7eab94000000 ---p 00000000 00:00 0 
7eab94000000-7eab94021000 rw-p 00000000 00:00 0 
7eab94021000-7eab98000000 ---p 00000000 00:00 0 
7eab98000000-7eab9817e000 rw-p 00000000 00:00 0 
7eab9817e000-7eab9c000000 ---p 00000000 00:00 0 
7eab9c000000-7eab9c021000 rw-p 00000000 00:00 0 
7eab9c021000-7eaba0000000 ---p 00000000 00:00 0 
7eaba0000000-7eaba0200000 rw-p 00000000 00:00 0 
7eaba0200000-7eaba4000000 ---p 00000000 00:00 0 
7eaba4000000-7eaba4177000 rw-p 00000000 00:00 0 
7eaba4177000-7eaba8000000 ---p 00000000 00:00 0 
7eaba8000000-7eaba81db000 rw-p 00000000 00:00 0 
7eaba81db000-7eabac000000 ---p 00000000 00:00 0 
7eabac000000-7eabac26f000 rw-p 00000000 00:00 0 
7eabac26f000-7eabb0000000 ---p 00000000 00:00 0 
7eabb0000000-7eabb0445000 rw-p 00000000 00:00 0 
7eabb0445000-7eabb4000000 ---p 00000000 00:00 0 
7eabb4000000-7eabb41fb000 rw-p 00000000 00:00 0 
7eabb41fb000-7eabb8000000 ---p 00000000 00:00 0 
7eabb8000000-7eabb81d8000 rw-p 00000000 00:00 0 
7eabb81d8000-7eabbc000000 ---p 00000000 00:00 0 
7eabbc000000-7eabbc3e4000 rw-p 00000000 00:00 0 
7eabbc3e4000-7eabc0000000 ---p 00000000 00:00 0 
7eabc0000000-7eabc0e1f000 rw-p 00000000 00:00 0 
7eabc0e1f000-7eabc4000000 ---p 00000000 00:00 0 
7eabc4000000-7eabc41d5000 rw-p 00000000 00:00 0 
7eabc41d5000-7eabc8000000 ---p 00000000 00:00 0 
7eabc8000000-7eabc83d9000 rw-p 00000000 00:00 0 
7eabc83d9000-7eabcc000000 ---p 00000000 00:00 0 
7eabcc000000-7eabcc479000 rw-p 00000000 00:00 0 
7eabcc479000-7eabd0000000 ---p 00000000 00:00 0 
7eabd0000000-7eabd041c000 rw-p 00000000 00:00 0 
7eabd041c000-7eabd4000000 ---p 00000000 00:00 0 
7eabd4000000-7eabd41db000 rw-p 00000000 00:00 0 
7eabd41db000-7eabd8000000 ---p 00000000 00:00 0 
7eabd8000000-7eabd829c000 rw-p 00000000 00:00 0 
7eabd829c000-7eabdc000000 ---p 00000000 00:00 0 
7eabdc000000-7eabdd692000 rw-p 00000000 00:00 0 
7eabdd692000-7eabe0000000 ---p 00000000 00:00 0 
7eabe0000000-7eabe0021000 rw-p 00000000 00:00 0 
7eabe0021000-7eabe4000000 ---p 00000000 00:00 0 
7eabe4000000-7eabe4425000 rw-p 00000000 00:00 0 
7eabe4425000-7eabe8000000 ---p 00000000 00:00 0 
7eabe8000000-7eabe8021000 rw-p 00000000 00:00 0 
7eabe8021000-7eabec000000 ---p 00000000 00:00 0 
7eabec000000-7eabec021000 rw-p 00000000 00:00 0 
7eabec021000-7eabf0000000 ---p 00000000 00:00 0 
7eabf0000000-7eabf0021000 rw-p 00000000 00:00 0 
7eabf0021000-7eabf4000000 ---p 00000000 00:00 0 
7eabf4000000-7eabf4021000 rw-p 00000000 00:00 0 
7eabf4021000-7eabf8000000 ---p 00000000 00:00 0 
7eabf8000000-7eabf8021000 rw-p 00000000 00:00 0 
7eabf8021000-7eabfc000000 ---p 00000000 00:00 0 
7eac00000000-7eac00021000 rw-p 00000000 00:00 0 
7eac00021000-7eac04000000 ---p 00000000 00:00 0 
7eac08000000-7eac08021000 rw-p 00000000 00:00 0 
7eac08021000-7eac0c000000 ---p 00000000 00:00 0 
7eac10000000-7eac10021000 rw-p 00000000 00:00 0 
7eac10021000-7eac14000000 ---p 00000000 00:00 0 
7eac18000000-7eac18021000 rw-p 00000000 00:00 0 
7eac18021000-7eac1c000000 ---p 00000000 00:00 0 
7eac20000000-7eac20021000 rw-p 00000000 00:00 0 
7eac20021000-7eac24000000 ---p 00000000 00:00 0 
7eac28000000-7eac28021000 rw-p 00000000 00:00 0 
7eac28021000-7eac2c000000 ---p 00000000 00:00 0 
7eac30000000-7eac30021000 rw-p 00000000 00:00 0 
7eac30021000-7eac34000000 ---p 00000000 00:00 0 
7eac38000000-7eac38021000 rw-p 00000000 00:00 0 
7eac38021000-7eac3c000000 ---p 00000000 00:00 0 
7eac40000000-7eac40021000 rw-p 00000000 00:00 0 
7eac40021000-7eac44000000 ---p 00000000 00:00 0 
7eac48000000-7eac48021000 rw-p 00000000 00:00 0 
7eac48021000-7eac4c000000 ---p 00000000 00:00 0 
7eac50000000-7eac50021000 rw-p 00000000 00:00 0 
7eac50021000-7eac54000000 ---p 00000000 00:00 0 
7eac58000000-7eac58021000 rw-p 00000000 00:00 0 
7eac58021000-7eac5c000000 ---p 00000000 00:00 0 
7eac60000000-7eac60021000 rw-p 00000000 00:00 0 
7eac60021000-7eac64000000 ---p 00000000 00:00 0 
7eac68000000-7eac68021000 rw-p 00000000 00:00 0 
7eac68021000-7eac6c000000 ---p 00000000 00:00 0 
7eac6d410000-7eaca9400000 rw-p 00000000 00:00 0 
7eacac000000-7eacac021000 rw-p 00000000 00:00 0 
7eacac021000-7eacb0000000 ---p 00000000 00:00 0 
7eacb4000000-7eacb4021000 rw-p 00000000 00:00 0 
7eacb4021000-7eacb8000000 ---p 00000000 00:00 0 
7eacbc000000-7eacbc021000 rw-p 00000000 00:00 0 
7eacbc021000-7eacc0000000 ---p 00000000 00:00 0 
7eacc4000000-7eacc4021000 rw-p 00000000 00:00 0 
7eacc4021000-7eacc8000000 ---p 00000000 00:00 0 
7eaccc000000-7eaccc021000 rw-p 00000000 00:00 0 
7eaccc021000-7eacd0000000 ---p 00000000 00:00 0 
7eacd4000000-7eacd4021000 rw-p 00000000 00:00 0 
7eacd4021000-7eacd8000000 ---p 00000000 00:00 0 
7eacdc000000-7eacdc021000 rw-p 00000000 00:00 0 
7eacdc021000-7eace0000000 ---p 00000000 00:00 0 
7eace4000000-7eace4021000 rw-p 00000000 00:00 0 
7eace4021000-7eace8000000 ---p 00000000 00:00 0 
7eacec000000-7eacec021000 rw-p 00000000 00:00 0 
7eacec021000-7eacf0000000 ---p 00000000 00:00 0 
7eacf4000000-7eacf4021000 rw-p 00000000 00:00 0 
7eacf4021000-7eacf8000000 ---p 00000000 00:00 0 
7eacfc000000-7eacfc021000 rw-p 00000000 00:00 0 
7eacfc021000-7ead00000000 ---p 00000000 00:00 0 
7ead04000000-7ead04021000 rw-p 00000000 00:00 0 
7ead04021000-7ead08000000 ---p 00000000 00:00 0 
7ead0c000000-7ead0c021000 rw-p 00000000 00:00 0 
7ead0c021000-7ead10000000 ---p 00000000 00:00 0 
7ead14000000-7ead14021000 rw-p 00000000 00:00 0 
7ead14021000-7ead18000000 ---p 00000000 00:00 0 
7ead1c000000-7ead1c021000 rw-p 00000000 00:00 0 
7ead1c021000-7ead20000000 ---p 00000000 00:00 0 
7ead24000000-7ead24021000 rw-p 00000000 00:00 0 
7ead24021000-7ead28000000 ---p 00000000 00:00 0 
7ead2c000000-7ead2c021000 rw-p 00000000 00:00 0 
7ead2c021000-7ead30000000 ---p 00000000 00:00 0 
7ead34000000-7ead34021000 rw-p 00000000 00:00 0 
7ead34021000-7ead38000000 ---p 00000000 00:00 0 
7ead3c000000-7ead3c021000 rw-p 00000000 00:00 0 
7ead3c021000-7ead40000000 ---p 00000000 00:00 0 
7ead44000000-7ead44021000 rw-p 00000000 00:00 0 
7ead44021000-7ead48000000 ---p 00000000 00:00 0 
7ead4c000000-7ead4c021000 rw-p 00000000 00:00 0 
7ead4c021000-7ead50000000 ---p 00000000 00:00 0 
7ead54000000-7ead54021000 rw-p 00000000 00:00 0 
7ead54021000-7ead58000000 ---p 00000000 00:00 0 
7ead5c000000-7ead5c021000 rw-p 00000000 00:00 0 
7ead5c021000-7ead60000000 ---p 00000000 00:00 0 
7ead64000000-7ead64021000 rw-p 00000000 00:00 0 
7ead64021000-7ead68000000 ---p 00000000 00:00 0 
7ead6c000000-7ead6c021000 rw-p 00000000 00:00 0 
7ead6c021000-7ead70000000 ---p 00000000 00:00 0 
7ead74000000-7ead74021000 rw-p 00000000 00:00 0 
7ead74021000-7ead78000000 ---p 00000000 00:00 0 
7ead7c000000-7ead7c021000 rw-p 00000000 00:00 0 
7ead7c021000-7ead80000000 ---p 00000000 00:00 0 
7ead84000000-7ead84021000 rw-p 00000000 00:00 0 
7ead84021000-7ead88000000 ---p 00000000 00:00 0 
7ead8a400000-7ead8a403000 ---p 00000000 00:00 0 
7ead8a403000-7ead8a500000 rw-p 00000000 00:00 0 
7ead8a500000-7ead8a503000 ---p 00000000 00:00 0 
7ead8a503000-7ead8a600000 rw-p 00000000 00:00 0 
7ead8a600000-7ead8a603000 ---p 00000000 00:00 0 
7ead8a603000-7ead8a700000 rw-p 00000000 00:00 0 
7ead8a700000-7ead8a703000 ---p 00000000 00:00 0 
7ead8a703000-7ead8a800000 rw-p 00000000 00:00 0 
7ead8a800000-7ead8a803000 ---p 00000000 00:00 0 
7ead8a803000-7ead8a900000 rw-p 00000000 00:00 0 
7ead8a900000-7ead8a903000 ---p 00000000 00:00 0 
7ead8a903000-7ead8aa00000 rw-p 00000000 00:00 0 
7ead8aa00000-7ead8abc0000 rw-p 00000000 00:00 0 
7ead8abc0000-7ead8ac00000 ---p 00000000 00:00 0 
7ead8ac00000-7ead8ac03000 ---p 00000000 00:00 0 
7ead8ac03000-7ead8ad00000 rw-p 00000000 00:00 0 
7ead8ad00000-7ead8ad03000 ---p 00000000 00:00 0 
7ead8ad03000-7ead8ae00000 rw-p 00000000 00:00 0 
7ead8ae00000-7ead8ae03000 ---p 00000000 00:00 0 
7ead8ae03000-7ead8af00000 rw-p 00000000 00:00 0 
7ead8af00000-7ead8af03000 ---p 00000000 00:00 0 
7ead8af03000-7ead8b000000 rw-p 00000000 00:00 0 
7ead8b000000-7ead8b003000 ---p 00000000 00:00 0 
7ead8b003000-7ead8b100000 rw-p 00000000 00:00 0 
7ead8b100000-7ead8b103000 ---p 00000000 00:00 0 
7ead8b103000-7ead8b200000 rw-p 00000000 00:00 0 
7ead8b200000-7ead8b3c0000 rw-p 00000000 00:00 0 
7ead8b3c0000-7ead8b5c0000 rw-p 00000000 00:00 0 
7ead8b5c0000-7ead8b800000 rw-p 00000000 00:00 0 
7ead8b800000-7ead8b803000 ---p 00000000 00:00 0 
7ead8b803000-7ead8b900000 rw-p 00000000 00:00 0 
7ead8b900000-7ead8b903000 ---p 00000000 00:00 0 
7ead8b903000-7ead8ba00000 rw-p 00000000 00:00 0 
7ead8ba00000-7ead8bc00000 rw-p 00000000 00:00 0 
7ead8bc00000-7ead8bc03000 ---p 00000000 00:00 0 
7ead8bc03000-7ead8bd00000 rw-p 00000000 00:00 0 
7ead8bd00000-7ead8bd03000 ---p 00000000 00:00 0 
7ead8bd03000-7ead8be00000 rw-p 00000000 00:00 0 
7ead8be00000-7ead8be03000 ---p 00000000 00:00 0 
7ead8be03000-7ead8bf00000 rw-p 00000000 00:00 0 
7ead8bf00000-7ead8bf03000 ---p 00000000 00:00 0 
7ead8bf03000-7ead8c000000 rw-p 00000000 00:00 0 
7ead8c000000-7ead8c021000 rw-p 00000000 00:00 0 
7ead8c021000-7ead90000000 ---p 00000000 00:00 0 
7ead90000000-7ead90003000 ---p 00000000 00:00 0 
7ead90003000-7ead90100000 rw-p 00000000 00:00 0 
7ead90100000-7ead90103000 ---p 00000000 00:00 0 
7ead90103000-7ead90200000 rw-p 00000000 00:00 0 
7ead90200000-7ead90400000 rw-p 00000000 00:00 0 
7ead904f8000-7ead904fb000 ---p 00000000 00:00 0 
7ead904fb000-7ead905f8000 rw-p 00000000 00:00 0 
7ead905f8000-7ead905fb000 ---p 00000000 00:00 0 
7ead905fb000-7ead906f8000 rw-p 00000000 00:00 0 
7ead906f8000-7ead906fb000 ---p 00000000 00:00 0 
7ead906fb000-7ead907f8000 rw-p 00000000 00:00 0 
7ead907f8000-7ead907fb000 ---p 00000000 00:00 0 
7ead907fb000-7ead908f8000 rw-p 00000000 00:00 0 
7ead908f8000-7ead908fb000 ---p 00000000 00:00 0 
7ead908fb000-7ead909f8000 rw-p 00000000 00:00 0 
7ead909f8000-7ead909fb000 ---p 00000000 00:00 0 
7ead909fb000-7ead90af8000 rw-p 00000000 00:00 0 
7ead90af8000-7ead90afb000 ---p 00000000 00:00 0 
7ead90afb000-7ead90bf8000 rw-p 00000000 00:00 0 
7ead90c28000-7ead90c2b000 ---p 00000000 00:00 0 
7ead90c2b000-7ead90d28000 rw-p 00000000 00:00 0 
7ead90e07000-7ead90e0a000 ---p 00000000 00:00 0 
7ead90e0a000-7ead90f07000 rw-p 00000000 00:00 0 
7ead90f07000-7ead90f0a000 ---p 00000000 00:00 0 
7ead90f0a000-7ead91007000 rw-p 00000000 00:00 0 
7ead91007000-7ead9100a000 ---p 00000000 00:00 0 
7ead9100a000-7ead91107000 rw-p 00000000 00:00 0 
7ead91200000-7ead91203000 ---p 00000000 00:00 0 
7ead91203000-7ead91300000 rw-p 00000000 00:00 0 
7ead91300000-7ead91303000 ---p 00000000 00:00 0 
7ead91303000-7ead91400000 rw-p 00000000 00:00 0 
7ead91400000-7ead915c0000 rw-p 00000000 00:00 0 
7ead915c0000-7ead917c0000 rw-p 00000000 00:00 0 
7ead917c0000-7ead919c0000 rw-p 00000000 00:00 0 
7ead919c0000-7ead91c00000 rw-p 00000000 00:00 0 
7ead91c00000-7ead91c03000 ---p 00000000 00:00 0 
7ead91c03000-7ead91d00000 rw-p 00000000 00:00 0 
7ead91d00000-7ead91d03000 ---p 00000000 00:00 0 
7ead91d03000-7ead91e00000 rw-p 00000000 00:00 0 
7ead91e00000-7ead91e03000 ---p 00000000 00:00 0 
7ead91e03000-7ead91f00000 rw-p 00000000 00:00 0 
7ead91f00000-7ead91f03000 ---p 00000000 00:00 0 
7ead91f03000-7ead92000000 rw-p 00000000 00:00 0 
7ead92000000-7ead92003000 ---p 00000000 00:00 0 
7ead92003000-7ead92100000 rw-p 00000000 00:00 0 
7ead92100000-7ead92103000 ---p 00000000 00:00 0 
7ead92103000-7ead92200000 rw-p 00000000 00:00 0 
7ead92200000-7ead92400000 rw-p 00000000 00:00 0 
7ead92400000-7ead92403000 ---p 00000000 00:00 0 
7ead92403000-7ead92500000 rw-p 00000000 00:00 0 
7ead92500000-7ead92503000 ---p 00000000 00:00 0 
7ead92503000-7ead92600000 rw-p 00000000 00:00 0 
7ead92600000-7ead92800000 rw-p 00000000 00:00 0 
7ead92800000-7ead92803000 ---p 00000000 00:00 0 
7ead92803000-7ead92900000 rw-p 00000000 00:00 0 
7ead92900000-7ead92903000 ---p 00000000 00:00 0 
7ead92903000-7ead92a00000 rw-p 00000000 00:00 0 
7ead92a00000-7ead92a03000 ---p 00000000 00:00 0 
7ead92a03000-7ead92b00000 rw-p 00000000 00:00 0 
7ead92b00000-7ead92b03000 ---p 00000000 00:00 0 
7ead92b03000-7ead92c00000 rw-p 00000000 00:00 0 
7ead92c00000-7ead92c03000 ---p 00000000 00:00 0 
7ead92c03000-7ead92d00000 rw-p 00000000 00:00 0 
7ead92d00000-7ead92d03000 ---p 00000000 00:00 0 
7ead92d03000-7ead92e00000 rw-p 00000000 00:00 0 
7ead92e00000-7ead92e03000 ---p 00000000 00:00 0 
7ead92e03000-7ead92f00000 rw-p 00000000 00:00 0 
7ead92f00000-7ead92f03000 ---p 00000000 00:00 0 
7ead92f03000-7ead93000000 rw-p 00000000 00:00 0 
7ead93000000-7ead93003000 ---p 00000000 00:00 0 
7ead93003000-7ead93100000 rw-p 00000000 00:00 0 
7ead93100000-7ead93103000 ---p 00000000 00:00 0 
7ead93103000-7ead93200000 rw-p 00000000 00:00 0 
7ead93200000-7ead93400000 rw-p 00000000 00:00 0 
7ead93400000-7ead93403000 ---p 00000000 00:00 0 
7ead93403000-7ead93500000 rw-p 00000000 00:00 0 
7ead93500000-7ead93503000 ---p 00000000 00:00 0 
7ead93503000-7ead93600000 rw-p 00000000 00:00 0 
7ead93600000-7ead93800000 rw-p 00000000 00:00 0 
7ead93800000-7ead93803000 ---p 00000000 00:00 0 
7ead93803000-7ead93900000 rw-p 00000000 00:00 0 
7ead93900000-7ead93903000 ---p 00000000 00:00 0 
7ead93903000-7ead93a00000 rw-p 00000000 00:00 0 
7ead93a00000-7ead93bc0000 rw-p 00000000 00:00 0 
7ead93bc0000-7ead93dc0000 rw-p 00000000 00:00 0 
7ead93dc0000-7ead94000000 rw-p 00000000 00:00 0 
7ead94000000-7ead94021000 rw-p 00000000 00:00 0 
7ead94021000-7ead98000000 ---p 00000000 00:00 0 
7ead980fd000-7ead98200000 r--s 01370000 103:02 63701013                  /tmp/flink-rpc-akka47745fad-3930-4183-9ef1-58ce437a1f6a.jar
7ead98200000-7ead983c0000 rw-p 00000000 00:00 0 
7ead983c0000-7ead985c0000 rw-p 00000000 00:00 0 
7ead985c0000-7ead987c0000 rw-p 00000000 00:00 0 
7ead987c0000-7ead98a00000 rw-p 00000000 00:00 0 
7ead98a45000-7ead98a5d000 r--p 00000000 103:02 31856909                  /home/user/projects/forL0-state-backend/src/main/resources/native/libforl0_engine.so
7ead98a5d000-7ead98aaa000 r-xp 00018000 103:02 31856909                  /home/user/projects/forL0-state-backend/src/main/resources/native/libforl0_engine.so
7ead98aaa000-7ead98ab5000 r--p 00065000 103:02 31856909                  /home/user/projects/forL0-state-backend/src/main/resources/native/libforl0_engine.so
7ead98ab5000-7ead98ab6000 ---p 00070000 103:02 31856909                  /home/user/projects/forL0-state-backend/src/main/resources/native/libforl0_engine.so
7ead98ab6000-7ead98ab7000 r--p 00070000 103:02 31856909                  /home/user/projects/forL0-state-backend/src/main/resources/native/libforl0_engine.so
7ead98ab7000-7ead98ab8000 rw-p 00071000 103:02 31856909                  /home/user/projects/forL0-state-backend/src/main/resources/native/libforl0_engine.so
7ead98ab8000-7ead98abb000 ---p 00000000 00:00 0 
7ead98abb000-7ead98af1000 rw-p 00000000 00:00 0 
7ead98af1000-7ead98b02000 r--s 001c5000 103:02 94374103                  /usr/lib/jvm/java-8-openjdk-amd64/jre/lib/jsse.jar
7ead98b02000-7ead98b05000 ---p 00000000 00:00 0 
7ead98b05000-7ead98c02000 rw-p 00000000 00:00 0 
7ead98c02000-7ead98c05000 ---p 00000000 00:00 0 
7ead98c05000-7ead98d02000 rw-p 00000000 00:00 0 
7ead98d02000-7ead98d06000 r--s 00029000 103:02 34497769                  /home/user/.m2/repository/org/junit/platform/junit-platform-launcher/1.10.1/junit-platform-launcher-1.10.1.jar
7ead98d06000-7ead98d08000 r--s 00003000 103:02 34497761                  /home/user/.m2/repository/org/apache/maven/surefire/common-java5/3.2.5/common-java5-3.2.5.jar
7ead98d08000-7ead98d09000 r--s 00006000 103:02 34497759                  /home/user/.m2/repository/org/apache/maven/surefire/surefire-junit-platform/3.2.5/surefire-junit-platform-3.2.5.jar
7ead98d09000-7ead98d0e000 r--s 00037000 103:02 31880225                  /home/user/.m2/repository/org/junit/jupiter/junit-jupiter-engine/5.10.1/junit-jupiter-engine-5.10.1.jar
7ead98d0e000-7ead98d1b000 r--s 00083000 103:02 31880222                  /home/user/.m2/repository/org/junit/jupiter/junit-jupiter-params/5.10.1/junit-jupiter-params-5.10.1.jar
7ead98d1b000-7ead98d1d000 r--s 00018000 103:02 31880220                  /home/user/.m2/repository/org/junit/platform/junit-platform-commons/1.10.1/junit-platform-commons-1.10.1.jar
7ead98d1d000-7ead98d1e000 r--s 00003000 103:02 31880218                  /home/user/.m2/repository/org/opentest4j/opentest4j/1.3.0/opentest4j-1.3.0.jar
7ead98d1e000-7ead98d24000 r--s 0002e000 103:02 31880216                  /home/user/.m2/repository/org/junit/jupiter/junit-jupiter-api/5.10.1/junit-jupiter-api-5.10.1.jar
7ead98d24000-7ead98d25000 r--s 00001000 103:02 31880213                  /home/user/.m2/repository/org/junit/jupiter/junit-jupiter/5.10.1/junit-jupiter-5.10.1.jar
7ead98d25000-7ead98d2a000 r--s 001c3000 103:02 31880215                  /home/user/.m2/repository/net/java/dev/jna/jna/5.12.1/jna-5.12.1.jar
7ead98d2a000-7ead98d2c000 r--s 00008000 103:02 31880210                  /home/user/.m2/repository/com/github/docker-java/docker-java-transport/3.3.3/docker-java-transport-3.3.3.jar
7ead98d2c000-7ead98d5d000 r--s 001c1000 103:02 31880211                  /home/user/.m2/repository/com/github/docker-java/docker-java-transport-zerodep/3.3.3/docker-java-transport-zerodep-3.3.3.jar
7ead98d5d000-7ead98d60000 r--s 0000e000 103:02 31880206                  /home/user/.m2/repository/com/fasterxml/jackson/core/jackson-annotations/2.10.3/jackson-annotations-2.10.3.jar
7ead98d60000-7ead98d6a000 r--s 00069000 103:02 31880204                  /home/user/.m2/repository/com/github/docker-java/docker-java-api/3.3.3/docker-java-api-3.3.3.jar
7ead98d6a000-7ead98d6c000 r--s 00003000 103:02 31880202                  /home/user/.m2/repository/org/jetbrains/annotations/17.0.0/annotations-17.0.0.jar
7ead98d6c000-7ead98d6e000 r--s 00005000 103:02 31880200                  /home/user/.m2/repository/org/rnorth/duct-tape/duct-tape/1.0.8/duct-tape-1.0.8.jar
7ead98d6e000-7ead98eeb000 r--s 00f1d000 103:02 31880198                  /home/user/.m2/repository/org/testcontainers/testcontainers/1.19.1/testcontainers-1.19.1.jar
7ead98eeb000-7ead98f10000 r--s 001af000 103:02 34499092                  /home/user/.m2/repository/org/apache/logging/log4j/log4j-core/2.24.3/log4j-core-2.24.3.jar
7ead98f10000-7ead98f17000 r--s 0004f000 103:02 34499088                  /home/user/.m2/repository/org/apache/logging/log4j/log4j-api/2.24.3/log4j-api-2.24.3.jar
7ead98f17000-7ead98f19000 r--s 00005000 103:02 34499079                  /home/user/.m2/repository/org/apache/logging/log4j/log4j-slf4j-impl/2.24.3/log4j-slf4j-impl-2.24.3.jar
7ead98f19000-7ead98f1b000 r--s 00009000 103:02 31880187                  /home/user/.m2/repository/org/hamcrest/hamcrest-core/1.3/hamcrest-core-1.3.jar
7ead98f1b000-7ead98f24000 r--s 00055000 103:02 31880188                  /home/user/.m2/repository/junit/junit/4.13.2/junit-4.13.2.jar
7ead98f24000-7ead98f2a000 r--s 0002d000 103:02 31880186                  /home/user/.m2/repository/org/junit/platform/junit-platform-engine/1.10.1/junit-platform-engine-1.10.1.jar
7ead98f2a000-7ead98f2c000 r--s 0000f000 103:02 31880183                  /home/user/.m2/repository/org/junit/vintage/junit-vintage-engine/5.10.1/junit-vintage-engine-5.10.1.jar
7ead98f2c000-7ead98f2f000 r--s 0001a000 103:02 34499081                  /home/user/.m2/repository/org/apache/flink/flink-test-utils-junit/1.20.3/flink-test-utils-junit-1.20.3.jar
7ead98f2f000-7ead98f33000 r--s 0001e000 103:02 31880180                  /home/user/.m2/repository/io/dropwizard/metrics/metrics-core/3.2.5/metrics-core-3.2.5.jar
7ead98f33000-7ead98f36000 r--s 00020000 103:02 31880176                  /home/user/.m2/repository/io/netty/netty-transport-classes-epoll/4.1.76.Final/netty-transport-classes-epoll-4.1.76.Final.jar
7ead98f36000-7ead98f38000 r--s 00009000 103:02 31880175                  /home/user/.m2/repository/io/netty/netty-transport-native-unix-common/4.1.76.Final/netty-transport-native-unix-common-4.1.76.Final.jar
7ead98f38000-7ead98f3f000 r--s 0004c000 103:02 31880171                  /home/user/.m2/repository/io/netty/netty-codec/4.1.76.Final/netty-codec-4.1.76.Final.jar
7ead98f3f000-7ead98f49000 r--s 0006c000 103:02 31880168                  /home/user/.m2/repository/io/netty/netty-transport/4.1.76.Final/netty-transport-4.1.76.Final.jar
7ead98f49000-7ead98f4e000 r--s 00046000 103:02 31880167                  /home/user/.m2/repository/io/netty/netty-buffer/4.1.76.Final/netty-buffer-4.1.76.Final.jar
7ead98f4e000-7ead98f5b000 r--s 00092000 103:02 31880163                  /home/user/.m2/repository/io/netty/netty-common/4.1.76.Final/netty-common-4.1.76.Final.jar
7ead98f5b000-7ead98f65000 r--s 00077000 103:02 31880161                  /home/user/.m2/repository/io/netty/netty-handler/4.1.76.Final/netty-handler-4.1.76.Final.jar
7ead98f65000-7ead98fa9000 r--s 002cc000 103:02 31880153                  /home/user/.m2/repository/org/apache/curator/curator-test/5.4.0/curator-test-5.4.0.jar
7ead98fa9000-7ead98fe4000 r--s 00259000 103:02 34499090                  /home/user/.m2/repository/org/apache/flink/flink-streaming-java/1.20.3/flink-streaming-java-1.20.3-tests.jar
7ead98fe4000-7ead99034000 r--s 00359000 103:02 31880138                  /home/user/.m2/repository/net/bytebuddy/byte-buddy/1.12.10/byte-buddy-1.12.10.jar
7ead99034000-7ead99080000 r--s 001a3000 103:02 34499064                  /home/user/.m2/repository/org/apache/flink/flink-core/1.20.3/flink-core-1.20.3-tests.jar
7ead99080000-7ead990eb000 r--s 005fd000 103:02 34499089                  /home/user/.m2/repository/org/apache/flink/flink-runtime/1.20.3/flink-runtime-1.20.3-tests.jar
7ead990eb000-7ead991ed000 r--s 00a2f000 103:02 31880080                  /home/user/.m2/repository/org/apache/flink/flink-shaded-zookeeper-3/3.7.1-17.0/flink-shaded-zookeeper-3-3.7.1-17.0.jar
7ead991ed000-7ead991ee000 ---p 00000000 00:00 0 
7ead991ee000-7ead992ee000 rw-p 00000000 00:00 0 
7ead992ee000-7ead992f1000 ---p 00000000 00:00 0 
7ead992f1000-7ead993ee000 rw-p 00000000 00:00 0 
7ead993ee000-7ead993ef000 ---p 00000000 00:00 0 
7ead993ef000-7ead993f2000 ---p 00000000 00:00 0 
7ead993f2000-7ead994ef000 rw-p 00000000 00:00 0 
7ead994ef000-7ead994f0000 ---p 00000000 00:00 0 
7ead994f0000-7ead994f3000 ---p 00000000 00:00 0 
7ead994f3000-7ead995f0000 rw-p 00000000 00:00 0 
7ead995f0000-7ead995f1000 ---p 00000000 00:00 0 
7ead995f1000-7ead995f4000 ---p 00000000 00:00 0 
7ead995f4000-7ead996f1000 rw-p 00000000 00:00 0 
7ead996f1000-7ead996f2000 ---p 00000000 00:00 0 
7ead996f2000-7ead996f5000 ---p 00000000 00:00 0 
7ead996f5000-7ead997f2000 rw-p 00000000 00:00 0 
7ead997f2000-7ead997f3000 ---p 00000000 00:00 0 
7ead997f3000-7ead997f6000 ---p 00000000 00:00 0 
7ead997f6000-7ead998f3000 rw-p 00000000 00:00 0 
7ead998f3000-7ead998f4000 ---p 00000000 00:00 0 
7ead998f4000-7ead998f7000 ---p 00000000 00:00 0 
7ead998f7000-7ead999f4000 rw-p 00000000 00:00 0 
7ead999f4000-7ead999f5000 ---p 00000000 00:00 0 
7ead999f5000-7ead999f8000 ---p 00000000 00:00 0 
7ead999f8000-7ead99af5000 rw-p 00000000 00:00 0 
7ead99af5000-7ead99af6000 ---p 00000000 00:00 0 
7ead99af6000-7ead99af9000 ---p 00000000 00:00 0 
7ead99af9000-7ead99bf6000 rw-p 00000000 00:00 0 
7ead99bf6000-7ead99bf7000 ---p 00000000 00:00 0 
7ead99bf7000-7ead99bfa000 ---p 00000000 00:00 0 
7ead99bfa000-7ead99cf7000 rw-p 00000000 00:00 0 
7ead99cf7000-7ead99cf8000 ---p 00000000 00:00 0 
7ead99cf8000-7ead99cfb000 ---p 00000000 00:00 0 
7ead99cfb000-7ead99df8000 rw-p 00000000 00:00 0 
7ead99df8000-7ead99df9000 ---p 00000000 00:00 0 
7ead99df9000-7ead99dfc000 ---p 00000000 00:00 0 
7ead99dfc000-7ead99ef9000 rw-p 00000000 00:00 0 
7ead99ef9000-7ead99efa000 ---p 00000000 00:00 0 
7ead99efa000-7ead99efd000 ---p 00000000 00:00 0 
7ead99efd000-7ead99ffa000 rw-p 00000000 00:00 0 
7ead99ffa000-7ead99ffb000 ---p 00000000 00:00 0 
7ead99ffb000-7ead99ffe000 ---p 00000000 00:00 0 
7ead99ffe000-7ead9a0fb000 rw-p 00000000 00:00 0 
7ead9a0fb000-7ead9a0fc000 ---p 00000000 00:00 0 
7ead9a0fc000-7ead9a0ff000 ---p 00000000 00:00 0 
7ead9a0ff000-7ead9a1fc000 rw-p 00000000 00:00 0 
7ead9a1fc000-7ead9a1fd000 ---p 00000000 00:00 0 
7ead9a1fd000-7ead9a200000 ---p 00000000 00:00 0 
7ead9a200000-7ead9a2fd000 rw-p 00000000 00:00 0 
7ead9a2fd000-7ead9a2fe000 ---p 00000000 00:00 0 
7ead9a2fe000-7ead9a301000 ---p 00000000 00:00 0 
7ead9a301000-7ead9a3fe000 rw-p 00000000 00:00 0 
7ead9a3fe000-7ead9a3ff000 ---p 00000000 00:00 0 
7ead9a3ff000-7ead9a402000 ---p 00000000 00:00 0 
7ead9a402000-7ead9a4ff000 rw-p 00000000 00:00 0 
7ead9a4ff000-7ead9a500000 ---p 00000000 00:00 0 
7ead9a500000-7ead9a503000 ---p 00000000 00:00 0 
7ead9a503000-7ead9a600000 rw-p 00000000 00:00 0 
7ead9a600000-7ead9ab73000 r--p 00000000 103:02 93587570                  /usr/lib/locale/locale-archive
7ead9ab73000-7ead9ab74000 r--s 00001000 103:02 31880192                  /home/user/.m2/repository/org/apiguardian/apiguardian-api/1.1.2/apiguardian-api-1.1.2.jar
7ead9ab74000-7ead9ab76000 r--s 00008000 103:02 31880165                  /home/user/.m2/repository/io/netty/netty-resolver/4.1.76.Final/netty-resolver-4.1.76.Final.jar
7ead9ab76000-7ead9ab78000 r--s 00004000 103:02 31880159                  /home/user/.m2/repository/org/apache/yetus/audience-annotations/0.12.0/audience-annotations-0.12.0.jar
7ead9ab78000-7ead9ab7c000 r--s 0003b000 103:02 31880158                  /home/user/.m2/repository/org/apache/zookeeper/zookeeper-jute/3.7.1/zookeeper-jute-3.7.1.jar
7ead9ab7c000-7ead9abef000 r--s 00c0d000 103:02 31880129                  /home/user/.m2/repository/com/ibm/icu/icu4j/67.1/icu4j-67.1.jar
7ead9abef000-7ead9abf2000 ---p 00000000 00:00 0 
7ead9abf2000-7ead9acef000 rw-p 00000000 00:00 0 
7ead9acef000-7ead9acf2000 ---p 00000000 00:00 0 
7ead9acf2000-7ead9adef000 rw-p 00000000 00:00 0 
7ead9adef000-7ead9adf2000 ---p 00000000 00:00 0 
7ead9adf2000-7ead9aeef000 rw-p 00000000 00:00 0 
7ead9aeef000-7ead9aef0000 ---p 00000000 00:00 0 
7ead9aef0000-7ead9aff0000 rw-p 00000000 00:00 0 
7ead9aff0000-7ead9c000000 rw-p 00000000 00:00 0 
7ead9c000000-7ead9c021000 rw-p 00000000 00:00 0 
7ead9c021000-7eada0000000 ---p 00000000 00:00 0 
7eada0000000-7eada0001000 r--s 00001000 103:02 31880173                  /home/user/.m2/repository/io/netty/netty-transport-native-epoll/4.1.76.Final/netty-transport-native-epoll-4.1.76.Final.jar
7eada0001000-7eada0014000 r--s 0012c000 103:02 31880154                  /home/user/.m2/repository/org/apache/zookeeper/zookeeper/3.7.1/zookeeper-3.7.1.jar
7eada0014000-7eada0016000 r--s 00014000 103:02 34499083                  /home/user/.m2/repository/org/apache/flink/flink-dstl-dfs/1.20.3/flink-dstl-dfs-1.20.3.jar
7eada0016000-7eada0017000 r--s 00003000 103:02 34499084                  /home/user/.m2/repository/org/apache/flink/flink-statebackend-common/1.20.3/flink-statebackend-common-1.20.3.jar
7eada0017000-7eada001a000 r--s 0001a000 103:02 34499076                  /home/user/.m2/repository/org/apache/flink/flink-statebackend-changelog/1.20.3/flink-statebackend-changelog-1.20.3.jar
7eada001a000-7eada0020000 r--s 02771000 103:02 31880145                  /home/user/.m2/repository/com/ververica/frocksdbjni/6.20.3-ververica-2.0/frocksdbjni-6.20.3-ververica-2.0.jar
7eada0020000-7eada0026000 r--s 0004b000 103:02 34499070                  /home/user/.m2/repository/org/apache/flink/flink-statebackend-rocksdb/1.20.3/flink-statebackend-rocksdb-1.20.3.jar
7eada0026000-7eada003a000 r--s 0011c000 103:02 31880136                  /home/user/.m2/repository/org/assertj/assertj-core/3.23.1/assertj-core-3.23.1.jar
7eada003a000-7eada003b000 r--s 00003000 103:02 34499067                  /home/user/.m2/repository/org/apache/flink/flink-rpc-akka-loader/1.20.3/flink-rpc-akka-loader-1.20.3-tests.jar
7eada003b000-7eada0053000 r--s 00120000 103:02 34499063                  /home/user/.m2/repository/org/apache/flink/flink-table-common/1.20.3/flink-table-common-1.20.3.jar
7eada0053000-7eada0057000 r--s 0001f000 103:02 34499060                  /home/user/.m2/repository/org/apache/flink/flink-test-utils/1.20.3/flink-test-utils-1.20.3.jar
7eada0057000-7eada0059000 r--s 00005000 103:02 34499056                  /home/user/.m2/repository/org/apache/flink/flink-datastream-api/1.20.3/flink-datastream-api-1.20.3.jar
7eada0059000-7eada005c000 r--s 00015000 103:02 34499058                  /home/user/.m2/repository/org/apache/flink/flink-datastream/1.20.3/flink-datastream-1.20.3.jar
7eada005c000-7eada0062000 r--s 00052000 103:02 34499055                  /home/user/.m2/repository/org/apache/flink/flink-optimizer/1.20.3/flink-optimizer-1.20.3.jar
7eada0062000-7eada0066000 r--s 00037000 103:02 34499051                  /home/user/.m2/repository/org/apache/flink/flink-clients/1.20.3/flink-clients-1.20.3.jar
7eada0066000-7eada008d000 r--s 001f6000 103:02 31880113                  /home/user/.m2/repository/org/apache/commons/commons-math3/3.6.1/commons-math3-3.6.1.jar
7eada008d000-7eada0090000 r--s 0000a000 103:02 34499047                  /home/user/.m2/repository/org/apache/flink/flink-file-sink-common/1.20.3/flink-file-sink-common-1.20.3.jar
7eada0090000-7eada00b1000 r--s 0018b000 103:02 34499046                  /home/user/.m2/repository/org/apache/flink/flink-streaming-java/1.20.3/flink-streaming-java-1.20.3.jar
7eada00b1000-7eada00b3000 r--s 00002000 103:02 31880107                  /home/user/.m2/repository/com/google/j2objc/j2objc-annotations/3.0.0/j2objc-annotations-3.0.0.jar
7eada00b3000-7eada00b5000 r--s 00003000 103:02 31880104                  /home/user/.m2/repository/com/google/errorprone/error_prone_annotations/2.26.1/error_prone_annotations-2.26.1.jar
7eada00b5000-7eada00c1000 r--s 0002d000 103:02 31880103                  /home/user/.m2/repository/org/checkerframework/checker-qual/3.42.0/checker-qual-3.42.0.jar
7eada00c1000-7eada4000000 rw-p 00000000 00:00 0 
7eada4000000-7eada4021000 rw-p 00000000 00:00 0 
7eada4021000-7eada8000000 ---p 00000000 00:00 0 
7eada8000000-7eada8001000 r--s 00005000 103:02 34499049                  /home/user/.m2/repository/org/apache/flink/flink-connector-datagen/1.20.3/flink-connector-datagen-1.20.3.jar
7eada8001000-7eada8002000 r--s 00000000 103:02 31880100                  /home/user/.m2/repository/com/google/guava/listenablefuture/9999.0-empty-to-avoid-conflict-with-guava/listenablefuture-9999.0-empty-to-avoid-conflict-with-guava.jar
7eada8002000-7eada8004000 r--s 00000000 103:02 31880098                  /home/user/.m2/repository/com/google/guava/failureaccess/1.0.2/failureaccess-1.0.2.jar
7eada8004000-7eada8038000 r--s 002b6000 103:02 31880097                  /home/user/.m2/repository/com/google/guava/guava/33.2.0-jre/guava-33.2.0-jre.jar
7eada8038000-7eada803b000 r--s 00006000 103:02 31880095                  /home/user/.m2/repository/com/google/code/findbugs/jsr305/1.3.9/jsr305-1.3.9.jar
7eada803b000-7eada803c000 r--s 00004000 103:02 34499044                  /home/user/.m2/repository/org/apache/flink/flink-annotations/1.20.3/flink-annotations-1.20.3.jar
7eada803c000-7eada803f000 r--s 000a4000 103:02 31880091                  /home/user/.m2/repository/org/lz4/lz4-java/1.8.0/lz4-java-1.8.0.jar
7eada803f000-7eada8040000 r--s 0008a000 103:02 31880088                  /home/user/.m2/repository/tools/profiler/async-profiler/2.9/async-profiler-2.9.jar
7eada8040000-7eada8043000 r--s 00201000 103:02 31880087                  /home/user/.m2/repository/org/xerial/snappy/snappy-java/1.1.10.4/snappy-java-1.1.10.4.jar
7eada8043000-7eada804d000 r--s 000b4000 103:02 31880084                  /home/user/.m2/repository/org/javassist/javassist/3.24.0-GA/javassist-3.24.0-GA.jar
7eada804d000-7eada804f000 r--s 0000d000 103:02 31880082                  /home/user/.m2/repository/commons-cli/commons-cli/1.5.0/commons-cli-1.5.0.jar
7eada804f000-7eada80b6000 r--s 00449000 103:02 31880079                  /home/user/.m2/repository/org/apache/flink/flink-shaded-netty/4.1.91.Final-17.0/flink-shaded-netty-4.1.91.Final-17.0.jar
7eada80b6000-7eada80c1000 r--s 00070000 103:02 31880078                  /home/user/.m2/repository/commons-io/commons-io/2.15.1/commons-io-2.15.1.jar
7eada80c1000-7eadac000000 rw-p 00000000 00:00 0 
7eadac000000-7eadac021000 rw-p 00000000 00:00 0 
7eadac021000-7eadb0000000 ---p 00000000 00:00 0 
7eadb0000000-7eadb0072000 r--s 005a1000 103:02 34498881                  /home/user/.m2/repository/org/apache/flink/flink-runtime/1.20.3/flink-runtime-1.20.3.jar
7eadb0072000-7eadb00b6000 r--s 002c3000 103:02 31880062                  /home/user/.m2/repository/org/apache/flink/flink-shaded-guava/31.1-jre-17.0/flink-shaded-guava-31.1-jre-17.0.jar
7eadb00b6000-7eadb00ca000 r--s 000f4000 103:02 31880060                  /home/user/.m2/repository/org/apache/commons/commons-compress/1.26.0/commons-compress-1.26.0.jar
7eadb00ca000-7eadb00fe000 r--s 0028e000 103:02 31880044                  /home/user/.m2/repository/org/apache/flink/flink-shaded-jackson/2.14.2-17.0/flink-shaded-jackson-2.14.2-17.0.jar
7eadb00fe000-7eadb4000000 rw-p 00000000 00:00 0 
7eadb4000000-7eadb4021000 rw-p 00000000 00:00 0 
7eadb4021000-7eadb8000000 ---p 00000000 00:00 0 
7eadb8000000-7eadb8002000 r--s 00009000 103:02 34499041                  /home/user/.m2/repository/org/apache/flink/flink-hadoop-fs/1.20.3/flink-hadoop-fs-1.20.3.jar
7eadb8002000-7eadb8005000 r--s 00012000 103:02 34499040                  /home/user/.m2/repository/org/apache/flink/flink-queryable-state-client-java/1.20.3/flink-queryable-state-client-java-1.20.3.jar
7eadb8005000-7eadb8007000 r--s 0000d000 103:02 31880072                  /home/user/.m2/repository/com/twitter/chill-java/0.7.6/chill-java-0.7.6.jar
7eadb8007000-7eadb8010000 r--s 00063000 103:02 34499039                  /home/user/.m2/repository/org/apache/flink/flink-java/1.20.3/flink-java-1.20.3.jar
7eadb8010000-7eadb8011000 r--s 012cd000 103:02 34499086                  /home/user/.m2/repository/org/apache/flink/flink-rpc-akka-loader/1.20.3/flink-rpc-akka-loader-1.20.3.jar
7eadb8011000-7eadb8013000 r--s 0000c000 103:02 34498892                  /home/user/.m2/repository/org/apache/flink/flink-rpc-core/1.20.3/flink-rpc-core-1.20.3.jar
7eadb8013000-7eadb8020000 r--s 00083000 103:02 31880058                  /home/user/.m2/repository/commons-collections/commons-collections/3.2.2/commons-collections-3.2.2.jar
7eadb8020000-7eadb8026000 r--s 0004d000 103:02 31880050                  /home/user/.m2/repository/com/esotericsoftware/kryo/kryo/2.24.0/kryo-2.24.0.jar
7eadb8026000-7eadb882e000 rw-p 00000000 00:00 0 
7eadb882e000-7eadb8a00000 r--s 03cd8000 103:02 94374113                  /usr/lib/jvm/java-8-openjdk-amd64/jre/lib/rt.jar
7eadb8a00000-7eadb9200000 rw-p 00000000 00:00 0 
7eadb9200000-7eadb9202000 r--s 00009000 103:02 31878732                  /home/user/.m2/repository/org/slf4j/slf4j-api/1.7.36/slf4j-api-1.7.36.jar
7eadb9202000-7eadb9204000 r--s 00009000 103:02 31880056                  /home/user/.m2/repository/org/objenesis/objenesis/2.1/objenesis-2.1.jar
7eadb9204000-7eadb9209000 r--s 00036000 103:02 31880047                  /home/user/.m2/repository/org/apache/commons/commons-text/1.10.0/commons-text-1.10.0.jar
7eadb9209000-7eadb9211000 r--s 00040000 103:02 31880049                  /home/user/.m2/repository/org/snakeyaml/snakeyaml-engine/2.6/snakeyaml-engine-2.6.jar
7eadb9211000-7eadb921b000 r--s 00086000 103:02 31880043                  /home/user/.m2/repository/org/apache/commons/commons-lang3/3.12.0/commons-lang3-3.12.0.jar
7eadb921b000-7eadb9220000 r--s 00044000 103:02 31880046                  /home/user/.m2/repository/org/apache/flink/flink-shaded-asm-9/9.5-17.0/flink-shaded-asm-9-9.5-17.0.jar
7eadb9220000-7eadb9223000 r--s 00007000 103:02 34499034                  /home/user/.m2/repository/org/apache/flink/flink-metrics-core/1.20.3/flink-metrics-core-1.20.3.jar
7eadb9223000-7eadb9226000 r--s 0000f000 103:02 34498882                  /home/user/.m2/repository/org/apache/flink/flink-core-api/1.20.3/flink-core-api-1.20.3.jar
7eadb9226000-7eadb9248000 r--s 001b2000 103:02 34498879                  /home/user/.m2/repository/org/apache/flink/flink-core/1.20.3/flink-core-1.20.3.jar
7eadb9248000-7eadb9275000 r--s 00227000 103:02 34495105                  /home/user/.m2/repository/org/apache/maven/surefire/surefire-shared-utils/3.2.5/surefire-shared-utils-3.2.5.jar
7eadb9275000-7eadb927a000 r--p 00000000 103:02 94374019                  /usr/lib/jvm/java-8-openjdk-amd64/jre/lib/amd64/libnet.so
7eadb927a000-7eadb928b000 r-xp 00005000 103:02 94374019                  /usr/lib/jvm/java-8-openjdk-amd64/jre/lib/amd64/libnet.so
7eadb928b000-7eadb928f000 r--p 00016000 103:02 94374019                  /usr/lib/jvm/java-8-openjdk-amd64/jre/lib/amd64/libnet.so
7eadb928f000-7eadb9290000 r--p 00019000 103:02 94374019                  /usr/lib/jvm/java-8-openjdk-amd64/jre/lib/amd64/libnet.so
7eadb9290000-7eadb9291000 rw-p 0001a000 103:02 94374019                  /usr/lib/jvm/java-8-openjdk-amd64/jre/lib/amd64/libnet.so
7eadb9291000-7eadb94e9000 rw-p 00000000 00:00 0 
7eadb94e9000-7eadb94ea000 ---p 00000000 00:00 0 
7eadb94ea000-7eadb95ea000 rw-p 00000000 00:00 0 
7eadb95ea000-7eadb95eb000 ---p 00000000 00:00 0 
7eadb95eb000-7eadb96eb000 rw-p 00000000 00:00 0 
7eadb96eb000-7eadb96ec000 ---p 00000000 00:00 0 
7eadb96ec000-7eadb97ec000 rw-p 00000000 00:00 0 
7eadb97ec000-7eadb97ed000 ---p 00000000 00:00 0 
7eadb97ed000-7eadb98ed000 rw-p 00000000 00:00 0 
7eadb98ed000-7eadb98ee000 ---p 00000000 00:00 0 
7eadb98ee000-7eadb99ee000 rw-p 00000000 00:00 0 
7eadb99ee000-7eadb99ef000 ---p 00000000 00:00 0 
7eadb99ef000-7eadb9aef000 rw-p 00000000 00:00 0 
7eadb9aef000-7eadb9af0000 ---p 00000000 00:00 0 
7eadb9af0000-7eadb9bf0000 rw-p 00000000 00:00 0 
7eadb9bf0000-7eadb9bf1000 ---p 00000000 00:00 0 
7eadb9bf1000-7eadb9cf1000 rw-p 00000000 00:00 0 
7eadb9cf1000-7eadb9cf2000 ---p 00000000 00:00 0 
7eadb9cf2000-7eadb9df2000 rw-p 00000000 00:00 0 
7eadb9df2000-7eadb9df3000 ---p 00000000 00:00 0 
7eadb9df3000-7eadb9ef3000 rw-p 00000000 00:00 0 
7eadb9ef3000-7eadb9ef4000 ---p 00000000 00:00 0 
7eadb9ef4000-7eadb9ff4000 rw-p 00000000 00:00 0 
7eadb9ff4000-7eadb9ff5000 ---p 00000000 00:00 0 
7eadb9ff5000-7eadba0f5000 rw-p 00000000 00:00 0 
7eadba0f5000-7eadba0f6000 ---p 00000000 00:00 0 
7eadba0f6000-7eadba1f6000 rw-p 00000000 00:00 0 
7eadba1f6000-7eadba1f7000 ---p 00000000 00:00 0 
7eadba1f7000-7eadba2f7000 rw-p 00000000 00:00 0 
7eadba2f7000-7eadba2f8000 ---p 00000000 00:00 0 
7eadba2f8000-7eadba3f8000 rw-p 00000000 00:00 0 
7eadba3f8000-7eadba3f9000 ---p 00000000 00:00 0 
7eadba3f9000-7eadba4f9000 rw-p 00000000 00:00 0 
7eadba4f9000-7eadba4fa000 ---p 00000000 00:00 0 
7eadba4fa000-7eadba5fa000 rw-p 00000000 00:00 0 
7eadba5fa000-7eadba5fb000 ---p 00000000 00:00 0 
7eadba5fb000-7eadba6fb000 rw-p 00000000 00:00 0 
7eadba6fb000-7eadba6fc000 ---p 00000000 00:00 0 
7eadba6fc000-7eadba7fc000 rw-p 00000000 00:00 0 
7eadba7fc000-7eadba7fd000 ---p 00000000 00:00 0 
7eadba7fd000-7eadba8fd000 rw-p 00000000 00:00 0 
7eadba8fd000-7eadba8fe000 ---p 00000000 00:00 0 
7eadba8fe000-7eadba9fe000 rw-p 00000000 00:00 0 
7eadba9fe000-7eadba9ff000 ---p 00000000 00:00 0 
7eadba9ff000-7eadbaaff000 rw-p 00000000 00:00 0 
7eadbaaff000-7eadbab00000 ---p 00000000 00:00 0 
7eadbab00000-7eadbac00000 rw-p 00000000 00:00 0 
7eadbac00000-7eadbb011000 rw-p 00000000 00:00 0 
7eadbb011000-7eadbd400000 ---p 00000000 00:00 0 
7eadbd400000-7eadbd811000 rw-p 00000000 00:00 0 
7eadbd811000-7eadbfbff000 ---p 00000000 00:00 0 
7eadbfbff000-7eadbfe2b000 rw-p 00000000 00:00 0 
7eadbfe2b000-7eadc0fff000 ---p 00000000 00:00 0 
7eadc0fff000-7eadc1000000 rw-p 00000000 00:00 0 
7eadc1000000-7eadc1e90000 rwxp 00000000 00:00 0 
7eadc1e90000-7eadd0000000 ---p 00000000 00:00 0 
7eadd0000000-7eadd3ff9000 rw-p 00000000 00:00 0 
7eadd3ff9000-7eadd4000000 ---p 00000000 00:00 0 
7eadd4000000-7eadd4002000 r--s 00000000 103:02 31880052                  /home/user/.m2/repository/com/esotericsoftware/minlog/minlog/1.2/minlog-1.2.jar
7eadd4002000-7eadd4003000 r--s 00001000 103:02 34495098                  /home/user/.m2/repository/org/apache/maven/surefire/surefire-extensions-spi/3.2.5/surefire-extensions-spi-3.2.5.jar
7eadd4003000-7eadd4007000 r--p 00000000 103:02 94374015                  /usr/lib/jvm/java-8-openjdk-amd64/jre/lib/amd64/libmanagement.so
7eadd4007000-7eadd400b000 r-xp 00004000 103:02 94374015                  /usr/lib/jvm/java-8-openjdk-amd64/jre/lib/amd64/libmanagement.so
7eadd400b000-7eadd400d000 r--p 00008000 103:02 94374015                  /usr/lib/jvm/java-8-openjdk-amd64/jre/lib/amd64/libmanagement.so
7eadd400d000-7eadd400e000 r--p 00009000 103:02 94374015                  /usr/lib/jvm/java-8-openjdk-amd64/jre/lib/amd64/libmanagement.so
7eadd400e000-7eadd400f000 rw-p 0000a000 103:02 94374015                  /usr/lib/jvm/java-8-openjdk-amd64/jre/lib/amd64/libmanagement.so
7eadd400f000-7eadd4011000 r--s 00002000 103:02 34495090                  /home/user/.m2/repository/org/apache/maven/surefire/surefire-logger-api/3.2.5/surefire-logger-api-3.2.5.jar
7eadd4011000-7eadd4018000 r--p 00000000 103:02 94374021                  /usr/lib/jvm/java-8-openjdk-amd64/jre/lib/amd64/libnio.so
7eadd4018000-7eadd4021000 r-xp 00007000 103:02 94374021                  /usr/lib/jvm/java-8-openjdk-amd64/jre/lib/amd64/libnio.so
7eadd4021000-7eadd4024000 r--p 00010000 103:02 94374021                  /usr/lib/jvm/java-8-openjdk-amd64/jre/lib/amd64/libnio.so
7eadd4024000-7eadd4025000 r--p 00012000 103:02 94374021                  /usr/lib/jvm/java-8-openjdk-amd64/jre/lib/amd64/libnio.so
7eadd4025000-7eadd4026000 rw-p 00013000 103:02 94374021                  /usr/lib/jvm/java-8-openjdk-amd64/jre/lib/amd64/libnio.so
7eadd4026000-7eadd4027000 ---p 00000000 00:00 0 
7eadd4027000-7eadd4127000 rw-p 00000000 00:00 0 
7eadd4127000-7eadd4128000 ---p 00000000 00:00 0 
7eadd4128000-7eadd4228000 rw-p 00000000 00:00 0 
7eadd4228000-7eadd4229000 ---p 00000000 00:00 0 
7eadd4229000-7eadd4329000 rw-p 00000000 00:00 0 
7eadd4329000-7eadd432a000 ---p 00000000 00:00 0 
7eadd432a000-7eadd442a000 rw-p 00000000 00:00 0 
7eadd442a000-7eadd442b000 ---p 00000000 00:00 0 
7eadd442b000-7eadd452b000 rw-p 00000000 00:00 0 
7eadd452b000-7eadd452c000 ---p 00000000 00:00 0 
7eadd452c000-7eadd462c000 rw-p 00000000 00:00 0 
7eadd462c000-7eadd462d000 ---p 00000000 00:00 0 
7eadd462d000-7eadd472d000 rw-p 00000000 00:00 0 
7eadd472d000-7eadd472e000 ---p 00000000 00:00 0 
7eadd472e000-7eadd482e000 rw-p 00000000 00:00 0 
7eadd482e000-7eadd482f000 ---p 00000000 00:00 0 
7eadd482f000-7eadd492f000 rw-p 00000000 00:00 0 
7eadd492f000-7eadd4930000 ---p 00000000 00:00 0 
7eadd4930000-7eadd4a30000 rw-p 00000000 00:00 0 
7eadd4a30000-7eadd4a31000 ---p 00000000 00:00 0 
7eadd4a31000-7eadd4b31000 rw-p 00000000 00:00 0 
7eadd4b31000-7eadd4b32000 ---p 00000000 00:00 0 
7eadd4b32000-7eadd4c32000 rw-p 00000000 00:00 0 
7eadd4c32000-7eadd4c33000 ---p 00000000 00:00 0 
7eadd4c33000-7eadd4d33000 rw-p 00000000 00:00 0 
7eadd4d33000-7eadd4d34000 ---p 00000000 00:00 0 
7eadd4d34000-7eadd4e34000 rw-p 00000000 00:00 0 
7eadd4e34000-7eadd4e35000 ---p 00000000 00:00 0 
7eadd4e35000-7eadd4f35000 rw-p 00000000 00:00 0 
7eadd4f35000-7eadd4f36000 ---p 00000000 00:00 0 
7eadd4f36000-7eadd5036000 rw-p 00000000 00:00 0 
7eadd5036000-7eadd5037000 ---p 00000000 00:00 0 
7eadd5037000-7eadd5137000 rw-p 00000000 00:00 0 
7eadd5137000-7eadd5138000 ---p 00000000 00:00 0 
7eadd5138000-7eadd5238000 rw-p 00000000 00:00 0 
7eadd5238000-7eadd5239000 ---p 00000000 00:00 0 
7eadd5239000-7eadd5339000 rw-p 00000000 00:00 0 
7eadd5339000-7eadd533a000 ---p 00000000 00:00 0 
7eadd533a000-7eadd543a000 rw-p 00000000 00:00 0 
7eadd543a000-7eadd543b000 ---p 00000000 00:00 0 
7eadd543b000-7eadd553b000 rw-p 00000000 00:00 0 
7eadd553b000-7eadd553c000 ---p 00000000 00:00 0 
7eadd553c000-7eadd563c000 rw-p 00000000 00:00 0 
7eadd563c000-7eadd563d000 ---p 00000000 00:00 0 
7eadd563d000-7eadd573d000 rw-p 00000000 00:00 0 
7eadd573d000-7eadd573e000 ---p 00000000 00:00 0 
7eadd573e000-7eadd583e000 rw-p 00000000 00:00 0 
7eadd583e000-7eadd583f000 ---p 00000000 00:00 0 
7eadd583f000-7eadd593f000 rw-p 00000000 00:00 0 
7eadd593f000-7eadd5940000 ---p 00000000 00:00 0 
7eadd5940000-7eadd5a40000 rw-p 00000000 00:00 0 
7eadd5a40000-7eadd5a7b000 rw-p 00000000 00:00 0 
7eadd5a7b000-7eadd5e00000 ---p 00000000 00:00 0 
7eadd5e00000-7eadd5e9a000 r--p 00000000 103:02 93589302                  /usr/lib/x86_64-linux-gnu/libstdc++.so.6.0.30
7eadd5e9a000-7eadd5fab000 r-xp 0009a000 103:02 93589302                  /usr/lib/x86_64-linux-gnu/libstdc++.so.6.0.30
7eadd5fab000-7eadd601a000 r--p 001ab000 103:02 93589302                  /usr/lib/x86_64-linux-gnu/libstdc++.so.6.0.30
7eadd601a000-7eadd601b000 ---p 0021a000 103:02 93589302                  /usr/lib/x86_64-linux-gnu/libstdc++.so.6.0.30
7eadd601b000-7eadd6026000 r--p 0021a000 103:02 93589302                  /usr/lib/x86_64-linux-gnu/libstdc++.so.6.0.30
7eadd6026000-7eadd6029000 rw-p 00225000 103:02 93589302                  /usr/lib/x86_64-linux-gnu/libstdc++.so.6.0.30
7eadd6029000-7eadd602c000 rw-p 00000000 00:00 0 
7eadd602c000-7eadd6031000 r--s 00025000 103:02 34495088                  /home/user/.m2/repository/org/apache/maven/surefire/surefire-api/3.2.5/surefire-api-3.2.5.jar
7eadd6031000-7eadd6034000 r--s 0001a000 103:02 34495094                  /home/user/.m2/repository/org/apache/maven/surefire/surefire-booter/3.2.5/surefire-booter-3.2.5.jar
7eadd6034000-7eadd6036000 r--s 00010000 103:02 94374075                  /usr/lib/jvm/java-8-openjdk-amd64/jre/lib/ext/zipfs.jar
7eadd6036000-7eadd603c000 r--s 0003e000 103:02 94374071                  /usr/lib/jvm/java-8-openjdk-amd64/jre/lib/ext/sunjce_provider.jar
7eadd603c000-7eadd6057000 r--s 001d6000 103:02 94374067                  /usr/lib/jvm/java-8-openjdk-amd64/jre/lib/ext/nashorn.jar
7eadd6057000-7eadd6061000 r--s 00117000 103:02 94374065                  /usr/lib/jvm/java-8-openjdk-amd64/jre/lib/ext/localedata.jar
7eadd6061000-7eadd6063000 r--s 00001000 103:02 94374059                  /usr/lib/jvm/java-8-openjdk-amd64/jre/lib/ext/dnsns.jar
7eadd6063000-7eadd6066000 r--s 0000f000 103:02 94374061                  /usr/lib/jvm/java-8-openjdk-amd64/jre/lib/ext/icedtea-sound.jar
7eadd6066000-7eadd6082000 r--s 00394000 103:02 94374057                  /usr/lib/jvm/java-8-openjdk-amd64/jre/lib/ext/cldrdata.jar
7eadd6082000-7eadd6089000 r--s 000d3000 103:02 94374101                  /usr/lib/jvm/java-8-openjdk-amd64/jre/lib/jfr.jar
7eadd6089000-7eadd60ff000 rw-p 00000000 00:00 0 
7eadd60ff000-7eadd6100000 ---p 00000000 00:00 0 
7eadd6100000-7eadd6200000 rw-p 00000000 00:00 0 
7eadd6200000-7eadd63f6000 r--p 00000000 103:02 94374039                  /usr/lib/jvm/java-8-openjdk-amd64/jre/lib/amd64/server/libjvm.so
7eadd63f6000-7eadd6d67000 r-xp 001f6000 103:02 94374039                  /usr/lib/jvm/java-8-openjdk-amd64/jre/lib/amd64/server/libjvm.so
7eadd6d67000-7eadd6f13000 r--p 00b67000 103:02 94374039                  /usr/lib/jvm/java-8-openjdk-amd64/jre/lib/amd64/server/libjvm.so
7eadd6f13000-7eadd6fa9000 r--p 00d12000 103:02 94374039                  /usr/lib/jvm/java-8-openjdk-amd64/jre/lib/amd64/server/libjvm.so
7eadd6fa9000-7eadd6fd2000 rw-p 00da8000 103:02 94374039                  /usr/lib/jvm/java-8-openjdk-amd64/jre/lib/amd64/server/libjvm.so
7eadd6fd2000-7eadd7005000 rw-p 00000000 00:00 0 
7eadd7005000-7eadd7007000 r--s 00008000 103:02 94374069                  /usr/lib/jvm/java-8-openjdk-amd64/jre/lib/ext/sunec.jar
7eadd7007000-7eadd70b0000 rw-p 00000000 00:00 0 
7eadd70b0000-7eadd70bd000 r--p 00000000 103:02 94373997                  /usr/lib/jvm/java-8-openjdk-amd64/jre/lib/amd64/libjava.so
7eadd70bd000-7eadd70d5000 r-xp 0000d000 103:02 94373997                  /usr/lib/jvm/java-8-openjdk-amd64/jre/lib/amd64/libjava.so
7eadd70d5000-7eadd70dc000 r--p 00025000 103:02 94373997                  /usr/lib/jvm/java-8-openjdk-amd64/jre/lib/amd64/libjava.so
7eadd70dc000-7eadd70dd000 r--p 0002b000 103:02 94373997                  /usr/lib/jvm/java-8-openjdk-amd64/jre/lib/amd64/libjava.so
7eadd70dd000-7eadd70df000 rw-p 0002c000 103:02 94373997                  /usr/lib/jvm/java-8-openjdk-amd64/jre/lib/amd64/libjava.so
7eadd70df000-7eadd70e0000 ---p 00000000 00:00 0 
7eadd70e0000-7eadd70e3000 ---p 00000000 00:00 0 
7eadd70e3000-7eadd71e0000 rw-p 00000000 00:00 0 
7eadd71e0000-7eadd71e3000 r--p 00000000 103:02 93587967                  /usr/lib/x86_64-linux-gnu/libgcc_s.so.1
7eadd71e3000-7eadd71fa000 r-xp 00003000 103:02 93587967                  /usr/lib/x86_64-linux-gnu/libgcc_s.so.1
7eadd71fa000-7eadd71fe000 r--p 0001a000 103:02 93587967                  /usr/lib/x86_64-linux-gnu/libgcc_s.so.1
7eadd71fe000-7eadd71ff000 r--p 0001d000 103:02 93587967                  /usr/lib/x86_64-linux-gnu/libgcc_s.so.1
7eadd71ff000-7eadd7200000 rw-p 0001e000 103:02 93587967                  /usr/lib/x86_64-linux-gnu/libgcc_s.so.1
7eadd7200000-7eadd7228000 r--p 00000000 103:02 93587590                  /usr/lib/x86_64-linux-gnu/libc.so.6
7eadd7228000-7eadd73bd000 r-xp 00028000 103:02 93587590                  /usr/lib/x86_64-linux-gnu/libc.so.6
7eadd73bd000-7eadd7415000 r--p 001bd000 103:02 93587590                  /usr/lib/x86_64-linux-gnu/libc.so.6
7eadd7415000-7eadd7416000 ---p 00215000 103:02 93587590                  /usr/lib/x86_64-linux-gnu/libc.so.6
7eadd7416000-7eadd741a000 r--p 00215000 103:02 93587590                  /usr/lib/x86_64-linux-gnu/libc.so.6
7eadd741a000-7eadd741c000 rw-p 00219000 103:02 93587590                  /usr/lib/x86_64-linux-gnu/libc.so.6
7eadd741c000-7eadd7429000 rw-p 00000000 00:00 0 
7eadd7429000-7eadd742b000 r--s 0000c000 103:02 93728508                  /usr/share/java/java-atk-wrapper.jar
7eadd742b000-7eadd742e000 r--s 00042000 103:02 94374073                  /usr/lib/jvm/java-8-openjdk-amd64/jre/lib/ext/sunpkcs11.jar
7eadd742e000-7eadd7431000 r--p 00000000 103:02 94374035                  /usr/lib/jvm/java-8-openjdk-amd64/jre/lib/amd64/libzip.so
7eadd7431000-7eadd7436000 r-xp 00003000 103:02 94374035                  /usr/lib/jvm/java-8-openjdk-amd64/jre/lib/amd64/libzip.so
7eadd7436000-7eadd7438000 r--p 00008000 103:02 94374035                  /usr/lib/jvm/java-8-openjdk-amd64/jre/lib/amd64/libzip.so
7eadd7438000-7eadd7439000 r--p 00009000 103:02 94374035                  /usr/lib/jvm/java-8-openjdk-amd64/jre/lib/amd64/libzip.so
7eadd7439000-7eadd743a000 rw-p 0000a000 103:02 94374035                  /usr/lib/jvm/java-8-openjdk-amd64/jre/lib/amd64/libzip.so
7eadd743a000-7eadd7442000 rw-s 00000000 103:02 66485373                  /tmp/hsperfdata_user/122722
7eadd7442000-7eadd7443000 r--p 00000000 103:02 93587731                  /usr/lib/x86_64-linux-gnu/librt.so.1
7eadd7443000-7eadd7444000 r-xp 00001000 103:02 93587731                  /usr/lib/x86_64-linux-gnu/librt.so.1
7eadd7444000-7eadd7445000 r--p 00002000 103:02 93587731                  /usr/lib/x86_64-linux-gnu/librt.so.1
7eadd7445000-7eadd7446000 r--p 00002000 103:02 93587731                  /usr/lib/x86_64-linux-gnu/librt.so.1
7eadd7446000-7eadd7447000 rw-p 00003000 103:02 93587731                  /usr/lib/x86_64-linux-gnu/librt.so.1
7eadd7447000-7eadd7455000 r--p 00000000 103:02 93587630                  /usr/lib/x86_64-linux-gnu/libm.so.6
7eadd7455000-7eadd74d1000 r-xp 0000e000 103:02 93587630                  /usr/lib/x86_64-linux-gnu/libm.so.6
7eadd74d1000-7eadd752c000 r--p 0008a000 103:02 93587630                  /usr/lib/x86_64-linux-gnu/libm.so.6
7eadd752c000-7eadd752d000 r--p 000e4000 103:02 93587630                  /usr/lib/x86_64-linux-gnu/libm.so.6
7eadd752d000-7eadd752e000 rw-p 000e5000 103:02 93587630                  /usr/lib/x86_64-linux-gnu/libm.so.6
7eadd752e000-7eadd7530000 rw-p 00000000 00:00 0 
7eadd7530000-7eadd7533000 r--p 00000000 103:02 94373966                  /usr/lib/jvm/java-8-openjdk-amd64/jre/lib/amd64/jli/libjli.so
7eadd7533000-7eadd753c000 r-xp 00003000 103:02 94373966                  /usr/lib/jvm/java-8-openjdk-amd64/jre/lib/amd64/jli/libjli.so
7eadd753c000-7eadd753f000 r--p 0000c000 103:02 94373966                  /usr/lib/jvm/java-8-openjdk-amd64/jre/lib/amd64/jli/libjli.so
7eadd753f000-7eadd7540000 r--p 0000e000 103:02 94373966                  /usr/lib/jvm/java-8-openjdk-amd64/jre/lib/amd64/jli/libjli.so
7eadd7540000-7eadd7541000 rw-p 0000f000 103:02 94373966                  /usr/lib/jvm/java-8-openjdk-amd64/jre/lib/amd64/jli/libjli.so
7eadd7541000-7eadd7543000 r--p 00000000 103:02 93614678                  /usr/lib/x86_64-linux-gnu/libz.so.1.2.11
7eadd7543000-7eadd7554000 r-xp 00002000 103:02 93614678                  /usr/lib/x86_64-linux-gnu/libz.so.1.2.11
7eadd7554000-7eadd755a000 r--p 00013000 103:02 93614678                  /usr/lib/x86_64-linux-gnu/libz.so.1.2.11
7eadd755a000-7eadd755b000 ---p 00019000 103:02 93614678                  /usr/lib/x86_64-linux-gnu/libz.so.1.2.11
7eadd755b000-7eadd755c000 r--p 00019000 103:02 93614678                  /usr/lib/x86_64-linux-gnu/libz.so.1.2.11
7eadd755c000-7eadd755d000 rw-p 0001a000 103:02 93614678                  /usr/lib/x86_64-linux-gnu/libz.so.1.2.11
7eadd755d000-7eadd755e000 r--s 00002000 103:02 31856953                  /home/user/projects/forL0-state-backend/target/surefire/surefirebooter-20260310050733609_3.jar
7eadd755e000-7eadd755f000 r--s 0000a000 103:02 94374063                  /usr/lib/jvm/java-8-openjdk-amd64/jre/lib/ext/jaccess.jar
7eadd755f000-7eadd7560000 rw-p 00000000 00:00 0 
7eadd7560000-7eadd7565000 r--p 00000000 103:02 94374033                  /usr/lib/jvm/java-8-openjdk-amd64/jre/lib/amd64/libverify.so
7eadd7565000-7eadd756e000 r-xp 00005000 103:02 94374033                  /usr/lib/jvm/java-8-openjdk-amd64/jre/lib/amd64/libverify.so
7eadd756e000-7eadd7570000 r--p 0000e000 103:02 94374033                  /usr/lib/jvm/java-8-openjdk-amd64/jre/lib/amd64/libverify.so
7eadd7570000-7eadd7572000 r--p 0000f000 103:02 94374033                  /usr/lib/jvm/java-8-openjdk-amd64/jre/lib/amd64/libverify.so
7eadd7572000-7eadd7573000 rw-p 00011000 103:02 94374033                  /usr/lib/jvm/java-8-openjdk-amd64/jre/lib/amd64/libverify.so
7eadd7573000-7eadd7575000 rw-p 00000000 00:00 0 
7eadd7575000-7eadd7577000 r--p 00000000 103:02 93587428                  /usr/lib/x86_64-linux-gnu/ld-linux-x86-64.so.2
7eadd7577000-7eadd75a1000 r-xp 00002000 103:02 93587428                  /usr/lib/x86_64-linux-gnu/ld-linux-x86-64.so.2
7eadd75a1000-7eadd75ac000 r--p 0002c000 103:02 93587428                  /usr/lib/x86_64-linux-gnu/ld-linux-x86-64.so.2
7eadd75ac000-7eadd75ad000 r--p 00000000 00:00 0 
7eadd75ad000-7eadd75af000 r--p 00037000 103:02 93587428                  /usr/lib/x86_64-linux-gnu/ld-linux-x86-64.so.2
7eadd75af000-7eadd75b1000 rw-p 00039000 103:02 93587428                  /usr/lib/x86_64-linux-gnu/ld-linux-x86-64.so.2
7ffd7c39e000-7ffd7c3c0000 rw-p 00000000 00:00 0                          [stack]
7ffd7c3d7000-7ffd7c3db000 r--p 00000000 00:00 0                          [vvar]
7ffd7c3db000-7ffd7c3dd000 r-xp 00000000 00:00 0                          [vdso]
ffffffffff600000-ffffffffff601000 --xp 00000000 00:00 0                  [vsyscall]

VM Arguments:
jvm_args: -Djava.library.path=/home/user/projects/forL0-state-backend/src/main/resources/native 
java_command: /home/user/projects/forL0-state-backend/target/surefire/surefirebooter-20260310050733609_3.jar /home/user/projects/forL0-state-backend/target/surefire 2026-03-10T05-07-33_373-jvmRun1 surefire-20260310050733609_1tmp surefire_0-20260310050733609_2tmp
java_class_path (initial): /home/user/projects/forL0-state-backend/target/surefire/surefirebooter-20260310050733609_3.jar
Launcher Type: SUN_STANDARD

Environment Variables:
JAVA_HOME=/usr/lib/jvm/java-8-openjdk-amd64
PATH=/home/user/flink/bin:/usr/local/cuda-12.4/bin:/home/user/.vscode-server/data/User/globalStorage/github.copilot-chat/debugCommand:/home/user/.vscode-server/data/User/globalStorage/github.copilot-chat/copilotCli:/home/user/.vscode-server/cli/servers/Stable-61b3d0ab13be7dda2389f1d3e60a119c7f660cc3/server/bin/remote-cli:/home/user/.local/bin:/home/user/flink/bin:/usr/local/cuda-12.4/bin:/usr/lib/jvm/java-8-openjdk-amd64/bin:/home/user/.local/bin:/usr/lib/jvm/java-8-openjdk-amd64/bin:/usr/local/sbin:/usr/local/bin:/usr/sbin:/usr/bin:/sbin:/bin:/usr/games:/usr/local/games:/snap/bin:/opt/flink/bin:/opt/flink/bin:/home/user/.local/bin:/home/user/.vscode-server/extensions/vscjava.vscode-java-debug-0.58.5/bundled/scripts/noConfigScripts:/home/user/.local/bin
LD_LIBRARY_PATH=/usr/local/cuda-12.4/lib64:/usr/local/cuda-12.4/lib64:
SHELL=/bin/bash

Signal Handlers:
SIGSEGV: [libjvm.so+0xb40610], sa_mask[0]=11111111011111111101111111111110, sa_flags=SA_RESTART|SA_SIGINFO
SIGBUS: [libjvm.so+0xb40610], sa_mask[0]=11111111011111111101111111111110, sa_flags=SA_RESTART|SA_SIGINFO
SIGFPE: [libjvm.so+0x97f760], sa_mask[0]=11111111011111111101111111111110, sa_flags=SA_RESTART|SA_SIGINFO
SIGPIPE: [libjvm.so+0x97f760], sa_mask[0]=11111111011111111101111111111110, sa_flags=SA_RESTART|SA_SIGINFO
SIGXFSZ: [libjvm.so+0x97f760], sa_mask[0]=11111111011111111101111111111110, sa_flags=SA_RESTART|SA_SIGINFO
SIGILL: [libjvm.so+0x97f760], sa_mask[0]=11111111011111111101111111111110, sa_flags=SA_RESTART|SA_SIGINFO
SIGUSR1: SIG_DFL, sa_mask[0]=00000000000000000000000000000000, sa_flags=none
SIGUSR2: [libjvm.so+0x97fa90], sa_mask[0]=00000000000000000000000000000000, sa_flags=SA_RESTART|SA_SIGINFO
SIGHUP: [libjvm.so+0x97f9e0], sa_mask[0]=11111111011111111101111111111110, sa_flags=SA_RESTART|SA_SIGINFO
SIGINT: [libjvm.so+0x97f9e0], sa_mask[0]=11111111011111111101111111111110, sa_flags=SA_RESTART|SA_SIGINFO
SIGTERM: [libjvm.so+0x97f9e0], sa_mask[0]=11111111011111111101111111111110, sa_flags=SA_RESTART|SA_SIGINFO
SIGQUIT: [libjvm.so+0x97f9e0], sa_mask[0]=11111111011111111101111111111110, sa_flags=SA_RESTART|SA_SIGINFO


---------------  S Y S T E M  ---------------

OS:DISTRIB_ID=Ubuntu
DISTRIB_RELEASE=22.04
DISTRIB_CODENAME=jammy
DISTRIB_DESCRIPTION="Ubuntu 22.04.5 LTS"

uname:Linux 6.8.0-101-generic #101~22.04.1-Ubuntu SMP PREEMPT_DYNAMIC Wed Feb 11 13:19:54 UTC  x86_64
libc:glibc 2.35 NPTL 2.35 
rlimit: STACK 8192k, CORE 0k, NPROC 1029132, NOFILE 1048576, AS infinity
load average:1.87 0.87 0.51

/proc/meminfo:
MemTotal:       263542384 kB
MemFree:        250973772 kB
MemAvailable:   253311496 kB
Buffers:          307992 kB
Cached:          3876688 kB
SwapCached:            0 kB
Active:          8683220 kB
Inactive:        2154116 kB
Active(anon):    6667516 kB
Inactive(anon):        0 kB
Active(file):    2015704 kB
Inactive(file):  2154116 kB
Unevictable:        3088 kB
Mlocked:               0 kB
SwapTotal:       2097148 kB
SwapFree:        2097148 kB
Zswap:                 0 kB
Zswapped:              0 kB
Dirty:               324 kB
Writeback:             0 kB
AnonPages:       6657548 kB
Mapped:           695512 kB
Shmem:             15020 kB
KReclaimable:     263556 kB
Slab:             876860 kB
SReclaimable:     263556 kB
SUnreclaim:       613304 kB
KernelStack:       31664 kB
PageTables:       101868 kB
SecPageTables:         0 kB
NFS_Unstable:          0 kB
Bounce:                0 kB
WritebackTmp:          0 kB
CommitLimit:    133868340 kB
Committed_AS:   16949700 kB
VmallocTotal:   13743895347199 kB
VmallocUsed:      140108 kB
VmallocChunk:          0 kB
Percpu:           185136 kB
HardwareCorrupted:     0 kB
AnonHugePages:         0 kB
ShmemHugePages:        0 kB
ShmemPmdMapped:        0 kB
FileHugePages:         0 kB
FilePmdMapped:         0 kB
Unaccepted:            0 kB
HugePages_Total:       0
HugePages_Free:        0
HugePages_Rsvd:        0
HugePages_Surp:        0
Hugepagesize:       2048 kB
Hugetlb:               0 kB
DirectMap4k:      596736 kB
DirectMap2M:     9529344 kB
DirectMap1G:    260046848 kB

container (cgroup) information:
container_type: cgroupv2
cpu_cpuset_cpus: failed
cpu_memory_nodes: failed
active_processor_count: 76
cpu_quota: -2
cpu_period: -2
cpu_shares: -2
memory_limit_in_bytes: -1
memory_and_swap_limit_in_bytes: -1
memory_soft_limit_in_bytes: 0
memory_usage_in_bytes: 6923689984
memory_max_usage_in_bytes: -2


CPU:total 76 (initial active 76) (38 cores per cpu, 2 threads per core) family 6 model 106 stepping 6, cmov, cx8, fxsr, mmx, sse, sse2, sse3, ssse3, sse4.1, sse4.2, popcnt, avx, avx2, aes, clmul, erms, 3dnowpref, lzcnt, ht, tsc, tscinvbit, bmi1, bmi2, adx

/proc/cpuinfo:
processor	: 0
vendor_id	: GenuineIntel
cpu family	: 6
model		: 106
model name	: Intel(R) Xeon(R) Platinum 8368Q CPU @ 2.60GHz
stepping	: 6
microcode	: 0xd000421
cpu MHz		: 800.008
cache size	: 58368 KB
physical id	: 0
siblings	: 76
core id		: 0
cpu cores	: 38
apicid		: 0
initial apicid	: 0
fpu		: yes
fpu_exception	: yes
cpuid level	: 27
wp		: yes
flags		: fpu vme de pse tsc msr pae mce cx8 apic sep mtrr pge mca cmov pat pse36 clflush dts acpi mmx fxsr sse sse2 ss ht tm pbe syscall nx pdpe1gb rdtscp lm constant_tsc art arch_perfmon pebs bts rep_good nopl xtopology nonstop_tsc cpuid aperfmperf pni pclmulqdq dtes64 monitor ds_cpl vmx smx est tm2 ssse3 sdbg fma cx16 xtpr pdcm pcid dca sse4_1 sse4_2 x2apic movbe popcnt tsc_deadline_timer aes xsave avx f16c rdrand lahf_lm abm 3dnowprefetch cpuid_fault epb cat_l3 ssbd mba ibrs ibpb stibp ibrs_enhanced tpr_shadow flexpriority ept vpid ept_ad fsgsbase tsc_adjust bmi1 avx2 smep bmi2 erms invpcid cqm rdt_a avx512f avx512dq rdseed adx smap avx512ifma clflushopt clwb intel_pt avx512cd sha_ni avx512bw avx512vl xsaveopt xsavec xgetbv1 xsaves cqm_llc cqm_occup_llc cqm_mbm_total cqm_mbm_local split_lock_detect wbnoinvd dtherm ida arat pln pts vnmi avx512vbmi umip pku ospke avx512_vbmi2 gfni vaes vpclmulqdq avx512_vnni avx512_bitalg tme avx512_vpopcntdq la57 rdpid fsrm md_clear pconfig flush_l1d arch_capabilities
vmx flags	: vnmi preemption_timer posted_intr invvpid ept_x_only ept_ad ept_1gb flexpriority apicv tsc_offset vtpr mtf vapic ept vpid unrestricted_guest vapic_reg vid ple shadow_vmcs pml ept_mode_based_exec tsc_scaling
bugs		: spectre_v1 spectre_v2 spec_store_bypass swapgs mmio_stale_data eibrs_pbrsb gds bhi its its_native_only
bogomips	: 5200.00
clflush size	: 64
cache_alignment	: 64
address sizes	: 46 bits physical, 57 bits virtual
power management:

processor	: 1
vendor_id	: GenuineIntel
cpu family	: 6
model		: 106
model name	: Intel(R) Xeon(R) Platinum 8368Q CPU @ 2.60GHz
stepping	: 6
microcode	: 0xd000421
cpu MHz		: 800.148
cache size	: 58368 KB
physical id	: 0
siblings	: 76
core id		: 1
cpu cores	: 38
apicid		: 2
initial apicid	: 2
fpu		: yes
fpu_exception	: yes
cpuid level	: 27
wp		: yes
flags		: fpu vme de pse tsc msr pae mce cx8 apic sep mtrr pge mca cmov pat pse36 clflush dts acpi mmx fxsr sse sse2 ss ht tm pbe syscall nx pdpe1gb rdtscp lm constant_tsc art arch_perfmon pebs bts rep_good nopl xtopology nonstop_tsc cpuid aperfmperf pni pclmulqdq dtes64 monitor ds_cpl vmx smx est tm2 ssse3 sdbg fma cx16 xtpr pdcm pcid dca sse4_1 sse4_2 x2apic movbe popcnt tsc_deadline_timer aes xsave avx f16c rdrand lahf_lm abm 3dnowprefetch cpuid_fault epb cat_l3 ssbd mba ibrs ibpb stibp ibrs_enhanced tpr_shadow flexpriority ept vpid ept_ad fsgsbase tsc_adjust bmi1 avx2 smep bmi2 erms invpcid cqm rdt_a avx512f avx512dq rdseed adx smap avx512ifma clflushopt clwb intel_pt avx512cd sha_ni avx512bw avx512vl xsaveopt xsavec xgetbv1 xsaves cqm_llc cqm_occup_llc cqm_mbm_total cqm_mbm_local split_lock_detect wbnoinvd dtherm ida arat pln pts vnmi avx512vbmi umip pku ospke avx512_vbmi2 gfni vaes vpclmulqdq avx512_vnni avx512_bitalg tme avx512_vpopcntdq la57 rdpid fsrm md_clear pconfig flush_l1d arch_capabilities
vmx flags	: vnmi preemption_timer posted_intr invvpid ept_x_only ept_ad ept_1gb flexpriority apicv tsc_offset vtpr mtf vapic ept vpid unrestricted_guest vapic_reg vid ple shadow_vmcs pml ept_mode_based_exec tsc_scaling
bugs		: spectre_v1 spectre_v2 spec_store_bypass swapgs mmio_stale_data eibrs_pbrsb gds bhi its its_native_only
bogomips	: 5200.00
clflush size	: 64
cache_alignment	: 64
address sizes	: 46 bits physical, 57 bits virtual
power management:

processor	: 2
vendor_id	: GenuineIntel
cpu family	: 6
model		: 106
model name	: Intel(R) Xeon(R) Platinum 8368Q CPU @ 2.60GHz
stepping	: 6
microcode	: 0xd000421
cpu MHz		: 800.029
cache size	: 58368 KB
physical id	: 0
siblings	: 76
core id		: 2
cpu cores	: 38
apicid		: 4
initial apicid	: 4
fpu		: yes
fpu_exception	: yes
cpuid level	: 27
wp		: yes
flags		: fpu vme de pse tsc msr pae mce cx8 apic sep mtrr pge mca cmov pat pse36 clflush dts acpi mmx fxsr sse sse2 ss ht tm pbe syscall nx pdpe1gb rdtscp lm constant_tsc art arch_perfmon pebs bts rep_good nopl xtopology nonstop_tsc cpuid aperfmperf pni pclmulqdq dtes64 monitor ds_cpl vmx smx est tm2 ssse3 sdbg fma cx16 xtpr pdcm pcid dca sse4_1 sse4_2 x2apic movbe popcnt tsc_deadline_timer aes xsave avx f16c rdrand lahf_lm abm 3dnowprefetch cpuid_fault epb cat_l3 ssbd mba ibrs ibpb stibp ibrs_enhanced tpr_shadow flexpriority ept vpid ept_ad fsgsbase tsc_adjust bmi1 avx2 smep bmi2 erms invpcid cqm rdt_a avx512f avx512dq rdseed adx smap avx512ifma clflushopt clwb intel_pt avx512cd sha_ni avx512bw avx512vl xsaveopt xsavec xgetbv1 xsaves cqm_llc cqm_occup_llc cqm_mbm_total cqm_mbm_local split_lock_detect wbnoinvd dtherm ida arat pln pts vnmi avx512vbmi umip pku ospke avx512_vbmi2 gfni vaes vpclmulqdq avx512_vnni avx512_bitalg tme avx512_vpopcntdq la57 rdpid fsrm md_clear pconfig flush_l1d arch_capabilities
vmx flags	: vnmi preemption_timer posted_intr invvpid ept_x_only ept_ad ept_1gb flexpriority apicv tsc_offset vtpr mtf vapic ept vpid unrestricted_guest vapic_reg vid ple shadow_vmcs pml ept_mode_based_exec tsc_scaling
bugs		: spectre_v1 spectre_v2 spec_store_bypass swapgs mmio_stale_data eibrs_pbrsb gds bhi its its_native_only
bogomips	: 5200.00
clflush size	: 64
cache_alignment	: 64
address sizes	: 46 bits physical, 57 bits virtual
power management:

processor	: 3
vendor_id	: GenuineIntel
cpu family	: 6
model		: 106
model name	: Intel(R) Xeon(R) Platinum 8368Q CPU @ 2.60GHz
stepping	: 6
microcode	: 0xd000421
cpu MHz		: 800.000
cache size	: 58368 KB
physical id	: 0
siblings	: 76
core id		: 3
cpu cores	: 38
apicid		: 6
initial apicid	: 6
fpu		: yes
fpu_exception	: yes
cpuid level	: 27
wp		: yes
flags		: fpu vme de pse tsc msr pae mce cx8 apic sep mtrr pge mca cmov pat pse36 clflush dts acpi mmx fxsr sse sse2 ss ht tm pbe syscall nx pdpe1gb rdtscp lm constant_tsc art arch_perfmon pebs bts rep_good nopl xtopology nonstop_tsc cpuid aperfmperf pni pclmulqdq dtes64 monitor ds_cpl vmx smx est tm2 ssse3 sdbg fma cx16 xtpr pdcm pcid dca sse4_1 sse4_2 x2apic movbe popcnt tsc_deadline_timer aes xsave avx f16c rdrand lahf_lm abm 3dnowprefetch cpuid_fault epb cat_l3 ssbd mba ibrs ibpb stibp ibrs_enhanced tpr_shadow flexpriority ept vpid ept_ad fsgsbase tsc_adjust bmi1 avx2 smep bmi2 erms invpcid cqm rdt_a avx512f avx512dq rdseed adx smap avx512ifma clflushopt clwb intel_pt avx512cd sha_ni avx512bw avx512vl xsaveopt xsavec xgetbv1 xsaves cqm_llc cqm_occup_llc cqm_mbm_total cqm_mbm_local split_lock_detect wbnoinvd dtherm ida arat pln pts vnmi avx512vbmi umip pku ospke avx512_vbmi2 gfni vaes vpclmulqdq avx512_vnni avx512_bitalg tme avx512_vpopcntdq la57 rdpid fsrm md_clear pconfig flush_l1d arch_capabilities
vmx flags	: vnmi preemption_timer posted_intr invvpid ept_x_only ept_ad ept_1gb flexpriority apicv tsc_offset vtpr mtf vapic ept vpid unrestricted_guest vapic_reg vid ple shadow_vmcs pml ept_mode_based_exec tsc_scaling
bugs		: spectre_v1 spectre_v2 spec_store_bypass swapgs mmio_stale_data eibrs_pbrsb gds bhi its its_native_only
bogomips	: 5200.00
clflush size	: 64
cache_alignment	: 64
address sizes	: 46 bits physical, 57 bits virtual
power management:

processor	: 4
vendor_id	: GenuineIntel
cpu family	: 6
model		: 106
model name	: Intel(R) Xeon(R) Platinum 8368Q CPU @ 2.60GHz
stepping	: 6
microcode	: 0xd000421
cpu MHz		: 799.991
cache size	: 58368 KB
physical id	: 0
siblings	: 76
core id		: 4
cpu cores	: 38
apicid		: 8
initial apicid	: 8
fpu		: yes
fpu_exception	: yes
cpuid level	: 27
wp		: yes
flags		: fpu vme de pse tsc msr pae mce cx8 apic sep mtrr pge mca cmov pat pse36 clflush dts acpi mmx fxsr sse sse2 ss ht tm pbe syscall nx pdpe1gb rdtscp lm constant_tsc art arch_perfmon pebs bts rep_good nopl xtopology nonstop_tsc cpuid aperfmperf pni pclmulqdq dtes64 monitor ds_cpl vmx smx est tm2 ssse3 sdbg fma cx16 xtpr pdcm pcid dca sse4_1 sse4_2 x2apic movbe popcnt tsc_deadline_timer aes xsave avx f16c rdrand lahf_lm abm 3dnowprefetch cpuid_fault epb cat_l3 ssbd mba ibrs ibpb stibp ibrs_enhanced tpr_shadow flexpriority ept vpid ept_ad fsgsbase tsc_adjust bmi1 avx2 smep bmi2 erms invpcid cqm rdt_a avx512f avx512dq rdseed adx smap avx512ifma clflushopt clwb intel_pt avx512cd sha_ni avx512bw avx512vl xsaveopt xsavec xgetbv1 xsaves cqm_llc cqm_occup_llc cqm_mbm_total cqm_mbm_local split_lock_detect wbnoinvd dtherm ida arat pln pts vnmi avx512vbmi umip pku ospke avx512_vbmi2 gfni vaes vpclmulqdq avx512_vnni avx512_bitalg tme avx512_vpopcntdq la57 rdpid fsrm md_clear pconfig flush_l1d arch_capabilities
vmx flags	: vnmi preemption_timer posted_intr invvpid ept_x_only ept_ad ept_1gb flexpriority apicv tsc_offset vtpr mtf vapic ept vpid unrestricted_guest vapic_reg vid ple shadow_vmcs pml ept_mode_based_exec tsc_scaling
bugs		: spectre_v1 spectre_v2 spec_store_bypass swapgs mmio_stale_data eibrs_pbrsb gds bhi its its_native_only
bogomips	: 5200.00
clflush size	: 64
cache_alignment	: 64
address sizes	: 46 bits physical, 57 bits virtual
power management:

processor	: 5
vendor_id	: GenuineIntel
cpu family	: 6
model		: 106
model name	: Intel(R) Xeon(R) Platinum 8368Q CPU @ 2.60GHz
stepping	: 6
microcode	: 0xd000421
cpu MHz		: 2600.000
cache size	: 58368 KB
physical id	: 0
siblings	: 76
core id		: 5
cpu cores	: 38
apicid		: 10
initial apicid	: 10
fpu		: yes
fpu_exception	: yes
cpuid level	: 27
wp		: yes
flags		: fpu vme de pse tsc msr pae mce cx8 apic sep mtrr pge mca cmov pat pse36 clflush dts acpi mmx fxsr sse sse2 ss ht tm pbe syscall nx pdpe1gb rdtscp lm constant_tsc art arch_perfmon pebs bts rep_good nopl xtopology nonstop_tsc cpuid aperfmperf pni pclmulqdq dtes64 monitor ds_cpl vmx smx est tm2 ssse3 sdbg fma cx16 xtpr pdcm pcid dca sse4_1 sse4_2 x2apic movbe popcnt tsc_deadline_timer aes xsave avx f16c rdrand lahf_lm abm 3dnowprefetch cpuid_fault epb cat_l3 ssbd mba ibrs ibpb stibp ibrs_enhanced tpr_shadow flexpriority ept vpid ept_ad fsgsbase tsc_adjust bmi1 avx2 smep bmi2 erms invpcid cqm rdt_a avx512f avx512dq rdseed adx smap avx512ifma clflushopt clwb intel_pt avx512cd sha_ni avx512bw avx512vl xsaveopt xsavec xgetbv1 xsaves cqm_llc cqm_occup_llc cqm_mbm_total cqm_mbm_local split_lock_detect wbnoinvd dtherm ida arat pln pts vnmi avx512vbmi umip pku ospke avx512_vbmi2 gfni vaes vpclmulqdq avx512_vnni avx512_bitalg tme avx512_vpopcntdq la57 rdpid fsrm md_clear pconfig flush_l1d arch_capabilities
vmx flags	: vnmi preemption_timer posted_intr invvpid ept_x_only ept_ad ept_1gb flexpriority apicv tsc_offset vtpr mtf vapic ept vpid unrestricted_guest vapic_reg vid ple shadow_vmcs pml ept_mode_based_exec tsc_scaling
bugs		: spectre_v1 spectre_v2 spec_store_bypass swapgs mmio_stale_data eibrs_pbrsb gds bhi its its_native_only
bogomips	: 5200.00
clflush size	: 64
cache_alignment	: 64
address sizes	: 46 bits physical, 57 bits virtual
power management:

processor	: 6
vendor_id	: GenuineIntel
cpu family	: 6
model		: 106
model name	: Intel(R) Xeon(R) Platinum 8368Q CPU @ 2.60GHz
stepping	: 6
microcode	: 0xd000421
cpu MHz		: 2194.009
cache size	: 58368 KB
physical id	: 0
siblings	: 76
core id		: 6
cpu cores	: 38
apicid		: 12
initial apicid	: 12
fpu		: yes
fpu_exception	: yes
cpuid level	: 27
wp		: yes
flags		: fpu vme de pse tsc msr pae mce cx8 apic sep mtrr pge mca cmov pat pse36 clflush dts acpi mmx fxsr sse sse2 ss ht tm pbe syscall nx pdpe1gb rdtscp lm constant_tsc art arch_perfmon pebs bts rep_good nopl xtopology nonstop_tsc cpuid aperfmperf pni pclmulqdq dtes64 monitor ds_cpl vmx smx est tm2 ssse3 sdbg fma cx16 xtpr pdcm pcid dca sse4_1 sse4_2 x2apic movbe popcnt tsc_deadline_timer aes xsave avx f16c rdrand lahf_lm abm 3dnowprefetch cpuid_fault epb cat_l3 ssbd mba ibrs ibpb stibp ibrs_enhanced tpr_shadow flexpriority ept vpid ept_ad fsgsbase tsc_adjust bmi1 avx2 smep bmi2 erms invpcid cqm rdt_a avx512f avx512dq rdseed adx smap avx512ifma clflushopt clwb intel_pt avx512cd sha_ni avx512bw avx512vl xsaveopt xsavec xgetbv1 xsaves cqm_llc cqm_occup_llc cqm_mbm_total cqm_mbm_local split_lock_detect wbnoinvd dtherm ida arat pln pts vnmi avx512vbmi umip pku ospke avx512_vbmi2 gfni vaes vpclmulqdq avx512_vnni avx512_bitalg tme avx512_vpopcntdq la57 rdpid fsrm md_clear pconfig flush_l1d arch_capabilities
vmx flags	: vnmi preemption_timer posted_intr invvpid ept_x_only ept_ad ept_1gb flexpriority apicv tsc_offset vtpr mtf vapic ept vpid unrestricted_guest vapic_reg vid ple shadow_vmcs pml ept_mode_based_exec tsc_scaling
bugs		: spectre_v1 spectre_v2 spec_store_bypass swapgs mmio_stale_data eibrs_pbrsb gds bhi its its_native_only
bogomips	: 5200.00
clflush size	: 64
cache_alignment	: 64
address sizes	: 46 bits physical, 57 bits virtual
power management:

processor	: 7
vendor_id	: GenuineIntel
cpu family	: 6
model		: 106
model name	: Intel(R) Xeon(R) Platinum 8368Q CPU @ 2.60GHz
stepping	: 6
microcode	: 0xd000421
cpu MHz		: 800.000
cache size	: 58368 KB
physical id	: 0
siblings	: 76
core id		: 7
cpu cores	: 38
apicid		: 14
initial apicid	: 14
fpu		: yes
fpu_exception	: yes
cpuid level	: 27
wp		: yes
flags		: fpu vme de pse tsc msr pae mce cx8 apic sep mtrr pge mca cmov pat pse36 clflush dts acpi mmx fxsr sse sse2 ss ht tm pbe syscall nx pdpe1gb rdtscp lm constant_tsc art arch_perfmon pebs bts rep_good nopl xtopology nonstop_tsc cpuid aperfmperf pni pclmulqdq dtes64 monitor ds_cpl vmx smx est tm2 ssse3 sdbg fma cx16 xtpr pdcm pcid dca sse4_1 sse4_2 x2apic movbe popcnt tsc_deadline_timer aes xsave avx f16c rdrand lahf_lm abm 3dnowprefetch cpuid_fault epb cat_l3 ssbd mba ibrs ibpb stibp ibrs_enhanced tpr_shadow flexpriority ept vpid ept_ad fsgsbase tsc_adjust bmi1 avx2 smep bmi2 erms invpcid cqm rdt_a avx512f avx512dq rdseed adx smap avx512ifma clflushopt clwb intel_pt avx512cd sha_ni avx512bw avx512vl xsaveopt xsavec xgetbv1 xsaves cqm_llc cqm_occup_llc cqm_mbm_total cqm_mbm_local split_lock_detect wbnoinvd dtherm ida arat pln pts vnmi avx512vbmi umip pku ospke avx512_vbmi2 gfni vaes vpclmulqdq avx512_vnni avx512_bitalg tme avx512_vpopcntdq la57 rdpid fsrm md_clear pconfig flush_l1d arch_capabilities
vmx flags	: vnmi preemption_timer posted_intr invvpid ept_x_only ept_ad ept_1gb flexpriority apicv tsc_offset vtpr mtf vapic ept vpid unrestricted_guest vapic_reg vid ple shadow_vmcs pml ept_mode_based_exec tsc_scaling
bugs		: spectre_v1 spectre_v2 spec_store_bypass swapgs mmio_stale_data eibrs_pbrsb gds bhi its its_native_only
bogomips	: 5200.00
clflush size	: 64
cache_alignment	: 64
address sizes	: 46 bits physical, 57 bits virtual
power management:

processor	: 8
vendor_id	: GenuineIntel
cpu family	: 6
model		: 106
model name	: Intel(R) Xeon(R) Platinum 8368Q CPU @ 2.60GHz
stepping	: 6
microcode	: 0xd000421
cpu MHz		: 1047.308
cache size	: 58368 KB
physical id	: 0
siblings	: 76
core id		: 8
cpu cores	: 38
apicid		: 16
initial apicid	: 16
fpu		: yes
fpu_exception	: yes
cpuid level	: 27
wp		: yes
flags		: fpu vme de pse tsc msr pae mce cx8 apic sep mtrr pge mca cmov pat pse36 clflush dts acpi mmx fxsr sse sse2 ss ht tm pbe syscall nx pdpe1gb rdtscp lm constant_tsc art arch_perfmon pebs bts rep_good nopl xtopology nonstop_tsc cpuid aperfmperf pni pclmulqdq dtes64 monitor ds_cpl vmx smx est tm2 ssse3 sdbg fma cx16 xtpr pdcm pcid dca sse4_1 sse4_2 x2apic movbe popcnt tsc_deadline_timer aes xsave avx f16c rdrand lahf_lm abm 3dnowprefetch cpuid_fault epb cat_l3 ssbd mba ibrs ibpb stibp ibrs_enhanced tpr_shadow flexpriority ept vpid ept_ad fsgsbase tsc_adjust bmi1 avx2 smep bmi2 erms invpcid cqm rdt_a avx512f avx512dq rdseed adx smap avx512ifma clflushopt clwb intel_pt avx512cd sha_ni avx512bw avx512vl xsaveopt xsavec xgetbv1 xsaves cqm_llc cqm_occup_llc cqm_mbm_total cqm_mbm_local split_lock_detect wbnoinvd dtherm ida arat pln pts vnmi avx512vbmi umip pku ospke avx512_vbmi2 gfni vaes vpclmulqdq avx512_vnni avx512_bitalg tme avx512_vpopcntdq la57 rdpid fsrm md_clear pconfig flush_l1d arch_capabilities
vmx flags	: vnmi preemption_timer posted_intr invvpid ept_x_only ept_ad ept_1gb flexpriority apicv tsc_offset vtpr mtf vapic ept vpid unrestricted_guest vapic_reg vid ple shadow_vmcs pml ept_mode_based_exec tsc_scaling
bugs		: spectre_v1 spectre_v2 spec_store_bypass swapgs mmio_stale_data eibrs_pbrsb gds bhi its its_native_only
bogomips	: 5200.00
clflush size	: 64
cache_alignment	: 64
address sizes	: 46 bits physical, 57 bits virtual
power management:

processor	: 9
vendor_id	: GenuineIntel
cpu family	: 6
model		: 106
model name	: Intel(R) Xeon(R) Platinum 8368Q CPU @ 2.60GHz
stepping	: 6
microcode	: 0xd000421
cpu MHz		: 800.000
cache size	: 58368 KB
physical id	: 0
siblings	: 76
core id		: 9
cpu cores	: 38
apicid		: 18
initial apicid	: 18
fpu		: yes
fpu_exception	: yes
cpuid level	: 27
wp		: yes
flags		: fpu vme de pse tsc msr pae mce cx8 apic sep mtrr pge mca cmov pat pse36 clflush dts acpi mmx fxsr sse sse2 ss ht tm pbe syscall nx pdpe1gb rdtscp lm constant_tsc art arch_perfmon pebs bts rep_good nopl xtopology nonstop_tsc cpuid aperfmperf pni pclmulqdq dtes64 monitor ds_cpl vmx smx est tm2 ssse3 sdbg fma cx16 xtpr pdcm pcid dca sse4_1 sse4_2 x2apic movbe popcnt tsc_deadline_timer aes xsave avx f16c rdrand lahf_lm abm 3dnowprefetch cpuid_fault epb cat_l3 ssbd mba ibrs ibpb stibp ibrs_enhanced tpr_shadow flexpriority ept vpid ept_ad fsgsbase tsc_adjust bmi1 avx2 smep bmi2 erms invpcid cqm rdt_a avx512f avx512dq rdseed adx smap avx512ifma clflushopt clwb intel_pt avx512cd sha_ni avx512bw avx512vl xsaveopt xsavec xgetbv1 xsaves cqm_llc cqm_occup_llc cqm_mbm_total cqm_mbm_local split_lock_detect wbnoinvd dtherm ida arat pln pts vnmi avx512vbmi umip pku ospke avx512_vbmi2 gfni vaes vpclmulqdq avx512_vnni avx512_bitalg tme avx512_vpopcntdq la57 rdpid fsrm md_clear pconfig flush_l1d arch_capabilities
vmx flags	: vnmi preemption_timer posted_intr invvpid ept_x_only ept_ad ept_1gb flexpriority apicv tsc_offset vtpr mtf vapic ept vpid unrestricted_guest vapic_reg vid ple shadow_vmcs pml ept_mode_based_exec tsc_scaling
bugs		: spectre_v1 spectre_v2 spec_store_bypass swapgs mmio_stale_data eibrs_pbrsb gds bhi its its_native_only
bogomips	: 5200.00
clflush size	: 64
cache_alignment	: 64
address sizes	: 46 bits physical, 57 bits virtual
power management:

processor	: 10
vendor_id	: GenuineIntel
cpu family	: 6
model		: 106
model name	: Intel(R) Xeon(R) Platinum 8368Q CPU @ 2.60GHz
stepping	: 6
microcode	: 0xd000421
cpu MHz		: 800.000
cache size	: 58368 KB
physical id	: 0
siblings	: 76
core id		: 10
cpu cores	: 38
apicid		: 20
initial apicid	: 20
fpu		: yes
fpu_exception	: yes
cpuid level	: 27
wp		: yes
flags		: fpu vme de pse tsc msr pae mce cx8 apic sep mtrr pge mca cmov pat pse36 clflush dts acpi mmx fxsr sse sse2 ss ht tm pbe syscall nx pdpe1gb rdtscp lm constant_tsc art arch_perfmon pebs bts rep_good nopl xtopology nonstop_tsc cpuid aperfmperf pni pclmulqdq dtes64 monitor ds_cpl vmx smx est tm2 ssse3 sdbg fma cx16 xtpr pdcm pcid dca sse4_1 sse4_2 x2apic movbe popcnt tsc_deadline_timer aes xsave avx f16c rdrand lahf_lm abm 3dnowprefetch cpuid_fault epb cat_l3 ssbd mba ibrs ibpb stibp ibrs_enhanced tpr_shadow flexpriority ept vpid ept_ad fsgsbase tsc_adjust bmi1 avx2 smep bmi2 erms invpcid cqm rdt_a avx512f avx512dq rdseed adx smap avx512ifma clflushopt clwb intel_pt avx512cd sha_ni avx512bw avx512vl xsaveopt xsavec xgetbv1 xsaves cqm_llc cqm_occup_llc cqm_mbm_total cqm_mbm_local split_lock_detect wbnoinvd dtherm ida arat pln pts vnmi avx512vbmi umip pku ospke avx512_vbmi2 gfni vaes vpclmulqdq avx512_vnni avx512_bitalg tme avx512_vpopcntdq la57 rdpid fsrm md_clear pconfig flush_l1d arch_capabilities
vmx flags	: vnmi preemption_timer posted_intr invvpid ept_x_only ept_ad ept_1gb flexpriority apicv tsc_offset vtpr mtf vapic ept vpid unrestricted_guest vapic_reg vid ple shadow_vmcs pml ept_mode_based_exec tsc_scaling
bugs		: spectre_v1 spectre_v2 spec_store_bypass swapgs mmio_stale_data eibrs_pbrsb gds bhi its its_native_only
bogomips	: 5200.00
clflush size	: 64
cache_alignment	: 64
address sizes	: 46 bits physical, 57 bits virtual
power management:

processor	: 11
vendor_id	: GenuineIntel
cpu family	: 6
model		: 106
model name	: Intel(R) Xeon(R) Platinum 8368Q CPU @ 2.60GHz
stepping	: 6
microcode	: 0xd000421
cpu MHz		: 800.000
cache size	: 58368 KB
physical id	: 0
siblings	: 76
core id		: 11
cpu cores	: 38
apicid		: 22
initial apicid	: 22
fpu		: yes
fpu_exception	: yes
cpuid level	: 27
wp		: yes
flags		: fpu vme de pse tsc msr pae mce cx8 apic sep mtrr pge mca cmov pat pse36 clflush dts acpi mmx fxsr sse sse2 ss ht tm pbe syscall nx pdpe1gb rdtscp lm constant_tsc art arch_perfmon pebs bts rep_good nopl xtopology nonstop_tsc cpuid aperfmperf pni pclmulqdq dtes64 monitor ds_cpl vmx smx est tm2 ssse3 sdbg fma cx16 xtpr pdcm pcid dca sse4_1 sse4_2 x2apic movbe popcnt tsc_deadline_timer aes xsave avx f16c rdrand lahf_lm abm 3dnowprefetch cpuid_fault epb cat_l3 ssbd mba ibrs ibpb stibp ibrs_enhanced tpr_shadow flexpriority ept vpid ept_ad fsgsbase tsc_adjust bmi1 avx2 smep bmi2 erms invpcid cqm rdt_a avx512f avx512dq rdseed adx smap avx512ifma clflushopt clwb intel_pt avx512cd sha_ni avx512bw avx512vl xsaveopt xsavec xgetbv1 xsaves cqm_llc cqm_occup_llc cqm_mbm_total cqm_mbm_local split_lock_detect wbnoinvd dtherm ida arat pln pts vnmi avx512vbmi umip pku ospke avx512_vbmi2 gfni vaes vpclmulqdq avx512_vnni avx512_bitalg tme avx512_vpopcntdq la57 rdpid fsrm md_clear pconfig flush_l1d arch_capabilities
vmx flags	: vnmi preemption_timer posted_intr invvpid ept_x_only ept_ad ept_1gb flexpriority apicv tsc_offset vtpr mtf vapic ept vpid unrestricted_guest vapic_reg vid ple shadow_vmcs pml ept_mode_based_exec tsc_scaling
bugs		: spectre_v1 spectre_v2 spec_store_bypass swapgs mmio_stale_data eibrs_pbrsb gds bhi its its_native_only
bogomips	: 5200.00
clflush size	: 64
cache_alignment	: 64
address sizes	: 46 bits physical, 57 bits virtual
power management:

processor	: 12
vendor_id	: GenuineIntel
cpu family	: 6
model		: 106
model name	: Intel(R) Xeon(R) Platinum 8368Q CPU @ 2.60GHz
stepping	: 6
microcode	: 0xd000421
cpu MHz		: 800.000
cache size	: 58368 KB
physical id	: 0
siblings	: 76
core id		: 12
cpu cores	: 38
apicid		: 24
initial apicid	: 24
fpu		: yes
fpu_exception	: yes
cpuid level	: 27
wp		: yes
flags		: fpu vme de pse tsc msr pae mce cx8 apic sep mtrr pge mca cmov pat pse36 clflush dts acpi mmx fxsr sse sse2 ss ht tm pbe syscall nx pdpe1gb rdtscp lm constant_tsc art arch_perfmon pebs bts rep_good nopl xtopology nonstop_tsc cpuid aperfmperf pni pclmulqdq dtes64 monitor ds_cpl vmx smx est tm2 ssse3 sdbg fma cx16 xtpr pdcm pcid dca sse4_1 sse4_2 x2apic movbe popcnt tsc_deadline_timer aes xsave avx f16c rdrand lahf_lm abm 3dnowprefetch cpuid_fault epb cat_l3 ssbd mba ibrs ibpb stibp ibrs_enhanced tpr_shadow flexpriority ept vpid ept_ad fsgsbase tsc_adjust bmi1 avx2 smep bmi2 erms invpcid cqm rdt_a avx512f avx512dq rdseed adx smap avx512ifma clflushopt clwb intel_pt avx512cd sha_ni avx512bw avx512vl xsaveopt xsavec xgetbv1 xsaves cqm_llc cqm_occup_llc cqm_mbm_total cqm_mbm_local split_lock_detect wbnoinvd dtherm ida arat pln pts vnmi avx512vbmi umip pku ospke avx512_vbmi2 gfni vaes vpclmulqdq avx512_vnni avx512_bitalg tme avx512_vpopcntdq la57 rdpid fsrm md_clear pconfig flush_l1d arch_capabilities
vmx flags	: vnmi preemption_timer posted_intr invvpid ept_x_only ept_ad ept_1gb flexpriority apicv tsc_offset vtpr mtf vapic ept vpid unrestricted_guest vapic_reg vid ple shadow_vmcs pml ept_mode_based_exec tsc_scaling
bugs		: spectre_v1 spectre_v2 spec_store_bypass swapgs mmio_stale_data eibrs_pbrsb gds bhi its its_native_only
bogomips	: 5200.00
clflush size	: 64
cache_alignment	: 64
address sizes	: 46 bits physical, 57 bits virtual
power management:

processor	: 13
vendor_id	: GenuineIntel
cpu family	: 6
model		: 106
model name	: Intel(R) Xeon(R) Platinum 8368Q CPU @ 2.60GHz
stepping	: 6
microcode	: 0xd000421
cpu MHz		: 800.000
cache size	: 58368 KB
physical id	: 0
siblings	: 76
core id		: 13
cpu cores	: 38
apicid		: 26
initial apicid	: 26
fpu		: yes
fpu_exception	: yes
cpuid level	: 27
wp		: yes
flags		: fpu vme de pse tsc msr pae mce cx8 apic sep mtrr pge mca cmov pat pse36 clflush dts acpi mmx fxsr sse sse2 ss ht tm pbe syscall nx pdpe1gb rdtscp lm constant_tsc art arch_perfmon pebs bts rep_good nopl xtopology nonstop_tsc cpuid aperfmperf pni pclmulqdq dtes64 monitor ds_cpl vmx smx est tm2 ssse3 sdbg fma cx16 xtpr pdcm pcid dca sse4_1 sse4_2 x2apic movbe popcnt tsc_deadline_timer aes xsave avx f16c rdrand lahf_lm abm 3dnowprefetch cpuid_fault epb cat_l3 ssbd mba ibrs ibpb stibp ibrs_enhanced tpr_shadow flexpriority ept vpid ept_ad fsgsbase tsc_adjust bmi1 avx2 smep bmi2 erms invpcid cqm rdt_a avx512f avx512dq rdseed adx smap avx512ifma clflushopt clwb intel_pt avx512cd sha_ni avx512bw avx512vl xsaveopt xsavec xgetbv1 xsaves cqm_llc cqm_occup_llc cqm_mbm_total cqm_mbm_local split_lock_detect wbnoinvd dtherm ida arat pln pts vnmi avx512vbmi umip pku ospke avx512_vbmi2 gfni vaes vpclmulqdq avx512_vnni avx512_bitalg tme avx512_vpopcntdq la57 rdpid fsrm md_clear pconfig flush_l1d arch_capabilities
vmx flags	: vnmi preemption_timer posted_intr invvpid ept_x_only ept_ad ept_1gb flexpriority apicv tsc_offset vtpr mtf vapic ept vpid unrestricted_guest vapic_reg vid ple shadow_vmcs pml ept_mode_based_exec tsc_scaling
bugs		: spectre_v1 spectre_v2 spec_store_bypass swapgs mmio_stale_data eibrs_pbrsb gds bhi its its_native_only
bogomips	: 5200.00
clflush size	: 64
cache_alignment	: 64
address sizes	: 46 bits physical, 57 bits virtual
power management:

processor	: 14
vendor_id	: GenuineIntel
cpu family	: 6
model		: 106
model name	: Intel(R) Xeon(R) Platinum 8368Q CPU @ 2.60GHz
stepping	: 6
microcode	: 0xd000421
cpu MHz		: 800.000
cache size	: 58368 KB
physical id	: 0
siblings	: 76
core id		: 14
cpu cores	: 38
apicid		: 28
initial apicid	: 28
fpu		: yes
fpu_exception	: yes
cpuid level	: 27
wp		: yes
flags		: fpu vme de pse tsc msr pae mce cx8 apic sep mtrr pge mca cmov pat pse36 clflush dts acpi mmx fxsr sse sse2 ss ht tm pbe syscall nx pdpe1gb rdtscp lm constant_tsc art arch_perfmon pebs bts rep_good nopl xtopology nonstop_tsc cpuid aperfmperf pni pclmulqdq dtes64 monitor ds_cpl vmx smx est tm2 ssse3 sdbg fma cx16 xtpr pdcm pcid dca sse4_1 sse4_2 x2apic movbe popcnt tsc_deadline_timer aes xsave avx f16c rdrand lahf_lm abm 3dnowprefetch cpuid_fault epb cat_l3 ssbd mba ibrs ibpb stibp ibrs_enhanced tpr_shadow flexpriority ept vpid ept_ad fsgsbase tsc_adjust bmi1 avx2 smep bmi2 erms invpcid cqm rdt_a avx512f avx512dq rdseed adx smap avx512ifma clflushopt clwb intel_pt avx512cd sha_ni avx512bw avx512vl xsaveopt xsavec xgetbv1 xsaves cqm_llc cqm_occup_llc cqm_mbm_total cqm_mbm_local split_lock_detect wbnoinvd dtherm ida arat pln pts vnmi avx512vbmi umip pku ospke avx512_vbmi2 gfni vaes vpclmulqdq avx512_vnni avx512_bitalg tme avx512_vpopcntdq la57 rdpid fsrm md_clear pconfig flush_l1d arch_capabilities
vmx flags	: vnmi preemption_timer posted_intr invvpid ept_x_only ept_ad ept_1gb flexpriority apicv tsc_offset vtpr mtf vapic ept vpid unrestricted_guest vapic_reg vid ple shadow_vmcs pml ept_mode_based_exec tsc_scaling
bugs		: spectre_v1 spectre_v2 spec_store_bypass swapgs mmio_stale_data eibrs_pbrsb gds bhi its its_native_only
bogomips	: 5200.00
clflush size	: 64
cache_alignment	: 64
address sizes	: 46 bits physical, 57 bits virtual
power management:

processor	: 15
vendor_id	: GenuineIntel
cpu family	: 6
model		: 106
model name	: Intel(R) Xeon(R) Platinum 8368Q CPU @ 2.60GHz
stepping	: 6
microcode	: 0xd000421
cpu MHz		: 800.000
cache size	: 58368 KB
physical id	: 0
siblings	: 76
core id		: 15
cpu cores	: 38
apicid		: 30
initial apicid	: 30
fpu		: yes
fpu_exception	: yes
cpuid level	: 27
wp		: yes
flags		: fpu vme de pse tsc msr pae mce cx8 apic sep mtrr pge mca cmov pat pse36 clflush dts acpi mmx fxsr sse sse2 ss ht tm pbe syscall nx pdpe1gb rdtscp lm constant_tsc art arch_perfmon pebs bts rep_good nopl xtopology nonstop_tsc cpuid aperfmperf pni pclmulqdq dtes64 monitor ds_cpl vmx smx est tm2 ssse3 sdbg fma cx16 xtpr pdcm pcid dca sse4_1 sse4_2 x2apic movbe popcnt tsc_deadline_timer aes xsave avx f16c rdrand lahf_lm abm 3dnowprefetch cpuid_fault epb cat_l3 ssbd mba ibrs ibpb stibp ibrs_enhanced tpr_shadow flexpriority ept vpid ept_ad fsgsbase tsc_adjust bmi1 avx2 smep bmi2 erms invpcid cqm rdt_a avx512f avx512dq rdseed adx smap avx512ifma clflushopt clwb intel_pt avx512cd sha_ni avx512bw avx512vl xsaveopt xsavec xgetbv1 xsaves cqm_llc cqm_occup_llc cqm_mbm_total cqm_mbm_local split_lock_detect wbnoinvd dtherm ida arat pln pts vnmi avx512vbmi umip pku ospke avx512_vbmi2 gfni vaes vpclmulqdq avx512_vnni avx512_bitalg tme avx512_vpopcntdq la57 rdpid fsrm md_clear pconfig flush_l1d arch_capabilities
vmx flags	: vnmi preemption_timer posted_intr invvpid ept_x_only ept_ad ept_1gb flexpriority apicv tsc_offset vtpr mtf vapic ept vpid unrestricted_guest vapic_reg vid ple shadow_vmcs pml ept_mode_based_exec tsc_scaling
bugs		: spectre_v1 spectre_v2 spec_store_bypass swapgs mmio_stale_data eibrs_pbrsb gds bhi its its_native_only
bogomips	: 5200.00
clflush size	: 64
cache_alignment	: 64
address sizes	: 46 bits physical, 57 bits virtual
power management:

processor	: 16
vendor_id	: GenuineIntel
cpu family	: 6
model		: 106
model name	: Intel(R) Xeon(R) Platinum 8368Q CPU @ 2.60GHz
stepping	: 6
microcode	: 0xd000421
cpu MHz		: 800.072
cache size	: 58368 KB
physical id	: 0
siblings	: 76
core id		: 16
cpu cores	: 38
apicid		: 32
initial apicid	: 32
fpu		: yes
fpu_exception	: yes
cpuid level	: 27
wp		: yes
flags		: fpu vme de pse tsc msr pae mce cx8 apic sep mtrr pge mca cmov pat pse36 clflush dts acpi mmx fxsr sse sse2 ss ht tm pbe syscall nx pdpe1gb rdtscp lm constant_tsc art arch_perfmon pebs bts rep_good nopl xtopology nonstop_tsc cpuid aperfmperf pni pclmulqdq dtes64 monitor ds_cpl vmx smx est tm2 ssse3 sdbg fma cx16 xtpr pdcm pcid dca sse4_1 sse4_2 x2apic movbe popcnt tsc_deadline_timer aes xsave avx f16c rdrand lahf_lm abm 3dnowprefetch cpuid_fault epb cat_l3 ssbd mba ibrs ibpb stibp ibrs_enhanced tpr_shadow flexpriority ept vpid ept_ad fsgsbase tsc_adjust bmi1 avx2 smep bmi2 erms invpcid cqm rdt_a avx512f avx512dq rdseed adx smap avx512ifma clflushopt clwb intel_pt avx512cd sha_ni avx512bw avx512vl xsaveopt xsavec xgetbv1 xsaves cqm_llc cqm_occup_llc cqm_mbm_total cqm_mbm_local split_lock_detect wbnoinvd dtherm ida arat pln pts vnmi avx512vbmi umip pku ospke avx512_vbmi2 gfni vaes vpclmulqdq avx512_vnni avx512_bitalg tme avx512_vpopcntdq la57 rdpid fsrm md_clear pconfig flush_l1d arch_capabilities
vmx flags	: vnmi preemption_timer posted_intr invvpid ept_x_only ept_ad ept_1gb flexpriority apicv tsc_offset vtpr mtf vapic ept vpid unrestricted_guest vapic_reg vid ple shadow_vmcs pml ept_mode_based_exec tsc_scaling
bugs		: spectre_v1 spectre_v2 spec_store_bypass swapgs mmio_stale_data eibrs_pbrsb gds bhi its its_native_only
bogomips	: 5200.00
clflush size	: 64
cache_alignment	: 64
address sizes	: 46 bits physical, 57 bits virtual
power management:

processor	: 17
vendor_id	: GenuineIntel
cpu family	: 6
model		: 106
model name	: Intel(R) Xeon(R) Platinum 8368Q CPU @ 2.60GHz
stepping	: 6
microcode	: 0xd000421
cpu MHz		: 800.221
cache size	: 58368 KB
physical id	: 0
siblings	: 76
core id		: 17
cpu cores	: 38
apicid		: 34
initial apicid	: 34
fpu		: yes
fpu_exception	: yes
cpuid level	: 27
wp		: yes
flags		: fpu vme de pse tsc msr pae mce cx8 apic sep mtrr pge mca cmov pat pse36 clflush dts acpi mmx fxsr sse sse2 ss ht tm pbe syscall nx pdpe1gb rdtscp lm constant_tsc art arch_perfmon pebs bts rep_good nopl xtopology nonstop_tsc cpuid aperfmperf pni pclmulqdq dtes64 monitor ds_cpl vmx smx est tm2 ssse3 sdbg fma cx16 xtpr pdcm pcid dca sse4_1 sse4_2 x2apic movbe popcnt tsc_deadline_timer aes xsave avx f16c rdrand lahf_lm abm 3dnowprefetch cpuid_fault epb cat_l3 ssbd mba ibrs ibpb stibp ibrs_enhanced tpr_shadow flexpriority ept vpid ept_ad fsgsbase tsc_adjust bmi1 avx2 smep bmi2 erms invpcid cqm rdt_a avx512f avx512dq rdseed adx smap avx512ifma clflushopt clwb intel_pt avx512cd sha_ni avx512bw avx512vl xsaveopt xsavec xgetbv1 xsaves cqm_llc cqm_occup_llc cqm_mbm_total cqm_mbm_local split_lock_detect wbnoinvd dtherm ida arat pln pts vnmi avx512vbmi umip pku ospke avx512_vbmi2 gfni vaes vpclmulqdq avx512_vnni avx512_bitalg tme avx512_vpopcntdq la57 rdpid fsrm md_clear pconfig flush_l1d arch_capabilities
vmx flags	: vnmi preemption_timer posted_intr invvpid ept_x_only ept_ad ept_1gb flexpriority apicv tsc_offset vtpr mtf vapic ept vpid unrestricted_guest vapic_reg vid ple shadow_vmcs pml ept_mode_based_exec tsc_scaling
bugs		: spectre_v1 spectre_v2 spec_store_bypass swapgs mmio_stale_data eibrs_pbrsb gds bhi its its_native_only
bogomips	: 5200.00
clflush size	: 64
cache_alignment	: 64
address sizes	: 46 bits physical, 57 bits virtual
power management:

processor	: 18
vendor_id	: GenuineIntel
cpu family	: 6
model		: 106
model name	: Intel(R) Xeon(R) Platinum 8368Q CPU @ 2.60GHz
stepping	: 6
microcode	: 0xd000421
cpu MHz		: 1400.000
cache size	: 58368 KB
physical id	: 0
siblings	: 76
core id		: 18
cpu cores	: 38
apicid		: 36
initial apicid	: 36
fpu		: yes
fpu_exception	: yes
cpuid level	: 27
wp		: yes
flags		: fpu vme de pse tsc msr pae mce cx8 apic sep mtrr pge mca cmov pat pse36 clflush dts acpi mmx fxsr sse sse2 ss ht tm pbe syscall nx pdpe1gb rdtscp lm constant_tsc art arch_perfmon pebs bts rep_good nopl xtopology nonstop_tsc cpuid aperfmperf pni pclmulqdq dtes64 monitor ds_cpl vmx smx est tm2 ssse3 sdbg fma cx16 xtpr pdcm pcid dca sse4_1 sse4_2 x2apic movbe popcnt tsc_deadline_timer aes xsave avx f16c rdrand lahf_lm abm 3dnowprefetch cpuid_fault epb cat_l3 ssbd mba ibrs ibpb stibp ibrs_enhanced tpr_shadow flexpriority ept vpid ept_ad fsgsbase tsc_adjust bmi1 avx2 smep bmi2 erms invpcid cqm rdt_a avx512f avx512dq rdseed adx smap avx512ifma clflushopt clwb intel_pt avx512cd sha_ni avx512bw avx512vl xsaveopt xsavec xgetbv1 xsaves cqm_llc cqm_occup_llc cqm_mbm_total cqm_mbm_local split_lock_detect wbnoinvd dtherm ida arat pln pts vnmi avx512vbmi umip pku ospke avx512_vbmi2 gfni vaes vpclmulqdq avx512_vnni avx512_bitalg tme avx512_vpopcntdq la57 rdpid fsrm md_clear pconfig flush_l1d arch_capabilities
vmx flags	: vnmi preemption_timer posted_intr invvpid ept_x_only ept_ad ept_1gb flexpriority apicv tsc_offset vtpr mtf vapic ept vpid unrestricted_guest vapic_reg vid ple shadow_vmcs pml ept_mode_based_exec tsc_scaling
bugs		: spectre_v1 spectre_v2 spec_store_bypass swapgs mmio_stale_data eibrs_pbrsb gds bhi its its_native_only
bogomips	: 5200.00
clflush size	: 64
cache_alignment	: 64
address sizes	: 46 bits physical, 57 bits virtual
power management:

processor	: 19
vendor_id	: GenuineIntel
cpu family	: 6
model		: 106
model name	: Intel(R) Xeon(R) Platinum 8368Q CPU @ 2.60GHz
stepping	: 6
microcode	: 0xd000421
cpu MHz		: 1200.000
cache size	: 58368 KB
physical id	: 0
siblings	: 76
core id		: 19
cpu cores	: 38
apicid		: 38
initial apicid	: 38
fpu		: yes
fpu_exception	: yes
cpuid level	: 27
wp		: yes
flags		: fpu vme de pse tsc msr pae mce cx8 apic sep mtrr pge mca cmov pat pse36 clflush dts acpi mmx fxsr sse sse2 ss ht tm pbe syscall nx pdpe1gb rdtscp lm constant_tsc art arch_perfmon pebs bts rep_good nopl xtopology nonstop_tsc cpuid aperfmperf pni pclmulqdq dtes64 monitor ds_cpl vmx smx est tm2 ssse3 sdbg fma cx16 xtpr pdcm pcid dca sse4_1 sse4_2 x2apic movbe popcnt tsc_deadline_timer aes xsave avx f16c rdrand lahf_lm abm 3dnowprefetch cpuid_fault epb cat_l3 ssbd mba ibrs ibpb stibp ibrs_enhanced tpr_shadow flexpriority ept vpid ept_ad fsgsbase tsc_adjust bmi1 avx2 smep bmi2 erms invpcid cqm rdt_a avx512f avx512dq rdseed adx smap avx512ifma clflushopt clwb intel_pt avx512cd sha_ni avx512bw avx512vl xsaveopt xsavec xgetbv1 xsaves cqm_llc cqm_occup_llc cqm_mbm_total cqm_mbm_local split_lock_detect wbnoinvd dtherm ida arat pln pts vnmi avx512vbmi umip pku ospke avx512_vbmi2 gfni vaes vpclmulqdq avx512_vnni avx512_bitalg tme avx512_vpopcntdq la57 rdpid fsrm md_clear pconfig flush_l1d arch_capabilities
vmx flags	: vnmi preemption_timer posted_intr invvpid ept_x_only ept_ad ept_1gb flexpriority apicv tsc_offset vtpr mtf vapic ept vpid unrestricted_guest vapic_reg vid ple shadow_vmcs pml ept_mode_based_exec tsc_scaling
bugs		: spectre_v1 spectre_v2 spec_store_bypass swapgs mmio_stale_data eibrs_pbrsb gds bhi its its_native_only
bogomips	: 5200.00
clflush size	: 64
cache_alignment	: 64
address sizes	: 46 bits physical, 57 bits virtual
power management:

processor	: 20
vendor_id	: GenuineIntel
cpu family	: 6
model		: 106
model name	: Intel(R) Xeon(R) Platinum 8368Q CPU @ 2.60GHz
stepping	: 6
microcode	: 0xd000421
cpu MHz		: 800.000
cache size	: 58368 KB
physical id	: 0
siblings	: 76
core id		: 20
cpu cores	: 38
apicid		: 40
initial apicid	: 40
fpu		: yes
fpu_exception	: yes
cpuid level	: 27
wp		: yes
flags		: fpu vme de pse tsc msr pae mce cx8 apic sep mtrr pge mca cmov pat pse36 clflush dts acpi mmx fxsr sse sse2 ss ht tm pbe syscall nx pdpe1gb rdtscp lm constant_tsc art arch_perfmon pebs bts rep_good nopl xtopology nonstop_tsc cpuid aperfmperf pni pclmulqdq dtes64 monitor ds_cpl vmx smx est tm2 ssse3 sdbg fma cx16 xtpr pdcm pcid dca sse4_1 sse4_2 x2apic movbe popcnt tsc_deadline_timer aes xsave avx f16c rdrand lahf_lm abm 3dnowprefetch cpuid_fault epb cat_l3 ssbd mba ibrs ibpb stibp ibrs_enhanced tpr_shadow flexpriority ept vpid ept_ad fsgsbase tsc_adjust bmi1 avx2 smep bmi2 erms invpcid cqm rdt_a avx512f avx512dq rdseed adx smap avx512ifma clflushopt clwb intel_pt avx512cd sha_ni avx512bw avx512vl xsaveopt xsavec xgetbv1 xsaves cqm_llc cqm_occup_llc cqm_mbm_total cqm_mbm_local split_lock_detect wbnoinvd dtherm ida arat pln pts vnmi avx512vbmi umip pku ospke avx512_vbmi2 gfni vaes vpclmulqdq avx512_vnni avx512_bitalg tme avx512_vpopcntdq la57 rdpid fsrm md_clear pconfig flush_l1d arch_capabilities
vmx flags	: vnmi preemption_timer posted_intr invvpid ept_x_only ept_ad ept_1gb flexpriority apicv tsc_offset vtpr mtf vapic ept vpid unrestricted_guest vapic_reg vid ple shadow_vmcs pml ept_mode_based_exec tsc_scaling
bugs		: spectre_v1 spectre_v2 spec_store_bypass swapgs mmio_stale_data eibrs_pbrsb gds bhi its its_native_only
bogomips	: 5200.00
clflush size	: 64
cache_alignment	: 64
address sizes	: 46 bits physical, 57 bits virtual
power management:

processor	: 21
vendor_id	: GenuineIntel
cpu family	: 6
model		: 106
model name	: Intel(R) Xeon(R) Platinum 8368Q CPU @ 2.60GHz
stepping	: 6
microcode	: 0xd000421
cpu MHz		: 800.000
cache size	: 58368 KB
physical id	: 0
siblings	: 76
core id		: 21
cpu cores	: 38
apicid		: 42
initial apicid	: 42
fpu		: yes
fpu_exception	: yes
cpuid level	: 27
wp		: yes
flags		: fpu vme de pse tsc msr pae mce cx8 apic sep mtrr pge mca cmov pat pse36 clflush dts acpi mmx fxsr sse sse2 ss ht tm pbe syscall nx pdpe1gb rdtscp lm constant_tsc art arch_perfmon pebs bts rep_good nopl xtopology nonstop_tsc cpuid aperfmperf pni pclmulqdq dtes64 monitor ds_cpl vmx smx est tm2 ssse3 sdbg fma cx16 xtpr pdcm pcid dca sse4_1 sse4_2 x2apic movbe popcnt tsc_deadline_timer aes xsave avx f16c rdrand lahf_lm abm 3dnowprefetch cpuid_fault epb cat_l3 ssbd mba ibrs ibpb stibp ibrs_enhanced tpr_shadow flexpriority ept vpid ept_ad fsgsbase tsc_adjust bmi1 avx2 smep bmi2 erms invpcid cqm rdt_a avx512f avx512dq rdseed adx smap avx512ifma clflushopt clwb intel_pt avx512cd sha_ni avx512bw avx512vl xsaveopt xsavec xgetbv1 xsaves cqm_llc cqm_occup_llc cqm_mbm_total cqm_mbm_local split_lock_detect wbnoinvd dtherm ida arat pln pts vnmi avx512vbmi umip pku ospke avx512_vbmi2 gfni vaes vpclmulqdq avx512_vnni avx512_bitalg tme avx512_vpopcntdq la57 rdpid fsrm md_clear pconfig flush_l1d arch_capabilities
vmx flags	: vnmi preemption_timer posted_intr invvpid ept_x_only ept_ad ept_1gb flexpriority apicv tsc_offset vtpr mtf vapic ept vpid unrestricted_guest vapic_reg vid ple shadow_vmcs pml ept_mode_based_exec tsc_scaling
bugs		: spectre_v1 spectre_v2 spec_store_bypass swapgs mmio_stale_data eibrs_pbrsb gds bhi its its_native_only
bogomips	: 5200.00
clflush size	: 64
cache_alignment	: 64
address sizes	: 46 bits physical, 57 bits virtual
power management:

processor	: 22
vendor_id	: GenuineIntel
cpu family	: 6
model		: 106
model name	: Intel(R) Xeon(R) Platinum 8368Q CPU @ 2.60GHz
stepping	: 6
microcode	: 0xd000421
cpu MHz		: 2600.000
cache size	: 58368 KB
physical id	: 0
siblings	: 76
core id		: 22
cpu cores	: 38
apicid		: 44
initial apicid	: 44
fpu		: yes
fpu_exception	: yes
cpuid level	: 27
wp		: yes
flags		: fpu vme de pse tsc msr pae mce cx8 apic sep mtrr pge mca cmov pat pse36 clflush dts acpi mmx fxsr sse sse2 ss ht tm pbe syscall nx pdpe1gb rdtscp lm constant_tsc art arch_perfmon pebs bts rep_good nopl xtopology nonstop_tsc cpuid aperfmperf pni pclmulqdq dtes64 monitor ds_cpl vmx smx est tm2 ssse3 sdbg fma cx16 xtpr pdcm pcid dca sse4_1 sse4_2 x2apic movbe popcnt tsc_deadline_timer aes xsave avx f16c rdrand lahf_lm abm 3dnowprefetch cpuid_fault epb cat_l3 ssbd mba ibrs ibpb stibp ibrs_enhanced tpr_shadow flexpriority ept vpid ept_ad fsgsbase tsc_adjust bmi1 avx2 smep bmi2 erms invpcid cqm rdt_a avx512f avx512dq rdseed adx smap avx512ifma clflushopt clwb intel_pt avx512cd sha_ni avx512bw avx512vl xsaveopt xsavec xgetbv1 xsaves cqm_llc cqm_occup_llc cqm_mbm_total cqm_mbm_local split_lock_detect wbnoinvd dtherm ida arat pln pts vnmi avx512vbmi umip pku ospke avx512_vbmi2 gfni vaes vpclmulqdq avx512_vnni avx512_bitalg tme avx512_vpopcntdq la57 rdpid fsrm md_clear pconfig flush_l1d arch_capabilities
vmx flags	: vnmi preemption_timer posted_intr invvpid ept_x_only ept_ad ept_1gb flexpriority apicv tsc_offset vtpr mtf vapic ept vpid unrestricted_guest vapic_reg vid ple shadow_vmcs pml ept_mode_based_exec tsc_scaling
bugs		: spectre_v1 spectre_v2 spec_store_bypass swapgs mmio_stale_data eibrs_pbrsb gds bhi its its_native_only
bogomips	: 5200.00
clflush size	: 64
cache_alignment	: 64
address sizes	: 46 bits physical, 57 bits virtual
power management:

processor	: 23
vendor_id	: GenuineIntel
cpu family	: 6
model		: 106
model name	: Intel(R) Xeon(R) Platinum 8368Q CPU @ 2.60GHz
stepping	: 6
microcode	: 0xd000421
cpu MHz		: 800.000
cache size	: 58368 KB
physical id	: 0
siblings	: 76
core id		: 23
cpu cores	: 38
apicid		: 46
initial apicid	: 46
fpu		: yes
fpu_exception	: yes
cpuid level	: 27
wp		: yes
flags		: fpu vme de pse tsc msr pae mce cx8 apic sep mtrr pge mca cmov pat pse36 clflush dts acpi mmx fxsr sse sse2 ss ht tm pbe syscall nx pdpe1gb rdtscp lm constant_tsc art arch_perfmon pebs bts rep_good nopl xtopology nonstop_tsc cpuid aperfmperf pni pclmulqdq dtes64 monitor ds_cpl vmx smx est tm2 ssse3 sdbg fma cx16 xtpr pdcm pcid dca sse4_1 sse4_2 x2apic movbe popcnt tsc_deadline_timer aes xsave avx f16c rdrand lahf_lm abm 3dnowprefetch cpuid_fault epb cat_l3 ssbd mba ibrs ibpb stibp ibrs_enhanced tpr_shadow flexpriority ept vpid ept_ad fsgsbase tsc_adjust bmi1 avx2 smep bmi2 erms invpcid cqm rdt_a avx512f avx512dq rdseed adx smap avx512ifma clflushopt clwb intel_pt avx512cd sha_ni avx512bw avx512vl xsaveopt xsavec xgetbv1 xsaves cqm_llc cqm_occup_llc cqm_mbm_total cqm_mbm_local split_lock_detect wbnoinvd dtherm ida arat pln pts vnmi avx512vbmi umip pku ospke avx512_vbmi2 gfni vaes vpclmulqdq avx512_vnni avx512_bitalg tme avx512_vpopcntdq la57 rdpid fsrm md_clear pconfig flush_l1d arch_capabilities
vmx flags	: vnmi preemption_timer posted_intr invvpid ept_x_only ept_ad ept_1gb flexpriority apicv tsc_offset vtpr mtf vapic ept vpid unrestricted_guest vapic_reg vid ple shadow_vmcs pml ept_mode_based_exec tsc_scaling
bugs		: spectre_v1 spectre_v2 spec_store_bypass swapgs mmio_stale_data eibrs_pbrsb gds bhi its its_native_only
bogomips	: 5200.00
clflush size	: 64
cache_alignment	: 64
address sizes	: 46 bits physical, 57 bits virtual
power management:

processor	: 24
vendor_id	: GenuineIntel
cpu family	: 6
model		: 106
model name	: Intel(R) Xeon(R) Platinum 8368Q CPU @ 2.60GHz
stepping	: 6
microcode	: 0xd000421
cpu MHz		: 800.000
cache size	: 58368 KB
physical id	: 0
siblings	: 76
core id		: 24
cpu cores	: 38
apicid		: 48
initial apicid	: 48
fpu		: yes
fpu_exception	: yes
cpuid level	: 27
wp		: yes
flags		: fpu vme de pse tsc msr pae mce cx8 apic sep mtrr pge mca cmov pat pse36 clflush dts acpi mmx fxsr sse sse2 ss ht tm pbe syscall nx pdpe1gb rdtscp lm constant_tsc art arch_perfmon pebs bts rep_good nopl xtopology nonstop_tsc cpuid aperfmperf pni pclmulqdq dtes64 monitor ds_cpl vmx smx est tm2 ssse3 sdbg fma cx16 xtpr pdcm pcid dca sse4_1 sse4_2 x2apic movbe popcnt tsc_deadline_timer aes xsave avx f16c rdrand lahf_lm abm 3dnowprefetch cpuid_fault epb cat_l3 ssbd mba ibrs ibpb stibp ibrs_enhanced tpr_shadow flexpriority ept vpid ept_ad fsgsbase tsc_adjust bmi1 avx2 smep bmi2 erms invpcid cqm rdt_a avx512f avx512dq rdseed adx smap avx512ifma clflushopt clwb intel_pt avx512cd sha_ni avx512bw avx512vl xsaveopt xsavec xgetbv1 xsaves cqm_llc cqm_occup_llc cqm_mbm_total cqm_mbm_local split_lock_detect wbnoinvd dtherm ida arat pln pts vnmi avx512vbmi umip pku ospke avx512_vbmi2 gfni vaes vpclmulqdq avx512_vnni avx512_bitalg tme avx512_vpopcntdq la57 rdpid fsrm md_clear pconfig flush_l1d arch_capabilities
vmx flags	: vnmi preemption_timer posted_intr invvpid ept_x_only ept_ad ept_1gb flexpriority apicv tsc_offset vtpr mtf vapic ept vpid unrestricted_guest vapic_reg vid ple shadow_vmcs pml ept_mode_based_exec tsc_scaling
bugs		: spectre_v1 spectre_v2 spec_store_bypass swapgs mmio_stale_data eibrs_pbrsb gds bhi its its_native_only
bogomips	: 5200.00
clflush size	: 64
cache_alignment	: 64
address sizes	: 46 bits physical, 57 bits virtual
power management:

processor	: 25
vendor_id	: GenuineIntel
cpu family	: 6
model		: 106
model name	: Intel(R) Xeon(R) Platinum 8368Q CPU @ 2.60GHz
stepping	: 6
microcode	: 0xd000421
cpu MHz		: 1382.232
cache size	: 58368 KB
physical id	: 0
siblings	: 76
core id		: 25
cpu cores	: 38
apicid		: 50
initial apicid	: 50
fpu		: yes
fpu_exception	: yes
cpuid level	: 27
wp		: yes
flags		: fpu vme de pse tsc msr pae mce cx8 apic sep mtrr pge mca cmov pat pse36 clflush dts acpi mmx fxsr sse sse2 ss ht tm pbe syscall nx pdpe1gb rdtscp lm constant_tsc art arch_perfmon pebs bts rep_good nopl xtopology nonstop_tsc cpuid aperfmperf pni pclmulqdq dtes64 monitor ds_cpl vmx smx est tm2 ssse3 sdbg fma cx16 xtpr pdcm pcid dca sse4_1 sse4_2 x2apic movbe popcnt tsc_deadline_timer aes xsave avx f16c rdrand lahf_lm abm 3dnowprefetch cpuid_fault epb cat_l3 ssbd mba ibrs ibpb stibp ibrs_enhanced tpr_shadow flexpriority ept vpid ept_ad fsgsbase tsc_adjust bmi1 avx2 smep bmi2 erms invpcid cqm rdt_a avx512f avx512dq rdseed adx smap avx512ifma clflushopt clwb intel_pt avx512cd sha_ni avx512bw avx512vl xsaveopt xsavec xgetbv1 xsaves cqm_llc cqm_occup_llc cqm_mbm_total cqm_mbm_local split_lock_detect wbnoinvd dtherm ida arat pln pts vnmi avx512vbmi umip pku ospke avx512_vbmi2 gfni vaes vpclmulqdq avx512_vnni avx512_bitalg tme avx512_vpopcntdq la57 rdpid fsrm md_clear pconfig flush_l1d arch_capabilities
vmx flags	: vnmi preemption_timer posted_intr invvpid ept_x_only ept_ad ept_1gb flexpriority apicv tsc_offset vtpr mtf vapic ept vpid unrestricted_guest vapic_reg vid ple shadow_vmcs pml ept_mode_based_exec tsc_scaling
bugs		: spectre_v1 spectre_v2 spec_store_bypass swapgs mmio_stale_data eibrs_pbrsb gds bhi its its_native_only
bogomips	: 5200.00
clflush size	: 64
cache_alignment	: 64
address sizes	: 46 bits physical, 57 bits virtual
power management:

processor	: 26
vendor_id	: GenuineIntel
cpu family	: 6
model		: 106
model name	: Intel(R) Xeon(R) Platinum 8368Q CPU @ 2.60GHz
stepping	: 6
microcode	: 0xd000421
cpu MHz		: 800.000
cache size	: 58368 KB
physical id	: 0
siblings	: 76
core id		: 26
cpu cores	: 38
apicid		: 52
initial apicid	: 52
fpu		: yes
fpu_exception	: yes
cpuid level	: 27
wp		: yes
flags		: fpu vme de pse tsc msr pae mce cx8 apic sep mtrr pge mca cmov pat pse36 clflush dts acpi mmx fxsr sse sse2 ss ht tm pbe syscall nx pdpe1gb rdtscp lm constant_tsc art arch_perfmon pebs bts rep_good nopl xtopology nonstop_tsc cpuid aperfmperf pni pclmulqdq dtes64 monitor ds_cpl vmx smx est tm2 ssse3 sdbg fma cx16 xtpr pdcm pcid dca sse4_1 sse4_2 x2apic movbe popcnt tsc_deadline_timer aes xsave avx f16c rdrand lahf_lm abm 3dnowprefetch cpuid_fault epb cat_l3 ssbd mba ibrs ibpb stibp ibrs_enhanced tpr_shadow flexpriority ept vpid ept_ad fsgsbase tsc_adjust bmi1 avx2 smep bmi2 erms invpcid cqm rdt_a avx512f avx512dq rdseed adx smap avx512ifma clflushopt clwb intel_pt avx512cd sha_ni avx512bw avx512vl xsaveopt xsavec xgetbv1 xsaves cqm_llc cqm_occup_llc cqm_mbm_total cqm_mbm_local split_lock_detect wbnoinvd dtherm ida arat pln pts vnmi avx512vbmi umip pku ospke avx512_vbmi2 gfni vaes vpclmulqdq avx512_vnni avx512_bitalg tme avx512_vpopcntdq la57 rdpid fsrm md_clear pconfig flush_l1d arch_capabilities
vmx flags	: vnmi preemption_timer posted_intr invvpid ept_x_only ept_ad ept_1gb flexpriority apicv tsc_offset vtpr mtf vapic ept vpid unrestricted_guest vapic_reg vid ple shadow_vmcs pml ept_mode_based_exec tsc_scaling
bugs		: spectre_v1 spectre_v2 spec_store_bypass swapgs mmio_stale_data eibrs_pbrsb gds bhi its its_native_only
bogomips	: 5200.00
clflush size	: 64
cache_alignment	: 64
address sizes	: 46 bits physical, 57 bits virtual
power management:

processor	: 27
vendor_id	: GenuineIntel
cpu family	: 6
model		: 106
model name	: Intel(R) Xeon(R) Platinum 8368Q CPU @ 2.60GHz
stepping	: 6
microcode	: 0xd000421
cpu MHz		: 800.000
cache size	: 58368 KB
physical id	: 0
siblings	: 76
core id		: 27
cpu cores	: 38
apicid		: 54
initial apicid	: 54
fpu		: yes
fpu_exception	: yes
cpuid level	: 27
wp		: yes
flags		: fpu vme de pse tsc msr pae mce cx8 apic sep mtrr pge mca cmov pat pse36 clflush dts acpi mmx fxsr sse sse2 ss ht tm pbe syscall nx pdpe1gb rdtscp lm constant_tsc art arch_perfmon pebs bts rep_good nopl xtopology nonstop_tsc cpuid aperfmperf pni pclmulqdq dtes64 monitor ds_cpl vmx smx est tm2 ssse3 sdbg fma cx16 xtpr pdcm pcid dca sse4_1 sse4_2 x2apic movbe popcnt tsc_deadline_timer aes xsave avx f16c rdrand lahf_lm abm 3dnowprefetch cpuid_fault epb cat_l3 ssbd mba ibrs ibpb stibp ibrs_enhanced tpr_shadow flexpriority ept vpid ept_ad fsgsbase tsc_adjust bmi1 avx2 smep bmi2 erms invpcid cqm rdt_a avx512f avx512dq rdseed adx smap avx512ifma clflushopt clwb intel_pt avx512cd sha_ni avx512bw avx512vl xsaveopt xsavec xgetbv1 xsaves cqm_llc cqm_occup_llc cqm_mbm_total cqm_mbm_local split_lock_detect wbnoinvd dtherm ida arat pln pts vnmi avx512vbmi umip pku ospke avx512_vbmi2 gfni vaes vpclmulqdq avx512_vnni avx512_bitalg tme avx512_vpopcntdq la57 rdpid fsrm md_clear pconfig flush_l1d arch_capabilities
vmx flags	: vnmi preemption_timer posted_intr invvpid ept_x_only ept_ad ept_1gb flexpriority apicv tsc_offset vtpr mtf vapic ept vpid unrestricted_guest vapic_reg vid ple shadow_vmcs pml ept_mode_based_exec tsc_scaling
bugs		: spectre_v1 spectre_v2 spec_store_bypass swapgs mmio_stale_data eibrs_pbrsb gds bhi its its_native_only
bogomips	: 5200.00
clflush size	: 64
cache_alignment	: 64
address sizes	: 46 bits physical, 57 bits virtual
power management:

processor	: 28
vendor_id	: GenuineIntel
cpu family	: 6
model		: 106
model name	: Intel(R) Xeon(R) Platinum 8368Q CPU @ 2.60GHz
stepping	: 6
microcode	: 0xd000421
cpu MHz		: 2600.026
cache size	: 58368 KB
physical id	: 0
siblings	: 76
core id		: 28
cpu cores	: 38
apicid		: 56
initial apicid	: 56
fpu		: yes
fpu_exception	: yes
cpuid level	: 27
wp		: yes
flags		: fpu vme de pse tsc msr pae mce cx8 apic sep mtrr pge mca cmov pat pse36 clflush dts acpi mmx fxsr sse sse2 ss ht tm pbe syscall nx pdpe1gb rdtscp lm constant_tsc art arch_perfmon pebs bts rep_good nopl xtopology nonstop_tsc cpuid aperfmperf pni pclmulqdq dtes64 monitor ds_cpl vmx smx est tm2 ssse3 sdbg fma cx16 xtpr pdcm pcid dca sse4_1 sse4_2 x2apic movbe popcnt tsc_deadline_timer aes xsave avx f16c rdrand lahf_lm abm 3dnowprefetch cpuid_fault epb cat_l3 ssbd mba ibrs ibpb stibp ibrs_enhanced tpr_shadow flexpriority ept vpid ept_ad fsgsbase tsc_adjust bmi1 avx2 smep bmi2 erms invpcid cqm rdt_a avx512f avx512dq rdseed adx smap avx512ifma clflushopt clwb intel_pt avx512cd sha_ni avx512bw avx512vl xsaveopt xsavec xgetbv1 xsaves cqm_llc cqm_occup_llc cqm_mbm_total cqm_mbm_local split_lock_detect wbnoinvd dtherm ida arat pln pts vnmi avx512vbmi umip pku ospke avx512_vbmi2 gfni vaes vpclmulqdq avx512_vnni avx512_bitalg tme avx512_vpopcntdq la57 rdpid fsrm md_clear pconfig flush_l1d arch_capabilities
vmx flags	: vnmi preemption_timer posted_intr invvpid ept_x_only ept_ad ept_1gb flexpriority apicv tsc_offset vtpr mtf vapic ept vpid unrestricted_guest vapic_reg vid ple shadow_vmcs pml ept_mode_based_exec tsc_scaling
bugs		: spectre_v1 spectre_v2 spec_store_bypass swapgs mmio_stale_data eibrs_pbrsb gds bhi its its_native_only
bogomips	: 5200.00
clflush size	: 64
cache_alignment	: 64
address sizes	: 46 bits physical, 57 bits virtual
power management:

processor	: 29
vendor_id	: GenuineIntel
cpu family	: 6
model		: 106
model name	: Intel(R) Xeon(R) Platinum 8368Q CPU @ 2.60GHz
stepping	: 6
microcode	: 0xd000421
cpu MHz		: 800.000
cache size	: 58368 KB
physical id	: 0
siblings	: 76
core id		: 29
cpu cores	: 38
apicid		: 58
initial apicid	: 58
fpu		: yes
fpu_exception	: yes
cpuid level	: 27
wp		: yes
flags		: fpu vme de pse tsc msr pae mce cx8 apic sep mtrr pge mca cmov pat pse36 clflush dts acpi mmx fxsr sse sse2 ss ht tm pbe syscall nx pdpe1gb rdtscp lm constant_tsc art arch_perfmon pebs bts rep_good nopl xtopology nonstop_tsc cpuid aperfmperf pni pclmulqdq dtes64 monitor ds_cpl vmx smx est tm2 ssse3 sdbg fma cx16 xtpr pdcm pcid dca sse4_1 sse4_2 x2apic movbe popcnt tsc_deadline_timer aes xsave avx f16c rdrand lahf_lm abm 3dnowprefetch cpuid_fault epb cat_l3 ssbd mba ibrs ibpb stibp ibrs_enhanced tpr_shadow flexpriority ept vpid ept_ad fsgsbase tsc_adjust bmi1 avx2 smep bmi2 erms invpcid cqm rdt_a avx512f avx512dq rdseed adx smap avx512ifma clflushopt clwb intel_pt avx512cd sha_ni avx512bw avx512vl xsaveopt xsavec xgetbv1 xsaves cqm_llc cqm_occup_llc cqm_mbm_total cqm_mbm_local split_lock_detect wbnoinvd dtherm ida arat pln pts vnmi avx512vbmi umip pku ospke avx512_vbmi2 gfni vaes vpclmulqdq avx512_vnni avx512_bitalg tme avx512_vpopcntdq la57 rdpid fsrm md_clear pconfig flush_l1d arch_capabilities
vmx flags	: vnmi preemption_timer posted_intr invvpid ept_x_only ept_ad ept_1gb flexpriority apicv tsc_offset vtpr mtf vapic ept vpid unrestricted_guest vapic_reg vid ple shadow_vmcs pml ept_mode_based_exec tsc_scaling
bugs		: spectre_v1 spectre_v2 spec_store_bypass swapgs mmio_stale_data eibrs_pbrsb gds bhi its its_native_only
bogomips	: 5200.00
clflush size	: 64
cache_alignment	: 64
address sizes	: 46 bits physical, 57 bits virtual
power management:

processor	: 30
vendor_id	: GenuineIntel
cpu family	: 6
model		: 106
model name	: Intel(R) Xeon(R) Platinum 8368Q CPU @ 2.60GHz
stepping	: 6
microcode	: 0xd000421
cpu MHz		: 1800.000
cache size	: 58368 KB
physical id	: 0
siblings	: 76
core id		: 30
cpu cores	: 38
apicid		: 60
initial apicid	: 60
fpu		: yes
fpu_exception	: yes
cpuid level	: 27
wp		: yes
flags		: fpu vme de pse tsc msr pae mce cx8 apic sep mtrr pge mca cmov pat pse36 clflush dts acpi mmx fxsr sse sse2 ss ht tm pbe syscall nx pdpe1gb rdtscp lm constant_tsc art arch_perfmon pebs bts rep_good nopl xtopology nonstop_tsc cpuid aperfmperf pni pclmulqdq dtes64 monitor ds_cpl vmx smx est tm2 ssse3 sdbg fma cx16 xtpr pdcm pcid dca sse4_1 sse4_2 x2apic movbe popcnt tsc_deadline_timer aes xsave avx f16c rdrand lahf_lm abm 3dnowprefetch cpuid_fault epb cat_l3 ssbd mba ibrs ibpb stibp ibrs_enhanced tpr_shadow flexpriority ept vpid ept_ad fsgsbase tsc_adjust bmi1 avx2 smep bmi2 erms invpcid cqm rdt_a avx512f avx512dq rdseed adx smap avx512ifma clflushopt clwb intel_pt avx512cd sha_ni avx512bw avx512vl xsaveopt xsavec xgetbv1 xsaves cqm_llc cqm_occup_llc cqm_mbm_total cqm_mbm_local split_lock_detect wbnoinvd dtherm ida arat pln pts vnmi avx512vbmi umip pku ospke avx512_vbmi2 gfni vaes vpclmulqdq avx512_vnni avx512_bitalg tme avx512_vpopcntdq la57 rdpid fsrm md_clear pconfig flush_l1d arch_capabilities
vmx flags	: vnmi preemption_timer posted_intr invvpid ept_x_only ept_ad ept_1gb flexpriority apicv tsc_offset vtpr mtf vapic ept vpid unrestricted_guest vapic_reg vid ple shadow_vmcs pml ept_mode_based_exec tsc_scaling
bugs		: spectre_v1 spectre_v2 spec_store_bypass swapgs mmio_stale_data eibrs_pbrsb gds bhi its its_native_only
bogomips	: 5200.00
clflush size	: 64
cache_alignment	: 64
address sizes	: 46 bits physical, 57 bits virtual
power management:

processor	: 31
vendor_id	: GenuineIntel
cpu family	: 6
model		: 106
model name	: Intel(R) Xeon(R) Platinum 8368Q CPU @ 2.60GHz
stepping	: 6
microcode	: 0xd000421
cpu MHz		: 1800.000
cache size	: 58368 KB
physical id	: 0
siblings	: 76
core id		: 31
cpu cores	: 38
apicid		: 62
initial apicid	: 62
fpu		: yes
fpu_exception	: yes
cpuid level	: 27
wp		: yes
flags		: fpu vme de pse tsc msr pae mce cx8 apic sep mtrr pge mca cmov pat pse36 clflush dts acpi mmx fxsr sse sse2 ss ht tm pbe syscall nx pdpe1gb rdtscp lm constant_tsc art arch_perfmon pebs bts rep_good nopl xtopology nonstop_tsc cpuid aperfmperf pni pclmulqdq dtes64 monitor ds_cpl vmx smx est tm2 ssse3 sdbg fma cx16 xtpr pdcm pcid dca sse4_1 sse4_2 x2apic movbe popcnt tsc_deadline_timer aes xsave avx f16c rdrand lahf_lm abm 3dnowprefetch cpuid_fault epb cat_l3 ssbd mba ibrs ibpb stibp ibrs_enhanced tpr_shadow flexpriority ept vpid ept_ad fsgsbase tsc_adjust bmi1 avx2 smep bmi2 erms invpcid cqm rdt_a avx512f avx512dq rdseed adx smap avx512ifma clflushopt clwb intel_pt avx512cd sha_ni avx512bw avx512vl xsaveopt xsavec xgetbv1 xsaves cqm_llc cqm_occup_llc cqm_mbm_total cqm_mbm_local split_lock_detect wbnoinvd dtherm ida arat pln pts vnmi avx512vbmi umip pku ospke avx512_vbmi2 gfni vaes vpclmulqdq avx512_vnni avx512_bitalg tme avx512_vpopcntdq la57 rdpid fsrm md_clear pconfig flush_l1d arch_capabilities
vmx flags	: vnmi preemption_timer posted_intr invvpid ept_x_only ept_ad ept_1gb flexpriority apicv tsc_offset vtpr mtf vapic ept vpid unrestricted_guest vapic_reg vid ple shadow_vmcs pml ept_mode_based_exec tsc_scaling
bugs		: spectre_v1 spectre_v2 spec_store_bypass swapgs mmio_stale_data eibrs_pbrsb gds bhi its its_native_only
bogomips	: 5200.00
clflush size	: 64
cache_alignment	: 64
address sizes	: 46 bits physical, 57 bits virtual
power management:

processor	: 32
vendor_id	: GenuineIntel
cpu family	: 6
model		: 106
model name	: Intel(R) Xeon(R) Platinum 8368Q CPU @ 2.60GHz
stepping	: 6
microcode	: 0xd000421
cpu MHz		: 2605.462
cache size	: 58368 KB
physical id	: 0
siblings	: 76
core id		: 32
cpu cores	: 38
apicid		: 64
initial apicid	: 64
fpu		: yes
fpu_exception	: yes
cpuid level	: 27
wp		: yes
flags		: fpu vme de pse tsc msr pae mce cx8 apic sep mtrr pge mca cmov pat pse36 clflush dts acpi mmx fxsr sse sse2 ss ht tm pbe syscall nx pdpe1gb rdtscp lm constant_tsc art arch_perfmon pebs bts rep_good nopl xtopology nonstop_tsc cpuid aperfmperf pni pclmulqdq dtes64 monitor ds_cpl vmx smx est tm2 ssse3 sdbg fma cx16 xtpr pdcm pcid dca sse4_1 sse4_2 x2apic movbe popcnt tsc_deadline_timer aes xsave avx f16c rdrand lahf_lm abm 3dnowprefetch cpuid_fault epb cat_l3 ssbd mba ibrs ibpb stibp ibrs_enhanced tpr_shadow flexpriority ept vpid ept_ad fsgsbase tsc_adjust bmi1 avx2 smep bmi2 erms invpcid cqm rdt_a avx512f avx512dq rdseed adx smap avx512ifma clflushopt clwb intel_pt avx512cd sha_ni avx512bw avx512vl xsaveopt xsavec xgetbv1 xsaves cqm_llc cqm_occup_llc cqm_mbm_total cqm_mbm_local split_lock_detect wbnoinvd dtherm ida arat pln pts vnmi avx512vbmi umip pku ospke avx512_vbmi2 gfni vaes vpclmulqdq avx512_vnni avx512_bitalg tme avx512_vpopcntdq la57 rdpid fsrm md_clear pconfig flush_l1d arch_capabilities
vmx flags	: vnmi preemption_timer posted_intr invvpid ept_x_only ept_ad ept_1gb flexpriority apicv tsc_offset vtpr mtf vapic ept vpid unrestricted_guest vapic_reg vid ple shadow_vmcs pml ept_mode_based_exec tsc_scaling
bugs		: spectre_v1 spectre_v2 spec_store_bypass swapgs mmio_stale_data eibrs_pbrsb gds bhi its its_native_only
bogomips	: 5200.00
clflush size	: 64
cache_alignment	: 64
address sizes	: 46 bits physical, 57 bits virtual
power management:

processor	: 33
vendor_id	: GenuineIntel
cpu family	: 6
model		: 106
model name	: Intel(R) Xeon(R) Platinum 8368Q CPU @ 2.60GHz
stepping	: 6
microcode	: 0xd000421
cpu MHz		: 800.133
cache size	: 58368 KB
physical id	: 0
siblings	: 76
core id		: 33
cpu cores	: 38
apicid		: 66
initial apicid	: 66
fpu		: yes
fpu_exception	: yes
cpuid level	: 27
wp		: yes
flags		: fpu vme de pse tsc msr pae mce cx8 apic sep mtrr pge mca cmov pat pse36 clflush dts acpi mmx fxsr sse sse2 ss ht tm pbe syscall nx pdpe1gb rdtscp lm constant_tsc art arch_perfmon pebs bts rep_good nopl xtopology nonstop_tsc cpuid aperfmperf pni pclmulqdq dtes64 monitor ds_cpl vmx smx est tm2 ssse3 sdbg fma cx16 xtpr pdcm pcid dca sse4_1 sse4_2 x2apic movbe popcnt tsc_deadline_timer aes xsave avx f16c rdrand lahf_lm abm 3dnowprefetch cpuid_fault epb cat_l3 ssbd mba ibrs ibpb stibp ibrs_enhanced tpr_shadow flexpriority ept vpid ept_ad fsgsbase tsc_adjust bmi1 avx2 smep bmi2 erms invpcid cqm rdt_a avx512f avx512dq rdseed adx smap avx512ifma clflushopt clwb intel_pt avx512cd sha_ni avx512bw avx512vl xsaveopt xsavec xgetbv1 xsaves cqm_llc cqm_occup_llc cqm_mbm_total cqm_mbm_local split_lock_detect wbnoinvd dtherm ida arat pln pts vnmi avx512vbmi umip pku ospke avx512_vbmi2 gfni vaes vpclmulqdq avx512_vnni avx512_bitalg tme avx512_vpopcntdq la57 rdpid fsrm md_clear pconfig flush_l1d arch_capabilities
vmx flags	: vnmi preemption_timer posted_intr invvpid ept_x_only ept_ad ept_1gb flexpriority apicv tsc_offset vtpr mtf vapic ept vpid unrestricted_guest vapic_reg vid ple shadow_vmcs pml ept_mode_based_exec tsc_scaling
bugs		: spectre_v1 spectre_v2 spec_store_bypass swapgs mmio_stale_data eibrs_pbrsb gds bhi its its_native_only
bogomips	: 5200.00
clflush size	: 64
cache_alignment	: 64
address sizes	: 46 bits physical, 57 bits virtual
power management:

processor	: 34
vendor_id	: GenuineIntel
cpu family	: 6
model		: 106
model name	: Intel(R) Xeon(R) Platinum 8368Q CPU @ 2.60GHz
stepping	: 6
microcode	: 0xd000421
cpu MHz		: 799.992
cache size	: 58368 KB
physical id	: 0
siblings	: 76
core id		: 34
cpu cores	: 38
apicid		: 68
initial apicid	: 68
fpu		: yes
fpu_exception	: yes
cpuid level	: 27
wp		: yes
flags		: fpu vme de pse tsc msr pae mce cx8 apic sep mtrr pge mca cmov pat pse36 clflush dts acpi mmx fxsr sse sse2 ss ht tm pbe syscall nx pdpe1gb rdtscp lm constant_tsc art arch_perfmon pebs bts rep_good nopl xtopology nonstop_tsc cpuid aperfmperf pni pclmulqdq dtes64 monitor ds_cpl vmx smx est tm2 ssse3 sdbg fma cx16 xtpr pdcm pcid dca sse4_1 sse4_2 x2apic movbe popcnt tsc_deadline_timer aes xsave avx f16c rdrand lahf_lm abm 3dnowprefetch cpuid_fault epb cat_l3 ssbd mba ibrs ibpb stibp ibrs_enhanced tpr_shadow flexpriority ept vpid ept_ad fsgsbase tsc_adjust bmi1 avx2 smep bmi2 erms invpcid cqm rdt_a avx512f avx512dq rdseed adx smap avx512ifma clflushopt clwb intel_pt avx512cd sha_ni avx512bw avx512vl xsaveopt xsavec xgetbv1 xsaves cqm_llc cqm_occup_llc cqm_mbm_total cqm_mbm_local split_lock_detect wbnoinvd dtherm ida arat pln pts vnmi avx512vbmi umip pku ospke avx512_vbmi2 gfni vaes vpclmulqdq avx512_vnni avx512_bitalg tme avx512_vpopcntdq la57 rdpid fsrm md_clear pconfig flush_l1d arch_capabilities
vmx flags	: vnmi preemption_timer posted_intr invvpid ept_x_only ept_ad ept_1gb flexpriority apicv tsc_offset vtpr mtf vapic ept vpid unrestricted_guest vapic_reg vid ple shadow_vmcs pml ept_mode_based_exec tsc_scaling
bugs		: spectre_v1 spectre_v2 spec_store_bypass swapgs mmio_stale_data eibrs_pbrsb gds bhi its its_native_only
bogomips	: 5200.00
clflush size	: 64
cache_alignment	: 64
address sizes	: 46 bits physical, 57 bits virtual
power management:

processor	: 35
vendor_id	: GenuineIntel
cpu family	: 6
model		: 106
model name	: Intel(R) Xeon(R) Platinum 8368Q CPU @ 2.60GHz
stepping	: 6
microcode	: 0xd000421
cpu MHz		: 800.000
cache size	: 58368 KB
physical id	: 0
siblings	: 76
core id		: 35
cpu cores	: 38
apicid		: 70
initial apicid	: 70
fpu		: yes
fpu_exception	: yes
cpuid level	: 27
wp		: yes
flags		: fpu vme de pse tsc msr pae mce cx8 apic sep mtrr pge mca cmov pat pse36 clflush dts acpi mmx fxsr sse sse2 ss ht tm pbe syscall nx pdpe1gb rdtscp lm constant_tsc art arch_perfmon pebs bts rep_good nopl xtopology nonstop_tsc cpuid aperfmperf pni pclmulqdq dtes64 monitor ds_cpl vmx smx est tm2 ssse3 sdbg fma cx16 xtpr pdcm pcid dca sse4_1 sse4_2 x2apic movbe popcnt tsc_deadline_timer aes xsave avx f16c rdrand lahf_lm abm 3dnowprefetch cpuid_fault epb cat_l3 ssbd mba ibrs ibpb stibp ibrs_enhanced tpr_shadow flexpriority ept vpid ept_ad fsgsbase tsc_adjust bmi1 avx2 smep bmi2 erms invpcid cqm rdt_a avx512f avx512dq rdseed adx smap avx512ifma clflushopt clwb intel_pt avx512cd sha_ni avx512bw avx512vl xsaveopt xsavec xgetbv1 xsaves cqm_llc cqm_occup_llc cqm_mbm_total cqm_mbm_local split_lock_detect wbnoinvd dtherm ida arat pln pts vnmi avx512vbmi umip pku ospke avx512_vbmi2 gfni vaes vpclmulqdq avx512_vnni avx512_bitalg tme avx512_vpopcntdq la57 rdpid fsrm md_clear pconfig flush_l1d arch_capabilities
vmx flags	: vnmi preemption_timer posted_intr invvpid ept_x_only ept_ad ept_1gb flexpriority apicv tsc_offset vtpr mtf vapic ept vpid unrestricted_guest vapic_reg vid ple shadow_vmcs pml ept_mode_based_exec tsc_scaling
bugs		: spectre_v1 spectre_v2 spec_store_bypass swapgs mmio_stale_data eibrs_pbrsb gds bhi its its_native_only
bogomips	: 5200.00
clflush size	: 64
cache_alignment	: 64
address sizes	: 46 bits physical, 57 bits virtual
power management:

processor	: 36
vendor_id	: GenuineIntel
cpu family	: 6
model		: 106
model name	: Intel(R) Xeon(R) Platinum 8368Q CPU @ 2.60GHz
stepping	: 6
microcode	: 0xd000421
cpu MHz		: 800.007
cache size	: 58368 KB
physical id	: 0
siblings	: 76
core id		: 36
cpu cores	: 38
apicid		: 72
initial apicid	: 72
fpu		: yes
fpu_exception	: yes
cpuid level	: 27
wp		: yes
flags		: fpu vme de pse tsc msr pae mce cx8 apic sep mtrr pge mca cmov pat pse36 clflush dts acpi mmx fxsr sse sse2 ss ht tm pbe syscall nx pdpe1gb rdtscp lm constant_tsc art arch_perfmon pebs bts rep_good nopl xtopology nonstop_tsc cpuid aperfmperf pni pclmulqdq dtes64 monitor ds_cpl vmx smx est tm2 ssse3 sdbg fma cx16 xtpr pdcm pcid dca sse4_1 sse4_2 x2apic movbe popcnt tsc_deadline_timer aes xsave avx f16c rdrand lahf_lm abm 3dnowprefetch cpuid_fault epb cat_l3 ssbd mba ibrs ibpb stibp ibrs_enhanced tpr_shadow flexpriority ept vpid ept_ad fsgsbase tsc_adjust bmi1 avx2 smep bmi2 erms invpcid cqm rdt_a avx512f avx512dq rdseed adx smap avx512ifma clflushopt clwb intel_pt avx512cd sha_ni avx512bw avx512vl xsaveopt xsavec xgetbv1 xsaves cqm_llc cqm_occup_llc cqm_mbm_total cqm_mbm_local split_lock_detect wbnoinvd dtherm ida arat pln pts vnmi avx512vbmi umip pku ospke avx512_vbmi2 gfni vaes vpclmulqdq avx512_vnni avx512_bitalg tme avx512_vpopcntdq la57 rdpid fsrm md_clear pconfig flush_l1d arch_capabilities
vmx flags	: vnmi preemption_timer posted_intr invvpid ept_x_only ept_ad ept_1gb flexpriority apicv tsc_offset vtpr mtf vapic ept vpid unrestricted_guest vapic_reg vid ple shadow_vmcs pml ept_mode_based_exec tsc_scaling
bugs		: spectre_v1 spectre_v2 spec_store_bypass swapgs mmio_stale_data eibrs_pbrsb gds bhi its its_native_only
bogomips	: 5200.00
clflush size	: 64
cache_alignment	: 64
address sizes	: 46 bits physical, 57 bits virtual
power management:

processor	: 37
vendor_id	: GenuineIntel
cpu family	: 6
model		: 106
model name	: Intel(R) Xeon(R) Platinum 8368Q CPU @ 2.60GHz
stepping	: 6
microcode	: 0xd000421
cpu MHz		: 800.000
cache size	: 58368 KB
physical id	: 0
siblings	: 76
core id		: 37
cpu cores	: 38
apicid		: 74
initial apicid	: 74
fpu		: yes
fpu_exception	: yes
cpuid level	: 27
wp		: yes
flags		: fpu vme de pse tsc msr pae mce cx8 apic sep mtrr pge mca cmov pat pse36 clflush dts acpi mmx fxsr sse sse2 ss ht tm pbe syscall nx pdpe1gb rdtscp lm constant_tsc art arch_perfmon pebs bts rep_good nopl xtopology nonstop_tsc cpuid aperfmperf pni pclmulqdq dtes64 monitor ds_cpl vmx smx est tm2 ssse3 sdbg fma cx16 xtpr pdcm pcid dca sse4_1 sse4_2 x2apic movbe popcnt tsc_deadline_timer aes xsave avx f16c rdrand lahf_lm abm 3dnowprefetch cpuid_fault epb cat_l3 ssbd mba ibrs ibpb stibp ibrs_enhanced tpr_shadow flexpriority ept vpid ept_ad fsgsbase tsc_adjust bmi1 avx2 smep bmi2 erms invpcid cqm rdt_a avx512f avx512dq rdseed adx smap avx512ifma clflushopt clwb intel_pt avx512cd sha_ni avx512bw avx512vl xsaveopt xsavec xgetbv1 xsaves cqm_llc cqm_occup_llc cqm_mbm_total cqm_mbm_local split_lock_detect wbnoinvd dtherm ida arat pln pts vnmi avx512vbmi umip pku ospke avx512_vbmi2 gfni vaes vpclmulqdq avx512_vnni avx512_bitalg tme avx512_vpopcntdq la57 rdpid fsrm md_clear pconfig flush_l1d arch_capabilities
vmx flags	: vnmi preemption_timer posted_intr invvpid ept_x_only ept_ad ept_1gb flexpriority apicv tsc_offset vtpr mtf vapic ept vpid unrestricted_guest vapic_reg vid ple shadow_vmcs pml ept_mode_based_exec tsc_scaling
bugs		: spectre_v1 spectre_v2 spec_store_bypass swapgs mmio_stale_data eibrs_pbrsb gds bhi its its_native_only
bogomips	: 5200.00
clflush size	: 64
cache_alignment	: 64
address sizes	: 46 bits physical, 57 bits virtual
power management:

processor	: 38
vendor_id	: GenuineIntel
cpu family	: 6
model		: 106
model name	: Intel(R) Xeon(R) Platinum 8368Q CPU @ 2.60GHz
stepping	: 6
microcode	: 0xd000421
cpu MHz		: 1400.000
cache size	: 58368 KB
physical id	: 0
siblings	: 76
core id		: 0
cpu cores	: 38
apicid		: 1
initial apicid	: 1
fpu		: yes
fpu_exception	: yes
cpuid level	: 27
wp		: yes
flags		: fpu vme de pse tsc msr pae mce cx8 apic sep mtrr pge mca cmov pat pse36 clflush dts acpi mmx fxsr sse sse2 ss ht tm pbe syscall nx pdpe1gb rdtscp lm constant_tsc art arch_perfmon pebs bts rep_good nopl xtopology nonstop_tsc cpuid aperfmperf pni pclmulqdq dtes64 monitor ds_cpl vmx smx est tm2 ssse3 sdbg fma cx16 xtpr pdcm pcid dca sse4_1 sse4_2 x2apic movbe popcnt tsc_deadline_timer aes xsave avx f16c rdrand lahf_lm abm 3dnowprefetch cpuid_fault epb cat_l3 ssbd mba ibrs ibpb stibp ibrs_enhanced tpr_shadow flexpriority ept vpid ept_ad fsgsbase tsc_adjust bmi1 avx2 smep bmi2 erms invpcid cqm rdt_a avx512f avx512dq rdseed adx smap avx512ifma clflushopt clwb intel_pt avx512cd sha_ni avx512bw avx512vl xsaveopt xsavec xgetbv1 xsaves cqm_llc cqm_occup_llc cqm_mbm_total cqm_mbm_local split_lock_detect wbnoinvd dtherm ida arat pln pts vnmi avx512vbmi umip pku ospke avx512_vbmi2 gfni vaes vpclmulqdq avx512_vnni avx512_bitalg tme avx512_vpopcntdq la57 rdpid fsrm md_clear pconfig flush_l1d arch_capabilities
vmx flags	: vnmi preemption_timer posted_intr invvpid ept_x_only ept_ad ept_1gb flexpriority apicv tsc_offset vtpr mtf vapic ept vpid unrestricted_guest vapic_reg vid ple shadow_vmcs pml ept_mode_based_exec tsc_scaling
bugs		: spectre_v1 spectre_v2 spec_store_bypass swapgs mmio_stale_data eibrs_pbrsb gds bhi its its_native_only
bogomips	: 5200.00
clflush size	: 64
cache_alignment	: 64
address sizes	: 46 bits physical, 57 bits virtual
power management:

processor	: 39
vendor_id	: GenuineIntel
cpu family	: 6
model		: 106
model name	: Intel(R) Xeon(R) Platinum 8368Q CPU @ 2.60GHz
stepping	: 6
microcode	: 0xd000421
cpu MHz		: 891.352
cache size	: 58368 KB
physical id	: 0
siblings	: 76
core id		: 1
cpu cores	: 38
apicid		: 3
initial apicid	: 3
fpu		: yes
fpu_exception	: yes
cpuid level	: 27
wp		: yes
flags		: fpu vme de pse tsc msr pae mce cx8 apic sep mtrr pge mca cmov pat pse36 clflush dts acpi mmx fxsr sse sse2 ss ht tm pbe syscall nx pdpe1gb rdtscp lm constant_tsc art arch_perfmon pebs bts rep_good nopl xtopology nonstop_tsc cpuid aperfmperf pni pclmulqdq dtes64 monitor ds_cpl vmx smx est tm2 ssse3 sdbg fma cx16 xtpr pdcm pcid dca sse4_1 sse4_2 x2apic movbe popcnt tsc_deadline_timer aes xsave avx f16c rdrand lahf_lm abm 3dnowprefetch cpuid_fault epb cat_l3 ssbd mba ibrs ibpb stibp ibrs_enhanced tpr_shadow flexpriority ept vpid ept_ad fsgsbase tsc_adjust bmi1 avx2 smep bmi2 erms invpcid cqm rdt_a avx512f avx512dq rdseed adx smap avx512ifma clflushopt clwb intel_pt avx512cd sha_ni avx512bw avx512vl xsaveopt xsavec xgetbv1 xsaves cqm_llc cqm_occup_llc cqm_mbm_total cqm_mbm_local split_lock_detect wbnoinvd dtherm ida arat pln pts vnmi avx512vbmi umip pku ospke avx512_vbmi2 gfni vaes vpclmulqdq avx512_vnni avx512_bitalg tme avx512_vpopcntdq la57 rdpid fsrm md_clear pconfig flush_l1d arch_capabilities
vmx flags	: vnmi preemption_timer posted_intr invvpid ept_x_only ept_ad ept_1gb flexpriority apicv tsc_offset vtpr mtf vapic ept vpid unrestricted_guest vapic_reg vid ple shadow_vmcs pml ept_mode_based_exec tsc_scaling
bugs		: spectre_v1 spectre_v2 spec_store_bypass swapgs mmio_stale_data eibrs_pbrsb gds bhi its its_native_only
bogomips	: 5200.00
clflush size	: 64
cache_alignment	: 64
address sizes	: 46 bits physical, 57 bits virtual
power management:

processor	: 40
vendor_id	: GenuineIntel
cpu family	: 6
model		: 106
model name	: Intel(R) Xeon(R) Platinum 8368Q CPU @ 2.60GHz
stepping	: 6
microcode	: 0xd000421
cpu MHz		: 800.000
cache size	: 58368 KB
physical id	: 0
siblings	: 76
core id		: 2
cpu cores	: 38
apicid		: 5
initial apicid	: 5
fpu		: yes
fpu_exception	: yes
cpuid level	: 27
wp		: yes
flags		: fpu vme de pse tsc msr pae mce cx8 apic sep mtrr pge mca cmov pat pse36 clflush dts acpi mmx fxsr sse sse2 ss ht tm pbe syscall nx pdpe1gb rdtscp lm constant_tsc art arch_perfmon pebs bts rep_good nopl xtopology nonstop_tsc cpuid aperfmperf pni pclmulqdq dtes64 monitor ds_cpl vmx smx est tm2 ssse3 sdbg fma cx16 xtpr pdcm pcid dca sse4_1 sse4_2 x2apic movbe popcnt tsc_deadline_timer aes xsave avx f16c rdrand lahf_lm abm 3dnowprefetch cpuid_fault epb cat_l3 ssbd mba ibrs ibpb stibp ibrs_enhanced tpr_shadow flexpriority ept vpid ept_ad fsgsbase tsc_adjust bmi1 avx2 smep bmi2 erms invpcid cqm rdt_a avx512f avx512dq rdseed adx smap avx512ifma clflushopt clwb intel_pt avx512cd sha_ni avx512bw avx512vl xsaveopt xsavec xgetbv1 xsaves cqm_llc cqm_occup_llc cqm_mbm_total cqm_mbm_local split_lock_detect wbnoinvd dtherm ida arat pln pts vnmi avx512vbmi umip pku ospke avx512_vbmi2 gfni vaes vpclmulqdq avx512_vnni avx512_bitalg tme avx512_vpopcntdq la57 rdpid fsrm md_clear pconfig flush_l1d arch_capabilities
vmx flags	: vnmi preemption_timer posted_intr invvpid ept_x_only ept_ad ept_1gb flexpriority apicv tsc_offset vtpr mtf vapic ept vpid unrestricted_guest vapic_reg vid ple shadow_vmcs pml ept_mode_based_exec tsc_scaling
bugs		: spectre_v1 spectre_v2 spec_store_bypass swapgs mmio_stale_data eibrs_pbrsb gds bhi its its_native_only
bogomips	: 5200.00
clflush size	: 64
cache_alignment	: 64
address sizes	: 46 bits physical, 57 bits virtual
power management:

processor	: 41
vendor_id	: GenuineIntel
cpu family	: 6
model		: 106
model name	: Intel(R) Xeon(R) Platinum 8368Q CPU @ 2.60GHz
stepping	: 6
microcode	: 0xd000421
cpu MHz		: 800.000
cache size	: 58368 KB
physical id	: 0
siblings	: 76
core id		: 3
cpu cores	: 38
apicid		: 7
initial apicid	: 7
fpu		: yes
fpu_exception	: yes
cpuid level	: 27
wp		: yes
flags		: fpu vme de pse tsc msr pae mce cx8 apic sep mtrr pge mca cmov pat pse36 clflush dts acpi mmx fxsr sse sse2 ss ht tm pbe syscall nx pdpe1gb rdtscp lm constant_tsc art arch_perfmon pebs bts rep_good nopl xtopology nonstop_tsc cpuid aperfmperf pni pclmulqdq dtes64 monitor ds_cpl vmx smx est tm2 ssse3 sdbg fma cx16 xtpr pdcm pcid dca sse4_1 sse4_2 x2apic movbe popcnt tsc_deadline_timer aes xsave avx f16c rdrand lahf_lm abm 3dnowprefetch cpuid_fault epb cat_l3 ssbd mba ibrs ibpb stibp ibrs_enhanced tpr_shadow flexpriority ept vpid ept_ad fsgsbase tsc_adjust bmi1 avx2 smep bmi2 erms invpcid cqm rdt_a avx512f avx512dq rdseed adx smap avx512ifma clflushopt clwb intel_pt avx512cd sha_ni avx512bw avx512vl xsaveopt xsavec xgetbv1 xsaves cqm_llc cqm_occup_llc cqm_mbm_total cqm_mbm_local split_lock_detect wbnoinvd dtherm ida arat pln pts vnmi avx512vbmi umip pku ospke avx512_vbmi2 gfni vaes vpclmulqdq avx512_vnni avx512_bitalg tme avx512_vpopcntdq la57 rdpid fsrm md_clear pconfig flush_l1d arch_capabilities
vmx flags	: vnmi preemption_timer posted_intr invvpid ept_x_only ept_ad ept_1gb flexpriority apicv tsc_offset vtpr mtf vapic ept vpid unrestricted_guest vapic_reg vid ple shadow_vmcs pml ept_mode_based_exec tsc_scaling
bugs		: spectre_v1 spectre_v2 spec_store_bypass swapgs mmio_stale_data eibrs_pbrsb gds bhi its its_native_only
bogomips	: 5200.00
clflush size	: 64
cache_alignment	: 64
address sizes	: 46 bits physical, 57 bits virtual
power management:

processor	: 42
vendor_id	: GenuineIntel
cpu family	: 6
model		: 106
model name	: Intel(R) Xeon(R) Platinum 8368Q CPU @ 2.60GHz
stepping	: 6
microcode	: 0xd000421
cpu MHz		: 1700.000
cache size	: 58368 KB
physical id	: 0
siblings	: 76
core id		: 4
cpu cores	: 38
apicid		: 9
initial apicid	: 9
fpu		: yes
fpu_exception	: yes
cpuid level	: 27
wp		: yes
flags		: fpu vme de pse tsc msr pae mce cx8 apic sep mtrr pge mca cmov pat pse36 clflush dts acpi mmx fxsr sse sse2 ss ht tm pbe syscall nx pdpe1gb rdtscp lm constant_tsc art arch_perfmon pebs bts rep_good nopl xtopology nonstop_tsc cpuid aperfmperf pni pclmulqdq dtes64 monitor ds_cpl vmx smx est tm2 ssse3 sdbg fma cx16 xtpr pdcm pcid dca sse4_1 sse4_2 x2apic movbe popcnt tsc_deadline_timer aes xsave avx f16c rdrand lahf_lm abm 3dnowprefetch cpuid_fault epb cat_l3 ssbd mba ibrs ibpb stibp ibrs_enhanced tpr_shadow flexpriority ept vpid ept_ad fsgsbase tsc_adjust bmi1 avx2 smep bmi2 erms invpcid cqm rdt_a avx512f avx512dq rdseed adx smap avx512ifma clflushopt clwb intel_pt avx512cd sha_ni avx512bw avx512vl xsaveopt xsavec xgetbv1 xsaves cqm_llc cqm_occup_llc cqm_mbm_total cqm_mbm_local split_lock_detect wbnoinvd dtherm ida arat pln pts vnmi avx512vbmi umip pku ospke avx512_vbmi2 gfni vaes vpclmulqdq avx512_vnni avx512_bitalg tme avx512_vpopcntdq la57 rdpid fsrm md_clear pconfig flush_l1d arch_capabilities
vmx flags	: vnmi preemption_timer posted_intr invvpid ept_x_only ept_ad ept_1gb flexpriority apicv tsc_offset vtpr mtf vapic ept vpid unrestricted_guest vapic_reg vid ple shadow_vmcs pml ept_mode_based_exec tsc_scaling
bugs		: spectre_v1 spectre_v2 spec_store_bypass swapgs mmio_stale_data eibrs_pbrsb gds bhi its its_native_only
bogomips	: 5200.00
clflush size	: 64
cache_alignment	: 64
address sizes	: 46 bits physical, 57 bits virtual
power management:

processor	: 43
vendor_id	: GenuineIntel
cpu family	: 6
model		: 106
model name	: Intel(R) Xeon(R) Platinum 8368Q CPU @ 2.60GHz
stepping	: 6
microcode	: 0xd000421
cpu MHz		: 2600.000
cache size	: 58368 KB
physical id	: 0
siblings	: 76
core id		: 5
cpu cores	: 38
apicid		: 11
initial apicid	: 11
fpu		: yes
fpu_exception	: yes
cpuid level	: 27
wp		: yes
flags		: fpu vme de pse tsc msr pae mce cx8 apic sep mtrr pge mca cmov pat pse36 clflush dts acpi mmx fxsr sse sse2 ss ht tm pbe syscall nx pdpe1gb rdtscp lm constant_tsc art arch_perfmon pebs bts rep_good nopl xtopology nonstop_tsc cpuid aperfmperf pni pclmulqdq dtes64 monitor ds_cpl vmx smx est tm2 ssse3 sdbg fma cx16 xtpr pdcm pcid dca sse4_1 sse4_2 x2apic movbe popcnt tsc_deadline_timer aes xsave avx f16c rdrand lahf_lm abm 3dnowprefetch cpuid_fault epb cat_l3 ssbd mba ibrs ibpb stibp ibrs_enhanced tpr_shadow flexpriority ept vpid ept_ad fsgsbase tsc_adjust bmi1 avx2 smep bmi2 erms invpcid cqm rdt_a avx512f avx512dq rdseed adx smap avx512ifma clflushopt clwb intel_pt avx512cd sha_ni avx512bw avx512vl xsaveopt xsavec xgetbv1 xsaves cqm_llc cqm_occup_llc cqm_mbm_total cqm_mbm_local split_lock_detect wbnoinvd dtherm ida arat pln pts vnmi avx512vbmi umip pku ospke avx512_vbmi2 gfni vaes vpclmulqdq avx512_vnni avx512_bitalg tme avx512_vpopcntdq la57 rdpid fsrm md_clear pconfig flush_l1d arch_capabilities
vmx flags	: vnmi preemption_timer posted_intr invvpid ept_x_only ept_ad ept_1gb flexpriority apicv tsc_offset vtpr mtf vapic ept vpid unrestricted_guest vapic_reg vid ple shadow_vmcs pml ept_mode_based_exec tsc_scaling
bugs		: spectre_v1 spectre_v2 spec_store_bypass swapgs mmio_stale_data eibrs_pbrsb gds bhi its its_native_only
bogomips	: 5200.00
clflush size	: 64
cache_alignment	: 64
address sizes	: 46 bits physical, 57 bits virtual
power management:

processor	: 44
vendor_id	: GenuineIntel
cpu family	: 6
model		: 106
model name	: Intel(R) Xeon(R) Platinum 8368Q CPU @ 2.60GHz
stepping	: 6
microcode	: 0xd000421
cpu MHz		: 800.000
cache size	: 58368 KB
physical id	: 0
siblings	: 76
core id		: 6
cpu cores	: 38
apicid		: 13
initial apicid	: 13
fpu		: yes
fpu_exception	: yes
cpuid level	: 27
wp		: yes
flags		: fpu vme de pse tsc msr pae mce cx8 apic sep mtrr pge mca cmov pat pse36 clflush dts acpi mmx fxsr sse sse2 ss ht tm pbe syscall nx pdpe1gb rdtscp lm constant_tsc art arch_perfmon pebs bts rep_good nopl xtopology nonstop_tsc cpuid aperfmperf pni pclmulqdq dtes64 monitor ds_cpl vmx smx est tm2 ssse3 sdbg fma cx16 xtpr pdcm pcid dca sse4_1 sse4_2 x2apic movbe popcnt tsc_deadline_timer aes xsave avx f16c rdrand lahf_lm abm 3dnowprefetch cpuid_fault epb cat_l3 ssbd mba ibrs ibpb stibp ibrs_enhanced tpr_shadow flexpriority ept vpid ept_ad fsgsbase tsc_adjust bmi1 avx2 smep bmi2 erms invpcid cqm rdt_a avx512f avx512dq rdseed adx smap avx512ifma clflushopt clwb intel_pt avx512cd sha_ni avx512bw avx512vl xsaveopt xsavec xgetbv1 xsaves cqm_llc cqm_occup_llc cqm_mbm_total cqm_mbm_local split_lock_detect wbnoinvd dtherm ida arat pln pts vnmi avx512vbmi umip pku ospke avx512_vbmi2 gfni vaes vpclmulqdq avx512_vnni avx512_bitalg tme avx512_vpopcntdq la57 rdpid fsrm md_clear pconfig flush_l1d arch_capabilities
vmx flags	: vnmi preemption_timer posted_intr invvpid ept_x_only ept_ad ept_1gb flexpriority apicv tsc_offset vtpr mtf vapic ept vpid unrestricted_guest vapic_reg vid ple shadow_vmcs pml ept_mode_based_exec tsc_scaling
bugs		: spectre_v1 spectre_v2 spec_store_bypass swapgs mmio_stale_data eibrs_pbrsb gds bhi its its_native_only
bogomips	: 5200.00
clflush size	: 64
cache_alignment	: 64
address sizes	: 46 bits physical, 57 bits virtual
power management:

processor	: 45
vendor_id	: GenuineIntel
cpu family	: 6
model		: 106
model name	: Intel(R) Xeon(R) Platinum 8368Q CPU @ 2.60GHz
stepping	: 6
microcode	: 0xd000421
cpu MHz		: 2600.000
cache size	: 58368 KB
physical id	: 0
siblings	: 76
core id		: 7
cpu cores	: 38
apicid		: 15
initial apicid	: 15
fpu		: yes
fpu_exception	: yes
cpuid level	: 27
wp		: yes
flags		: fpu vme de pse tsc msr pae mce cx8 apic sep mtrr pge mca cmov pat pse36 clflush dts acpi mmx fxsr sse sse2 ss ht tm pbe syscall nx pdpe1gb rdtscp lm constant_tsc art arch_perfmon pebs bts rep_good nopl xtopology nonstop_tsc cpuid aperfmperf pni pclmulqdq dtes64 monitor ds_cpl vmx smx est tm2 ssse3 sdbg fma cx16 xtpr pdcm pcid dca sse4_1 sse4_2 x2apic movbe popcnt tsc_deadline_timer aes xsave avx f16c rdrand lahf_lm abm 3dnowprefetch cpuid_fault epb cat_l3 ssbd mba ibrs ibpb stibp ibrs_enhanced tpr_shadow flexpriority ept vpid ept_ad fsgsbase tsc_adjust bmi1 avx2 smep bmi2 erms invpcid cqm rdt_a avx512f avx512dq rdseed adx smap avx512ifma clflushopt clwb intel_pt avx512cd sha_ni avx512bw avx512vl xsaveopt xsavec xgetbv1 xsaves cqm_llc cqm_occup_llc cqm_mbm_total cqm_mbm_local split_lock_detect wbnoinvd dtherm ida arat pln pts vnmi avx512vbmi umip pku ospke avx512_vbmi2 gfni vaes vpclmulqdq avx512_vnni avx512_bitalg tme avx512_vpopcntdq la57 rdpid fsrm md_clear pconfig flush_l1d arch_capabilities
vmx flags	: vnmi preemption_timer posted_intr invvpid ept_x_only ept_ad ept_1gb flexpriority apicv tsc_offset vtpr mtf vapic ept vpid unrestricted_guest vapic_reg vid ple shadow_vmcs pml ept_mode_based_exec tsc_scaling
bugs		: spectre_v1 spectre_v2 spec_store_bypass swapgs mmio_stale_data eibrs_pbrsb gds bhi its its_native_only
bogomips	: 5200.00
clflush size	: 64
cache_alignment	: 64
address sizes	: 46 bits physical, 57 bits virtual
power management:

processor	: 46
vendor_id	: GenuineIntel
cpu family	: 6
model		: 106
model name	: Intel(R) Xeon(R) Platinum 8368Q CPU @ 2.60GHz
stepping	: 6
microcode	: 0xd000421
cpu MHz		: 800.000
cache size	: 58368 KB
physical id	: 0
siblings	: 76
core id		: 8
cpu cores	: 38
apicid		: 17
initial apicid	: 17
fpu		: yes
fpu_exception	: yes
cpuid level	: 27
wp		: yes
flags		: fpu vme de pse tsc msr pae mce cx8 apic sep mtrr pge mca cmov pat pse36 clflush dts acpi mmx fxsr sse sse2 ss ht tm pbe syscall nx pdpe1gb rdtscp lm constant_tsc art arch_perfmon pebs bts rep_good nopl xtopology nonstop_tsc cpuid aperfmperf pni pclmulqdq dtes64 monitor ds_cpl vmx smx est tm2 ssse3 sdbg fma cx16 xtpr pdcm pcid dca sse4_1 sse4_2 x2apic movbe popcnt tsc_deadline_timer aes xsave avx f16c rdrand lahf_lm abm 3dnowprefetch cpuid_fault epb cat_l3 ssbd mba ibrs ibpb stibp ibrs_enhanced tpr_shadow flexpriority ept vpid ept_ad fsgsbase tsc_adjust bmi1 avx2 smep bmi2 erms invpcid cqm rdt_a avx512f avx512dq rdseed adx smap avx512ifma clflushopt clwb intel_pt avx512cd sha_ni avx512bw avx512vl xsaveopt xsavec xgetbv1 xsaves cqm_llc cqm_occup_llc cqm_mbm_total cqm_mbm_local split_lock_detect wbnoinvd dtherm ida arat pln pts vnmi avx512vbmi umip pku ospke avx512_vbmi2 gfni vaes vpclmulqdq avx512_vnni avx512_bitalg tme avx512_vpopcntdq la57 rdpid fsrm md_clear pconfig flush_l1d arch_capabilities
vmx flags	: vnmi preemption_timer posted_intr invvpid ept_x_only ept_ad ept_1gb flexpriority apicv tsc_offset vtpr mtf vapic ept vpid unrestricted_guest vapic_reg vid ple shadow_vmcs pml ept_mode_based_exec tsc_scaling
bugs		: spectre_v1 spectre_v2 spec_store_bypass swapgs mmio_stale_data eibrs_pbrsb gds bhi its its_native_only
bogomips	: 5200.00
clflush size	: 64
cache_alignment	: 64
address sizes	: 46 bits physical, 57 bits virtual
power management:

processor	: 47
vendor_id	: GenuineIntel
cpu family	: 6
model		: 106
model name	: Intel(R) Xeon(R) Platinum 8368Q CPU @ 2.60GHz
stepping	: 6
microcode	: 0xd000421
cpu MHz		: 1200.000
cache size	: 58368 KB
physical id	: 0
siblings	: 76
core id		: 9
cpu cores	: 38
apicid		: 19
initial apicid	: 19
fpu		: yes
fpu_exception	: yes
cpuid level	: 27
wp		: yes
flags		: fpu vme de pse tsc msr pae mce cx8 apic sep mtrr pge mca cmov pat pse36 clflush dts acpi mmx fxsr sse sse2 ss ht tm pbe syscall nx pdpe1gb rdtscp lm constant_tsc art arch_perfmon pebs bts rep_good nopl xtopology nonstop_tsc cpuid aperfmperf pni pclmulqdq dtes64 monitor ds_cpl vmx smx est tm2 ssse3 sdbg fma cx16 xtpr pdcm pcid dca sse4_1 sse4_2 x2apic movbe popcnt tsc_deadline_timer aes xsave avx f16c rdrand lahf_lm abm 3dnowprefetch cpuid_fault epb cat_l3 ssbd mba ibrs ibpb stibp ibrs_enhanced tpr_shadow flexpriority ept vpid ept_ad fsgsbase tsc_adjust bmi1 avx2 smep bmi2 erms invpcid cqm rdt_a avx512f avx512dq rdseed adx smap avx512ifma clflushopt clwb intel_pt avx512cd sha_ni avx512bw avx512vl xsaveopt xsavec xgetbv1 xsaves cqm_llc cqm_occup_llc cqm_mbm_total cqm_mbm_local split_lock_detect wbnoinvd dtherm ida arat pln pts vnmi avx512vbmi umip pku ospke avx512_vbmi2 gfni vaes vpclmulqdq avx512_vnni avx512_bitalg tme avx512_vpopcntdq la57 rdpid fsrm md_clear pconfig flush_l1d arch_capabilities
vmx flags	: vnmi preemption_timer posted_intr invvpid ept_x_only ept_ad ept_1gb flexpriority apicv tsc_offset vtpr mtf vapic ept vpid unrestricted_guest vapic_reg vid ple shadow_vmcs pml ept_mode_based_exec tsc_scaling
bugs		: spectre_v1 spectre_v2 spec_store_bypass swapgs mmio_stale_data eibrs_pbrsb gds bhi its its_native_only
bogomips	: 5200.00
clflush size	: 64
cache_alignment	: 64
address sizes	: 46 bits physical, 57 bits virtual
power management:

processor	: 48
vendor_id	: GenuineIntel
cpu family	: 6
model		: 106
model name	: Intel(R) Xeon(R) Platinum 8368Q CPU @ 2.60GHz
stepping	: 6
microcode	: 0xd000421
cpu MHz		: 800.000
cache size	: 58368 KB
physical id	: 0
siblings	: 76
core id		: 10
cpu cores	: 38
apicid		: 21
initial apicid	: 21
fpu		: yes
fpu_exception	: yes
cpuid level	: 27
wp		: yes
flags		: fpu vme de pse tsc msr pae mce cx8 apic sep mtrr pge mca cmov pat pse36 clflush dts acpi mmx fxsr sse sse2 ss ht tm pbe syscall nx pdpe1gb rdtscp lm constant_tsc art arch_perfmon pebs bts rep_good nopl xtopology nonstop_tsc cpuid aperfmperf pni pclmulqdq dtes64 monitor ds_cpl vmx smx est tm2 ssse3 sdbg fma cx16 xtpr pdcm pcid dca sse4_1 sse4_2 x2apic movbe popcnt tsc_deadline_timer aes xsave avx f16c rdrand lahf_lm abm 3dnowprefetch cpuid_fault epb cat_l3 ssbd mba ibrs ibpb stibp ibrs_enhanced tpr_shadow flexpriority ept vpid ept_ad fsgsbase tsc_adjust bmi1 avx2 smep bmi2 erms invpcid cqm rdt_a avx512f avx512dq rdseed adx smap avx512ifma clflushopt clwb intel_pt avx512cd sha_ni avx512bw avx512vl xsaveopt xsavec xgetbv1 xsaves cqm_llc cqm_occup_llc cqm_mbm_total cqm_mbm_local split_lock_detect wbnoinvd dtherm ida arat pln pts vnmi avx512vbmi umip pku ospke avx512_vbmi2 gfni vaes vpclmulqdq avx512_vnni avx512_bitalg tme avx512_vpopcntdq la57 rdpid fsrm md_clear pconfig flush_l1d arch_capabilities
vmx flags	: vnmi preemption_timer posted_intr invvpid ept_x_only ept_ad ept_1gb flexpriority apicv tsc_offset vtpr mtf vapic ept vpid unrestricted_guest vapic_reg vid ple shadow_vmcs pml ept_mode_based_exec tsc_scaling
bugs		: spectre_v1 spectre_v2 spec_store_bypass swapgs mmio_stale_data eibrs_pbrsb gds bhi its its_native_only
bogomips	: 5200.00
clflush size	: 64
cache_alignment	: 64
address sizes	: 46 bits physical, 57 bits virtual
power management:

processor	: 49
vendor_id	: GenuineIntel
cpu family	: 6
model		: 106
model name	: Intel(R) Xeon(R) Platinum 8368Q CPU @ 2.60GHz
stepping	: 6
microcode	: 0xd000421
cpu MHz		: 900.000
cache size	: 58368 KB
physical id	: 0
siblings	: 76
core id		: 11
cpu cores	: 38
apicid		: 23
initial apicid	: 23
fpu		: yes
fpu_exception	: yes
cpuid level	: 27
wp		: yes
flags		: fpu vme de pse tsc msr pae mce cx8 apic sep mtrr pge mca cmov pat pse36 clflush dts acpi mmx fxsr sse sse2 ss ht tm pbe syscall nx pdpe1gb rdtscp lm constant_tsc art arch_perfmon pebs bts rep_good nopl xtopology nonstop_tsc cpuid aperfmperf pni pclmulqdq dtes64 monitor ds_cpl vmx smx est tm2 ssse3 sdbg fma cx16 xtpr pdcm pcid dca sse4_1 sse4_2 x2apic movbe popcnt tsc_deadline_timer aes xsave avx f16c rdrand lahf_lm abm 3dnowprefetch cpuid_fault epb cat_l3 ssbd mba ibrs ibpb stibp ibrs_enhanced tpr_shadow flexpriority ept vpid ept_ad fsgsbase tsc_adjust bmi1 avx2 smep bmi2 erms invpcid cqm rdt_a avx512f avx512dq rdseed adx smap avx512ifma clflushopt clwb intel_pt avx512cd sha_ni avx512bw avx512vl xsaveopt xsavec xgetbv1 xsaves cqm_llc cqm_occup_llc cqm_mbm_total cqm_mbm_local split_lock_detect wbnoinvd dtherm ida arat pln pts vnmi avx512vbmi umip pku ospke avx512_vbmi2 gfni vaes vpclmulqdq avx512_vnni avx512_bitalg tme avx512_vpopcntdq la57 rdpid fsrm md_clear pconfig flush_l1d arch_capabilities
vmx flags	: vnmi preemption_timer posted_intr invvpid ept_x_only ept_ad ept_1gb flexpriority apicv tsc_offset vtpr mtf vapic ept vpid unrestricted_guest vapic_reg vid ple shadow_vmcs pml ept_mode_based_exec tsc_scaling
bugs		: spectre_v1 spectre_v2 spec_store_bypass swapgs mmio_stale_data eibrs_pbrsb gds bhi its its_native_only
bogomips	: 5200.00
clflush size	: 64
cache_alignment	: 64
address sizes	: 46 bits physical, 57 bits virtual
power management:

processor	: 50
vendor_id	: GenuineIntel
cpu family	: 6
model		: 106
model name	: Intel(R) Xeon(R) Platinum 8368Q CPU @ 2.60GHz
stepping	: 6
microcode	: 0xd000421
cpu MHz		: 800.000
cache size	: 58368 KB
physical id	: 0
siblings	: 76
core id		: 12
cpu cores	: 38
apicid		: 25
initial apicid	: 25
fpu		: yes
fpu_exception	: yes
cpuid level	: 27
wp		: yes
flags		: fpu vme de pse tsc msr pae mce cx8 apic sep mtrr pge mca cmov pat pse36 clflush dts acpi mmx fxsr sse sse2 ss ht tm pbe syscall nx pdpe1gb rdtscp lm constant_tsc art arch_perfmon pebs bts rep_good nopl xtopology nonstop_tsc cpuid aperfmperf pni pclmulqdq dtes64 monitor ds_cpl vmx smx est tm2 ssse3 sdbg fma cx16 xtpr pdcm pcid dca sse4_1 sse4_2 x2apic movbe popcnt tsc_deadline_timer aes xsave avx f16c rdrand lahf_lm abm 3dnowprefetch cpuid_fault epb cat_l3 ssbd mba ibrs ibpb stibp ibrs_enhanced tpr_shadow flexpriority ept vpid ept_ad fsgsbase tsc_adjust bmi1 avx2 smep bmi2 erms invpcid cqm rdt_a avx512f avx512dq rdseed adx smap avx512ifma clflushopt clwb intel_pt avx512cd sha_ni avx512bw avx512vl xsaveopt xsavec xgetbv1 xsaves cqm_llc cqm_occup_llc cqm_mbm_total cqm_mbm_local split_lock_detect wbnoinvd dtherm ida arat pln pts vnmi avx512vbmi umip pku ospke avx512_vbmi2 gfni vaes vpclmulqdq avx512_vnni avx512_bitalg tme avx512_vpopcntdq la57 rdpid fsrm md_clear pconfig flush_l1d arch_capabilities
vmx flags	: vnmi preemption_timer posted_intr invvpid ept_x_only ept_ad ept_1gb flexpriority apicv tsc_offset vtpr mtf vapic ept vpid unrestricted_guest vapic_reg vid ple shadow_vmcs pml ept_mode_based_exec tsc_scaling
bugs		: spectre_v1 spectre_v2 spec_store_bypass swapgs mmio_stale_data eibrs_pbrsb gds bhi its its_native_only
bogomips	: 5200.00
clflush size	: 64
cache_alignment	: 64
address sizes	: 46 bits physical, 57 bits virtual
power management:

processor	: 51
vendor_id	: GenuineIntel
cpu family	: 6
model		: 106
model name	: Intel(R) Xeon(R) Platinum 8368Q CPU @ 2.60GHz
stepping	: 6
microcode	: 0xd000421
cpu MHz		: 1520.116
cache size	: 58368 KB
physical id	: 0
siblings	: 76
core id		: 13
cpu cores	: 38
apicid		: 27
initial apicid	: 27
fpu		: yes
fpu_exception	: yes
cpuid level	: 27
wp		: yes
flags		: fpu vme de pse tsc msr pae mce cx8 apic sep mtrr pge mca cmov pat pse36 clflush dts acpi mmx fxsr sse sse2 ss ht tm pbe syscall nx pdpe1gb rdtscp lm constant_tsc art arch_perfmon pebs bts rep_good nopl xtopology nonstop_tsc cpuid aperfmperf pni pclmulqdq dtes64 monitor ds_cpl vmx smx est tm2 ssse3 sdbg fma cx16 xtpr pdcm pcid dca sse4_1 sse4_2 x2apic movbe popcnt tsc_deadline_timer aes xsave avx f16c rdrand lahf_lm abm 3dnowprefetch cpuid_fault epb cat_l3 ssbd mba ibrs ibpb stibp ibrs_enhanced tpr_shadow flexpriority ept vpid ept_ad fsgsbase tsc_adjust bmi1 avx2 smep bmi2 erms invpcid cqm rdt_a avx512f avx512dq rdseed adx smap avx512ifma clflushopt clwb intel_pt avx512cd sha_ni avx512bw avx512vl xsaveopt xsavec xgetbv1 xsaves cqm_llc cqm_occup_llc cqm_mbm_total cqm_mbm_local split_lock_detect wbnoinvd dtherm ida arat pln pts vnmi avx512vbmi umip pku ospke avx512_vbmi2 gfni vaes vpclmulqdq avx512_vnni avx512_bitalg tme avx512_vpopcntdq la57 rdpid fsrm md_clear pconfig flush_l1d arch_capabilities
vmx flags	: vnmi preemption_timer posted_intr invvpid ept_x_only ept_ad ept_1gb flexpriority apicv tsc_offset vtpr mtf vapic ept vpid unrestricted_guest vapic_reg vid ple shadow_vmcs pml ept_mode_based_exec tsc_scaling
bugs		: spectre_v1 spectre_v2 spec_store_bypass swapgs mmio_stale_data eibrs_pbrsb gds bhi its its_native_only
bogomips	: 5200.00
clflush size	: 64
cache_alignment	: 64
address sizes	: 46 bits physical, 57 bits virtual
power management:

processor	: 52
vendor_id	: GenuineIntel
cpu family	: 6
model		: 106
model name	: Intel(R) Xeon(R) Platinum 8368Q CPU @ 2.60GHz
stepping	: 6
microcode	: 0xd000421
cpu MHz		: 800.000
cache size	: 58368 KB
physical id	: 0
siblings	: 76
core id		: 14
cpu cores	: 38
apicid		: 29
initial apicid	: 29
fpu		: yes
fpu_exception	: yes
cpuid level	: 27
wp		: yes
flags		: fpu vme de pse tsc msr pae mce cx8 apic sep mtrr pge mca cmov pat pse36 clflush dts acpi mmx fxsr sse sse2 ss ht tm pbe syscall nx pdpe1gb rdtscp lm constant_tsc art arch_perfmon pebs bts rep_good nopl xtopology nonstop_tsc cpuid aperfmperf pni pclmulqdq dtes64 monitor ds_cpl vmx smx est tm2 ssse3 sdbg fma cx16 xtpr pdcm pcid dca sse4_1 sse4_2 x2apic movbe popcnt tsc_deadline_timer aes xsave avx f16c rdrand lahf_lm abm 3dnowprefetch cpuid_fault epb cat_l3 ssbd mba ibrs ibpb stibp ibrs_enhanced tpr_shadow flexpriority ept vpid ept_ad fsgsbase tsc_adjust bmi1 avx2 smep bmi2 erms invpcid cqm rdt_a avx512f avx512dq rdseed adx smap avx512ifma clflushopt clwb intel_pt avx512cd sha_ni avx512bw avx512vl xsaveopt xsavec xgetbv1 xsaves cqm_llc cqm_occup_llc cqm_mbm_total cqm_mbm_local split_lock_detect wbnoinvd dtherm ida arat pln pts vnmi avx512vbmi umip pku ospke avx512_vbmi2 gfni vaes vpclmulqdq avx512_vnni avx512_bitalg tme avx512_vpopcntdq la57 rdpid fsrm md_clear pconfig flush_l1d arch_capabilities
vmx flags	: vnmi preemption_timer posted_intr invvpid ept_x_only ept_ad ept_1gb flexpriority apicv tsc_offset vtpr mtf vapic ept vpid unrestricted_guest vapic_reg vid ple shadow_vmcs pml ept_mode_based_exec tsc_scaling
bugs		: spectre_v1 spectre_v2 spec_store_bypass swapgs mmio_stale_data eibrs_pbrsb gds bhi its its_native_only
bogomips	: 5200.00
clflush size	: 64
cache_alignment	: 64
address sizes	: 46 bits physical, 57 bits virtual
power management:

processor	: 53
vendor_id	: GenuineIntel
cpu family	: 6
model		: 106
model name	: Intel(R) Xeon(R) Platinum 8368Q CPU @ 2.60GHz
stepping	: 6
microcode	: 0xd000421
cpu MHz		: 1400.000
cache size	: 58368 KB
physical id	: 0
siblings	: 76
core id		: 15
cpu cores	: 38
apicid		: 31
initial apicid	: 31
fpu		: yes
fpu_exception	: yes
cpuid level	: 27
wp		: yes
flags		: fpu vme de pse tsc msr pae mce cx8 apic sep mtrr pge mca cmov pat pse36 clflush dts acpi mmx fxsr sse sse2 ss ht tm pbe syscall nx pdpe1gb rdtscp lm constant_tsc art arch_perfmon pebs bts rep_good nopl xtopology nonstop_tsc cpuid aperfmperf pni pclmulqdq dtes64 monitor ds_cpl vmx smx est tm2 ssse3 sdbg fma cx16 xtpr pdcm pcid dca sse4_1 sse4_2 x2apic movbe popcnt tsc_deadline_timer aes xsave avx f16c rdrand lahf_lm abm 3dnowprefetch cpuid_fault epb cat_l3 ssbd mba ibrs ibpb stibp ibrs_enhanced tpr_shadow flexpriority ept vpid ept_ad fsgsbase tsc_adjust bmi1 avx2 smep bmi2 erms invpcid cqm rdt_a avx512f avx512dq rdseed adx smap avx512ifma clflushopt clwb intel_pt avx512cd sha_ni avx512bw avx512vl xsaveopt xsavec xgetbv1 xsaves cqm_llc cqm_occup_llc cqm_mbm_total cqm_mbm_local split_lock_detect wbnoinvd dtherm ida arat pln pts vnmi avx512vbmi umip pku ospke avx512_vbmi2 gfni vaes vpclmulqdq avx512_vnni avx512_bitalg tme avx512_vpopcntdq la57 rdpid fsrm md_clear pconfig flush_l1d arch_capabilities
vmx flags	: vnmi preemption_timer posted_intr invvpid ept_x_only ept_ad ept_1gb flexpriority apicv tsc_offset vtpr mtf vapic ept vpid unrestricted_guest vapic_reg vid ple shadow_vmcs pml ept_mode_based_exec tsc_scaling
bugs		: spectre_v1 spectre_v2 spec_store_bypass swapgs mmio_stale_data eibrs_pbrsb gds bhi its its_native_only
bogomips	: 5200.00
clflush size	: 64
cache_alignment	: 64
address sizes	: 46 bits physical, 57 bits virtual
power management:

processor	: 54
vendor_id	: GenuineIntel
cpu family	: 6
model		: 106
model name	: Intel(R) Xeon(R) Platinum 8368Q CPU @ 2.60GHz
stepping	: 6
microcode	: 0xd000421
cpu MHz		: 800.000
cache size	: 58368 KB
physical id	: 0
siblings	: 76
core id		: 16
cpu cores	: 38
apicid		: 33
initial apicid	: 33
fpu		: yes
fpu_exception	: yes
cpuid level	: 27
wp		: yes
flags		: fpu vme de pse tsc msr pae mce cx8 apic sep mtrr pge mca cmov pat pse36 clflush dts acpi mmx fxsr sse sse2 ss ht tm pbe syscall nx pdpe1gb rdtscp lm constant_tsc art arch_perfmon pebs bts rep_good nopl xtopology nonstop_tsc cpuid aperfmperf pni pclmulqdq dtes64 monitor ds_cpl vmx smx est tm2 ssse3 sdbg fma cx16 xtpr pdcm pcid dca sse4_1 sse4_2 x2apic movbe popcnt tsc_deadline_timer aes xsave avx f16c rdrand lahf_lm abm 3dnowprefetch cpuid_fault epb cat_l3 ssbd mba ibrs ibpb stibp ibrs_enhanced tpr_shadow flexpriority ept vpid ept_ad fsgsbase tsc_adjust bmi1 avx2 smep bmi2 erms invpcid cqm rdt_a avx512f avx512dq rdseed adx smap avx512ifma clflushopt clwb intel_pt avx512cd sha_ni avx512bw avx512vl xsaveopt xsavec xgetbv1 xsaves cqm_llc cqm_occup_llc cqm_mbm_total cqm_mbm_local split_lock_detect wbnoinvd dtherm ida arat pln pts vnmi avx512vbmi umip pku ospke avx512_vbmi2 gfni vaes vpclmulqdq avx512_vnni avx512_bitalg tme avx512_vpopcntdq la57 rdpid fsrm md_clear pconfig flush_l1d arch_capabilities
vmx flags	: vnmi preemption_timer posted_intr invvpid ept_x_only ept_ad ept_1gb flexpriority apicv tsc_offset vtpr mtf vapic ept vpid unrestricted_guest vapic_reg vid ple shadow_vmcs pml ept_mode_based_exec tsc_scaling
bugs		: spectre_v1 spectre_v2 spec_store_bypass swapgs mmio_stale_data eibrs_pbrsb gds bhi its its_native_only
bogomips	: 5200.00
clflush size	: 64
cache_alignment	: 64
address sizes	: 46 bits physical, 57 bits virtual
power management:

processor	: 55
vendor_id	: GenuineIntel
cpu family	: 6
model		: 106
model name	: Intel(R) Xeon(R) Platinum 8368Q CPU @ 2.60GHz
stepping	: 6
microcode	: 0xd000421
cpu MHz		: 800.000
cache size	: 58368 KB
physical id	: 0
siblings	: 76
core id		: 17
cpu cores	: 38
apicid		: 35
initial apicid	: 35
fpu		: yes
fpu_exception	: yes
cpuid level	: 27
wp		: yes
flags		: fpu vme de pse tsc msr pae mce cx8 apic sep mtrr pge mca cmov pat pse36 clflush dts acpi mmx fxsr sse sse2 ss ht tm pbe syscall nx pdpe1gb rdtscp lm constant_tsc art arch_perfmon pebs bts rep_good nopl xtopology nonstop_tsc cpuid aperfmperf pni pclmulqdq dtes64 monitor ds_cpl vmx smx est tm2 ssse3 sdbg fma cx16 xtpr pdcm pcid dca sse4_1 sse4_2 x2apic movbe popcnt tsc_deadline_timer aes xsave avx f16c rdrand lahf_lm abm 3dnowprefetch cpuid_fault epb cat_l3 ssbd mba ibrs ibpb stibp ibrs_enhanced tpr_shadow flexpriority ept vpid ept_ad fsgsbase tsc_adjust bmi1 avx2 smep bmi2 erms invpcid cqm rdt_a avx512f avx512dq rdseed adx smap avx512ifma clflushopt clwb intel_pt avx512cd sha_ni avx512bw avx512vl xsaveopt xsavec xgetbv1 xsaves cqm_llc cqm_occup_llc cqm_mbm_total cqm_mbm_local split_lock_detect wbnoinvd dtherm ida arat pln pts vnmi avx512vbmi umip pku ospke avx512_vbmi2 gfni vaes vpclmulqdq avx512_vnni avx512_bitalg tme avx512_vpopcntdq la57 rdpid fsrm md_clear pconfig flush_l1d arch_capabilities
vmx flags	: vnmi preemption_timer posted_intr invvpid ept_x_only ept_ad ept_1gb flexpriority apicv tsc_offset vtpr mtf vapic ept vpid unrestricted_guest vapic_reg vid ple shadow_vmcs pml ept_mode_based_exec tsc_scaling
bugs		: spectre_v1 spectre_v2 spec_store_bypass swapgs mmio_stale_data eibrs_pbrsb gds bhi its its_native_only
bogomips	: 5200.00
clflush size	: 64
cache_alignment	: 64
address sizes	: 46 bits physical, 57 bits virtual
power management:

processor	: 56
vendor_id	: GenuineIntel
cpu family	: 6
model		: 106
model name	: Intel(R) Xeon(R) Platinum 8368Q CPU @ 2.60GHz
stepping	: 6
microcode	: 0xd000421
cpu MHz		: 2100.000
cache size	: 58368 KB
physical id	: 0
siblings	: 76
core id		: 18
cpu cores	: 38
apicid		: 37
initial apicid	: 37
fpu		: yes
fpu_exception	: yes
cpuid level	: 27
wp		: yes
flags		: fpu vme de pse tsc msr pae mce cx8 apic sep mtrr pge mca cmov pat pse36 clflush dts acpi mmx fxsr sse sse2 ss ht tm pbe syscall nx pdpe1gb rdtscp lm constant_tsc art arch_perfmon pebs bts rep_good nopl xtopology nonstop_tsc cpuid aperfmperf pni pclmulqdq dtes64 monitor ds_cpl vmx smx est tm2 ssse3 sdbg fma cx16 xtpr pdcm pcid dca sse4_1 sse4_2 x2apic movbe popcnt tsc_deadline_timer aes xsave avx f16c rdrand lahf_lm abm 3dnowprefetch cpuid_fault epb cat_l3 ssbd mba ibrs ibpb stibp ibrs_enhanced tpr_shadow flexpriority ept vpid ept_ad fsgsbase tsc_adjust bmi1 avx2 smep bmi2 erms invpcid cqm rdt_a avx512f avx512dq rdseed adx smap avx512ifma clflushopt clwb intel_pt avx512cd sha_ni avx512bw avx512vl xsaveopt xsavec xgetbv1 xsaves cqm_llc cqm_occup_llc cqm_mbm_total cqm_mbm_local split_lock_detect wbnoinvd dtherm ida arat pln pts vnmi avx512vbmi umip pku ospke avx512_vbmi2 gfni vaes vpclmulqdq avx512_vnni avx512_bitalg tme avx512_vpopcntdq la57 rdpid fsrm md_clear pconfig flush_l1d arch_capabilities
vmx flags	: vnmi preemption_timer posted_intr invvpid ept_x_only ept_ad ept_1gb flexpriority apicv tsc_offset vtpr mtf vapic ept vpid unrestricted_guest vapic_reg vid ple shadow_vmcs pml ept_mode_based_exec tsc_scaling
bugs		: spectre_v1 spectre_v2 spec_store_bypass swapgs mmio_stale_data eibrs_pbrsb gds bhi its its_native_only
bogomips	: 5200.00
clflush size	: 64
cache_alignment	: 64
address sizes	: 46 bits physical, 57 bits virtual
power management:

processor	: 57
vendor_id	: GenuineIntel
cpu family	: 6
model		: 106
model name	: Intel(R) Xeon(R) Platinum 8368Q CPU @ 2.60GHz
stepping	: 6
microcode	: 0xd000421
cpu MHz		: 1500.000
cache size	: 58368 KB
physical id	: 0
siblings	: 76
core id		: 19
cpu cores	: 38
apicid		: 39
initial apicid	: 39
fpu		: yes
fpu_exception	: yes
cpuid level	: 27
wp		: yes
flags		: fpu vme de pse tsc msr pae mce cx8 apic sep mtrr pge mca cmov pat pse36 clflush dts acpi mmx fxsr sse sse2 ss ht tm pbe syscall nx pdpe1gb rdtscp lm constant_tsc art arch_perfmon pebs bts rep_good nopl xtopology nonstop_tsc cpuid aperfmperf pni pclmulqdq dtes64 monitor ds_cpl vmx smx est tm2 ssse3 sdbg fma cx16 xtpr pdcm pcid dca sse4_1 sse4_2 x2apic movbe popcnt tsc_deadline_timer aes xsave avx f16c rdrand lahf_lm abm 3dnowprefetch cpuid_fault epb cat_l3 ssbd mba ibrs ibpb stibp ibrs_enhanced tpr_shadow flexpriority ept vpid ept_ad fsgsbase tsc_adjust bmi1 avx2 smep bmi2 erms invpcid cqm rdt_a avx512f avx512dq rdseed adx smap avx512ifma clflushopt clwb intel_pt avx512cd sha_ni avx512bw avx512vl xsaveopt xsavec xgetbv1 xsaves cqm_llc cqm_occup_llc cqm_mbm_total cqm_mbm_local split_lock_detect wbnoinvd dtherm ida arat pln pts vnmi avx512vbmi umip pku ospke avx512_vbmi2 gfni vaes vpclmulqdq avx512_vnni avx512_bitalg tme avx512_vpopcntdq la57 rdpid fsrm md_clear pconfig flush_l1d arch_capabilities
vmx flags	: vnmi preemption_timer posted_intr invvpid ept_x_only ept_ad ept_1gb flexpriority apicv tsc_offset vtpr mtf vapic ept vpid unrestricted_guest vapic_reg vid ple shadow_vmcs pml ept_mode_based_exec tsc_scaling
bugs		: spectre_v1 spectre_v2 spec_store_bypass swapgs mmio_stale_data eibrs_pbrsb gds bhi its its_native_only
bogomips	: 5200.00
clflush size	: 64
cache_alignment	: 64
address sizes	: 46 bits physical, 57 bits virtual
power management:

processor	: 58
vendor_id	: GenuineIntel
cpu family	: 6
model		: 106
model name	: Intel(R) Xeon(R) Platinum 8368Q CPU @ 2.60GHz
stepping	: 6
microcode	: 0xd000421
cpu MHz		: 800.359
cache size	: 58368 KB
physical id	: 0
siblings	: 76
core id		: 20
cpu cores	: 38
apicid		: 41
initial apicid	: 41
fpu		: yes
fpu_exception	: yes
cpuid level	: 27
wp		: yes
flags		: fpu vme de pse tsc msr pae mce cx8 apic sep mtrr pge mca cmov pat pse36 clflush dts acpi mmx fxsr sse sse2 ss ht tm pbe syscall nx pdpe1gb rdtscp lm constant_tsc art arch_perfmon pebs bts rep_good nopl xtopology nonstop_tsc cpuid aperfmperf pni pclmulqdq dtes64 monitor ds_cpl vmx smx est tm2 ssse3 sdbg fma cx16 xtpr pdcm pcid dca sse4_1 sse4_2 x2apic movbe popcnt tsc_deadline_timer aes xsave avx f16c rdrand lahf_lm abm 3dnowprefetch cpuid_fault epb cat_l3 ssbd mba ibrs ibpb stibp ibrs_enhanced tpr_shadow flexpriority ept vpid ept_ad fsgsbase tsc_adjust bmi1 avx2 smep bmi2 erms invpcid cqm rdt_a avx512f avx512dq rdseed adx smap avx512ifma clflushopt clwb intel_pt avx512cd sha_ni avx512bw avx512vl xsaveopt xsavec xgetbv1 xsaves cqm_llc cqm_occup_llc cqm_mbm_total cqm_mbm_local split_lock_detect wbnoinvd dtherm ida arat pln pts vnmi avx512vbmi umip pku ospke avx512_vbmi2 gfni vaes vpclmulqdq avx512_vnni avx512_bitalg tme avx512_vpopcntdq la57 rdpid fsrm md_clear pconfig flush_l1d arch_capabilities
vmx flags	: vnmi preemption_timer posted_intr invvpid ept_x_only ept_ad ept_1gb flexpriority apicv tsc_offset vtpr mtf vapic ept vpid unrestricted_guest vapic_reg vid ple shadow_vmcs pml ept_mode_based_exec tsc_scaling
bugs		: spectre_v1 spectre_v2 spec_store_bypass swapgs mmio_stale_data eibrs_pbrsb gds bhi its its_native_only
bogomips	: 5200.00
clflush size	: 64
cache_alignment	: 64
address sizes	: 46 bits physical, 57 bits virtual
power management:

processor	: 59
vendor_id	: GenuineIntel
cpu family	: 6
model		: 106
model name	: Intel(R) Xeon(R) Platinum 8368Q CPU @ 2.60GHz
stepping	: 6
microcode	: 0xd000421
cpu MHz		: 800.286
cache size	: 58368 KB
physical id	: 0
siblings	: 76
core id		: 21
cpu cores	: 38
apicid		: 43
initial apicid	: 43
fpu		: yes
fpu_exception	: yes
cpuid level	: 27
wp		: yes
flags		: fpu vme de pse tsc msr pae mce cx8 apic sep mtrr pge mca cmov pat pse36 clflush dts acpi mmx fxsr sse sse2 ss ht tm pbe syscall nx pdpe1gb rdtscp lm constant_tsc art arch_perfmon pebs bts rep_good nopl xtopology nonstop_tsc cpuid aperfmperf pni pclmulqdq dtes64 monitor ds_cpl vmx smx est tm2 ssse3 sdbg fma cx16 xtpr pdcm pcid dca sse4_1 sse4_2 x2apic movbe popcnt tsc_deadline_timer aes xsave avx f16c rdrand lahf_lm abm 3dnowprefetch cpuid_fault epb cat_l3 ssbd mba ibrs ibpb stibp ibrs_enhanced tpr_shadow flexpriority ept vpid ept_ad fsgsbase tsc_adjust bmi1 avx2 smep bmi2 erms invpcid cqm rdt_a avx512f avx512dq rdseed adx smap avx512ifma clflushopt clwb intel_pt avx512cd sha_ni avx512bw avx512vl xsaveopt xsavec xgetbv1 xsaves cqm_llc cqm_occup_llc cqm_mbm_total cqm_mbm_local split_lock_detect wbnoinvd dtherm ida arat pln pts vnmi avx512vbmi umip pku ospke avx512_vbmi2 gfni vaes vpclmulqdq avx512_vnni avx512_bitalg tme avx512_vpopcntdq la57 rdpid fsrm md_clear pconfig flush_l1d arch_capabilities
vmx flags	: vnmi preemption_timer posted_intr invvpid ept_x_only ept_ad ept_1gb flexpriority apicv tsc_offset vtpr mtf vapic ept vpid unrestricted_guest vapic_reg vid ple shadow_vmcs pml ept_mode_based_exec tsc_scaling
bugs		: spectre_v1 spectre_v2 spec_store_bypass swapgs mmio_stale_data eibrs_pbrsb gds bhi its its_native_only
bogomips	: 5200.00
clflush size	: 64
cache_alignment	: 64
address sizes	: 46 bits physical, 57 bits virtual
power management:

processor	: 60
vendor_id	: GenuineIntel
cpu family	: 6
model		: 106
model name	: Intel(R) Xeon(R) Platinum 8368Q CPU @ 2.60GHz
stepping	: 6
microcode	: 0xd000421
cpu MHz		: 800.576
cache size	: 58368 KB
physical id	: 0
siblings	: 76
core id		: 22
cpu cores	: 38
apicid		: 45
initial apicid	: 45
fpu		: yes
fpu_exception	: yes
cpuid level	: 27
wp		: yes
flags		: fpu vme de pse tsc msr pae mce cx8 apic sep mtrr pge mca cmov pat pse36 clflush dts acpi mmx fxsr sse sse2 ss ht tm pbe syscall nx pdpe1gb rdtscp lm constant_tsc art arch_perfmon pebs bts rep_good nopl xtopology nonstop_tsc cpuid aperfmperf pni pclmulqdq dtes64 monitor ds_cpl vmx smx est tm2 ssse3 sdbg fma cx16 xtpr pdcm pcid dca sse4_1 sse4_2 x2apic movbe popcnt tsc_deadline_timer aes xsave avx f16c rdrand lahf_lm abm 3dnowprefetch cpuid_fault epb cat_l3 ssbd mba ibrs ibpb stibp ibrs_enhanced tpr_shadow flexpriority ept vpid ept_ad fsgsbase tsc_adjust bmi1 avx2 smep bmi2 erms invpcid cqm rdt_a avx512f avx512dq rdseed adx smap avx512ifma clflushopt clwb intel_pt avx512cd sha_ni avx512bw avx512vl xsaveopt xsavec xgetbv1 xsaves cqm_llc cqm_occup_llc cqm_mbm_total cqm_mbm_local split_lock_detect wbnoinvd dtherm ida arat pln pts vnmi avx512vbmi umip pku ospke avx512_vbmi2 gfni vaes vpclmulqdq avx512_vnni avx512_bitalg tme avx512_vpopcntdq la57 rdpid fsrm md_clear pconfig flush_l1d arch_capabilities
vmx flags	: vnmi preemption_timer posted_intr invvpid ept_x_only ept_ad ept_1gb flexpriority apicv tsc_offset vtpr mtf vapic ept vpid unrestricted_guest vapic_reg vid ple shadow_vmcs pml ept_mode_based_exec tsc_scaling
bugs		: spectre_v1 spectre_v2 spec_store_bypass swapgs mmio_stale_data eibrs_pbrsb gds bhi its its_native_only
bogomips	: 5200.00
clflush size	: 64
cache_alignment	: 64
address sizes	: 46 bits physical, 57 bits virtual
power management:

processor	: 61
vendor_id	: GenuineIntel
cpu family	: 6
model		: 106
model name	: Intel(R) Xeon(R) Platinum 8368Q CPU @ 2.60GHz
stepping	: 6
microcode	: 0xd000421
cpu MHz		: 800.840
cache size	: 58368 KB
physical id	: 0
siblings	: 76
core id		: 23
cpu cores	: 38
apicid		: 47
initial apicid	: 47
fpu		: yes
fpu_exception	: yes
cpuid level	: 27
wp		: yes
flags		: fpu vme de pse tsc msr pae mce cx8 apic sep mtrr pge mca cmov pat pse36 clflush dts acpi mmx fxsr sse sse2 ss ht tm pbe syscall nx pdpe1gb rdtscp lm constant_tsc art arch_perfmon pebs bts rep_good nopl xtopology nonstop_tsc cpuid aperfmperf pni pclmulqdq dtes64 monitor ds_cpl vmx smx est tm2 ssse3 sdbg fma cx16 xtpr pdcm pcid dca sse4_1 sse4_2 x2apic movbe popcnt tsc_deadline_timer aes xsave avx f16c rdrand lahf_lm abm 3dnowprefetch cpuid_fault epb cat_l3 ssbd mba ibrs ibpb stibp ibrs_enhanced tpr_shadow flexpriority ept vpid ept_ad fsgsbase tsc_adjust bmi1 avx2 smep bmi2 erms invpcid cqm rdt_a avx512f avx512dq rdseed adx smap avx512ifma clflushopt clwb intel_pt avx512cd sha_ni avx512bw avx512vl xsaveopt xsavec xgetbv1 xsaves cqm_llc cqm_occup_llc cqm_mbm_total cqm_mbm_local split_lock_detect wbnoinvd dtherm ida arat pln pts vnmi avx512vbmi umip pku ospke avx512_vbmi2 gfni vaes vpclmulqdq avx512_vnni avx512_bitalg tme avx512_vpopcntdq la57 rdpid fsrm md_clear pconfig flush_l1d arch_capabilities
vmx flags	: vnmi preemption_timer posted_intr invvpid ept_x_only ept_ad ept_1gb flexpriority apicv tsc_offset vtpr mtf vapic ept vpid unrestricted_guest vapic_reg vid ple shadow_vmcs pml ept_mode_based_exec tsc_scaling
bugs		: spectre_v1 spectre_v2 spec_store_bypass swapgs mmio_stale_data eibrs_pbrsb gds bhi its its_native_only
bogomips	: 5200.00
clflush size	: 64
cache_alignment	: 64
address sizes	: 46 bits physical, 57 bits virtual
power management:

processor	: 62
vendor_id	: GenuineIntel
cpu family	: 6
model		: 106
model name	: Intel(R) Xeon(R) Platinum 8368Q CPU @ 2.60GHz
stepping	: 6
microcode	: 0xd000421
cpu MHz		: 800.000
cache size	: 58368 KB
physical id	: 0
siblings	: 76
core id		: 24
cpu cores	: 38
apicid		: 49
initial apicid	: 49
fpu		: yes
fpu_exception	: yes
cpuid level	: 27
wp		: yes
flags		: fpu vme de pse tsc msr pae mce cx8 apic sep mtrr pge mca cmov pat pse36 clflush dts acpi mmx fxsr sse sse2 ss ht tm pbe syscall nx pdpe1gb rdtscp lm constant_tsc art arch_perfmon pebs bts rep_good nopl xtopology nonstop_tsc cpuid aperfmperf pni pclmulqdq dtes64 monitor ds_cpl vmx smx est tm2 ssse3 sdbg fma cx16 xtpr pdcm pcid dca sse4_1 sse4_2 x2apic movbe popcnt tsc_deadline_timer aes xsave avx f16c rdrand lahf_lm abm 3dnowprefetch cpuid_fault epb cat_l3 ssbd mba ibrs ibpb stibp ibrs_enhanced tpr_shadow flexpriority ept vpid ept_ad fsgsbase tsc_adjust bmi1 avx2 smep bmi2 erms invpcid cqm rdt_a avx512f avx512dq rdseed adx smap avx512ifma clflushopt clwb intel_pt avx512cd sha_ni avx512bw avx512vl xsaveopt xsavec xgetbv1 xsaves cqm_llc cqm_occup_llc cqm_mbm_total cqm_mbm_local split_lock_detect wbnoinvd dtherm ida arat pln pts vnmi avx512vbmi umip pku ospke avx512_vbmi2 gfni vaes vpclmulqdq avx512_vnni avx512_bitalg tme avx512_vpopcntdq la57 rdpid fsrm md_clear pconfig flush_l1d arch_capabilities
vmx flags	: vnmi preemption_timer posted_intr invvpid ept_x_only ept_ad ept_1gb flexpriority apicv tsc_offset vtpr mtf vapic ept vpid unrestricted_guest vapic_reg vid ple shadow_vmcs pml ept_mode_based_exec tsc_scaling
bugs		: spectre_v1 spectre_v2 spec_store_bypass swapgs mmio_stale_data eibrs_pbrsb gds bhi its its_native_only
bogomips	: 5200.00
clflush size	: 64
cache_alignment	: 64
address sizes	: 46 bits physical, 57 bits virtual
power management:

processor	: 63
vendor_id	: GenuineIntel
cpu family	: 6
model		: 106
model name	: Intel(R) Xeon(R) Platinum 8368Q CPU @ 2.60GHz
stepping	: 6
microcode	: 0xd000421
cpu MHz		: 800.000
cache size	: 58368 KB
physical id	: 0
siblings	: 76
core id		: 25
cpu cores	: 38
apicid		: 51
initial apicid	: 51
fpu		: yes
fpu_exception	: yes
cpuid level	: 27
wp		: yes
flags		: fpu vme de pse tsc msr pae mce cx8 apic sep mtrr pge mca cmov pat pse36 clflush dts acpi mmx fxsr sse sse2 ss ht tm pbe syscall nx pdpe1gb rdtscp lm constant_tsc art arch_perfmon pebs bts rep_good nopl xtopology nonstop_tsc cpuid aperfmperf pni pclmulqdq dtes64 monitor ds_cpl vmx smx est tm2 ssse3 sdbg fma cx16 xtpr pdcm pcid dca sse4_1 sse4_2 x2apic movbe popcnt tsc_deadline_timer aes xsave avx f16c rdrand lahf_lm abm 3dnowprefetch cpuid_fault epb cat_l3 ssbd mba ibrs ibpb stibp ibrs_enhanced tpr_shadow flexpriority ept vpid ept_ad fsgsbase tsc_adjust bmi1 avx2 smep bmi2 erms invpcid cqm rdt_a avx512f avx512dq rdseed adx smap avx512ifma clflushopt clwb intel_pt avx512cd sha_ni avx512bw avx512vl xsaveopt xsavec xgetbv1 xsaves cqm_llc cqm_occup_llc cqm_mbm_total cqm_mbm_local split_lock_detect wbnoinvd dtherm ida arat pln pts vnmi avx512vbmi umip pku ospke avx512_vbmi2 gfni vaes vpclmulqdq avx512_vnni avx512_bitalg tme avx512_vpopcntdq la57 rdpid fsrm md_clear pconfig flush_l1d arch_capabilities
vmx flags	: vnmi preemption_timer posted_intr invvpid ept_x_only ept_ad ept_1gb flexpriority apicv tsc_offset vtpr mtf vapic ept vpid unrestricted_guest vapic_reg vid ple shadow_vmcs pml ept_mode_based_exec tsc_scaling
bugs		: spectre_v1 spectre_v2 spec_store_bypass swapgs mmio_stale_data eibrs_pbrsb gds bhi its its_native_only
bogomips	: 5200.00
clflush size	: 64
cache_alignment	: 64
address sizes	: 46 bits physical, 57 bits virtual
power management:

processor	: 64
vendor_id	: GenuineIntel
cpu family	: 6
model		: 106
model name	: Intel(R) Xeon(R) Platinum 8368Q CPU @ 2.60GHz
stepping	: 6
microcode	: 0xd000421
cpu MHz		: 1700.000
cache size	: 58368 KB
physical id	: 0
siblings	: 76
core id		: 26
cpu cores	: 38
apicid		: 53
initial apicid	: 53
fpu		: yes
fpu_exception	: yes
cpuid level	: 27
wp		: yes
flags		: fpu vme de pse tsc msr pae mce cx8 apic sep mtrr pge mca cmov pat pse36 clflush dts acpi mmx fxsr sse sse2 ss ht tm pbe syscall nx pdpe1gb rdtscp lm constant_tsc art arch_perfmon pebs bts rep_good nopl xtopology nonstop_tsc cpuid aperfmperf pni pclmulqdq dtes64 monitor ds_cpl vmx smx est tm2 ssse3 sdbg fma cx16 xtpr pdcm pcid dca sse4_1 sse4_2 x2apic movbe popcnt tsc_deadline_timer aes xsave avx f16c rdrand lahf_lm abm 3dnowprefetch cpuid_fault epb cat_l3 ssbd mba ibrs ibpb stibp ibrs_enhanced tpr_shadow flexpriority ept vpid ept_ad fsgsbase tsc_adjust bmi1 avx2 smep bmi2 erms invpcid cqm rdt_a avx512f avx512dq rdseed adx smap avx512ifma clflushopt clwb intel_pt avx512cd sha_ni avx512bw avx512vl xsaveopt xsavec xgetbv1 xsaves cqm_llc cqm_occup_llc cqm_mbm_total cqm_mbm_local split_lock_detect wbnoinvd dtherm ida arat pln pts vnmi avx512vbmi umip pku ospke avx512_vbmi2 gfni vaes vpclmulqdq avx512_vnni avx512_bitalg tme avx512_vpopcntdq la57 rdpid fsrm md_clear pconfig flush_l1d arch_capabilities
vmx flags	: vnmi preemption_timer posted_intr invvpid ept_x_only ept_ad ept_1gb flexpriority apicv tsc_offset vtpr mtf vapic ept vpid unrestricted_guest vapic_reg vid ple shadow_vmcs pml ept_mode_based_exec tsc_scaling
bugs		: spectre_v1 spectre_v2 spec_store_bypass swapgs mmio_stale_data eibrs_pbrsb gds bhi its its_native_only
bogomips	: 5200.00
clflush size	: 64
cache_alignment	: 64
address sizes	: 46 bits physical, 57 bits virtual
power management:

processor	: 65
vendor_id	: GenuineIntel
cpu family	: 6
model		: 106
model name	: Intel(R) Xeon(R) Platinum 8368Q CPU @ 2.60GHz
stepping	: 6
microcode	: 0xd000421
cpu MHz		: 799.992
cache size	: 58368 KB
physical id	: 0
siblings	: 76
core id		: 27
cpu cores	: 38
apicid		: 55
initial apicid	: 55
fpu		: yes
fpu_exception	: yes
cpuid level	: 27
wp		: yes
flags		: fpu vme de pse tsc msr pae mce cx8 apic sep mtrr pge mca cmov pat pse36 clflush dts acpi mmx fxsr sse sse2 ss ht tm pbe syscall nx pdpe1gb rdtscp lm constant_tsc art arch_perfmon pebs bts rep_good nopl xtopology nonstop_tsc cpuid aperfmperf pni pclmulqdq dtes64 monitor ds_cpl vmx smx est tm2 ssse3 sdbg fma cx16 xtpr pdcm pcid dca sse4_1 sse4_2 x2apic movbe popcnt tsc_deadline_timer aes xsave avx f16c rdrand lahf_lm abm 3dnowprefetch cpuid_fault epb cat_l3 ssbd mba ibrs ibpb stibp ibrs_enhanced tpr_shadow flexpriority ept vpid ept_ad fsgsbase tsc_adjust bmi1 avx2 smep bmi2 erms invpcid cqm rdt_a avx512f avx512dq rdseed adx smap avx512ifma clflushopt clwb intel_pt avx512cd sha_ni avx512bw avx512vl xsaveopt xsavec xgetbv1 xsaves cqm_llc cqm_occup_llc cqm_mbm_total cqm_mbm_local split_lock_detect wbnoinvd dtherm ida arat pln pts vnmi avx512vbmi umip pku ospke avx512_vbmi2 gfni vaes vpclmulqdq avx512_vnni avx512_bitalg tme avx512_vpopcntdq la57 rdpid fsrm md_clear pconfig flush_l1d arch_capabilities
vmx flags	: vnmi preemption_timer posted_intr invvpid ept_x_only ept_ad ept_1gb flexpriority apicv tsc_offset vtpr mtf vapic ept vpid unrestricted_guest vapic_reg vid ple shadow_vmcs pml ept_mode_based_exec tsc_scaling
bugs		: spectre_v1 spectre_v2 spec_store_bypass swapgs mmio_stale_data eibrs_pbrsb gds bhi its its_native_only
bogomips	: 5200.00
clflush size	: 64
cache_alignment	: 64
address sizes	: 46 bits physical, 57 bits virtual
power management:

processor	: 66
vendor_id	: GenuineIntel
cpu family	: 6
model		: 106
model name	: Intel(R) Xeon(R) Platinum 8368Q CPU @ 2.60GHz
stepping	: 6
microcode	: 0xd000421
cpu MHz		: 800.000
cache size	: 58368 KB
physical id	: 0
siblings	: 76
core id		: 28
cpu cores	: 38
apicid		: 57
initial apicid	: 57
fpu		: yes
fpu_exception	: yes
cpuid level	: 27
wp		: yes
flags		: fpu vme de pse tsc msr pae mce cx8 apic sep mtrr pge mca cmov pat pse36 clflush dts acpi mmx fxsr sse sse2 ss ht tm pbe syscall nx pdpe1gb rdtscp lm constant_tsc art arch_perfmon pebs bts rep_good nopl xtopology nonstop_tsc cpuid aperfmperf pni pclmulqdq dtes64 monitor ds_cpl vmx smx est tm2 ssse3 sdbg fma cx16 xtpr pdcm pcid dca sse4_1 sse4_2 x2apic movbe popcnt tsc_deadline_timer aes xsave avx f16c rdrand lahf_lm abm 3dnowprefetch cpuid_fault epb cat_l3 ssbd mba ibrs ibpb stibp ibrs_enhanced tpr_shadow flexpriority ept vpid ept_ad fsgsbase tsc_adjust bmi1 avx2 smep bmi2 erms invpcid cqm rdt_a avx512f avx512dq rdseed adx smap avx512ifma clflushopt clwb intel_pt avx512cd sha_ni avx512bw avx512vl xsaveopt xsavec xgetbv1 xsaves cqm_llc cqm_occup_llc cqm_mbm_total cqm_mbm_local split_lock_detect wbnoinvd dtherm ida arat pln pts vnmi avx512vbmi umip pku ospke avx512_vbmi2 gfni vaes vpclmulqdq avx512_vnni avx512_bitalg tme avx512_vpopcntdq la57 rdpid fsrm md_clear pconfig flush_l1d arch_capabilities
vmx flags	: vnmi preemption_timer posted_intr invvpid ept_x_only ept_ad ept_1gb flexpriority apicv tsc_offset vtpr mtf vapic ept vpid unrestricted_guest vapic_reg vid ple shadow_vmcs pml ept_mode_based_exec tsc_scaling
bugs		: spectre_v1 spectre_v2 spec_store_bypass swapgs mmio_stale_data eibrs_pbrsb gds bhi its its_native_only
bogomips	: 5200.00
clflush size	: 64
cache_alignment	: 64
address sizes	: 46 bits physical, 57 bits virtual
power management:

processor	: 67
vendor_id	: GenuineIntel
cpu family	: 6
model		: 106
model name	: Intel(R) Xeon(R) Platinum 8368Q CPU @ 2.60GHz
stepping	: 6
microcode	: 0xd000421
cpu MHz		: 799.991
cache size	: 58368 KB
physical id	: 0
siblings	: 76
core id		: 29
cpu cores	: 38
apicid		: 59
initial apicid	: 59
fpu		: yes
fpu_exception	: yes
cpuid level	: 27
wp		: yes
flags		: fpu vme de pse tsc msr pae mce cx8 apic sep mtrr pge mca cmov pat pse36 clflush dts acpi mmx fxsr sse sse2 ss ht tm pbe syscall nx pdpe1gb rdtscp lm constant_tsc art arch_perfmon pebs bts rep_good nopl xtopology nonstop_tsc cpuid aperfmperf pni pclmulqdq dtes64 monitor ds_cpl vmx smx est tm2 ssse3 sdbg fma cx16 xtpr pdcm pcid dca sse4_1 sse4_2 x2apic movbe popcnt tsc_deadline_timer aes xsave avx f16c rdrand lahf_lm abm 3dnowprefetch cpuid_fault epb cat_l3 ssbd mba ibrs ibpb stibp ibrs_enhanced tpr_shadow flexpriority ept vpid ept_ad fsgsbase tsc_adjust bmi1 avx2 smep bmi2 erms invpcid cqm rdt_a avx512f avx512dq rdseed adx smap avx512ifma clflushopt clwb intel_pt avx512cd sha_ni avx512bw avx512vl xsaveopt xsavec xgetbv1 xsaves cqm_llc cqm_occup_llc cqm_mbm_total cqm_mbm_local split_lock_detect wbnoinvd dtherm ida arat pln pts vnmi avx512vbmi umip pku ospke avx512_vbmi2 gfni vaes vpclmulqdq avx512_vnni avx512_bitalg tme avx512_vpopcntdq la57 rdpid fsrm md_clear pconfig flush_l1d arch_capabilities
vmx flags	: vnmi preemption_timer posted_intr invvpid ept_x_only ept_ad ept_1gb flexpriority apicv tsc_offset vtpr mtf vapic ept vpid unrestricted_guest vapic_reg vid ple shadow_vmcs pml ept_mode_based_exec tsc_scaling
bugs		: spectre_v1 spectre_v2 spec_store_bypass swapgs mmio_stale_data eibrs_pbrsb gds bhi its its_native_only
bogomips	: 5200.00
clflush size	: 64
cache_alignment	: 64
address sizes	: 46 bits physical, 57 bits virtual
power management:

processor	: 68
vendor_id	: GenuineIntel
cpu family	: 6
model		: 106
model name	: Intel(R) Xeon(R) Platinum 8368Q CPU @ 2.60GHz
stepping	: 6
microcode	: 0xd000421
cpu MHz		: 945.641
cache size	: 58368 KB
physical id	: 0
siblings	: 76
core id		: 30
cpu cores	: 38
apicid		: 61
initial apicid	: 61
fpu		: yes
fpu_exception	: yes
cpuid level	: 27
wp		: yes
flags		: fpu vme de pse tsc msr pae mce cx8 apic sep mtrr pge mca cmov pat pse36 clflush dts acpi mmx fxsr sse sse2 ss ht tm pbe syscall nx pdpe1gb rdtscp lm constant_tsc art arch_perfmon pebs bts rep_good nopl xtopology nonstop_tsc cpuid aperfmperf pni pclmulqdq dtes64 monitor ds_cpl vmx smx est tm2 ssse3 sdbg fma cx16 xtpr pdcm pcid dca sse4_1 sse4_2 x2apic movbe popcnt tsc_deadline_timer aes xsave avx f16c rdrand lahf_lm abm 3dnowprefetch cpuid_fault epb cat_l3 ssbd mba ibrs ibpb stibp ibrs_enhanced tpr_shadow flexpriority ept vpid ept_ad fsgsbase tsc_adjust bmi1 avx2 smep bmi2 erms invpcid cqm rdt_a avx512f avx512dq rdseed adx smap avx512ifma clflushopt clwb intel_pt avx512cd sha_ni avx512bw avx512vl xsaveopt xsavec xgetbv1 xsaves cqm_llc cqm_occup_llc cqm_mbm_total cqm_mbm_local split_lock_detect wbnoinvd dtherm ida arat pln pts vnmi avx512vbmi umip pku ospke avx512_vbmi2 gfni vaes vpclmulqdq avx512_vnni avx512_bitalg tme avx512_vpopcntdq la57 rdpid fsrm md_clear pconfig flush_l1d arch_capabilities
vmx flags	: vnmi preemption_timer posted_intr invvpid ept_x_only ept_ad ept_1gb flexpriority apicv tsc_offset vtpr mtf vapic ept vpid unrestricted_guest vapic_reg vid ple shadow_vmcs pml ept_mode_based_exec tsc_scaling
bugs		: spectre_v1 spectre_v2 spec_store_bypass swapgs mmio_stale_data eibrs_pbrsb gds bhi its its_native_only
bogomips	: 5200.00
clflush size	: 64
cache_alignment	: 64
address sizes	: 46 bits physical, 57 bits virtual
power management:

processor	: 69
vendor_id	: GenuineIntel
cpu family	: 6
model		: 106
model name	: Intel(R) Xeon(R) Platinum 8368Q CPU @ 2.60GHz
stepping	: 6
microcode	: 0xd000421
cpu MHz		: 800.000
cache size	: 58368 KB
physical id	: 0
siblings	: 76
core id		: 31
cpu cores	: 38
apicid		: 63
initial apicid	: 63
fpu		: yes
fpu_exception	: yes
cpuid level	: 27
wp		: yes
flags		: fpu vme de pse tsc msr pae mce cx8 apic sep mtrr pge mca cmov pat pse36 clflush dts acpi mmx fxsr sse sse2 ss ht tm pbe syscall nx pdpe1gb rdtscp lm constant_tsc art arch_perfmon pebs bts rep_good nopl xtopology nonstop_tsc cpuid aperfmperf pni pclmulqdq dtes64 monitor ds_cpl vmx smx est tm2 ssse3 sdbg fma cx16 xtpr pdcm pcid dca sse4_1 sse4_2 x2apic movbe popcnt tsc_deadline_timer aes xsave avx f16c rdrand lahf_lm abm 3dnowprefetch cpuid_fault epb cat_l3 ssbd mba ibrs ibpb stibp ibrs_enhanced tpr_shadow flexpriority ept vpid ept_ad fsgsbase tsc_adjust bmi1 avx2 smep bmi2 erms invpcid cqm rdt_a avx512f avx512dq rdseed adx smap avx512ifma clflushopt clwb intel_pt avx512cd sha_ni avx512bw avx512vl xsaveopt xsavec xgetbv1 xsaves cqm_llc cqm_occup_llc cqm_mbm_total cqm_mbm_local split_lock_detect wbnoinvd dtherm ida arat pln pts vnmi avx512vbmi umip pku ospke avx512_vbmi2 gfni vaes vpclmulqdq avx512_vnni avx512_bitalg tme avx512_vpopcntdq la57 rdpid fsrm md_clear pconfig flush_l1d arch_capabilities
vmx flags	: vnmi preemption_timer posted_intr invvpid ept_x_only ept_ad ept_1gb flexpriority apicv tsc_offset vtpr mtf vapic ept vpid unrestricted_guest vapic_reg vid ple shadow_vmcs pml ept_mode_based_exec tsc_scaling
bugs		: spectre_v1 spectre_v2 spec_store_bypass swapgs mmio_stale_data eibrs_pbrsb gds bhi its its_native_only
bogomips	: 5200.00
clflush size	: 64
cache_alignment	: 64
address sizes	: 46 bits physical, 57 bits virtual
power management:

processor	: 70
vendor_id	: GenuineIntel
cpu family	: 6
model		: 106
model name	: Intel(R) Xeon(R) Platinum 8368Q CPU @ 2.60GHz
stepping	: 6
microcode	: 0xd000421
cpu MHz		: 800.007
cache size	: 58368 KB
physical id	: 0
siblings	: 76
core id		: 32
cpu cores	: 38
apicid		: 65
initial apicid	: 65
fpu		: yes
fpu_exception	: yes
cpuid level	: 27
wp		: yes
flags		: fpu vme de pse tsc msr pae mce cx8 apic sep mtrr pge mca cmov pat pse36 clflush dts acpi mmx fxsr sse sse2 ss ht tm pbe syscall nx pdpe1gb rdtscp lm constant_tsc art arch_perfmon pebs bts rep_good nopl xtopology nonstop_tsc cpuid aperfmperf pni pclmulqdq dtes64 monitor ds_cpl vmx smx est tm2 ssse3 sdbg fma cx16 xtpr pdcm pcid dca sse4_1 sse4_2 x2apic movbe popcnt tsc_deadline_timer aes xsave avx f16c rdrand lahf_lm abm 3dnowprefetch cpuid_fault epb cat_l3 ssbd mba ibrs ibpb stibp ibrs_enhanced tpr_shadow flexpriority ept vpid ept_ad fsgsbase tsc_adjust bmi1 avx2 smep bmi2 erms invpcid cqm rdt_a avx512f avx512dq rdseed adx smap avx512ifma clflushopt clwb intel_pt avx512cd sha_ni avx512bw avx512vl xsaveopt xsavec xgetbv1 xsaves cqm_llc cqm_occup_llc cqm_mbm_total cqm_mbm_local split_lock_detect wbnoinvd dtherm ida arat pln pts vnmi avx512vbmi umip pku ospke avx512_vbmi2 gfni vaes vpclmulqdq avx512_vnni avx512_bitalg tme avx512_vpopcntdq la57 rdpid fsrm md_clear pconfig flush_l1d arch_capabilities
vmx flags	: vnmi preemption_timer posted_intr invvpid ept_x_only ept_ad ept_1gb flexpriority apicv tsc_offset vtpr mtf vapic ept vpid unrestricted_guest vapic_reg vid ple shadow_vmcs pml ept_mode_based_exec tsc_scaling
bugs		: spectre_v1 spectre_v2 spec_store_bypass swapgs mmio_stale_data eibrs_pbrsb gds bhi its its_native_only
bogomips	: 5200.00
clflush size	: 64
cache_alignment	: 64
address sizes	: 46 bits physical, 57 bits virtual
power management:

processor	: 71
vendor_id	: GenuineIntel
cpu family	: 6
model		: 106
model name	: Intel(R) Xeon(R) Platinum 8368Q CPU @ 2.60GHz
stepping	: 6
microcode	: 0xd000421
cpu MHz		: 800.000
cache size	: 58368 KB
physical id	: 0
siblings	: 76
core id		: 33
cpu cores	: 38
apicid		: 67
initial apicid	: 67
fpu		: yes
fpu_exception	: yes
cpuid level	: 27
wp		: yes
flags		: fpu vme de pse tsc msr pae mce cx8 apic sep mtrr pge mca cmov pat pse36 clflush dts acpi mmx fxsr sse sse2 ss ht tm pbe syscall nx pdpe1gb rdtscp lm constant_tsc art arch_perfmon pebs bts rep_good nopl xtopology nonstop_tsc cpuid aperfmperf pni pclmulqdq dtes64 monitor ds_cpl vmx smx est tm2 ssse3 sdbg fma cx16 xtpr pdcm pcid dca sse4_1 sse4_2 x2apic movbe popcnt tsc_deadline_timer aes xsave avx f16c rdrand lahf_lm abm 3dnowprefetch cpuid_fault epb cat_l3 ssbd mba ibrs ibpb stibp ibrs_enhanced tpr_shadow flexpriority ept vpid ept_ad fsgsbase tsc_adjust bmi1 avx2 smep bmi2 erms invpcid cqm rdt_a avx512f avx512dq rdseed adx smap avx512ifma clflushopt clwb intel_pt avx512cd sha_ni avx512bw avx512vl xsaveopt xsavec xgetbv1 xsaves cqm_llc cqm_occup_llc cqm_mbm_total cqm_mbm_local split_lock_detect wbnoinvd dtherm ida arat pln pts vnmi avx512vbmi umip pku ospke avx512_vbmi2 gfni vaes vpclmulqdq avx512_vnni avx512_bitalg tme avx512_vpopcntdq la57 rdpid fsrm md_clear pconfig flush_l1d arch_capabilities
vmx flags	: vnmi preemption_timer posted_intr invvpid ept_x_only ept_ad ept_1gb flexpriority apicv tsc_offset vtpr mtf vapic ept vpid unrestricted_guest vapic_reg vid ple shadow_vmcs pml ept_mode_based_exec tsc_scaling
bugs		: spectre_v1 spectre_v2 spec_store_bypass swapgs mmio_stale_data eibrs_pbrsb gds bhi its its_native_only
bogomips	: 5200.00
clflush size	: 64
cache_alignment	: 64
address sizes	: 46 bits physical, 57 bits virtual
power management:

processor	: 72
vendor_id	: GenuineIntel
cpu family	: 6
model		: 106
model name	: Intel(R) Xeon(R) Platinum 8368Q CPU @ 2.60GHz
stepping	: 6
microcode	: 0xd000421
cpu MHz		: 800.000
cache size	: 58368 KB
physical id	: 0
siblings	: 76
core id		: 34
cpu cores	: 38
apicid		: 69
initial apicid	: 69
fpu		: yes
fpu_exception	: yes
cpuid level	: 27
wp		: yes
flags		: fpu vme de pse tsc msr pae mce cx8 apic sep mtrr pge mca cmov pat pse36 clflush dts acpi mmx fxsr sse sse2 ss ht tm pbe syscall nx pdpe1gb rdtscp lm constant_tsc art arch_perfmon pebs bts rep_good nopl xtopology nonstop_tsc cpuid aperfmperf pni pclmulqdq dtes64 monitor ds_cpl vmx smx est tm2 ssse3 sdbg fma cx16 xtpr pdcm pcid dca sse4_1 sse4_2 x2apic movbe popcnt tsc_deadline_timer aes xsave avx f16c rdrand lahf_lm abm 3dnowprefetch cpuid_fault epb cat_l3 ssbd mba ibrs ibpb stibp ibrs_enhanced tpr_shadow flexpriority ept vpid ept_ad fsgsbase tsc_adjust bmi1 avx2 smep bmi2 erms invpcid cqm rdt_a avx512f avx512dq rdseed adx smap avx512ifma clflushopt clwb intel_pt avx512cd sha_ni avx512bw avx512vl xsaveopt xsavec xgetbv1 xsaves cqm_llc cqm_occup_llc cqm_mbm_total cqm_mbm_local split_lock_detect wbnoinvd dtherm ida arat pln pts vnmi avx512vbmi umip pku ospke avx512_vbmi2 gfni vaes vpclmulqdq avx512_vnni avx512_bitalg tme avx512_vpopcntdq la57 rdpid fsrm md_clear pconfig flush_l1d arch_capabilities
vmx flags	: vnmi preemption_timer posted_intr invvpid ept_x_only ept_ad ept_1gb flexpriority apicv tsc_offset vtpr mtf vapic ept vpid unrestricted_guest vapic_reg vid ple shadow_vmcs pml ept_mode_based_exec tsc_scaling
bugs		: spectre_v1 spectre_v2 spec_store_bypass swapgs mmio_stale_data eibrs_pbrsb gds bhi its its_native_only
bogomips	: 5200.00
clflush size	: 64
cache_alignment	: 64
address sizes	: 46 bits physical, 57 bits virtual
power management:

processor	: 73
vendor_id	: GenuineIntel
cpu family	: 6
model		: 106
model name	: Intel(R) Xeon(R) Platinum 8368Q CPU @ 2.60GHz
stepping	: 6
microcode	: 0xd000421
cpu MHz		: 800.000
cache size	: 58368 KB
physical id	: 0
siblings	: 76
core id		: 35
cpu cores	: 38
apicid		: 71
initial apicid	: 71
fpu		: yes
fpu_exception	: yes
cpuid level	: 27
wp		: yes
flags		: fpu vme de pse tsc msr pae mce cx8 apic sep mtrr pge mca cmov pat pse36 clflush dts acpi mmx fxsr sse sse2 ss ht tm pbe syscall nx pdpe1gb rdtscp lm constant_tsc art arch_perfmon pebs bts rep_good nopl xtopology nonstop_tsc cpuid aperfmperf pni pclmulqdq dtes64 monitor ds_cpl vmx smx est tm2 ssse3 sdbg fma cx16 xtpr pdcm pcid dca sse4_1 sse4_2 x2apic movbe popcnt tsc_deadline_timer aes xsave avx f16c rdrand lahf_lm abm 3dnowprefetch cpuid_fault epb cat_l3 ssbd mba ibrs ibpb stibp ibrs_enhanced tpr_shadow flexpriority ept vpid ept_ad fsgsbase tsc_adjust bmi1 avx2 smep bmi2 erms invpcid cqm rdt_a avx512f avx512dq rdseed adx smap avx512ifma clflushopt clwb intel_pt avx512cd sha_ni avx512bw avx512vl xsaveopt xsavec xgetbv1 xsaves cqm_llc cqm_occup_llc cqm_mbm_total cqm_mbm_local split_lock_detect wbnoinvd dtherm ida arat pln pts vnmi avx512vbmi umip pku ospke avx512_vbmi2 gfni vaes vpclmulqdq avx512_vnni avx512_bitalg tme avx512_vpopcntdq la57 rdpid fsrm md_clear pconfig flush_l1d arch_capabilities
vmx flags	: vnmi preemption_timer posted_intr invvpid ept_x_only ept_ad ept_1gb flexpriority apicv tsc_offset vtpr mtf vapic ept vpid unrestricted_guest vapic_reg vid ple shadow_vmcs pml ept_mode_based_exec tsc_scaling
bugs		: spectre_v1 spectre_v2 spec_store_bypass swapgs mmio_stale_data eibrs_pbrsb gds bhi its its_native_only
bogomips	: 5200.00
clflush size	: 64
cache_alignment	: 64
address sizes	: 46 bits physical, 57 bits virtual
power management:

processor	: 74
vendor_id	: GenuineIntel
cpu family	: 6
model		: 106
model name	: Intel(R) Xeon(R) Platinum 8368Q CPU @ 2.60GHz
stepping	: 6
microcode	: 0xd000421
cpu MHz		: 800.000
cache size	: 58368 KB
physical id	: 0
siblings	: 76
core id		: 36
cpu cores	: 38
apicid		: 73
initial apicid	: 73
fpu		: yes
fpu_exception	: yes
cpuid level	: 27
wp		: yes
flags		: fpu vme de pse tsc msr pae mce cx8 apic sep mtrr pge mca cmov pat pse36 clflush dts acpi mmx fxsr sse sse2 ss ht tm pbe syscall nx pdpe1gb rdtscp lm constant_tsc art arch_perfmon pebs bts rep_good nopl xtopology nonstop_tsc cpuid aperfmperf pni pclmulqdq dtes64 monitor ds_cpl vmx smx est tm2 ssse3 sdbg fma cx16 xtpr pdcm pcid dca sse4_1 sse4_2 x2apic movbe popcnt tsc_deadline_timer aes xsave avx f16c rdrand lahf_lm abm 3dnowprefetch cpuid_fault epb cat_l3 ssbd mba ibrs ibpb stibp ibrs_enhanced tpr_shadow flexpriority ept vpid ept_ad fsgsbase tsc_adjust bmi1 avx2 smep bmi2 erms invpcid cqm rdt_a avx512f avx512dq rdseed adx smap avx512ifma clflushopt clwb intel_pt avx512cd sha_ni avx512bw avx512vl xsaveopt xsavec xgetbv1 xsaves cqm_llc cqm_occup_llc cqm_mbm_total cqm_mbm_local split_lock_detect wbnoinvd dtherm ida arat pln pts vnmi avx512vbmi umip pku ospke avx512_vbmi2 gfni vaes vpclmulqdq avx512_vnni avx512_bitalg tme avx512_vpopcntdq la57 rdpid fsrm md_clear pconfig flush_l1d arch_capabilities
vmx flags	: vnmi preemption_timer posted_intr invvpid ept_x_only ept_ad ept_1gb flexpriority apicv tsc_offset vtpr mtf vapic ept vpid unrestricted_guest vapic_reg vid ple shadow_vmcs pml ept_mode_based_exec tsc_scaling
bugs		: spectre_v1 spectre_v2 spec_store_bypass swapgs mmio_stale_data eibrs_pbrsb gds bhi its its_native_only
bogomips	: 5200.00
clflush size	: 64
cache_alignment	: 64
address sizes	: 46 bits physical, 57 bits virtual
power management:

processor	: 75
vendor_id	: GenuineIntel
cpu family	: 6
model		: 106
model name	: Intel(R) Xeon(R) Platinum 8368Q CPU @ 2.60GHz
stepping	: 6
microcode	: 0xd000421
cpu MHz		: 1400.000
cache size	: 58368 KB
physical id	: 0
siblings	: 76
core id		: 37
cpu cores	: 38
apicid		: 75
initial apicid	: 75
fpu		: yes
fpu_exception	: yes
cpuid level	: 27
wp		: yes
flags		: fpu vme de pse tsc msr pae mce cx8 apic sep mtrr pge mca cmov pat pse36 clflush dts acpi mmx fxsr sse sse2 ss ht tm pbe syscall nx pdpe1gb rdtscp lm constant_tsc art arch_perfmon pebs bts rep_good nopl xtopology nonstop_tsc cpuid aperfmperf pni pclmulqdq dtes64 monitor ds_cpl vmx smx est tm2 ssse3 sdbg fma cx16 xtpr pdcm pcid dca sse4_1 sse4_2 x2apic movbe popcnt tsc_deadline_timer aes xsave avx f16c rdrand lahf_lm abm 3dnowprefetch cpuid_fault epb cat_l3 ssbd mba ibrs ibpb stibp ibrs_enhanced tpr_shadow flexpriority ept vpid ept_ad fsgsbase tsc_adjust bmi1 avx2 smep bmi2 erms invpcid cqm rdt_a avx512f avx512dq rdseed adx smap avx512ifma clflushopt clwb intel_pt avx512cd sha_ni avx512bw avx512vl xsaveopt xsavec xgetbv1 xsaves cqm_llc cqm_occup_llc cqm_mbm_total cqm_mbm_local split_lock_detect wbnoinvd dtherm ida arat pln pts vnmi avx512vbmi umip pku ospke avx512_vbmi2 gfni vaes vpclmulqdq avx512_vnni avx512_bitalg tme avx512_vpopcntdq la57 rdpid fsrm md_clear pconfig flush_l1d arch_capabilities
vmx flags	: vnmi preemption_timer posted_intr invvpid ept_x_only ept_ad ept_1gb flexpriority apicv tsc_offset vtpr mtf vapic ept vpid unrestricted_guest vapic_reg vid ple shadow_vmcs pml ept_mode_based_exec tsc_scaling
bugs		: spectre_v1 spectre_v2 spec_store_bypass swapgs mmio_stale_data eibrs_pbrsb gds bhi its its_native_only
bogomips	: 5200.00
clflush size	: 64
cache_alignment	: 64
address sizes	: 46 bits physical, 57 bits virtual
power management:



Memory: 4k page, physical 263542384k(250969740k free), swap 2097148k(2097148k free)

vm_info: OpenJDK 64-Bit Server VM (25.482-b08) for linux-amd64 JRE (1.8.0_482-8u482-ga~us1-0ubuntu1~22.04-b08), built on Jan 25 2026 21:05:59 by "buildd" with gcc 11.4.0

time: Tue Mar 10 05:07:38 2026
timezone: EDT
elapsed time: 4.711188 seconds (0d 0h 0m 4s)

