
==> Preparing full repository runtime
============================================================
  ForL0 仓库一键部署
============================================================
  仓库路径:   /home/shuhao/forL0-state-backend
  FLINK_HOME: /home/shuhao/flink-1.20.3
  Docker:     sudo -n docker

      ⚠ 未找到 unit-test benchmark JAR；apps/nexmark/wordcount/client_usecase 运行不依赖该产物
[1/4] 跳过 Docker 镜像加载

[2/4] 检查 L0 环境...
      ✗ libl0mempool.so 不存在 (/usr/lib64/libl0mempool.so)
      ✓ libnuma.so.1 存在 (/lib/aarch64-linux-gnu/libnuma.so.1)
      ✗ /dev/l0 和 /dev/hisi_l0 都不存在
      ⚠ 当前不会使用真实 L0 硬件加速

[3/4] 安装预编译产物到 Flink...
      ✓ backend JAR 已安装到 /home/shuhao/flink-1.20.3/lib/
      ✓ NexMark JAR 已安装到 /home/shuhao/flink-1.20.3/lib/
      ✓ native 库已安装到 /home/shuhao/flink-1.20.3/native/
      ✓ WordCount benchmark 已就绪
      ✓ Client usecase benchmark 已就绪
      ✓ 环境文件已写入 /home/shuhao/forL0-state-backend/docker/forl0-local.env
      ⚠ async-profiler 未就绪，--profile cpu 可能无法产出火焰图
        可将 async-profiler-4.4-linux-*.tar.gz 放到 offline-packages/ 后重试

[4/4] 启动 Docker 集群...
      已跳过启动。手工执行：
      source /home/shuhao/forL0-state-backend/docker/forl0-local.env
      cd /home/shuhao/forL0-state-backend/docker && ./docker_run.sh start

============================================================
  完成
============================================================
  查看状态: source /home/shuhao/forL0-state-backend/docker/forl0-local.env && cd /home/shuhao/forL0-state-backend/docker && ./docker_run.sh status
  查看日志: source /home/shuhao/forL0-state-backend/docker/forl0-local.env && cd /home/shuhao/forL0-state-backend/docker && ./docker_run.sh logs tm1
  全量运行 apps: cd /home/shuhao/forL0-state-backend/docker && ./run_all_apps.sh
  只跑 WordCount: cd /home/shuhao/forL0-state-backend/docker && ./run_all_apps.sh --test wordcount

==> Runtime summary
  app root:    /home/shuhao/forL0-state-backend
  runtime:     /home/shuhao/forL0-state-backend
  FLINK_HOME:  /home/shuhao/flink-1.20.3
  backend:     all
  profile:     --no-profile
  pressure:    forl0_no_full_gc_allq_pressure,forl0_no_full_gc_q8_q11_deep,forl0_no_full_gc_lateq_deep
  workloads:   all
  expected TM: 2
  expected slots: 8

==> Preflight check
Command: /home/shuhao/forL0-state-backend/docker/run_all_apps.sh --offline --preflight-only --test apps --backend all --expected-taskmanagers 2 --expected-slots 8 --restart-cluster
============================================================
  ForL0 benchmark run context
============================================================
  Repo:        /home/shuhao/forL0-state-backend
  Test:        apps
  Backend:     all
  Profile:     disabled
  Offline:     true
  Expect TMs:  2
  Expect slots:8
  GitCommit:   99987dbbada2c6d9446fb486393af35eeb1a7d34
  Date:        2026-07-10 00:23:06 +0800

[preflight] 检查 Flink 与 benchmark 产物
      ✓ FLINK_HOME: /home/shuhao/flink-1.20.3
      ✓ benchmark config: /home/shuhao/forL0-state-backend/benchmark/config/benchmark.yaml
      ✓ benchmark entry: /home/shuhao/forL0-state-backend/benchmark/scripts/run_benchmark.py
      ✓ requirements: /home/shuhao/forL0-state-backend/benchmark/requirements.txt
      ✓ WordCount JAR: /home/shuhao/forL0-state-backend/docker/deploy/wordcount-benchmark-1.0-SNAPSHOT.jar
      ✓ NexMark JAR: /home/shuhao/forL0-state-backend/docker/deploy/nexmark-flink-0.3-SNAPSHOT.jar
      ✓ Client usecase JAR: /home/shuhao/forL0-state-backend/docker/deploy/flink-keyedcoprocessfunction-example-1.0-SNAPSHOT-jar-with-dependencies.jar
      ✓ Client hotspot-drift JAR: /home/shuhao/forL0-state-backend/docker/deploy/client-drift-benchmark-1.0-SNAPSHOT.jar
      ✓ ForL0 backend JAR in Flink lib: /home/shuhao/flink-1.20.3/lib/flink-statebackend-forL0-1.0-SNAPSHOT.jar
      ✓ native library: /home/shuhao/flink-1.20.3/native/libforl0_engine.so
[3/5] 复用已有 benchmark Python 虚拟环境
      ✓ benchmark Python 依赖已满足
      ✓ config loaded
      ✓ nexmark queries: q4,q5,q8,q9,q11,q18,q19,q20
      ✓ client scenarios: contract_baseline,forl0_optimized,state_pressure_300k,state_pressure_1m,hotspot_drift_300k,hotspot_drift_1m,hotspot_state_left_2m,hotspot_state_join_2m,scalar_state_probe_1m,scalar_state_probe_2m_ops64,scalar_state_probe_2m_ops16,scalar_state_probe_2m_ops16_fused,scalar_state_probe_2m_ops16_batch,scalar_value_probe_5m_ops16,scalar_value_probe_20m_ops16
[preflight] 检查通过。
[2/5] 按要求重启 Flink 集群
=== 停止 BriskState Flink Docker 集群 ===
flink-taskmanager-2
flink-taskmanager-1
flink-jobmanager
flink-net
已停止
=== 启动 BriskState Flink Docker 集群 ===
  FLINK_HOME: /home/shuhao/flink-1.20.3
  NATIVE:     /home/shuhao/flink-1.20.3/native
  CONF:       /home/shuhao/forL0-state-backend/docker/conf
  Docker:     sudo -n docker
  JM memory:  8g
  TM memory:  16g
  libnuma:    /lib/aarch64-linux-gnu/libnuma.so.1 -> /lib/aarch64-linux-gnu/libnuma.so.1

8ff04f51590da752f8e6f7753a3573c0f803dc589d626231c81787c6f8e2cf0e
[1/3] 启动 JobManager...
bcfc332c1e1c0e34281d1c181866b22521b10326a9fc3984e3055f897d1a846d
      JobManager IP: 172.18.0.2
[2/3] 启动 TaskManager-1...
e7c487c4307fe81540a21deba0293ee472a6aaea9ca0bdc3ef61f7cd88cc11c4
[3/3] 启动 TaskManager-2...
25a3f51a7695a958b1427c04614350e4b45ab8d69f7af65d31377725ffe3bc61

等待 JobManager 就绪...
....
=== 集群启动成功! ===
  Web UI: http://localhost:8081
  TaskManagers: 2
  Slots:        8

  查看 TaskManager 日志: /home/shuhao/forL0-state-backend/docker/docker_run.sh logs tm1
  提交作业:     /home/shuhao/flink-1.20.3/bin/flink run -m localhost:8081 -c <MainClass> <jar>
      ✓ Flink 集群健康:
TASKMANAGERS=2
SLOTS_TOTAL=8
SLOTS_AVAILABLE=8
JOBS_RUNNING=0
TM 172.18.0.3:40237-654c61 slots=4 free=4 heartbeatMs=0
TM 172.18.0.4:46331-50500f slots=4 free=4 heartbeatMs=0
Ascend reproduction manifest: /home/shuhao/forL0-state-backend/benchmark/results/run_logs/ascend_reproduction_20260710_002319.tsv

==> Ascend reproduction W01: wordcount_contract_baseline
Command: /home/shuhao/forL0-state-backend/docker/run_all_apps.sh --offline --test wordcount --scenario contract_baseline --backend all --no-profile --no-report --expected-taskmanagers 2 --expected-slots 8 --restart-cluster
============================================================
  ForL0 benchmark run context
============================================================
  Repo:        /home/shuhao/forL0-state-backend
  Test:        wordcount
  Backend:     all
  Profile:     disabled
  Offline:     true
  Expect TMs:  2
  Expect slots:8
  GitCommit:   99987dbbada2c6d9446fb486393af35eeb1a7d34
  Date:        2026-07-10 00:23:19 +0800

[2/5] 按要求重启 Flink 集群
=== 停止 BriskState Flink Docker 集群 ===
flink-taskmanager-2
flink-taskmanager-1
flink-jobmanager
flink-net
已停止
=== 启动 BriskState Flink Docker 集群 ===
  FLINK_HOME: /home/shuhao/flink-1.20.3
  NATIVE:     /home/shuhao/flink-1.20.3/native
  CONF:       /home/shuhao/forL0-state-backend/docker/conf
  Docker:     sudo -n docker
  JM memory:  8g
  TM memory:  16g
  libnuma:    /lib/aarch64-linux-gnu/libnuma.so.1 -> /lib/aarch64-linux-gnu/libnuma.so.1

072cb422f839d78393d9588e87920aec63d9a625390b12a94d6e25efd94e17a1
[1/3] 启动 JobManager...
3a85798154f034fb885b3069a5ee7a8ab0e6f47a94d2fec41fd08c9930d318f9
      JobManager IP: 172.18.0.2
[2/3] 启动 TaskManager-1...
3d6bead61722e4460c2c549eb1e083e31deeec0c6be60d649a9a9e7397c3c8a7
[3/3] 启动 TaskManager-2...
b91a157260012d2d13ff9b99fd39f1d47aec0f4f967489ab091fa9a87c5cc959

等待 JobManager 就绪...
.....
=== 集群启动成功! ===
  Web UI: http://localhost:8081
  TaskManagers: 2
  Slots:        8

  查看 TaskManager 日志: /home/shuhao/forL0-state-backend/docker/docker_run.sh logs tm1
  提交作业:     /home/shuhao/flink-1.20.3/bin/flink run -m localhost:8081 -c <MainClass> <jar>
      ✓ Flink 集群健康:
TASKMANAGERS=2
SLOTS_TOTAL=8
SLOTS_AVAILABLE=8
JOBS_RUNNING=0
TM 172.18.0.3:36395-70ce30 slots=4 free=4 heartbeatMs=0
TM 172.18.0.4:42487-ecdbb2 slots=4 free=4 heartbeatMs=0
[3/5] 复用已有 benchmark Python 虚拟环境
      ✓ benchmark Python 依赖已满足
[4/5] 开始运行 benchmark/scripts/run_benchmark.py
Command: /home/shuhao/forL0-state-backend/.venv-benchmark/bin/python /home/shuhao/forL0-state-backend/benchmark/scripts/run_benchmark.py --test wordcount --backend all --scenario contract_baseline
============================================================
ForL0 StateBackend Benchmark
============================================================
Test: wordcount
Backends: hashmap, forl0
WordCount Scenario: contract_baseline
============================================================

============================================================
Running WordCount Benchmark
============================================================

=== Running WordCount Benchmark (hashmap backend) ===

Flink cluster: http://localhost:8081
Command: /home/shuhao/flink-1.20.3/bin/flink run -Dstate.backend.type=org.apache.flink.runtime.state.hashmap.HashMapStateBackendFactory /home/shuhao/forL0-state-backend/benchmark/wordcount/target/wordcount-benchmark-1.0-SNAPSHOT.jar --numKeys 1000000 --numRecords 100000000 --arrivalRate 0 --skewFactor 1.1 --workloadMode sliding_window --keyType string --windowSize 5 --slideSize 200 --parallelism 2 --checkpointInterval 0 --backend hashmap

=== WordCount Benchmark ===
workloadMode: sliding_window
numKeys: 1000000
numRecords: 100000000
keyType: string
skewFactor: 1.1
arrivalRate: unlimited
windowSize: 5s
slideSize: 200ms
parallelism: 2
checkpointing: disabled
============================================================
Job has been submitted with JobID a9a9a975172e4d7b9110f08728541b5b
Program execution finished
Job with JobID a9a9a975172e4d7b9110f08728541b5b has finished.
Job Runtime: 1368310 ms


Result saved to: /home/shuhao/forL0-state-backend/benchmark/results/raw/wordcount_hashmap_20260710_004628.json

=== Running WordCount Benchmark (forl0 backend) ===

Flink cluster: http://localhost:8081
Command: /home/shuhao/flink-1.20.3/bin/flink run -Dstate.backend.type=org.apache.flink.state.forl0.ForL0StateBackendFactory -Dstate.backend.forl0.initial-table-capacity=512 -Dstate.backend.forl0.max-table-capacity=4096 -Dstate.backend.forl0.l0-cache.enabled=true -Dstate.backend.forl0.l0-cache.size=96mb -Dstate.backend.forl0.main-table.load-factor-threshold=0.8 -DforL0.metricsCollector.enabled=true /home/shuhao/forL0-state-backend/benchmark/wordcount/target/wordcount-benchmark-1.0-SNAPSHOT.jar --numKeys 1000000 --numRecords 100000000 --arrivalRate 0 --skewFactor 1.1 --workloadMode sliding_window --keyType string --windowSize 5 --slideSize 200 --parallelism 2 --checkpointInterval 0 --backend forl0

=== WordCount Benchmark ===
workloadMode: sliding_window
numKeys: 1000000
numRecords: 100000000
keyType: string
skewFactor: 1.1
arrivalRate: unlimited
windowSize: 5s
slideSize: 200ms
parallelism: 2
checkpointing: disabled
============================================================
Job has been submitted with JobID cdb46a4ee5653100aba7a5762de5e997
Program execution finished
Job with JobID cdb46a4ee5653100aba7a5762de5e997 has finished.
Job Runtime: 3477085 ms


Result saved to: /home/shuhao/forL0-state-backend/benchmark/results/raw/wordcount_forl0_20260710_014430.json

======================================================================
                    BENCHMARK SUMMARY
======================================================================

## Unit Test Benchmark
--------------------------------------------------

## WordCount Benchmark
--------------------------------------------------
hashmap             :          36,541 records/s/core
forl0               :          14,380 records/s/core
Improvement         :           -60.6%
Status: ✗ FAIL (< 60% improvement)

## Client Usecase Benchmark
--------------------------------------------------

======================================================================

Next steps:
  1. Review raw results in: benchmark/results/raw/
  2. Generate report: python scripts/generate_report.py
  3. View report in: benchmark/results/reports/

==> Ascend reproduction W02: wordcount_stateful_counter
Command: /home/shuhao/forL0-state-backend/docker/run_all_apps.sh --offline --test wordcount --scenario stateful_counter --backend all --no-profile --no-report --expected-taskmanagers 2 --expected-slots 8 --restart-cluster
============================================================
  ForL0 benchmark run context
============================================================
  Repo:        /home/shuhao/forL0-state-backend
  Test:        wordcount
  Backend:     all
  Profile:     disabled
  Offline:     true
  Expect TMs:  2
  Expect slots:8
  GitCommit:   99987dbbada2c6d9446fb486393af35eeb1a7d34
  Date:        2026-07-10 01:44:30 +0800

[2/5] 按要求重启 Flink 集群
=== 停止 BriskState Flink Docker 集群 ===
flink-taskmanager-2
flink-taskmanager-1
flink-jobmanager
flink-net
已停止
=== 启动 BriskState Flink Docker 集群 ===
  FLINK_HOME: /home/shuhao/flink-1.20.3
  NATIVE:     /home/shuhao/flink-1.20.3/native
  CONF:       /home/shuhao/forL0-state-backend/docker/conf
  Docker:     sudo -n docker
  JM memory:  8g
  TM memory:  16g
  libnuma:    /lib/aarch64-linux-gnu/libnuma.so.1 -> /lib/aarch64-linux-gnu/libnuma.so.1

4517b109167f698d4ded7afdd738bf0cadfea9e12eb091e11ccbb7e98cbc3c25
[1/3] 启动 JobManager...
328a2b425b46e138566bdf46d1d7d3d507e363059350f0a1f9298817710fa084
      JobManager IP: 172.18.0.2
[2/3] 启动 TaskManager-1...
cbb0d7e6160f787f8f4118e74dd160c7a6ff203630790bb33049097b47e987e7
[3/3] 启动 TaskManager-2...
8c82e966de96ab0e4e04bf3265fc402bef1b85544a8c196992f67c16bcec1159

等待 JobManager 就绪...
....
=== 集群启动成功! ===
  Web UI: http://localhost:8081
  TaskManagers: 2
  Slots:        8

  查看 TaskManager 日志: /home/shuhao/forL0-state-backend/docker/docker_run.sh logs tm1
  提交作业:     /home/shuhao/flink-1.20.3/bin/flink run -m localhost:8081 -c <MainClass> <jar>
      ✓ Flink 集群健康:
TASKMANAGERS=2
SLOTS_TOTAL=8
SLOTS_AVAILABLE=8
JOBS_RUNNING=0
TM 172.18.0.3:46735-18a439 slots=4 free=4 heartbeatMs=0
TM 172.18.0.4:38987-fbab6b slots=4 free=4 heartbeatMs=0
[3/5] 复用已有 benchmark Python 虚拟环境
      ✓ benchmark Python 依赖已满足
[4/5] 开始运行 benchmark/scripts/run_benchmark.py
Command: /home/shuhao/forL0-state-backend/.venv-benchmark/bin/python /home/shuhao/forL0-state-backend/benchmark/scripts/run_benchmark.py --test wordcount --backend all --scenario stateful_counter
============================================================
ForL0 StateBackend Benchmark
============================================================
Test: wordcount
Backends: hashmap, forl0
WordCount Scenario: stateful_counter
============================================================

============================================================
Running WordCount Benchmark
============================================================

=== Running WordCount Benchmark (hashmap backend) ===

Flink cluster: http://localhost:8081
Command: /home/shuhao/flink-1.20.3/bin/flink run -Dstate.backend.type=org.apache.flink.runtime.state.hashmap.HashMapStateBackendFactory /home/shuhao/forL0-state-backend/benchmark/wordcount/target/wordcount-benchmark-1.0-SNAPSHOT.jar --numKeys 2000000 --numRecords 2000000000 --arrivalRate 0 --skewFactor 0 --workloadMode stateful_counter --keyType long --windowSize 5 --slideSize 200 --parallelism 8 --checkpointInterval 0 --backend hashmap

=== WordCount Benchmark (Long keys) ===
workloadMode: stateful_counter
keyType: long
numKeys: 2000000
numRecords: 2000000000
parallelism: 8
Job has been submitted with JobID 51f5dc998c9c1c5d55f9dd5801cafec7
Program execution finished
Job with JobID 51f5dc998c9c1c5d55f9dd5801cafec7 has finished.
Job Runtime: 503931 ms


Result saved to: /home/shuhao/forL0-state-backend/benchmark/results/raw/wordcount_hashmap_20260710_015313.json

=== Running WordCount Benchmark (forl0 backend) ===

Flink cluster: http://localhost:8081
Command: /home/shuhao/flink-1.20.3/bin/flink run -Dstate.backend.type=org.apache.flink.state.forl0.ForL0StateBackendFactory -Dstate.backend.forl0.initial-table-capacity=512 -Dstate.backend.forl0.max-table-capacity=4096 -Dstate.backend.forl0.l0-cache.enabled=true -Dstate.backend.forl0.l0-cache.size=96mb -Dstate.backend.forl0.main-table.load-factor-threshold=0.8 -DforL0.metricsCollector.enabled=true /home/shuhao/forL0-state-backend/benchmark/wordcount/target/wordcount-benchmark-1.0-SNAPSHOT.jar --numKeys 2000000 --numRecords 2000000000 --arrivalRate 0 --skewFactor 0 --workloadMode stateful_counter --keyType long --windowSize 5 --slideSize 200 --parallelism 8 --checkpointInterval 0 --backend forl0

=== WordCount Benchmark (Long keys) ===
workloadMode: stateful_counter
keyType: long
numKeys: 2000000
numRecords: 2000000000
parallelism: 8
Job has been submitted with JobID 1ea0358aecdd8cf5e1647f0bb85d5fe6
Program execution finished
Job with JobID 1ea0358aecdd8cf5e1647f0bb85d5fe6 has finished.
Job Runtime: 412076 ms


Result saved to: /home/shuhao/forL0-state-backend/benchmark/results/raw/wordcount_forl0_20260710_020009.json

======================================================================
                    BENCHMARK SUMMARY
======================================================================

## Unit Test Benchmark
--------------------------------------------------

## WordCount Benchmark
--------------------------------------------------
hashmap             :         496,100 records/s/core
forl0               :         606,684 records/s/core
Improvement         :            22.3%
Status: ✗ FAIL (< 60% improvement)

## Client Usecase Benchmark
--------------------------------------------------

======================================================================

Next steps:
  1. Review raw results in: benchmark/results/raw/
  2. Generate report: python scripts/generate_report.py
  3. View report in: benchmark/results/reports/

==> Ascend reproduction W03: wordcount_high_cardinality
Command: /home/shuhao/forL0-state-backend/docker/run_all_apps.sh --offline --test wordcount --scenario high_cardinality --backend all --no-profile --no-report --expected-taskmanagers 2 --expected-slots 8 --restart-cluster
============================================================
  ForL0 benchmark run context
============================================================
  Repo:        /home/shuhao/forL0-state-backend
  Test:        wordcount
  Backend:     all
  Profile:     disabled
  Offline:     true
  Expect TMs:  2
  Expect slots:8
  GitCommit:   99987dbbada2c6d9446fb486393af35eeb1a7d34
  Date:        2026-07-10 02:00:09 +0800

[2/5] 按要求重启 Flink 集群
=== 停止 BriskState Flink Docker 集群 ===
flink-taskmanager-2
flink-taskmanager-1
flink-jobmanager
flink-net
已停止
=== 启动 BriskState Flink Docker 集群 ===
  FLINK_HOME: /home/shuhao/flink-1.20.3
  NATIVE:     /home/shuhao/flink-1.20.3/native
  CONF:       /home/shuhao/forL0-state-backend/docker/conf
  Docker:     sudo -n docker
  JM memory:  8g
  TM memory:  16g
  libnuma:    /lib/aarch64-linux-gnu/libnuma.so.1 -> /lib/aarch64-linux-gnu/libnuma.so.1

e7871ea7f57785de94e667accb1a269cbcc426d6cf99c64d99d96b73456e1480
[1/3] 启动 JobManager...
372257b4c4ff4681714b88a8de685afaef08d40bcc95398af1c23bd33b33079b
      JobManager IP: 172.18.0.2
[2/3] 启动 TaskManager-1...
647594271c2c4b09c7157bcd00761ce3920e83a04ad4cd058ec20b7f036617db
[3/3] 启动 TaskManager-2...
b944301341d4539e36498fb541adbd41a8993d7a0ffa6877cc253c967af471a8

等待 JobManager 就绪...
....
=== 集群启动成功! ===
  Web UI: http://localhost:8081
  TaskManagers: 2
  Slots:        8

  查看 TaskManager 日志: /home/shuhao/forL0-state-backend/docker/docker_run.sh logs tm1
  提交作业:     /home/shuhao/flink-1.20.3/bin/flink run -m localhost:8081 -c <MainClass> <jar>
      ✓ Flink 集群健康:
TASKMANAGERS=2
SLOTS_TOTAL=8
SLOTS_AVAILABLE=8
JOBS_RUNNING=0
TM 172.18.0.4:32775-f76948 slots=4 free=4 heartbeatMs=0
TM 172.18.0.3:46233-c5f0b4 slots=4 free=4 heartbeatMs=0
[3/5] 复用已有 benchmark Python 虚拟环境
      ✓ benchmark Python 依赖已满足
[4/5] 开始运行 benchmark/scripts/run_benchmark.py
Command: /home/shuhao/forL0-state-backend/.venv-benchmark/bin/python /home/shuhao/forL0-state-backend/benchmark/scripts/run_benchmark.py --test wordcount --backend all --scenario high_cardinality
============================================================
ForL0 StateBackend Benchmark
============================================================
Test: wordcount
Backends: hashmap, forl0
WordCount Scenario: high_cardinality
============================================================

============================================================
Running WordCount Benchmark
============================================================

=== Running WordCount Benchmark (hashmap backend) ===

Flink cluster: http://localhost:8081
Command: /home/shuhao/flink-1.20.3/bin/flink run -Dstate.backend.type=org.apache.flink.runtime.state.hashmap.HashMapStateBackendFactory /home/shuhao/forL0-state-backend/benchmark/wordcount/target/wordcount-benchmark-1.0-SNAPSHOT.jar --numKeys 10000000 --numRecords 2000000000 --arrivalRate 0 --skewFactor 0 --workloadMode stateful_counter --keyType long --windowSize 5 --slideSize 200 --parallelism 8 --checkpointInterval 0 --backend hashmap

=== WordCount Benchmark (Long keys) ===
workloadMode: stateful_counter
keyType: long
numKeys: 10000000
numRecords: 2000000000
parallelism: 8
Job has been submitted with JobID 31449bc2ec63fff8cd4180dda6e02b2e
Program execution finished
Job with JobID 31449bc2ec63fff8cd4180dda6e02b2e has finished.
Job Runtime: 362859 ms


Result saved to: /home/shuhao/forL0-state-backend/benchmark/results/raw/wordcount_hashmap_20260710_020631.json

=== Running WordCount Benchmark (forl0 backend) ===

Flink cluster: http://localhost:8081
Command: /home/shuhao/flink-1.20.3/bin/flink run -Dstate.backend.type=org.apache.flink.state.forl0.ForL0StateBackendFactory -Dstate.backend.forl0.initial-table-capacity=512 -Dstate.backend.forl0.max-table-capacity=4096 -Dstate.backend.forl0.l0-cache.enabled=true -Dstate.backend.forl0.l0-cache.size=96mb -Dstate.backend.forl0.main-table.load-factor-threshold=0.8 -DforL0.metricsCollector.enabled=true /home/shuhao/forL0-state-backend/benchmark/wordcount/target/wordcount-benchmark-1.0-SNAPSHOT.jar --numKeys 10000000 --numRecords 2000000000 --arrivalRate 0 --skewFactor 0 --workloadMode stateful_counter --keyType long --windowSize 5 --slideSize 200 --parallelism 8 --checkpointInterval 0 --backend forl0

=== WordCount Benchmark (Long keys) ===
workloadMode: stateful_counter
keyType: long
numKeys: 10000000
numRecords: 2000000000
parallelism: 8
Job has been submitted with JobID 77f8287a22c8eb7292c98570659f8e67
Program execution finished
Job with JobID 77f8287a22c8eb7292c98570659f8e67 has finished.
Job Runtime: 437820 ms


Result saved to: /home/shuhao/forL0-state-backend/benchmark/results/raw/wordcount_forl0_20260710_021354.json

======================================================================
                    BENCHMARK SUMMARY
======================================================================

## Unit Test Benchmark
--------------------------------------------------

## WordCount Benchmark
--------------------------------------------------
hashmap             :         688,973 records/s/core
forl0               :         571,011 records/s/core
Improvement         :           -17.1%
Status: ✗ FAIL (< 60% improvement)

## Client Usecase Benchmark
--------------------------------------------------

======================================================================

Next steps:
  1. Review raw results in: benchmark/results/raw/
  2. Generate report: python scripts/generate_report.py
  3. View report in: benchmark/results/reports/

==> Ascend reproduction N01: nexmark_contract_baseline
Command: /home/shuhao/forL0-state-backend/docker/run_all_apps.sh --offline --test nexmark --scenario contract_baseline --query q4,q5,q8,q9,q11,q18,q19,q20 --backend all --no-profile --no-report --expected-taskmanagers 2 --expected-slots 8 --restart-cluster
============================================================
  ForL0 benchmark run context
============================================================
  Repo:        /home/shuhao/forL0-state-backend
  Test:        nexmark
  Backend:     all
  Profile:     disabled
  Offline:     true
  Expect TMs:  2
  Expect slots:8
  GitCommit:   99987dbbada2c6d9446fb486393af35eeb1a7d34
  Date:        2026-07-10 02:13:54 +0800

[2/5] 按要求重启 Flink 集群
=== 停止 BriskState Flink Docker 集群 ===
flink-taskmanager-2
flink-taskmanager-1
flink-jobmanager
flink-net
已停止
=== 启动 BriskState Flink Docker 集群 ===
  FLINK_HOME: /home/shuhao/flink-1.20.3
  NATIVE:     /home/shuhao/flink-1.20.3/native
  CONF:       /home/shuhao/forL0-state-backend/docker/conf
  Docker:     sudo -n docker
  JM memory:  8g
  TM memory:  16g
  libnuma:    /lib/aarch64-linux-gnu/libnuma.so.1 -> /lib/aarch64-linux-gnu/libnuma.so.1

0b0a46f333a728061ee013dd9824a42077fec68793057f11cc5fe42cda305712
[1/3] 启动 JobManager...
3b529e15243675e20f4ed077e7fa79982567a9a44e5cfd1c361d8f6ff7e6c53f
      JobManager IP: 172.18.0.2
[2/3] 启动 TaskManager-1...
5345d60b455f2c3a73aea7b4811c9a4414e54ec47ec5974d30fc07499a93e4d1
[3/3] 启动 TaskManager-2...
337b9327543ee41db57d796fc63be643b911492f15f63abf2436d2e51a2c79ca

等待 JobManager 就绪...
....
=== 集群启动成功! ===
  Web UI: http://localhost:8081
  TaskManagers: 2
  Slots:        8

  查看 TaskManager 日志: /home/shuhao/forL0-state-backend/docker/docker_run.sh logs tm1
  提交作业:     /home/shuhao/flink-1.20.3/bin/flink run -m localhost:8081 -c <MainClass> <jar>
      ✓ Flink 集群健康:
TASKMANAGERS=2
SLOTS_TOTAL=8
SLOTS_AVAILABLE=8
JOBS_RUNNING=0
TM 172.18.0.3:45845-7bbfc2 slots=4 free=4 heartbeatMs=0
TM 172.18.0.4:39005-d93999 slots=4 free=4 heartbeatMs=0
[3/5] 复用已有 benchmark Python 虚拟环境
      ✓ benchmark Python 依赖已满足
[4/5] 开始运行 benchmark/scripts/run_benchmark.py
Command: /home/shuhao/forL0-state-backend/.venv-benchmark/bin/python /home/shuhao/forL0-state-backend/benchmark/scripts/run_benchmark.py --test nexmark --backend all --scenario contract_baseline --query q4,q5,q8,q9,q11,q18,q19,q20
[NexMark] Scenario: contract_baseline — Contract rule: all stateful queries with checkpointing (10 s interval)
============================================================
ForL0 StateBackend Benchmark
============================================================
Test: nexmark
Backends: hashmap, forl0
NexMark Queries: q4,q5,q8,q9,q11,q18,q19,q20
NexMark Scenario: contract_baseline
============================================================

============================================================
Running NexMark Benchmark
============================================================

============================================================
Nexmark DataStream Benchmark
============================================================
Queries: ['q4', 'q5', 'q8', 'q9', 'q11', 'q18', 'q19', 'q20']
Backends: ['hashmap', 'forl0']
Repeat per query: 1
Min successful samples: 1
Mode: benchmark
============================================================


============================================================
Backend: hashmap
============================================================

=== Running Nexmark Q4 (hashmap backend) ===
Events: 80,000,000, TPS: unlimited
Proportions: Person(1):Auction(3):Bid(46)
Command: java -Dlog.file=/home/shuhao/forL0-state-backend/docker/deploy/nexmark-flink/log/nexmark-flink.log -Dlog4j.configuration=file:/tmp/nexmark-conf-e8y2b9wl/log4j.properties -Dlog4j.configurationFile=file:/tmp/nexmark-conf-e8y2b9wl/log4j.properties -Dstate.backend.type=org.apache.flink.runtime.state.hashmap.HashMapStateBackendFactory -cp /home/shuhao/forL0-state-backend/docker/deploy/nexmark-flink/lib/*:/home/shuhao/flink-1.20.3/lib/* com.github.nexmark.flink.Benchmark --location /home/shuhao/forL0-state-backend/docker/deploy/nexmark-flink --queries q4 --category oa

Benchmark Queries: [q4]
==================================================================
Start to run query q4 with workload [tps=0, eventsNum=80 M, percentage=bid:46,auction:3,person:1,kafkaServers:null]
Monitor metrics after 10 seconds.
Start to monitor metrics until job is finished.
Monitor TPS metric: vertex=sink, metric=GlobalGroupAggregate[20].numRecordsInPerSecond
Current Cores=0.2 (2 TMs)
Current Cores=0.02 (2 TMs)
Current Cores=0.02 (2 TMs)
Current Cores=0.03 (2 TMs)
Current Cores=0.04 (2 TMs)
Current Cores=0.03 (2 TMs)
Current Cores=0.04 (2 TMs)
Current Cores=0.03 (2 TMs)
Current Cores=0.03 (2 TMs)
Current Cores=0.02 (2 TMs)
Current Cores=0.02 (2 TMs)
Current Cores=0.04 (2 TMs)
Current Cores=0.07 (2 TMs)
Current Cores=0.02 (2 TMs)
Current Cores=0.02 (2 TMs)
Current Cores=0.03 (2 TMs)
Current Cores=0.09 (2 TMs)
Current Cores=0.02 (2 TMs)
Current Cores=0.02 (2 TMs)
Current Cores=0.03 (2 TMs)
Current Cores=0.03 (2 TMs)
Current Cores=0.03 (2 TMs)
Current Cores=0.02 (2 TMs)
Current Cores=0.05 (2 TMs)
Current Cores=0.03 (2 TMs)
Current Cores=0.03 (2 TMs)
Current Cores=0.03 (2 TMs)
Current Cores=0.03 (2 TMs)
Current Cores=0.02 (2 TMs)
Current Cores=0.02 (2 TMs)
Current Cores=0.01 (2 TMs)
Current Cores=0.02 (2 TMs)
Current Cores=0.02 (2 TMs)
Current Cores=0.02 (2 TMs)
Current Cores=0.02 (2 TMs)
Current Cores=0.04 (2 TMs)
Current Cores=0.02 (2 TMs)
Current Cores=0.02 (2 TMs)
Current Cores=0.02 (2 TMs)
Current Cores=0.02 (2 TMs)
Current Cores=0.03 (2 TMs)
Current Cores=0.03 (2 TMs)
Current Cores=0.02 (2 TMs)
Current Cores=0.03 (2 TMs)
Current Cores=0.02 (2 TMs)
Current Cores=0.03 (2 TMs)
Current Cores=0.01 (2 TMs)
Current Cores=0.02 (2 TMs)
Current Cores=0.02 (2 TMs)
Current Cores=0.02 (2 TMs)
Current Cores=0.02 (2 TMs)
Current Cores=0.03 (2 TMs)
Current Cores=0.03 (2 TMs)
Current Cores=0.02 (2 TMs)
Current Cores=0.02 (2 TMs)
Current Cores=0.02 (2 TMs)
Current Cores=0.01 (2 TMs)
Current Cores=0.02 (2 TMs)
Current Cores=0.01 (2 TMs)
Current Cores=0.02 (2 TMs)
Current Cores=0.02 (2 TMs)
Current Cores=0.02 (2 TMs)
Current Cores=0.03 (2 TMs)
Current Cores=0.02 (2 TMs)
Current Cores=0.01 (2 TMs)
Current Cores=0.02 (2 TMs)
Current Cores=0.02 (2 TMs)
Current Cores=0.01 (2 TMs)
Current Cores=0.02 (2 TMs)
Current Cores=0.02 (2 TMs)
Current Cores=0.01 (2 TMs)
Current Cores=0.01 (2 TMs)
Current Cores=0.01 (2 TMs)
Current Cores=0.03 (2 TMs)
Current Cores=0.01 (2 TMs)
Current Cores=0.02 (2 TMs)
Current Cores=0.01 (2 TMs)
Current Cores=0.02 (2 TMs)
Current Cores=0.01 (2 TMs)
Current Cores=0.02 (2 TMs)
Current Cores=0.02 (2 TMs)
Current Cores=0.03 (2 TMs)
Current Cores=0.02 (2 TMs)
Current Cores=0.02 (2 TMs)
Current Cores=0.01 (2 TMs)
Current Cores=0.02 (2 TMs)
Current Cores=0.01 (2 TMs)
Current Cores=0.02 (2 TMs)
Current Cores=0.01 (2 TMs)
Current Cores=0.01 (2 TMs)
Current Cores=0.01 (2 TMs)
Current Cores=0.01 (2 TMs)
Current Cores=0.01 (2 TMs)
Current Cores=0.01 (2 TMs)
Current Cores=0.01 (2 TMs)
Current Cores=0.02 (2 TMs)
Current Cores=0.01 (2 TMs)
Current Cores=0.01 (2 TMs)
Current Cores=0.01 (2 TMs)
Current Cores=0.02 (2 TMs)
Current Cores=0.01 (2 TMs)
Current Cores=0.01 (2 TMs)
Current Cores=0.01 (2 TMs)
Current Cores=0.01 (2 TMs)
Current Cores=0.01 (2 TMs)
Current Cores=0.01 (2 TMs)
Current Cores=0.01 (2 TMs)
Current Cores=0.02 (2 TMs)
Current Cores=0.01 (2 TMs)
Current Cores=0.01 (2 TMs)
Current Cores=0.01 (2 TMs)
Current Cores=0.01 (2 TMs)
Current Cores=0.01 (2 TMs)
Current Cores=0.02 (2 TMs)
Current Cores=0.01 (2 TMs)
Current Cores=0.01 (2 TMs)
Current Cores=0.01 (2 TMs)
Current Cores=0.02 (2 TMs)
Summary Average: EventsNum=80,000,000, Cores=0.02, Time=601.777 s
Stop job query q4
-------------------------------- Nexmark Results --------------------------------

+------+-----------------+--------+----------+-----------------+--------------+-----------------+
| Query| Events Num      | Cores  | Time(s)  | Cores * Time(s) | Throughput   | Throughput/Cores|
+------+-----------------+--------+----------+-----------------+--------------+-----------------+
|q4    |80,000,000       |0.02    |601.777   |13.525           |132.94 K/s    |5.91 M/s         |
|Total |80,000,000       |0.022   |601.777   |13.525           |132.94 K/s    |5.91 M/s         |
+------+-----------------+--------+----------+-----------------+--------------+-----------------+



  Result: 132,940.00 events/sec
  Process wall-clock: 620.45s, 128,938.31 events/sec

=== Running Nexmark Q5 (hashmap backend) ===
Events: 80,000,000, TPS: unlimited
Proportions: Person(1):Auction(3):Bid(46)
Command: java -Dlog.file=/home/shuhao/forL0-state-backend/docker/deploy/nexmark-flink/log/nexmark-flink.log -Dlog4j.configuration=file:/tmp/nexmark-conf-md2xfx_e/log4j.properties -Dlog4j.configurationFile=file:/tmp/nexmark-conf-md2xfx_e/log4j.properties -Dstate.backend.type=org.apache.flink.runtime.state.hashmap.HashMapStateBackendFactory -cp /home/shuhao/forL0-state-backend/docker/deploy/nexmark-flink/lib/*:/home/shuhao/flink-1.20.3/lib/* com.github.nexmark.flink.Benchmark --location /home/shuhao/forL0-state-backend/docker/deploy/nexmark-flink --queries q5 --category oa

Benchmark Queries: [q5]
==================================================================
Start to run query q5 with workload [tps=0, eventsNum=80 M, percentage=bid:46,auction:3,person:1,kafkaServers:null]
Monitor metrics after 10 seconds.
Start to monitor metrics until job is finished.
Monitor TPS metric: vertex=sink, metric=nexmark_q5[17]__Writer.numRecordsInPerSecond
Current Cores=0.01 (2 TMs)
Current Cores=0.03 (2 TMs)
Current Cores=0.01 (2 TMs)
Current Cores=0.05 (2 TMs)
Current Cores=0.01 (2 TMs)
Current Cores=0.04 (2 TMs)
Current Cores=0.01 (2 TMs)
Current Cores=0.03 (2 TMs)
Current Cores=0.01 (2 TMs)
Current Cores=0.02 (2 TMs)
Current Cores=0.01 (2 TMs)
Current Cores=0.02 (2 TMs)
Current Cores=0.01 (2 TMs)
Current Cores=0.02 (2 TMs)
Current Cores=0.01 (2 TMs)
Current Cores=0.08 (2 TMs)
Current Cores=0.01 (2 TMs)
Current Cores=0.02 (2 TMs)
Current Cores=0.01 (2 TMs)
Current Cores=0.02 (2 TMs)
Current Cores=0.01 (2 TMs)
Current Cores=0.02 (2 TMs)
Current Cores=0.01 (2 TMs)
Current Cores=0.02 (2 TMs)
Current Cores=0 (2 TMs)
Current Cores=0.01 (2 TMs)
Current Cores=0.01 (2 TMs)
Current Cores=0.01 (2 TMs)
Current Cores=0.01 (2 TMs)
Current Cores=0.01 (2 TMs)
Current Cores=0.01 (2 TMs)
Current Cores=0.01 (2 TMs)
Current Cores=0.01 (2 TMs)
Current Cores=0.02 (2 TMs)
Current Cores=0.01 (2 TMs)
Current Cores=0.02 (2 TMs)
Current Cores=0 (2 TMs)
Current Cores=0.02 (2 TMs)
Current Cores=0.01 (2 TMs)
Current Cores=0.01 (2 TMs)
Current Cores=0.01 (2 TMs)
Current Cores=0.1 (2 TMs)
Current Cores=0.01 (2 TMs)
Current Cores=0.02 (2 TMs)
Current Cores=0.01 (2 TMs)
Current Cores=0.02 (2 TMs)
Current Cores=0.01 (2 TMs)
Current Cores=0.02 (2 TMs)
Current Cores=0.01 (2 TMs)
Current Cores=0.03 (2 TMs)
Current Cores=0.01 (2 TMs)
Current Cores=0.02 (2 TMs)
Current Cores=0.02 (2 TMs)
Current Cores=0.02 (2 TMs)
Current Cores=0.01 (2 TMs)
Current Cores=0.02 (2 TMs)
Current Cores=0 (2 TMs)
Current Cores=0.02 (2 TMs)
Current Cores=0.01 (2 TMs)
Current Cores=0.02 (2 TMs)
Current Cores=0.01 (2 TMs)
Current Cores=0.02 (2 TMs)
Current Cores=0.01 (2 TMs)
Current Cores=0.01 (2 TMs)
Current Cores=0.01 (2 TMs)
Current Cores=0.02 (2 TMs)
Current Cores=0.01 (2 TMs)
Current Cores=0.02 (2 TMs)
Current Cores=0.01 (2 TMs)
Current Cores=0.01 (2 TMs)
Current Cores=0.01 (2 TMs)
Current Cores=0.02 (2 TMs)
Current Cores=0 (2 TMs)
Current Cores=0.01 (2 TMs)
Current Cores=0.01 (2 TMs)
Current Cores=0.02 (2 TMs)
Current Cores=0.01 (2 TMs)
Current Cores=0.02 (2 TMs)
Current Cores=0.01 (2 TMs)
Current Cores=0.01 (2 TMs)
Current Cores=0.01 (2 TMs)
Current Cores=0.02 (2 TMs)
Current Cores=0.01 (2 TMs)
Current Cores=0.01 (2 TMs)
Current Cores=0.01 (2 TMs)
Current Cores=0.02 (2 TMs)
Current Cores=0 (2 TMs)
Current Cores=0.01 (2 TMs)
Current Cores=0 (2 TMs)
Current Cores=0.01 (2 TMs)
Current Cores=0.01 (2 TMs)
Current Cores=0.01 (2 TMs)
Current Cores=0.01 (2 TMs)
Current Cores=0.01 (2 TMs)
Current Cores=0.01 (2 TMs)
Current Cores=0.01 (2 TMs)
Current Cores=0.01 (2 TMs)
Current Cores=0.01 (2 TMs)
Current Cores=0.01 (2 TMs)
Current Cores=0.02 (2 TMs)
Current Cores=0.01 (2 TMs)
Current Cores=0.02 (2 TMs)
Current Cores=0.01 (2 TMs)
Current Cores=0.02 (2 TMs)
Current Cores=0.01 (2 TMs)
Current Cores=0.01 (2 TMs)
Current Cores=0 (2 TMs)
Current Cores=0.01 (2 TMs)
Current Cores=0.01 (2 TMs)
Current Cores=0.02 (2 TMs)
Current Cores=0 (2 TMs)
Current Cores=0.02 (2 TMs)
Current Cores=0 (2 TMs)
Current Cores=0.02 (2 TMs)
Current Cores=0 (2 TMs)
Current Cores=0.01 (2 TMs)
Current Cores=0.01 (2 TMs)
Current Cores=0.02 (2 TMs)
Current Cores=0.01 (2 TMs)
Current Cores=0.01 (2 TMs)
Summary Average: EventsNum=80,000,000, Cores=0.01, Time=607.207 s
Stop job query q5
-------------------------------- Nexmark Results --------------------------------

+------+-----------------+--------+----------+-----------------+--------------+-----------------+
| Query| Events Num      | Cores  | Time(s)  | Cores * Time(s) | Throughput   | Throughput/Cores|
+------+-----------------+--------+----------+-----------------+--------------+-----------------+
|q5    |80,000,000       |0.01    |607.207   |8.348            |131.75 K/s    |9.58 M/s         |
|Total |80,000,000       |0.014   |607.207   |8.348            |131.75 K/s    |9.58 M/s         |
+------+-----------------+--------+----------+-----------------+--------------+-----------------+



  Result: 131,750.00 events/sec
  Process wall-clock: 625.42s, 127,913.43 events/sec

=== Running Nexmark Q8 (hashmap backend) ===
Events: 100,000,000, TPS: unlimited
Proportions: Person(1):Auction(3):Bid(46)
Command: java -Dlog.file=/home/shuhao/forL0-state-backend/docker/deploy/nexmark-flink/log/nexmark-flink.log -Dlog4j.configuration=file:/tmp/nexmark-conf-se18m1gg/log4j.properties -Dlog4j.configurationFile=file:/tmp/nexmark-conf-se18m1gg/log4j.properties -Dstate.backend.type=org.apache.flink.runtime.state.hashmap.HashMapStateBackendFactory -cp /home/shuhao/forL0-state-backend/docker/deploy/nexmark-flink/lib/*:/home/shuhao/flink-1.20.3/lib/* com.github.nexmark.flink.Benchmark --location /home/shuhao/forL0-state-backend/docker/deploy/nexmark-flink --queries q8 --category oa

Benchmark Queries: [q8]
==================================================================
Start to run query q8 with workload [tps=0, eventsNum=100 M, percentage=bid:46,auction:3,person:1,kafkaServers:null]
Monitor metrics after 10 seconds.
Start to monitor metrics until job is finished.
Monitor TPS metric: vertex=sink, metric=Calc[19].numRecordsInPerSecond
Current Cores=0.01 (2 TMs)
Current Cores=0.01 (2 TMs)
Current Cores=0.01 (2 TMs)
Current Cores=0.02 (2 TMs)
Current Cores=0.01 (2 TMs)
Current Cores=0.02 (2 TMs)
Current Cores=0.01 (2 TMs)
Current Cores=0.02 (2 TMs)
Current Cores=0.01 (2 TMs)
Current Cores=0.03 (2 TMs)
Current Cores=0.01 (2 TMs)
Current Cores=0.02 (2 TMs)
Current Cores=0.01 (2 TMs)
Current Cores=0.02 (2 TMs)
Current Cores=0.01 (2 TMs)
Current Cores=0.02 (2 TMs)
Current Cores=0.01 (2 TMs)
Current Cores=0.02 (2 TMs)
Current Cores=0.01 (2 TMs)
Current Cores=0.02 (2 TMs)
Current Cores=0.03 (2 TMs)
Current Cores=0.01 (2 TMs)
Current Cores=0.01 (2 TMs)
Current Cores=0.01 (2 TMs)
Current Cores=0.01 (2 TMs)
Current Cores=0.01 (2 TMs)
Current Cores=0.01 (2 TMs)
Current Cores=0.04 (2 TMs)
Current Cores=0.01 (2 TMs)
Current Cores=0.01 (2 TMs)
Current Cores=0.01 (2 TMs)
Current Cores=0.02 (2 TMs)
Current Cores=0.08 (2 TMs)
Current Cores=0.01 (2 TMs)
Current Cores=0.01 (2 TMs)
Current Cores=0.01 (2 TMs)
Current Cores=0.01 (2 TMs)
Current Cores=0.02 (2 TMs)
Current Cores=0.01 (2 TMs)
Current Cores=0.08 (2 TMs)
Current Cores=0.01 (2 TMs)
Current Cores=0.01 (2 TMs)
Current Cores=0.01 (2 TMs)
Current Cores=0.01 (2 TMs)
Current Cores=0.01 (2 TMs)
Current Cores=0.01 (2 TMs)
Current Cores=0.01 (2 TMs)
Current Cores=0.01 (2 TMs)
Current Cores=0.01 (2 TMs)
Current Cores=0.01 (2 TMs)
Current Cores=0 (2 TMs)
Current Cores=0.01 (2 TMs)
Current Cores=0.01 (2 TMs)
Current Cores=0.02 (2 TMs)
Current Cores=0.01 (2 TMs)
Current Cores=0.02 (2 TMs)
Current Cores=0.01 (2 TMs)
Current Cores=0.01 (2 TMs)
Current Cores=0.09 (2 TMs)
Current Cores=0.01 (2 TMs)
Current Cores=0.01 (2 TMs)
Current Cores=0.01 (2 TMs)
Current Cores=0.01 (2 TMs)
Current Cores=0.01 (2 TMs)
Current Cores=0.01 (2 TMs)
Current Cores=0.01 (2 TMs)
Current Cores=0.01 (2 TMs)
Current Cores=0.01 (2 TMs)
Current Cores=0.01 (2 TMs)
Current Cores=0.01 (2 TMs)
Current Cores=0.01 (2 TMs)
Current Cores=0.01 (2 TMs)
Current Cores=0.01 (2 TMs)
Current Cores=0.01 (2 TMs)
Current Cores=0.01 (2 TMs)
Current Cores=0.01 (2 TMs)
Current Cores=0.01 (2 TMs)
Current Cores=0.02 (2 TMs)
Current Cores=0.01 (2 TMs)
Current Cores=0.01 (2 TMs)
Current Cores=0.01 (2 TMs)
Current Cores=0.01 (2 TMs)
Current Cores=0.01 (2 TMs)
Current Cores=0.01 (2 TMs)
Current Cores=0.01 (2 TMs)
Current Cores=0.01 (2 TMs)
Current Cores=0.01 (2 TMs)
Current Cores=0.01 (2 TMs)
Current Cores=0.01 (2 TMs)
Current Cores=0.01 (2 TMs)
Current Cores=0.01 (2 TMs)
Current Cores=0.01 (2 TMs)
Current Cores=0.01 (2 TMs)
Current Cores=0.01 (2 TMs)
Current Cores=0.01 (2 TMs)
Current Cores=0.01 (2 TMs)
Current Cores=0.01 (2 TMs)
Current Cores=0.01 (2 TMs)
Current Cores=0.01 (2 TMs)
Current Cores=0.01 (2 TMs)
Current Cores=0.01 (2 TMs)
Current Cores=0.01 (2 TMs)
Current Cores=0.01 (2 TMs)
Current Cores=0.01 (2 TMs)
Current Cores=0.01 (2 TMs)
Current Cores=0.01 (2 TMs)
Current Cores=0.01 (2 TMs)
Current Cores=0.01 (2 TMs)
Current Cores=0.01 (2 TMs)
Current Cores=0.01 (2 TMs)
Current Cores=0.01 (2 TMs)
Current Cores=0.01 (2 TMs)
Current Cores=0.01 (2 TMs)
Current Cores=0.01 (2 TMs)
Current Cores=0.01 (2 TMs)
Current Cores=0.01 (2 TMs)
Current Cores=0.01 (2 TMs)
Current Cores=0.01 (2 TMs)
Current Cores=0.01 (2 TMs)
Summary Average: EventsNum=100,000,000, Cores=0.01, Time=603.554 s
Stop job query q8
-------------------------------- Nexmark Results --------------------------------

+------+-----------------+--------+----------+-----------------+--------------+-----------------+
| Query| Events Num      | Cores  | Time(s)  | Cores * Time(s) | Throughput   | Throughput/Cores|
+------+-----------------+--------+----------+-----------------+--------------+-----------------+
|q8    |100,000,000      |0.01    |603.554   |7.882            |165.69 K/s    |12.69 M/s        |
|Total |100,000,000      |0.013   |603.554   |7.882            |165.69 K/s    |12.69 M/s        |
+------+-----------------+--------+----------+-----------------+--------------+-----------------+



  Result: 165,690.00 events/sec
  Process wall-clock: 620.36s, 161,197.84 events/sec

=== Running Nexmark Q9 (hashmap backend) ===
Events: 40,000,000, TPS: unlimited
Proportions: Person(1):Auction(3):Bid(46)
Command: java -Dlog.file=/home/shuhao/forL0-state-backend/docker/deploy/nexmark-flink/log/nexmark-flink.log -Dlog4j.configuration=file:/tmp/nexmark-conf-8dnaxzzh/log4j.properties -Dlog4j.configurationFile=file:/tmp/nexmark-conf-8dnaxzzh/log4j.properties -Dstate.backend.type=org.apache.flink.runtime.state.hashmap.HashMapStateBackendFactory -cp /home/shuhao/forL0-state-backend/docker/deploy/nexmark-flink/lib/*:/home/shuhao/flink-1.20.3/lib/* com.github.nexmark.flink.Benchmark --location /home/shuhao/forL0-state-backend/docker/deploy/nexmark-flink --queries q9 --category oa

Benchmark Queries: [q9]
==================================================================
Start to run query q9 with workload [tps=0, eventsNum=40 M, percentage=bid:46,auction:3,person:1,kafkaServers:null]
Monitor metrics after 10 seconds.
Start to monitor metrics until job is finished.
Monitor TPS metric: vertex=sink, metric=nexmark_q9[16]__Writer.numRecordsInPerSecond
Current Cores=0.01 (2 TMs)
Current Cores=0.02 (2 TMs)
Current Cores=0.01 (2 TMs)
Current Cores=0.01 (2 TMs)
Current Cores=0.01 (2 TMs)
Current Cores=0.01 (2 TMs)
Current Cores=0.01 (2 TMs)
Current Cores=0.02 (2 TMs)
Current Cores=0.01 (2 TMs)
Current Cores=0.01 (2 TMs)
Current Cores=0.01 (2 TMs)
Current Cores=0.02 (2 TMs)
Current Cores=0.01 (2 TMs)
Current Cores=0.01 (2 TMs)
Current Cores=0.01 (2 TMs)
Current Cores=0.01 (2 TMs)
Current Cores=0.01 (2 TMs)
Current Cores=0.01 (2 TMs)
Current Cores=0.08 (2 TMs)
Current Cores=0.01 (2 TMs)
Current Cores=0.01 (2 TMs)
Current Cores=0.01 (2 TMs)
Current Cores=0.01 (2 TMs)
Current Cores=0.01 (2 TMs)
Current Cores=0.01 (2 TMs)
Current Cores=0.01 (2 TMs)
Current Cores=0.01 (2 TMs)
Current Cores=0.01 (2 TMs)
Current Cores=0.01 (2 TMs)
Current Cores=0.01 (2 TMs)
Current Cores=0.01 (2 TMs)
Current Cores=0.02 (2 TMs)
Current Cores=0.01 (2 TMs)
Current Cores=0.01 (2 TMs)
Current Cores=0 (2 TMs)
Current Cores=0.01 (2 TMs)
Current Cores=0.01 (2 TMs)
Current Cores=0.02 (2 TMs)
Current Cores=0.01 (2 TMs)
Current Cores=0.04 (2 TMs)
Current Cores=0.01 (2 TMs)
Current Cores=0.01 (2 TMs)
Current Cores=0.01 (2 TMs)
Current Cores=0.01 (2 TMs)
Current Cores=0.01 (2 TMs)
Current Cores=0.01 (2 TMs)
Current Cores=0.01 (2 TMs)
Current Cores=0.01 (2 TMs)
Current Cores=0.01 (2 TMs)
Current Cores=0.04 (2 TMs)
Current Cores=0.01 (2 TMs)
Current Cores=0.01 (2 TMs)
Current Cores=0 (2 TMs)
Current Cores=0.04 (2 TMs)
Current Cores=0.01 (2 TMs)
Current Cores=0.02 (2 TMs)
Current Cores=0 (2 TMs)
Current Cores=0.01 (2 TMs)
Current Cores=0.01 (2 TMs)
Current Cores=0.03 (2 TMs)
Current Cores=0.01 (2 TMs)
Current Cores=0.01 (2 TMs)
Current Cores=0.01 (2 TMs)
Current Cores=0.01 (2 TMs)
Current Cores=0.01 (2 TMs)
Current Cores=0.02 (2 TMs)
Current Cores=0.01 (2 TMs)
Current Cores=0.01 (2 TMs)
Current Cores=0.01 (2 TMs)
Current Cores=0.02 (2 TMs)
Current Cores=0.01 (2 TMs)
Current Cores=0.05 (2 TMs)
Current Cores=0.01 (2 TMs)
Current Cores=0.01 (2 TMs)
Current Cores=0 (2 TMs)
Current Cores=0.01 (2 TMs)
Current Cores=0.01 (2 TMs)
Current Cores=0.01 (2 TMs)
Current Cores=0.01 (2 TMs)
Current Cores=0.08 (2 TMs)
Current Cores=0.01 (2 TMs)
Current Cores=0.01 (2 TMs)
Current Cores=0.01 (2 TMs)
Current Cores=0.01 (2 TMs)
Current Cores=0.01 (2 TMs)
Current Cores=0.01 (2 TMs)
Current Cores=0.01 (2 TMs)
Current Cores=0.01 (2 TMs)
Current Cores=0.01 (2 TMs)
Current Cores=0.01 (2 TMs)
Current Cores=0.01 (2 TMs)
Current Cores=0.01 (2 TMs)
Current Cores=0.01 (2 TMs)
Current Cores=0.01 (2 TMs)
Current Cores=0.01 (2 TMs)
Current Cores=0.01 (2 TMs)
Current Cores=0.01 (2 TMs)
Current Cores=0.01 (2 TMs)
Current Cores=0.01 (2 TMs)
Current Cores=0.01 (2 TMs)
Current Cores=0.05 (2 TMs)
Current Cores=0.01 (2 TMs)
Current Cores=0.01 (2 TMs)
Current Cores=0.01 (2 TMs)
Current Cores=0.01 (2 TMs)
Current Cores=0.01 (2 TMs)
Current Cores=0.01 (2 TMs)
Current Cores=0.01 (2 TMs)
Current Cores=0.01 (2 TMs)
Current Cores=0.01 (2 TMs)
Current Cores=0 (2 TMs)
Current Cores=0.01 (2 TMs)
Current Cores=0.01 (2 TMs)
Current Cores=0.01 (2 TMs)
Current Cores=0.01 (2 TMs)
Current Cores=0.01 (2 TMs)
Current Cores=0.01 (2 TMs)
Current Cores=0.02 (2 TMs)
Current Cores=0.01 (2 TMs)
Current Cores=0.02 (2 TMs)
Summary Average: EventsNum=40,000,000, Cores=0.01, Time=608.000 s
Stop job query q9
-------------------------------- Nexmark Results --------------------------------

+------+-----------------+--------+----------+-----------------+--------------+-----------------+
| Query| Events Num      | Cores  | Time(s)  | Cores * Time(s) | Throughput   | Throughput/Cores|
+------+-----------------+--------+----------+-----------------+--------------+-----------------+
|q9    |40,000,000       |0.01    |608.000   |7.580            |65.79 K/s     |5.28 M/s         |
|Total |40,000,000       |0.012   |608.000   |7.580            |65.79 K/s     |5.28 M/s         |
+------+-----------------+--------+----------+-----------------+--------------+-----------------+



  Result: 65,790.00 events/sec
  Process wall-clock: 625.30s, 63,969.16 events/sec

=== Running Nexmark Q11 (hashmap backend) ===
Events: 80,000,000, TPS: unlimited
Proportions: Person(1):Auction(3):Bid(46)
Command: java -Dlog.file=/home/shuhao/forL0-state-backend/docker/deploy/nexmark-flink/log/nexmark-flink.log -Dlog4j.configuration=file:/tmp/nexmark-conf-a5b4o5lx/log4j.properties -Dlog4j.configurationFile=file:/tmp/nexmark-conf-a5b4o5lx/log4j.properties -Dstate.backend.type=org.apache.flink.runtime.state.hashmap.HashMapStateBackendFactory -cp /home/shuhao/forL0-state-backend/docker/deploy/nexmark-flink/lib/*:/home/shuhao/flink-1.20.3/lib/* com.github.nexmark.flink.Benchmark --location /home/shuhao/forL0-state-backend/docker/deploy/nexmark-flink --queries q11 --category oa

Benchmark Queries: [q11]
==================================================================
Start to run query q11 with workload [tps=0, eventsNum=80 M, percentage=bid:46,auction:3,person:1,kafkaServers:null]
Monitor metrics after 10 seconds.
Start to monitor metrics until job is finished.
Monitor TPS metric: vertex=sink, metric=nexmark_q11[8]__Writer.numRecordsInPerSecond
Current Cores=0.01 (2 TMs)
Current Cores=0.01 (2 TMs)
Current Cores=0.01 (2 TMs)
Current Cores=0.01 (2 TMs)
Current Cores=0.01 (2 TMs)
Current Cores=0.01 (2 TMs)
Current Cores=0.01 (2 TMs)
Current Cores=0.01 (2 TMs)
Current Cores=0.02 (2 TMs)
Current Cores=0.02 (2 TMs)
Current Cores=0.01 (2 TMs)
Current Cores=0.01 (2 TMs)
Current Cores=0 (2 TMs)
Current Cores=0.01 (2 TMs)
Current Cores=0.01 (2 TMs)
Current Cores=0.01 (2 TMs)
Current Cores=0.01 (2 TMs)
Current Cores=0.01 (2 TMs)
Current Cores=0.01 (2 TMs)
Current Cores=0.01 (2 TMs)
Current Cores=0.01 (2 TMs)
Current Cores=0.02 (2 TMs)
Current Cores=0 (2 TMs)
Current Cores=0.04 (2 TMs)
Current Cores=0.01 (2 TMs)
Current Cores=0.01 (2 TMs)
Current Cores=0.01 (2 TMs)
Current Cores=0.01 (2 TMs)
Current Cores=0.01 (2 TMs)
Current Cores=0.01 (2 TMs)
Current Cores=0.01 (2 TMs)
Current Cores=0.02 (2 TMs)
Current Cores=0.01 (2 TMs)
Current Cores=0.02 (2 TMs)
Current Cores=0 (2 TMs)
Current Cores=0.01 (2 TMs)
Current Cores=0.01 (2 TMs)
Current Cores=0.01 (2 TMs)
Current Cores=0.01 (2 TMs)
Current Cores=0.01 (2 TMs)
Current Cores=0.01 (2 TMs)
Current Cores=0.01 (2 TMs)
Current Cores=0.01 (2 TMs)
Current Cores=0.01 (2 TMs)
Current Cores=0 (2 TMs)
Current Cores=0.01 (2 TMs)
Current Cores=0.01 (2 TMs)
Current Cores=0.01 (2 TMs)
Current Cores=0 (2 TMs)
Current Cores=0.01 (2 TMs)
Current Cores=0.01 (2 TMs)
Current Cores=0.01 (2 TMs)
Current Cores=0.01 (2 TMs)
Current Cores=0.01 (2 TMs)
Current Cores=0.01 (2 TMs)
Current Cores=0.01 (2 TMs)
Current Cores=0.01 (2 TMs)
Current Cores=0.01 (2 TMs)
Current Cores=0 (2 TMs)
Current Cores=0.01 (2 TMs)
Current Cores=0.01 (2 TMs)
Current Cores=0.02 (2 TMs)
Current Cores=0.01 (2 TMs)
Current Cores=0.01 (2 TMs)
Current Cores=0.01 (2 TMs)
Current Cores=0.01 (2 TMs)
Current Cores=0.01 (2 TMs)
Current Cores=0.01 (2 TMs)
Current Cores=0.01 (2 TMs)
Current Cores=0.01 (2 TMs)
Current Cores=0.01 (2 TMs)
Current Cores=0.02 (2 TMs)
Current Cores=0.01 (2 TMs)
Current Cores=0.01 (2 TMs)
Current Cores=0.01 (2 TMs)
Current Cores=0.01 (2 TMs)
Current Cores=0.01 (2 TMs)
Current Cores=0.01 (2 TMs)
Current Cores=0 (2 TMs)
Current Cores=0.02 (2 TMs)
Current Cores=0.01 (2 TMs)
Current Cores=0.01 (2 TMs)
Current Cores=0.01 (2 TMs)
Current Cores=0.01 (2 TMs)
Current Cores=0.01 (2 TMs)
Current Cores=0.01 (2 TMs)
Current Cores=0.01 (2 TMs)
Current Cores=0.01 (2 TMs)
Current Cores=0.01 (2 TMs)
Current Cores=0.01 (2 TMs)
Current Cores=0.01 (2 TMs)
Current Cores=0.01 (2 TMs)
Current Cores=0 (2 TMs)
Current Cores=0.01 (2 TMs)
Current Cores=0.01 (2 TMs)
Current Cores=0.01 (2 TMs)
Current Cores=0.01 (2 TMs)
Current Cores=0.01 (2 TMs)
Current Cores=0 (2 TMs)
Current Cores=0.01 (2 TMs)
Current Cores=0.01 (2 TMs)
Current Cores=0.01 (2 TMs)
Current Cores=0.01 (2 TMs)
Current Cores=0.01 (2 TMs)
Current Cores=0.01 (2 TMs)
Current Cores=0.01 (2 TMs)
Current Cores=0.01 (2 TMs)
Current Cores=0.08 (2 TMs)
Current Cores=0.01 (2 TMs)
Current Cores=0.01 (2 TMs)
Current Cores=0.01 (2 TMs)
Current Cores=0.01 (2 TMs)
Current Cores=0.01 (2 TMs)
Current Cores=0.01 (2 TMs)
Current Cores=0.01 (2 TMs)
Current Cores=0.01 (2 TMs)
Current Cores=0.01 (2 TMs)
Current Cores=0.01 (2 TMs)
Summary Average: EventsNum=80,000,000, Cores=0.01, Time=600.369 s
Stop job query q11
-------------------------------- Nexmark Results --------------------------------

+------+-----------------+--------+----------+-----------------+--------------+-----------------+
| Query| Events Num      | Cores  | Time(s)  | Cores * Time(s) | Throughput   | Throughput/Cores|
+------+-----------------+--------+----------+-----------------+--------------+-----------------+
|q11   |80,000,000       |0.01    |600.369   |6.014            |133.25 K/s    |13.3 M/s         |
|Total |80,000,000       |0.010   |600.369   |6.014            |133.25 K/s    |13.3 M/s         |
+------+-----------------+--------+----------+-----------------+--------------+-----------------+



  Result: 133,250.00 events/sec
  Process wall-clock: 615.32s, 130,014.37 events/sec

=== Running Nexmark Q18 (hashmap backend) ===
Events: 80,000,000, TPS: unlimited
Proportions: Person(1):Auction(3):Bid(46)
Command: java -Dlog.file=/home/shuhao/forL0-state-backend/docker/deploy/nexmark-flink/log/nexmark-flink.log -Dlog4j.configuration=file:/tmp/nexmark-conf-s81yaic6/log4j.properties -Dlog4j.configurationFile=file:/tmp/nexmark-conf-s81yaic6/log4j.properties -Dstate.backend.type=org.apache.flink.runtime.state.hashmap.HashMapStateBackendFactory -cp /home/shuhao/forL0-state-backend/docker/deploy/nexmark-flink/lib/*:/home/shuhao/flink-1.20.3/lib/* com.github.nexmark.flink.Benchmark --location /home/shuhao/forL0-state-backend/docker/deploy/nexmark-flink --queries q18 --category oa

Benchmark Queries: [q18]
==================================================================
Start to run query q18 with workload [tps=0, eventsNum=80 M, percentage=bid:46,auction:3,person:1,kafkaServers:null]
Monitor metrics after 10 seconds.
Start to monitor metrics until job is finished.
Monitor TPS metric: vertex=sink, metric=nexmark_q18[9]__Writer.numRecordsInPerSecond
Current Cores=0.01 (2 TMs)
Current Cores=0.01 (2 TMs)
Current Cores=0 (2 TMs)
Current Cores=0.01 (2 TMs)
Current Cores=0.01 (2 TMs)
Current Cores=0.01 (2 TMs)
Current Cores=0.01 (2 TMs)
Current Cores=0.01 (2 TMs)
Current Cores=0 (2 TMs)
Current Cores=0.01 (2 TMs)
Current Cores=0 (2 TMs)
Current Cores=0.01 (2 TMs)
Current Cores=0.01 (2 TMs)
Current Cores=0.01 (2 TMs)
Current Cores=0 (2 TMs)
Current Cores=0.01 (2 TMs)
Current Cores=0 (2 TMs)
Current Cores=0.04 (2 TMs)
Current Cores=0 (2 TMs)
Current Cores=0.05 (2 TMs)
Current Cores=0.01 (2 TMs)
Current Cores=0.04 (2 TMs)
Current Cores=0 (2 TMs)
Current Cores=0.01 (2 TMs)
Current Cores=0 (2 TMs)
Current Cores=0.01 (2 TMs)
Current Cores=0 (2 TMs)
Current Cores=0.01 (2 TMs)
Current Cores=0.01 (2 TMs)
Current Cores=0.01 (2 TMs)
Current Cores=0.01 (2 TMs)
Current Cores=0.01 (2 TMs)
Current Cores=0 (2 TMs)
Current Cores=0.01 (2 TMs)
Current Cores=0.01 (2 TMs)
Current Cores=0.01 (2 TMs)
Current Cores=0.01 (2 TMs)
Current Cores=0.01 (2 TMs)
Current Cores=0 (2 TMs)
Current Cores=0.01 (2 TMs)
Current Cores=0.01 (2 TMs)
Current Cores=0.01 (2 TMs)
Current Cores=0.01 (2 TMs)
Current Cores=0.01 (2 TMs)
Current Cores=0.01 (2 TMs)
Current Cores=0.01 (2 TMs)
Current Cores=0 (2 TMs)
Current Cores=0.01 (2 TMs)
Current Cores=0.01 (2 TMs)
Current Cores=0.01 (2 TMs)
Current Cores=0 (2 TMs)
Current Cores=0.01 (2 TMs)
Current Cores=0 (2 TMs)
Current Cores=0.01 (2 TMs)
Current Cores=0.01 (2 TMs)
Current Cores=0.01 (2 TMs)
Current Cores=0.01 (2 TMs)
Current Cores=0.01 (2 TMs)
Current Cores=0 (2 TMs)
Current Cores=0.02 (2 TMs)
Current Cores=0 (2 TMs)
Current Cores=0.01 (2 TMs)
Current Cores=0 (2 TMs)
Current Cores=0.02 (2 TMs)
Current Cores=0.01 (2 TMs)
Current Cores=0.01 (2 TMs)
Current Cores=0.01 (2 TMs)
Current Cores=0.01 (2 TMs)
Current Cores=0 (2 TMs)
Current Cores=0.02 (2 TMs)
Current Cores=0 (2 TMs)
Current Cores=0.01 (2 TMs)
Current Cores=0 (2 TMs)
Current Cores=0.01 (2 TMs)
Current Cores=0.01 (2 TMs)
Current Cores=0.01 (2 TMs)
Current Cores=0 (2 TMs)
Current Cores=0.01 (2 TMs)
Current Cores=0.01 (2 TMs)
Current Cores=0.01 (2 TMs)
Current Cores=0 (2 TMs)
Current Cores=0.02 (2 TMs)
Current Cores=0 (2 TMs)
Current Cores=0.02 (2 TMs)
Current Cores=0.01 (2 TMs)
Current Cores=0.01 (2 TMs)
Current Cores=0.01 (2 TMs)
Current Cores=0.01 (2 TMs)
Current Cores=0.01 (2 TMs)
Current Cores=0.01 (2 TMs)
Current Cores=0 (2 TMs)
Current Cores=0.02 (2 TMs)
Current Cores=0 (2 TMs)
Current Cores=0.01 (2 TMs)
Current Cores=0.01 (2 TMs)
Current Cores=0.01 (2 TMs)
Current Cores=0 (2 TMs)
Current Cores=0.01 (2 TMs)
Current Cores=0.01 (2 TMs)
Current Cores=0.01 (2 TMs)
Current Cores=0 (2 TMs)
Current Cores=0.01 (2 TMs)
Current Cores=0 (2 TMs)
Current Cores=0.01 (2 TMs)
Current Cores=0 (2 TMs)
Current Cores=0.01 (2 TMs)
Current Cores=0 (2 TMs)
Current Cores=0.02 (2 TMs)
Current Cores=0.01 (2 TMs)
Current Cores=0.02 (2 TMs)
Current Cores=0 (2 TMs)
Current Cores=0.01 (2 TMs)
Current Cores=0 (2 TMs)
Current Cores=0.02 (2 TMs)
Current Cores=0.01 (2 TMs)
Current Cores=0.01 (2 TMs)
Current Cores=0 (2 TMs)
Current Cores=0.01 (2 TMs)
Current Cores=0 (2 TMs)
Summary Average: EventsNum=80,000,000, Cores=0.01, Time=602.692 s
Stop job query q18
-------------------------------- Nexmark Results --------------------------------

+------+-----------------+--------+----------+-----------------+--------------+-----------------+
| Query| Events Num      | Cores  | Time(s)  | Cores * Time(s) | Throughput   | Throughput/Cores|
+------+-----------------+--------+----------+-----------------+--------------+-----------------+
|q18   |80,000,000       |0.01    |602.692   |5.308            |132.74 K/s    |15.07 M/s        |
|Total |80,000,000       |0.009   |602.692   |5.308            |132.74 K/s    |15.07 M/s        |
+------+-----------------+--------+----------+-----------------+--------------+-----------------+



  Result: 132,740.00 events/sec
  Process wall-clock: 615.32s, 130,013.44 events/sec

=== Running Nexmark Q19 (hashmap backend) ===
Events: 80,000,000, TPS: unlimited
Proportions: Person(1):Auction(3):Bid(46)
Command: java -Dlog.file=/home/shuhao/forL0-state-backend/docker/deploy/nexmark-flink/log/nexmark-flink.log -Dlog4j.configuration=file:/tmp/nexmark-conf-cl7q_ip9/log4j.properties -Dlog4j.configurationFile=file:/tmp/nexmark-conf-cl7q_ip9/log4j.properties -Dstate.backend.type=org.apache.flink.runtime.state.hashmap.HashMapStateBackendFactory -cp /home/shuhao/forL0-state-backend/docker/deploy/nexmark-flink/lib/*:/home/shuhao/flink-1.20.3/lib/* com.github.nexmark.flink.Benchmark --location /home/shuhao/forL0-state-backend/docker/deploy/nexmark-flink --queries q19 --category oa

Benchmark Queries: [q19]
==================================================================
Start to run query q19 with workload [tps=0, eventsNum=80 M, percentage=bid:46,auction:3,person:1,kafkaServers:null]
Monitor metrics after 10 seconds.
Start to monitor metrics until job is finished.
Monitor TPS metric: vertex=sink, metric=Rank[7].numRecordsInPerSecond
Current Cores=0.01 (2 TMs)
Current Cores=0.01 (2 TMs)
Current Cores=0.01 (2 TMs)
Current Cores=0.01 (2 TMs)
Current Cores=0.01 (2 TMs)
Current Cores=0.01 (2 TMs)
Current Cores=0 (2 TMs)
Current Cores=0.01 (2 TMs)
Current Cores=0.01 (2 TMs)
Current Cores=0.01 (2 TMs)
Current Cores=0.01 (2 TMs)
Current Cores=0.01 (2 TMs)
Current Cores=0.01 (2 TMs)
Current Cores=0.01 (2 TMs)
Current Cores=0.01 (2 TMs)
Current Cores=0.01 (2 TMs)
Current Cores=0.02 (2 TMs)
Current Cores=0.01 (2 TMs)
Current Cores=0.01 (2 TMs)
Current Cores=0.01 (2 TMs)
Current Cores=0.01 (2 TMs)
Current Cores=0.01 (2 TMs)
Current Cores=0 (2 TMs)
Current Cores=0.01 (2 TMs)
Current Cores=0.02 (2 TMs)
Current Cores=0.01 (2 TMs)
Current Cores=0.01 (2 TMs)
Current Cores=0.01 (2 TMs)
Current Cores=0 (2 TMs)
Current Cores=0.01 (2 TMs)
Current Cores=0.01 (2 TMs)
Current Cores=0.01 (2 TMs)
Current Cores=0.01 (2 TMs)
Current Cores=0.01 (2 TMs)
Current Cores=0 (2 TMs)
Current Cores=0.01 (2 TMs)
Current Cores=0.01 (2 TMs)
Current Cores=0.01 (2 TMs)
Current Cores=0.01 (2 TMs)
Current Cores=0.01 (2 TMs)
Current Cores=0 (2 TMs)
Current Cores=0.01 (2 TMs)
Current Cores=0.01 (2 TMs)
Current Cores=0.01 (2 TMs)
Current Cores=0.01 (2 TMs)
Current Cores=0.01 (2 TMs)
Current Cores=0 (2 TMs)
Current Cores=0.01 (2 TMs)
Current Cores=0.01 (2 TMs)
Current Cores=0.01 (2 TMs)
Current Cores=0.01 (2 TMs)
Current Cores=0.02 (2 TMs)
Current Cores=0.01 (2 TMs)
Current Cores=0.02 (2 TMs)
Current Cores=0.01 (2 TMs)
Current Cores=0.01 (2 TMs)
Current Cores=0.01 (2 TMs)
Current Cores=0.01 (2 TMs)
Current Cores=0.01 (2 TMs)
Current Cores=0.01 (2 TMs)
Current Cores=0.01 (2 TMs)
Current Cores=0.01 (2 TMs)
Current Cores=0 (2 TMs)
Current Cores=0.01 (2 TMs)
Current Cores=0.01 (2 TMs)
Current Cores=0.01 (2 TMs)
Current Cores=0.01 (2 TMs)
Current Cores=0.01 (2 TMs)
Current Cores=0.01 (2 TMs)
Current Cores=0.01 (2 TMs)
Current Cores=0.01 (2 TMs)
Current Cores=0.02 (2 TMs)
Current Cores=0.01 (2 TMs)
Current Cores=0.01 (2 TMs)
Current Cores=0.01 (2 TMs)
Current Cores=0.01 (2 TMs)
Current Cores=0.01 (2 TMs)
Current Cores=0.01 (2 TMs)
Current Cores=0.01 (2 TMs)
Current Cores=0.01 (2 TMs)
Current Cores=0 (2 TMs)
Current Cores=0.01 (2 TMs)
Current Cores=0.01 (2 TMs)
Current Cores=0.01 (2 TMs)
Current Cores=0 (2 TMs)
Current Cores=0.01 (2 TMs)
Current Cores=0 (2 TMs)
Current Cores=0.01 (2 TMs)
Current Cores=0 (2 TMs)
Current Cores=0.01 (2 TMs)
Current Cores=0.01 (2 TMs)
Current Cores=0.01 (2 TMs)
Current Cores=0 (2 TMs)
Current Cores=0.01 (2 TMs)
Current Cores=0.01 (2 TMs)
Current Cores=0.01 (2 TMs)
Current Cores=0 (2 TMs)
Current Cores=0.01 (2 TMs)
Current Cores=0 (2 TMs)
Current Cores=0.01 (2 TMs)
Current Cores=0.01 (2 TMs)
Current Cores=0.01 (2 TMs)
Current Cores=0 (2 TMs)
Current Cores=0.01 (2 TMs)
Current Cores=0 (2 TMs)
Current Cores=0.01 (2 TMs)
Current Cores=0 (2 TMs)
Current Cores=0.01 (2 TMs)
Current Cores=0.01 (2 TMs)
Current Cores=0.04 (2 TMs)
Current Cores=0.01 (2 TMs)
Current Cores=0.01 (2 TMs)
Current Cores=0 (2 TMs)
Current Cores=0.01 (2 TMs)
Current Cores=0.01 (2 TMs)
Current Cores=0.01 (2 TMs)
Current Cores=0 (2 TMs)
Current Cores=0.01 (2 TMs)
Current Cores=0 (2 TMs)
Summary Average: EventsNum=80,000,000, Cores=0.01, Time=604.542 s
Stop job query q19
-------------------------------- Nexmark Results --------------------------------

+------+-----------------+--------+----------+-----------------+--------------+-----------------+
| Query| Events Num      | Cores  | Time(s)  | Cores * Time(s) | Throughput   | Throughput/Cores|
+------+-----------------+--------+----------+-----------------+--------------+-----------------+
|q19   |80,000,000       |0.01    |604.542   |4.958            |132.33 K/s    |16.13 M/s        |
|Total |80,000,000       |0.008   |604.542   |4.958            |132.33 K/s    |16.13 M/s        |
+------+-----------------+--------+----------+-----------------+--------------+-----------------+



  Result: 132,330.00 events/sec
  Process wall-clock: 620.32s, 128,964.89 events/sec

=== Running Nexmark Q20 (hashmap backend) ===
Events: 60,000,000, TPS: unlimited
Proportions: Person(1):Auction(3):Bid(46)
Command: java -Dlog.file=/home/shuhao/forL0-state-backend/docker/deploy/nexmark-flink/log/nexmark-flink.log -Dlog4j.configuration=file:/tmp/nexmark-conf-5o11emea/log4j.properties -Dlog4j.configurationFile=file:/tmp/nexmark-conf-5o11emea/log4j.properties -Dstate.backend.type=org.apache.flink.runtime.state.hashmap.HashMapStateBackendFactory -cp /home/shuhao/forL0-state-backend/docker/deploy/nexmark-flink/lib/*:/home/shuhao/flink-1.20.3/lib/* com.github.nexmark.flink.Benchmark --location /home/shuhao/forL0-state-backend/docker/deploy/nexmark-flink --queries q20 --category oa

Benchmark Queries: [q20]
==================================================================
Start to run query q20 with workload [tps=0, eventsNum=60 M, percentage=bid:46,auction:3,person:1,kafkaServers:null]
Monitor metrics after 10 seconds.
Start to monitor metrics until job is finished.
Monitor TPS metric: vertex=sink, metric=Join[12].numRecordsInPerSecond
Current Cores=0 (2 TMs)
Current Cores=0.01 (2 TMs)
Current Cores=0.01 (2 TMs)
Current Cores=0.01 (2 TMs)
Current Cores=0 (2 TMs)
Current Cores=0.01 (2 TMs)
Current Cores=0 (2 TMs)
Current Cores=0.08 (2 TMs)
Current Cores=0.01 (2 TMs)
Current Cores=0.01 (2 TMs)
Current Cores=0.01 (2 TMs)
Current Cores=0.01 (2 TMs)
Current Cores=0 (2 TMs)
Current Cores=0.01 (2 TMs)
Current Cores=0 (2 TMs)
Current Cores=0.01 (2 TMs)
Current Cores=0.01 (2 TMs)
Current Cores=0.01 (2 TMs)
Current Cores=0.01 (2 TMs)
Current Cores=0.01 (2 TMs)
Current Cores=0.01 (2 TMs)
Current Cores=0.01 (2 TMs)
Current Cores=0.01 (2 TMs)
Current Cores=0.01 (2 TMs)
Current Cores=0.01 (2 TMs)
Current Cores=0.01 (2 TMs)
Current Cores=0 (2 TMs)
Current Cores=0.01 (2 TMs)
Current Cores=0.01 (2 TMs)
Current Cores=0.01 (2 TMs)
Current Cores=0.01 (2 TMs)
Current Cores=0.01 (2 TMs)
Current Cores=0.01 (2 TMs)
Current Cores=0.01 (2 TMs)
Current Cores=0.01 (2 TMs)
Current Cores=0.01 (2 TMs)
Current Cores=0.01 (2 TMs)
Current Cores=0.01 (2 TMs)
Current Cores=0 (2 TMs)
Current Cores=0.01 (2 TMs)
Current Cores=0.01 (2 TMs)
Current Cores=0.01 (2 TMs)
Current Cores=0.01 (2 TMs)
Current Cores=0.01 (2 TMs)
Current Cores=0 (2 TMs)
Current Cores=0.02 (2 TMs)
Current Cores=0.01 (2 TMs)
Current Cores=0.01 (2 TMs)
Current Cores=0 (2 TMs)
Current Cores=0.01 (2 TMs)
Current Cores=0.01 (2 TMs)
Current Cores=0.01 (2 TMs)
Current Cores=0.01 (2 TMs)
Current Cores=0 (2 TMs)
Current Cores=0.01 (2 TMs)
Current Cores=0.01 (2 TMs)
Current Cores=0.01 (2 TMs)
Current Cores=0.01 (2 TMs)
Current Cores=0.01 (2 TMs)
Current Cores=0.01 (2 TMs)
Current Cores=0 (2 TMs)
Current Cores=0.01 (2 TMs)
Current Cores=0.01 (2 TMs)
Current Cores=0.01 (2 TMs)
Current Cores=0.01 (2 TMs)
Current Cores=0.01 (2 TMs)
Current Cores=0 (2 TMs)
Current Cores=0.01 (2 TMs)
Current Cores=0.01 (2 TMs)
Current Cores=0.01 (2 TMs)
Current Cores=0 (2 TMs)
Current Cores=0.01 (2 TMs)
Current Cores=0 (2 TMs)
Current Cores=0.01 (2 TMs)
Current Cores=0.01 (2 TMs)
Current Cores=0.01 (2 TMs)
Current Cores=0.01 (2 TMs)
Current Cores=0.02 (2 TMs)
Current Cores=0 (2 TMs)
Current Cores=0.01 (2 TMs)
Current Cores=0.01 (2 TMs)
Current Cores=0.01 (2 TMs)
Current Cores=0.01 (2 TMs)
Current Cores=0.01 (2 TMs)
Current Cores=0.01 (2 TMs)
Current Cores=0.01 (2 TMs)
Current Cores=0.01 (2 TMs)
Current Cores=0.01 (2 TMs)
Current Cores=0.02 (2 TMs)
Current Cores=0.01 (2 TMs)
Current Cores=0.01 (2 TMs)
Current Cores=0.01 (2 TMs)
Current Cores=0.01 (2 TMs)
Current Cores=0.01 (2 TMs)
Current Cores=0.01 (2 TMs)
Current Cores=0.01 (2 TMs)
Current Cores=0.01 (2 TMs)
Current Cores=0.01 (2 TMs)
Current Cores=0.01 (2 TMs)
Current Cores=0.01 (2 TMs)
Current Cores=0.01 (2 TMs)
Current Cores=0.01 (2 TMs)
Current Cores=0.01 (2 TMs)
Current Cores=0.01 (2 TMs)
Current Cores=0.01 (2 TMs)
Current Cores=0.01 (2 TMs)
Current Cores=0 (2 TMs)
Current Cores=0.01 (2 TMs)
Current Cores=0 (2 TMs)
Current Cores=0.01 (2 TMs)
Current Cores=0 (2 TMs)
Current Cores=0.01 (2 TMs)
Current Cores=0.01 (2 TMs)
Current Cores=0.01 (2 TMs)
Current Cores=0.01 (2 TMs)
Current Cores=0.01 (2 TMs)
Current Cores=0.01 (2 TMs)
Current Cores=0.01 (2 TMs)
Summary Average: EventsNum=60,000,000, Cores=0.01, Time=600.912 s
Stop job query q20
-------------------------------- Nexmark Results --------------------------------

+------+-----------------+--------+----------+-----------------+--------------+-----------------+
| Query| Events Num      | Cores  | Time(s)  | Cores * Time(s) | Throughput   | Throughput/Cores|
+------+-----------------+--------+----------+-----------------+--------------+-----------------+
|q20   |60,000,000       |0.01    |600.912   |4.940            |99.85 K/s     |12.15 M/s        |
|Total |60,000,000       |0.008   |600.912   |4.940            |99.85 K/s     |12.15 M/s        |
+------+-----------------+--------+----------+-----------------+--------------+-----------------+



  Result: 99,850.00 events/sec
  Process wall-clock: 615.32s, 97,509.93 events/sec

--- hashmap Summary ---
  q4: 132,940 events/sec (5,910,000/core), process 128,938 events/sec in 620.45s
  q5: 131,750 events/sec (9,580,000/core), process 127,913 events/sec in 625.42s
  q8: 165,690 events/sec (12,690,000/core), process 161,198 events/sec in 620.36s
  q9: 65,790 events/sec (5,280,000/core), process 63,969 events/sec in 625.30s
  q11: 133,250 events/sec (13,300,000/core), process 130,014 events/sec in 615.32s
  q18: 132,740 events/sec (15,070,000/core), process 130,013 events/sec in 615.32s
  q19: 132,330 events/sec (16,130,000/core), process 128,965 events/sec in 620.32s
  q20: 99,850 events/sec (12,150,000/core), process 97,510 events/sec in 615.32s

============================================================
Backend: forl0
============================================================

=== Running Nexmark Q4 (forl0 backend) ===
Events: 80,000,000, TPS: unlimited
Proportions: Person(1):Auction(3):Bid(46)
Command: java -Dlog.file=/home/shuhao/forL0-state-backend/docker/deploy/nexmark-flink/log/nexmark-flink.log -Dlog4j.configuration=file:/tmp/nexmark-conf-38oy_3jy/log4j.properties -Dlog4j.configurationFile=file:/tmp/nexmark-conf-38oy_3jy/log4j.properties -Dstate.backend.type=org.apache.flink.state.forl0.ForL0StateBackendFactory -Dstate.backend.forl0.initial-table-capacity=256 -Dstate.backend.forl0.max-table-capacity=4096 -Dstate.backend.forl0.l0-cache.enabled=true -Dstate.backend.forl0.l0-cache.size=64mb -Dstate.backend.forl0.main-table.load-factor-threshold=0.75 -cp /home/shuhao/forL0-state-backend/docker/deploy/nexmark-flink/lib/*:/home/shuhao/flink-1.20.3/lib/* com.github.nexmark.flink.Benchmark --location /home/shuhao/forL0-state-backend/docker/deploy/nexmark-flink --queries q4 --category oa

Benchmark Queries: [q4]
==================================================================
Start to run query q4 with workload [tps=0, eventsNum=80 M, percentage=bid:46,auction:3,person:1,kafkaServers:null]
Monitor metrics after 10 seconds.
Start to monitor metrics until job is finished.
Monitor TPS metric: vertex=sink, metric=GlobalGroupAggregate[20].numRecordsInPerSecond
Current Cores=0 (2 TMs)
Current Cores=0.02 (2 TMs)
Current Cores=0.01 (2 TMs)
Current Cores=0.06 (2 TMs)
Current Cores=0 (2 TMs)
Current Cores=0.01 (2 TMs)
Current Cores=0 (2 TMs)
Current Cores=0.03 (2 TMs)
Current Cores=0 (2 TMs)
Current Cores=0.02 (2 TMs)
Current Cores=0 (2 TMs)
Current Cores=0.07 (2 TMs)
Current Cores=0.01 (2 TMs)
Current Cores=0.01 (2 TMs)
Current Cores=0 (2 TMs)
Current Cores=0.03 (2 TMs)
Current Cores=0 (2 TMs)
Current Cores=0.01 (2 TMs)
Current Cores=0.01 (2 TMs)
Current Cores=0.01 (2 TMs)
Current Cores=0.01 (2 TMs)
Current Cores=0.01 (2 TMs)
Current Cores=0 (2 TMs)
Current Cores=0.01 (2 TMs)
Current Cores=0 (2 TMs)
Current Cores=0.01 (2 TMs)
Current Cores=0.01 (2 TMs)
Current Cores=0.01 (2 TMs)
Current Cores=0 (2 TMs)
Current Cores=0.01 (2 TMs)
Current Cores=0 (2 TMs)
Current Cores=0.02 (2 TMs)
Current Cores=0.01 (2 TMs)
Current Cores=0.01 (2 TMs)
Current Cores=0.01 (2 TMs)
Current Cores=0.01 (2 TMs)
Current Cores=0.01 (2 TMs)
Current Cores=0.01 (2 TMs)
Current Cores=0.01 (2 TMs)
Current Cores=0.01 (2 TMs)
Current Cores=0 (2 TMs)
Current Cores=0.01 (2 TMs)
Current Cores=0 (2 TMs)
Current Cores=0.01 (2 TMs)
Current Cores=0 (2 TMs)
Current Cores=0.01 (2 TMs)
Current Cores=0 (2 TMs)
Current Cores=0.02 (2 TMs)
Current Cores=0.01 (2 TMs)
Current Cores=0.01 (2 TMs)
Current Cores=0 (2 TMs)
Current Cores=0.01 (2 TMs)
Current Cores=0.01 (2 TMs)
Current Cores=0.01 (2 TMs)
Current Cores=0.01 (2 TMs)
Current Cores=0.01 (2 TMs)
Current Cores=0 (2 TMs)
Current Cores=0.01 (2 TMs)
Current Cores=0 (2 TMs)
Current Cores=0.01 (2 TMs)
Current Cores=0 (2 TMs)
Current Cores=0.01 (2 TMs)
Current Cores=0.01 (2 TMs)
Current Cores=0.01 (2 TMs)
Current Cores=0.01 (2 TMs)
Current Cores=0.01 (2 TMs)
Current Cores=0.01 (2 TMs)
Current Cores=0.01 (2 TMs)
Current Cores=0.01 (2 TMs)
Current Cores=0.01 (2 TMs)
Current Cores=0.01 (2 TMs)
Current Cores=0.01 (2 TMs)
Current Cores=0 (2 TMs)
Current Cores=0.01 (2 TMs)
Current Cores=0.01 (2 TMs)
Current Cores=0.01 (2 TMs)
Current Cores=0 (2 TMs)
Current Cores=0.01 (2 TMs)
Current Cores=0.01 (2 TMs)
Current Cores=0.01 (2 TMs)
Current Cores=0.01 (2 TMs)
Current Cores=0.01 (2 TMs)
Current Cores=0 (2 TMs)
Current Cores=0.01 (2 TMs)
Current Cores=0.01 (2 TMs)
Current Cores=0.01 (2 TMs)
Current Cores=0.01 (2 TMs)
Current Cores=0.01 (2 TMs)
Current Cores=0.01 (2 TMs)
Current Cores=0.01 (2 TMs)
Current Cores=0.01 (2 TMs)
Current Cores=0.01 (2 TMs)
Current Cores=0.01 (2 TMs)
Current Cores=0.01 (2 TMs)
Current Cores=0 (2 TMs)
Current Cores=0.01 (2 TMs)
Current Cores=0 (2 TMs)
Current Cores=0.01 (2 TMs)
Current Cores=0.01 (2 TMs)
Current Cores=0.02 (2 TMs)
Current Cores=0.01 (2 TMs)
Current Cores=0.01 (2 TMs)
Current Cores=0.01 (2 TMs)
Current Cores=0.01 (2 TMs)
Current Cores=0.01 (2 TMs)
Current Cores=0.01 (2 TMs)
Current Cores=0.01 (2 TMs)
Current Cores=0.01 (2 TMs)
Current Cores=0 (2 TMs)
Current Cores=0.01 (2 TMs)
Current Cores=0 (2 TMs)
Current Cores=0.02 (2 TMs)
Current Cores=0.01 (2 TMs)
Current Cores=0.01 (2 TMs)
Current Cores=0.01 (2 TMs)
Current Cores=0.01 (2 TMs)
Current Cores=0.01 (2 TMs)
Current Cores=0.04 (2 TMs)
Summary Average: EventsNum=80,000,000, Cores=0.01, Time=599.216 s
Stop job query q4
-------------------------------- Nexmark Results --------------------------------

+------+-----------------+--------+----------+-----------------+--------------+-----------------+
| Query| Events Num      | Cores  | Time(s)  | Cores * Time(s) | Throughput   | Throughput/Cores|
+------+-----------------+--------+----------+-----------------+--------------+-----------------+
|q4    |80,000,000       |0.01    |599.216   |5.830            |133.51 K/s    |13.72 M/s        |
|Total |80,000,000       |0.010   |599.216   |5.830            |133.51 K/s    |13.72 M/s        |
+------+-----------------+--------+----------+-----------------+--------------+-----------------+



  Result: 133,510.00 events/sec
  Process wall-clock: 615.32s, 130,014.37 events/sec

=== Running Nexmark Q5 (forl0 backend) ===
Events: 80,000,000, TPS: unlimited
Proportions: Person(1):Auction(3):Bid(46)
Command: java -Dlog.file=/home/shuhao/forL0-state-backend/docker/deploy/nexmark-flink/log/nexmark-flink.log -Dlog4j.configuration=file:/tmp/nexmark-conf-f5zgz8rx/log4j.properties -Dlog4j.configurationFile=file:/tmp/nexmark-conf-f5zgz8rx/log4j.properties -Dstate.backend.type=org.apache.flink.state.forl0.ForL0StateBackendFactory -Dstate.backend.forl0.initial-table-capacity=256 -Dstate.backend.forl0.max-table-capacity=4096 -Dstate.backend.forl0.l0-cache.enabled=true -Dstate.backend.forl0.l0-cache.size=64mb -Dstate.backend.forl0.main-table.load-factor-threshold=0.75 -cp /home/shuhao/forL0-state-backend/docker/deploy/nexmark-flink/lib/*:/home/shuhao/flink-1.20.3/lib/* com.github.nexmark.flink.Benchmark --location /home/shuhao/forL0-state-backend/docker/deploy/nexmark-flink --queries q5 --category oa

Benchmark Queries: [q5]
==================================================================
Start to run query q5 with workload [tps=0, eventsNum=80 M, percentage=bid:46,auction:3,person:1,kafkaServers:null]
Monitor metrics after 10 seconds.
Start to monitor metrics until job is finished.
Monitor TPS metric: vertex=sink, metric=nexmark_q5[17]__Writer.numRecordsInPerSecond
Current Cores=0.01 (2 TMs)
Current Cores=0.01 (2 TMs)
Current Cores=0.01 (2 TMs)
Current Cores=0.02 (2 TMs)
Current Cores=0.01 (2 TMs)
Current Cores=0.01 (2 TMs)
Current Cores=0 (2 TMs)
Current Cores=0.01 (2 TMs)
Current Cores=0 (2 TMs)
Current Cores=0.01 (2 TMs)
Current Cores=0 (2 TMs)
Current Cores=0.01 (2 TMs)
Current Cores=0 (2 TMs)
Current Cores=0.01 (2 TMs)
Current Cores=0.01 (2 TMs)
Current Cores=0.01 (2 TMs)
Current Cores=0.01 (2 TMs)
Current Cores=0.01 (2 TMs)
Current Cores=0.01 (2 TMs)
Current Cores=0.01 (2 TMs)
Current Cores=0 (2 TMs)
Current Cores=0.01 (2 TMs)
Current Cores=0.01 (2 TMs)
Current Cores=0.01 (2 TMs)
Current Cores=0.01 (2 TMs)
Current Cores=0.01 (2 TMs)
Current Cores=0 (2 TMs)
Current Cores=0.01 (2 TMs)
Current Cores=0 (2 TMs)
Current Cores=0.01 (2 TMs)
Current Cores=0.01 (2 TMs)
Current Cores=0.01 (2 TMs)
Current Cores=0 (2 TMs)
Current Cores=0.03 (2 TMs)
Current Cores=0 (2 TMs)
Current Cores=0.01 (2 TMs)
Current Cores=0.01 (2 TMs)
Current Cores=0.01 (2 TMs)
Current Cores=0 (2 TMs)
Current Cores=0.01 (2 TMs)
Current Cores=0 (2 TMs)
Current Cores=0.01 (2 TMs)
Current Cores=0 (2 TMs)
Current Cores=0.01 (2 TMs)
Current Cores=0 (2 TMs)
Current Cores=0.01 (2 TMs)
Current Cores=0 (2 TMs)
Current Cores=0.01 (2 TMs)
Current Cores=0.01 (2 TMs)
Current Cores=0.01 (2 TMs)
Current Cores=0 (2 TMs)
Current Cores=0.01 (2 TMs)
Current Cores=0 (2 TMs)
Current Cores=0.01 (2 TMs)
Current Cores=0.01 (2 TMs)
Current Cores=0.01 (2 TMs)
Current Cores=0 (2 TMs)
Current Cores=0.01 (2 TMs)
Current Cores=0.01 (2 TMs)
Current Cores=0.01 (2 TMs)
Current Cores=0 (2 TMs)
Current Cores=0.18 (2 TMs)
Current Cores=0.01 (2 TMs)
Current Cores=0.01 (2 TMs)
Current Cores=0.01 (2 TMs)
Current Cores=0.01 (2 TMs)
Current Cores=0.01 (2 TMs)
Current Cores=0.01 (2 TMs)
Current Cores=0.01 (2 TMs)
Current Cores=0.01 (2 TMs)
Current Cores=0 (2 TMs)
Current Cores=0.01 (2 TMs)
Current Cores=0.01 (2 TMs)
Current Cores=0.01 (2 TMs)
Current Cores=0.01 (2 TMs)
Current Cores=0.01 (2 TMs)
Current Cores=0.01 (2 TMs)
Current Cores=0.01 (2 TMs)
Current Cores=0 (2 TMs)
Current Cores=0.01 (2 TMs)
Current Cores=0.01 (2 TMs)
Current Cores=0.01 (2 TMs)
Current Cores=0 (2 TMs)
Current Cores=0.01 (2 TMs)
Current Cores=0.01 (2 TMs)
Current Cores=0.01 (2 TMs)
Current Cores=0 (2 TMs)
Current Cores=0.01 (2 TMs)
Current Cores=0 (2 TMs)
Current Cores=0.01 (2 TMs)
Current Cores=0 (2 TMs)
Current Cores=0.01 (2 TMs)
Current Cores=0.01 (2 TMs)
Current Cores=0.01 (2 TMs)
Current Cores=0 (2 TMs)
Current Cores=0.12 (2 TMs)
Current Cores=0.07 (2 TMs)
Current Cores=0.01 (2 TMs)
Current Cores=0 (2 TMs)
Current Cores=0.01 (2 TMs)
Current Cores=0.01 (2 TMs)
Current Cores=0.01 (2 TMs)
Current Cores=0.01 (2 TMs)
Current Cores=0.01 (2 TMs)
Current Cores=0 (2 TMs)
Current Cores=0.03 (2 TMs)
Current Cores=0 (2 TMs)
Current Cores=0.01 (2 TMs)
Current Cores=0.01 (2 TMs)
Current Cores=0.04 (2 TMs)
Current Cores=0 (2 TMs)
Current Cores=0.01 (2 TMs)
Current Cores=0 (2 TMs)
Current Cores=0.01 (2 TMs)
Current Cores=0 (2 TMs)
Current Cores=0.03 (2 TMs)
Current Cores=0 (2 TMs)
Current Cores=0.01 (2 TMs)
Current Cores=0 (2 TMs)
Summary Average: EventsNum=80,000,000, Cores=0.01, Time=601.690 s
Stop job query q5
-------------------------------- Nexmark Results --------------------------------

+------+-----------------+--------+----------+-----------------+--------------+-----------------+
| Query| Events Num      | Cores  | Time(s)  | Cores * Time(s) | Throughput   | Throughput/Cores|
+------+-----------------+--------+----------+-----------------+--------------+-----------------+
|q5    |80,000,000       |0.01    |601.690   |6.583            |132.96 K/s    |12.15 M/s        |
|Total |80,000,000       |0.011   |601.690   |6.583            |132.96 K/s    |12.15 M/s        |
+------+-----------------+--------+----------+-----------------+--------------+-----------------+



  Result: 132,960.00 events/sec
  Process wall-clock: 620.32s, 128,965.69 events/sec

=== Running Nexmark Q8 (forl0 backend) ===
Events: 100,000,000, TPS: unlimited
Proportions: Person(1):Auction(3):Bid(46)
Command: java -Dlog.file=/home/shuhao/forL0-state-backend/docker/deploy/nexmark-flink/log/nexmark-flink.log -Dlog4j.configuration=file:/tmp/nexmark-conf-z97fs0vf/log4j.properties -Dlog4j.configurationFile=file:/tmp/nexmark-conf-z97fs0vf/log4j.properties -Dstate.backend.type=org.apache.flink.state.forl0.ForL0StateBackendFactory -Dstate.backend.forl0.initial-table-capacity=256 -Dstate.backend.forl0.max-table-capacity=4096 -Dstate.backend.forl0.l0-cache.enabled=true -Dstate.backend.forl0.l0-cache.size=64mb -Dstate.backend.forl0.main-table.load-factor-threshold=0.75 -cp /home/shuhao/forL0-state-backend/docker/deploy/nexmark-flink/lib/*:/home/shuhao/flink-1.20.3/lib/* com.github.nexmark.flink.Benchmark --location /home/shuhao/forL0-state-backend/docker/deploy/nexmark-flink --queries q8 --category oa

Benchmark Queries: [q8]
==================================================================
Start to run query q8 with workload [tps=0, eventsNum=100 M, percentage=bid:46,auction:3,person:1,kafkaServers:null]
Monitor metrics after 10 seconds.
Start to monitor metrics until job is finished.
Monitor TPS metric: vertex=sink, metric=Calc[19].numRecordsInPerSecond
Current Cores=0 (2 TMs)
Current Cores=0.02 (2 TMs)
Current Cores=0 (2 TMs)
Current Cores=0.01 (2 TMs)
Current Cores=0 (2 TMs)
Current Cores=0.01 (2 TMs)
Current Cores=0 (2 TMs)
Current Cores=0.01 (2 TMs)
Current Cores=0 (2 TMs)
Current Cores=0.03 (2 TMs)
Current Cores=0 (2 TMs)
Current Cores=0.02 (2 TMs)
Current Cores=0 (2 TMs)
Current Cores=0.02 (2 TMs)
Current Cores=0.01 (2 TMs)
Current Cores=0.01 (2 TMs)
Current Cores=0 (2 TMs)
Current Cores=0.01 (2 TMs)
Current Cores=0.01 (2 TMs)
Current Cores=0.01 (2 TMs)
Current Cores=0 (2 TMs)
Current Cores=0.01 (2 TMs)
Current Cores=0 (2 TMs)
Current Cores=0.01 (2 TMs)
Current Cores=0.01 (2 TMs)
Current Cores=0.01 (2 TMs)
Current Cores=0 (2 TMs)
Current Cores=0.01 (2 TMs)
Current Cores=0.01 (2 TMs)
Current Cores=0.01 (2 TMs)
Current Cores=0.01 (2 TMs)
Current Cores=0.01 (2 TMs)
Current Cores=0.01 (2 TMs)
Current Cores=0.04 (2 TMs)
Current Cores=0 (2 TMs)
Current Cores=0.01 (2 TMs)
Current Cores=0 (2 TMs)
Current Cores=0.01 (2 TMs)
Current Cores=0 (2 TMs)
Current Cores=0.01 (2 TMs)
Current Cores=0 (2 TMs)
Current Cores=0.01 (2 TMs)
Current Cores=0.01 (2 TMs)
Current Cores=0.01 (2 TMs)
Current Cores=0.01 (2 TMs)
Current Cores=0.01 (2 TMs)
Current Cores=0.01 (2 TMs)
Current Cores=0.01 (2 TMs)
Current Cores=0 (2 TMs)
Current Cores=0.01 (2 TMs)
Current Cores=0 (2 TMs)
Current Cores=0.01 (2 TMs)
Current Cores=0.01 (2 TMs)
Current Cores=0.01 (2 TMs)
Current Cores=0 (2 TMs)
Current Cores=0.01 (2 TMs)
Current Cores=0.01 (2 TMs)
Current Cores=0.01 (2 TMs)
Current Cores=0 (2 TMs)
Current Cores=0.01 (2 TMs)
Current Cores=0 (2 TMs)
Current Cores=0.01 (2 TMs)
Current Cores=0.01 (2 TMs)
Current Cores=0.01 (2 TMs)
Current Cores=0.01 (2 TMs)
Current Cores=0.01 (2 TMs)
Current Cores=0.01 (2 TMs)
Current Cores=0.01 (2 TMs)
Current Cores=0.01 (2 TMs)
Current Cores=0.01 (2 TMs)
Current Cores=0 (2 TMs)
Current Cores=0.01 (2 TMs)
Current Cores=0 (2 TMs)
Current Cores=0.01 (2 TMs)
Current Cores=0.01 (2 TMs)
Current Cores=0.01 (2 TMs)
Current Cores=0 (2 TMs)
Current Cores=0.01 (2 TMs)
Current Cores=0.01 (2 TMs)
Current Cores=0.01 (2 TMs)
Current Cores=0.01 (2 TMs)
Current Cores=0.01 (2 TMs)
Current Cores=0.01 (2 TMs)
Current Cores=0.01 (2 TMs)
Current Cores=0 (2 TMs)
Current Cores=0.01 (2 TMs)
Current Cores=0 (2 TMs)
Current Cores=0.01 (2 TMs)
Current Cores=0 (2 TMs)
Current Cores=0.01 (2 TMs)
Current Cores=0 (2 TMs)
Current Cores=0.01 (2 TMs)
Current Cores=0 (2 TMs)
Current Cores=0.01 (2 TMs)
Current Cores=0.01 (2 TMs)
Current Cores=0.04 (2 TMs)
Current Cores=0.01 (2 TMs)
Current Cores=0.01 (2 TMs)
Current Cores=0.01 (2 TMs)
Current Cores=0.01 (2 TMs)
Current Cores=0.01 (2 TMs)
Current Cores=0.01 (2 TMs)
Current Cores=0.01 (2 TMs)
Current Cores=0.01 (2 TMs)
Current Cores=0 (2 TMs)
Current Cores=0.01 (2 TMs)
Current Cores=0.01 (2 TMs)
Current Cores=0.01 (2 TMs)
Current Cores=0 (2 TMs)
Current Cores=0.01 (2 TMs)
Current Cores=0.01 (2 TMs)
Current Cores=0.01 (2 TMs)
Current Cores=0 (2 TMs)
Current Cores=0.01 (2 TMs)
Current Cores=0 (2 TMs)
Current Cores=0.01 (2 TMs)
Current Cores=0 (2 TMs)
Current Cores=0.01 (2 TMs)
Current Cores=0 (2 TMs)
Summary Average: EventsNum=100,000,000, Cores=0.01, Time=603.794 s
Stop job query q8
-------------------------------- Nexmark Results --------------------------------

+------+-----------------+--------+----------+-----------------+--------------+-----------------+
| Query| Events Num      | Cores  | Time(s)  | Cores * Time(s) | Throughput   | Throughput/Cores|
+------+-----------------+--------+----------+-----------------+--------------+-----------------+
|q8    |100,000,000      |0.01    |603.794   |4.749            |165.62 K/s    |21.06 M/s        |
|Total |100,000,000      |0.008   |603.794   |4.749            |165.62 K/s    |21.06 M/s        |
+------+-----------------+--------+----------+-----------------+--------------+-----------------+



  Result: 165,620.00 events/sec
  Process wall-clock: 620.30s, 161,212.17 events/sec

=== Running Nexmark Q9 (forl0 backend) ===
Events: 40,000,000, TPS: unlimited
Proportions: Person(1):Auction(3):Bid(46)
Command: java -Dlog.file=/home/shuhao/forL0-state-backend/docker/deploy/nexmark-flink/log/nexmark-flink.log -Dlog4j.configuration=file:/tmp/nexmark-conf-ed2zbt8f/log4j.properties -Dlog4j.configurationFile=file:/tmp/nexmark-conf-ed2zbt8f/log4j.properties -Dstate.backend.type=org.apache.flink.state.forl0.ForL0StateBackendFactory -Dstate.backend.forl0.initial-table-capacity=64 -Dstate.backend.forl0.max-table-capacity=1024 -Dstate.backend.forl0.l0-cache.enabled=false -Dstate.backend.forl0.l0-cache.size=64mb -Dstate.backend.forl0.main-table.load-factor-threshold=0.75 -cp /home/shuhao/forL0-state-backend/docker/deploy/nexmark-flink/lib/*:/home/shuhao/flink-1.20.3/lib/* com.github.nexmark.flink.Benchmark --location /home/shuhao/forL0-state-backend/docker/deploy/nexmark-flink --queries q9 --category oa

Benchmark Queries: [q9]
==================================================================
Start to run query q9 with workload [tps=0, eventsNum=40 M, percentage=bid:46,auction:3,person:1,kafkaServers:null]
Monitor metrics after 10 seconds.
Start to monitor metrics until job is finished.
Monitor TPS metric: vertex=sink, metric=nexmark_q9[16]__Writer.numRecordsInPerSecond
Current Cores=0 (2 TMs)
Current Cores=0.02 (2 TMs)
Current Cores=0.01 (2 TMs)
Current Cores=0.01 (2 TMs)
Current Cores=0.01 (2 TMs)
Current Cores=0.01 (2 TMs)
Current Cores=0 (2 TMs)
Current Cores=0.01 (2 TMs)
Current Cores=0.01 (2 TMs)
Current Cores=0.09 (2 TMs)
Current Cores=0 (2 TMs)
Current Cores=0.01 (2 TMs)
Current Cores=0.01 (2 TMs)
Current Cores=0.01 (2 TMs)
Current Cores=0.01 (2 TMs)
Current Cores=0.01 (2 TMs)
Current Cores=0.01 (2 TMs)
Current Cores=0.01 (2 TMs)
Current Cores=0 (2 TMs)
Current Cores=0.01 (2 TMs)
Current Cores=0 (2 TMs)
Current Cores=0.01 (2 TMs)
Current Cores=0 (2 TMs)
Current Cores=0.01 (2 TMs)
Current Cores=0.01 (2 TMs)
Current Cores=0.01 (2 TMs)
Current Cores=0 (2 TMs)
Current Cores=0.01 (2 TMs)
Current Cores=0 (2 TMs)
Current Cores=0.01 (2 TMs)
Current Cores=0 (2 TMs)
Current Cores=0.01 (2 TMs)
Current Cores=0 (2 TMs)
Current Cores=0.01 (2 TMs)
Current Cores=0.01 (2 TMs)
Current Cores=0.01 (2 TMs)
Current Cores=0 (2 TMs)
Current Cores=0.01 (2 TMs)
Current Cores=0 (2 TMs)
Current Cores=0.01 (2 TMs)
Current Cores=0 (2 TMs)
Current Cores=0.01 (2 TMs)
Current Cores=0 (2 TMs)
Current Cores=0.01 (2 TMs)
Current Cores=0.01 (2 TMs)
Current Cores=0.01 (2 TMs)
Current Cores=0.01 (2 TMs)
Current Cores=0.01 (2 TMs)
Current Cores=0 (2 TMs)
Current Cores=0.01 (2 TMs)
Current Cores=0.01 (2 TMs)
Current Cores=0.01 (2 TMs)
Current Cores=0.01 (2 TMs)
Current Cores=0.03 (2 TMs)
Current Cores=0 (2 TMs)
Current Cores=0.02 (2 TMs)
Current Cores=0 (2 TMs)
Current Cores=0.01 (2 TMs)
Current Cores=0 (2 TMs)
Current Cores=0.01 (2 TMs)
Current Cores=0 (2 TMs)
Current Cores=0.03 (2 TMs)
Current Cores=0.01 (2 TMs)
Current Cores=0.01 (2 TMs)
Current Cores=0.01 (2 TMs)
Current Cores=0.01 (2 TMs)
Current Cores=0.01 (2 TMs)
Current Cores=0.01 (2 TMs)
Current Cores=0.01 (2 TMs)
Current Cores=0.01 (2 TMs)
Current Cores=0 (2 TMs)
Current Cores=0.01 (2 TMs)
Current Cores=0 (2 TMs)
Current Cores=0.01 (2 TMs)
Current Cores=0 (2 TMs)
Current Cores=0.01 (2 TMs)
Current Cores=0.01 (2 TMs)
Current Cores=0.01 (2 TMs)
Current Cores=0 (2 TMs)
Current Cores=0.01 (2 TMs)
Current Cores=0 (2 TMs)
Current Cores=0.01 (2 TMs)
Current Cores=0 (2 TMs)
Current Cores=0.01 (2 TMs)
Current Cores=0 (2 TMs)
Current Cores=0.01 (2 TMs)
Current Cores=0 (2 TMs)
Current Cores=0.01 (2 TMs)
Current Cores=0.01 (2 TMs)
Current Cores=0.01 (2 TMs)
Current Cores=0 (2 TMs)
Current Cores=0.01 (2 TMs)
Current Cores=0 (2 TMs)
Current Cores=0.01 (2 TMs)
Current Cores=0.01 (2 TMs)
Current Cores=0.01 (2 TMs)
Current Cores=0 (2 TMs)
Current Cores=0.01 (2 TMs)
Current Cores=0.01 (2 TMs)
Current Cores=0.01 (2 TMs)
Current Cores=0 (2 TMs)
Current Cores=0.01 (2 TMs)
Current Cores=0 (2 TMs)
Current Cores=0.01 (2 TMs)
Current Cores=0.01 (2 TMs)
Current Cores=0 (2 TMs)
Current Cores=0 (2 TMs)
Current Cores=0.01 (2 TMs)
Current Cores=0.01 (2 TMs)
Current Cores=0 (2 TMs)
Current Cores=0.01 (2 TMs)
Current Cores=0.01 (2 TMs)
Current Cores=0 (2 TMs)
Current Cores=0.01 (2 TMs)
Current Cores=0 (2 TMs)
Current Cores=0.01 (2 TMs)
Current Cores=0.01 (2 TMs)
Current Cores=0.01 (2 TMs)
Summary Average: EventsNum=40,000,000, Cores=0.01, Time=599.142 s
Stop job query q9
-------------------------------- Nexmark Results --------------------------------

+------+-----------------+--------+----------+-----------------+--------------+-----------------+
| Query| Events Num      | Cores  | Time(s)  | Cores * Time(s) | Throughput   | Throughput/Cores|
+------+-----------------+--------+----------+-----------------+--------------+-----------------+
|q9    |40,000,000       |0.01    |599.142   |4.844            |66.76 K/s     |8.26 M/s         |
|Total |40,000,000       |0.008   |599.142   |4.844            |66.76 K/s     |8.26 M/s         |
+------+-----------------+--------+----------+-----------------+--------------+-----------------+



  Result: 66,760.00 events/sec
  Process wall-clock: 615.29s, 65,009.70 events/sec

=== Running Nexmark Q11 (forl0 backend) ===
Events: 80,000,000, TPS: unlimited
Proportions: Person(1):Auction(3):Bid(46)
Command: java -Dlog.file=/home/shuhao/forL0-state-backend/docker/deploy/nexmark-flink/log/nexmark-flink.log -Dlog4j.configuration=file:/tmp/nexmark-conf-swc0drzy/log4j.properties -Dlog4j.configurationFile=file:/tmp/nexmark-conf-swc0drzy/log4j.properties -Dstate.backend.type=org.apache.flink.state.forl0.ForL0StateBackendFactory -Dstate.backend.forl0.initial-table-capacity=256 -Dstate.backend.forl0.max-table-capacity=4096 -Dstate.backend.forl0.l0-cache.enabled=true -Dstate.backend.forl0.l0-cache.size=64mb -Dstate.backend.forl0.main-table.load-factor-threshold=0.75 -cp /home/shuhao/forL0-state-backend/docker/deploy/nexmark-flink/lib/*:/home/shuhao/flink-1.20.3/lib/* com.github.nexmark.flink.Benchmark --location /home/shuhao/forL0-state-backend/docker/deploy/nexmark-flink --queries q11 --category oa

Benchmark Queries: [q11]
==================================================================
Start to run query q11 with workload [tps=0, eventsNum=80 M, percentage=bid:46,auction:3,person:1,kafkaServers:null]
Monitor metrics after 10 seconds.
Start to monitor metrics until job is finished.
Monitor TPS metric: vertex=sink, metric=Calc[7].numRecordsInPerSecond
Current Cores=0 (2 TMs)
Current Cores=0.01 (2 TMs)
Current Cores=0.02 (2 TMs)
Current Cores=0 (2 TMs)
Current Cores=0.01 (2 TMs)
Current Cores=0.03 (2 TMs)
Current Cores=0.01 (2 TMs)
Current Cores=0.01 (2 TMs)
Current Cores=0.01 (2 TMs)
Current Cores=0.01 (2 TMs)
Current Cores=0 (2 TMs)
Current Cores=0.01 (2 TMs)
Current Cores=0 (2 TMs)
Current Cores=0.01 (2 TMs)
Current Cores=0.01 (2 TMs)
Current Cores=0.01 (2 TMs)
Current Cores=0.01 (2 TMs)
Current Cores=0.01 (2 TMs)
Current Cores=0.01 (2 TMs)
Current Cores=0.01 (2 TMs)
Current Cores=0 (2 TMs)
Current Cores=0.01 (2 TMs)
Current Cores=0.01 (2 TMs)
Current Cores=0.01 (2 TMs)
Current Cores=0 (2 TMs)
Current Cores=0.01 (2 TMs)
Current Cores=0 (2 TMs)
Current Cores=0.01 (2 TMs)
Current Cores=0.01 (2 TMs)
Current Cores=0.01 (2 TMs)
Current Cores=0.01 (2 TMs)
Current Cores=0.01 (2 TMs)
Current Cores=0 (2 TMs)
Current Cores=0.01 (2 TMs)
Current Cores=0.01 (2 TMs)
Current Cores=0.01 (2 TMs)
Current Cores=0 (2 TMs)
Current Cores=0.01 (2 TMs)
Current Cores=0 (2 TMs)
Current Cores=0.01 (2 TMs)
Current Cores=0.01 (2 TMs)
Current Cores=0.01 (2 TMs)
Current Cores=0.01 (2 TMs)
Current Cores=0.01 (2 TMs)
Current Cores=0.01 (2 TMs)
Current Cores=0.01 (2 TMs)
Current Cores=0.01 (2 TMs)
Current Cores=0.01 (2 TMs)
Current Cores=0.01 (2 TMs)
Current Cores=0.01 (2 TMs)
Current Cores=0 (2 TMs)
Current Cores=0.01 (2 TMs)
Current Cores=0.01 (2 TMs)
Current Cores=0.01 (2 TMs)
Current Cores=0 (2 TMs)
Current Cores=0.01 (2 TMs)
Current Cores=0.01 (2 TMs)
Current Cores=0.01 (2 TMs)
Current Cores=0.01 (2 TMs)
Current Cores=0.01 (2 TMs)
Current Cores=0 (2 TMs)
Current Cores=0.01 (2 TMs)
Current Cores=0.01 (2 TMs)
Current Cores=0.01 (2 TMs)
Current Cores=0 (2 TMs)
Current Cores=0.01 (2 TMs)
Current Cores=0.01 (2 TMs)
Current Cores=0.01 (2 TMs)
Current Cores=0.01 (2 TMs)
Current Cores=0.01 (2 TMs)
Current Cores=0.01 (2 TMs)
Current Cores=0.01 (2 TMs)
Current Cores=0 (2 TMs)
Current Cores=0.01 (2 TMs)
Current Cores=0 (2 TMs)
Current Cores=0.01 (2 TMs)
Current Cores=0 (2 TMs)
Current Cores=0.01 (2 TMs)
Current Cores=0 (2 TMs)
Current Cores=0.01 (2 TMs)
Current Cores=0 (2 TMs)
Current Cores=0.01 (2 TMs)
Current Cores=0.01 (2 TMs)
Current Cores=0.01 (2 TMs)
Current Cores=0 (2 TMs)
Current Cores=0.01 (2 TMs)
Current Cores=0.08 (2 TMs)
Current Cores=0.01 (2 TMs)
Current Cores=0.01 (2 TMs)
Current Cores=0.01 (2 TMs)
Current Cores=0.01 (2 TMs)
Current Cores=0.01 (2 TMs)
Current Cores=0 (2 TMs)
Current Cores=0.01 (2 TMs)
Current Cores=0.01 (2 TMs)
Current Cores=0.01 (2 TMs)
Current Cores=0 (2 TMs)
Current Cores=0.01 (2 TMs)
Current Cores=0.01 (2 TMs)
Current Cores=0.01 (2 TMs)
Current Cores=0.01 (2 TMs)
Current Cores=0 (2 TMs)
Current Cores=0.01 (2 TMs)
Current Cores=0.01 (2 TMs)
Current Cores=0.01 (2 TMs)
Current Cores=0.01 (2 TMs)
Current Cores=0.01 (2 TMs)
Current Cores=0.01 (2 TMs)
Current Cores=0.01 (2 TMs)
Current Cores=0.01 (2 TMs)
Current Cores=0 (2 TMs)
Current Cores=0.01 (2 TMs)
Current Cores=0.01 (2 TMs)
Current Cores=0.01 (2 TMs)
Current Cores=0 (2 TMs)
Current Cores=0.01 (2 TMs)
Current Cores=0.01 (2 TMs)
Current Cores=0.01 (2 TMs)
Current Cores=0.01 (2 TMs)
Summary Average: EventsNum=80,000,000, Cores=0.01, Time=604.595 s
Stop job query q11
-------------------------------- Nexmark Results --------------------------------

+------+-----------------+--------+----------+-----------------+--------------+-----------------+
| Query| Events Num      | Cores  | Time(s)  | Cores * Time(s) | Throughput   | Throughput/Cores|
+------+-----------------+--------+----------+-----------------+--------------+-----------------+
|q11   |80,000,000       |0.01    |604.595   |4.501            |132.32 K/s    |17.77 M/s        |
|Total |80,000,000       |0.007   |604.595   |4.501            |132.32 K/s    |17.77 M/s        |
+------+-----------------+--------+----------+-----------------+--------------+-----------------+



  Result: 132,320.00 events/sec
  Process wall-clock: 620.32s, 128,965.61 events/sec

=== Running Nexmark Q18 (forl0 backend) ===
Events: 80,000,000, TPS: unlimited
Proportions: Person(1):Auction(3):Bid(46)
Command: java -Dlog.file=/home/shuhao/forL0-state-backend/docker/deploy/nexmark-flink/log/nexmark-flink.log -Dlog4j.configuration=file:/tmp/nexmark-conf-o2a3q3av/log4j.properties -Dlog4j.configurationFile=file:/tmp/nexmark-conf-o2a3q3av/log4j.properties -Dstate.backend.type=org.apache.flink.state.forl0.ForL0StateBackendFactory -Dstate.backend.forl0.initial-table-capacity=256 -Dstate.backend.forl0.max-table-capacity=4096 -Dstate.backend.forl0.l0-cache.enabled=true -Dstate.backend.forl0.l0-cache.size=64mb -Dstate.backend.forl0.main-table.load-factor-threshold=0.75 -cp /home/shuhao/forL0-state-backend/docker/deploy/nexmark-flink/lib/*:/home/shuhao/flink-1.20.3/lib/* com.github.nexmark.flink.Benchmark --location /home/shuhao/forL0-state-backend/docker/deploy/nexmark-flink --queries q18 --category oa

Benchmark Queries: [q18]
==================================================================
Start to run query q18 with workload [tps=0, eventsNum=80 M, percentage=bid:46,auction:3,person:1,kafkaServers:null]
Monitor metrics after 10 seconds.
Start to monitor metrics until job is finished.
Monitor TPS metric: vertex=sink, metric=nexmark_q18[9]__Writer.numRecordsInPerSecond
Current Cores=0 (2 TMs)
Current Cores=0.01 (2 TMs)
Current Cores=0 (2 TMs)
Current Cores=0.01 (2 TMs)
Current Cores=0 (2 TMs)
Current Cores=0.01 (2 TMs)
Current Cores=0 (2 TMs)
Current Cores=0.01 (2 TMs)
Current Cores=0 (2 TMs)
Current Cores=0.01 (2 TMs)
Current Cores=0.01 (2 TMs)
Current Cores=0.01 (2 TMs)
Current Cores=0 (2 TMs)
Current Cores=0.01 (2 TMs)
Current Cores=0 (2 TMs)
Current Cores=0.01 (2 TMs)
Current Cores=0 (2 TMs)
Current Cores=0.01 (2 TMs)
Current Cores=0 (2 TMs)
Current Cores=0.01 (2 TMs)
Current Cores=0.01 (2 TMs)
Current Cores=0.01 (2 TMs)
Current Cores=0.01 (2 TMs)
Current Cores=0.01 (2 TMs)
Current Cores=0.01 (2 TMs)
Current Cores=0.01 (2 TMs)
Current Cores=0 (2 TMs)
Current Cores=0.01 (2 TMs)
Current Cores=0 (2 TMs)
Current Cores=0.01 (2 TMs)
Current Cores=0.01 (2 TMs)
Current Cores=0.01 (2 TMs)
Current Cores=0 (2 TMs)
Current Cores=0.01 (2 TMs)
Current Cores=0 (2 TMs)
Current Cores=0.01 (2 TMs)
Current Cores=0.01 (2 TMs)
Current Cores=0.01 (2 TMs)
Current Cores=0 (2 TMs)
Current Cores=0.01 (2 TMs)
Current Cores=0 (2 TMs)
Current Cores=0.01 (2 TMs)
Current Cores=0.01 (2 TMs)
Current Cores=0.01 (2 TMs)
Current Cores=0 (2 TMs)
Current Cores=0.01 (2 TMs)
Current Cores=0.01 (2 TMs)
Current Cores=0.01 (2 TMs)
Current Cores=0 (2 TMs)
Current Cores=0.01 (2 TMs)
Current Cores=0 (2 TMs)
Current Cores=0.01 (2 TMs)
Current Cores=0 (2 TMs)
Current Cores=0.03 (2 TMs)
Current Cores=0 (2 TMs)
Current Cores=0.01 (2 TMs)
Current Cores=0 (2 TMs)
Current Cores=0.01 (2 TMs)
Current Cores=0.01 (2 TMs)
Current Cores=0.01 (2 TMs)
Current Cores=0 (2 TMs)
Current Cores=0.01 (2 TMs)
Current Cores=0 (2 TMs)
Current Cores=0.01 (2 TMs)
Current Cores=0 (2 TMs)
Current Cores=0.01 (2 TMs)
Current Cores=0 (2 TMs)
Current Cores=0.01 (2 TMs)
Current Cores=0 (2 TMs)
Current Cores=0.01 (2 TMs)
Current Cores=0 (2 TMs)
Current Cores=0.01 (2 TMs)
Current Cores=0.01 (2 TMs)
Current Cores=0.01 (2 TMs)
Current Cores=0 (2 TMs)
Current Cores=0.01 (2 TMs)
Current Cores=0 (2 TMs)
Current Cores=0.02 (2 TMs)
Current Cores=0 (2 TMs)
Current Cores=0.01 (2 TMs)
Current Cores=0 (2 TMs)
Current Cores=0.01 (2 TMs)
Current Cores=0.01 (2 TMs)
Current Cores=0.01 (2 TMs)
Current Cores=0 (2 TMs)
Current Cores=0.01 (2 TMs)
Current Cores=0 (2 TMs)
Current Cores=0.01 (2 TMs)
Current Cores=0.01 (2 TMs)
Current Cores=0.01 (2 TMs)
Current Cores=0 (2 TMs)
Current Cores=0.05 (2 TMs)
Current Cores=0 (2 TMs)
Current Cores=0.01 (2 TMs)
Current Cores=0 (2 TMs)
Current Cores=0.01 (2 TMs)
Current Cores=0 (2 TMs)
Current Cores=0.01 (2 TMs)
Current Cores=0.01 (2 TMs)
Current Cores=0.01 (2 TMs)
Current Cores=0 (2 TMs)
Current Cores=0.01 (2 TMs)
Current Cores=0.01 (2 TMs)
Current Cores=0.01 (2 TMs)
Current Cores=0.01 (2 TMs)
Current Cores=0.01 (2 TMs)
Current Cores=0 (2 TMs)
Current Cores=0.01 (2 TMs)
Current Cores=0 (2 TMs)
Current Cores=0.01 (2 TMs)
Current Cores=0 (2 TMs)
Current Cores=0.01 (2 TMs)
Current Cores=0 (2 TMs)
Current Cores=0.01 (2 TMs)
Current Cores=0.01 (2 TMs)
Current Cores=0.01 (2 TMs)
Current Cores=0 (2 TMs)
Current Cores=0.01 (2 TMs)
Current Cores=0 (2 TMs)
Current Cores=0.01 (2 TMs)
Summary Average: EventsNum=80,000,000, Cores=0.01, Time=607.261 s
Stop job query q18
-------------------------------- Nexmark Results --------------------------------

+------+-----------------+--------+----------+-----------------+--------------+-----------------+
| Query| Events Num      | Cores  | Time(s)  | Cores * Time(s) | Throughput   | Throughput/Cores|
+------+-----------------+--------+----------+-----------------+--------------+-----------------+
|q18   |80,000,000       |0.01    |607.261   |4.221            |131.74 K/s    |18.95 M/s        |
|Total |80,000,000       |0.007   |607.261   |4.221            |131.74 K/s    |18.95 M/s        |
+------+-----------------+--------+----------+-----------------+--------------+-----------------+



  Result: 131,740.00 events/sec
  Process wall-clock: 620.30s, 128,969.69 events/sec

=== Running Nexmark Q19 (forl0 backend) ===
Events: 80,000,000, TPS: unlimited
Proportions: Person(1):Auction(3):Bid(46)
Command: java -Dlog.file=/home/shuhao/forL0-state-backend/docker/deploy/nexmark-flink/log/nexmark-flink.log -Dlog4j.configuration=file:/tmp/nexmark-conf-5djta6jm/log4j.properties -Dlog4j.configurationFile=file:/tmp/nexmark-conf-5djta6jm/log4j.properties -Dstate.backend.type=org.apache.flink.state.forl0.ForL0StateBackendFactory -Dstate.backend.forl0.initial-table-capacity=256 -Dstate.backend.forl0.max-table-capacity=4096 -Dstate.backend.forl0.l0-cache.enabled=true -Dstate.backend.forl0.l0-cache.size=64mb -Dstate.backend.forl0.main-table.load-factor-threshold=0.75 -cp /home/shuhao/forL0-state-backend/docker/deploy/nexmark-flink/lib/*:/home/shuhao/flink-1.20.3/lib/* com.github.nexmark.flink.Benchmark --location /home/shuhao/forL0-state-backend/docker/deploy/nexmark-flink --queries q19 --category oa

Benchmark Queries: [q19]
==================================================================
Start to run query q19 with workload [tps=0, eventsNum=80 M, percentage=bid:46,auction:3,person:1,kafkaServers:null]
Monitor metrics after 10 seconds.
Start to monitor metrics until job is finished.
Monitor TPS metric: vertex=sink, metric=Calc[8].numRecordsInPerSecond
Current Cores=0 (2 TMs)
Current Cores=0.01 (2 TMs)
Current Cores=0 (2 TMs)
Current Cores=0.01 (2 TMs)
Current Cores=0 (2 TMs)
Current Cores=0.01 (2 TMs)
Current Cores=0 (2 TMs)
Current Cores=0.01 (2 TMs)
Current Cores=0 (2 TMs)
Current Cores=0.01 (2 TMs)
Current Cores=0 (2 TMs)
Current Cores=0.01 (2 TMs)
Current Cores=0 (2 TMs)
Current Cores=0.01 (2 TMs)
Current Cores=0.01 (2 TMs)
Current Cores=0.01 (2 TMs)
Current Cores=0 (2 TMs)
Current Cores=0.17 (2 TMs)
Current Cores=0.01 (2 TMs)
Current Cores=0.01 (2 TMs)
Current Cores=0.01 (2 TMs)
Current Cores=0.01 (2 TMs)
Current Cores=0 (2 TMs)
Current Cores=0.01 (2 TMs)
Current Cores=0 (2 TMs)
Current Cores=0.01 (2 TMs)
Current Cores=0.01 (2 TMs)
Current Cores=0.01 (2 TMs)
Current Cores=0.01 (2 TMs)
Current Cores=0.01 (2 TMs)
Current Cores=0 (2 TMs)
Current Cores=0.01 (2 TMs)
Current Cores=0 (2 TMs)
Current Cores=0.01 (2 TMs)
Current Cores=0 (2 TMs)
Current Cores=0.01 (2 TMs)
Current Cores=0 (2 TMs)
Current Cores=0.01 (2 TMs)
Current Cores=0.01 (2 TMs)
Current Cores=0.01 (2 TMs)
Current Cores=0.01 (2 TMs)
Current Cores=0.01 (2 TMs)
Current Cores=0 (2 TMs)
Current Cores=0.01 (2 TMs)
Current Cores=0 (2 TMs)
Current Cores=0.01 (2 TMs)
Current Cores=0 (2 TMs)
Current Cores=0.01 (2 TMs)
Current Cores=0 (2 TMs)
Current Cores=0.01 (2 TMs)
Current Cores=0.01 (2 TMs)
Current Cores=0.01 (2 TMs)
Current Cores=0 (2 TMs)
Current Cores=0.01 (2 TMs)
Current Cores=0 (2 TMs)
Current Cores=0.01 (2 TMs)
Current Cores=0 (2 TMs)
Current Cores=0.01 (2 TMs)
Current Cores=0 (2 TMs)
Current Cores=0.01 (2 TMs)
Current Cores=0.01 (2 TMs)
Current Cores=0.01 (2 TMs)
Current Cores=0.01 (2 TMs)
Current Cores=0.01 (2 TMs)
Current Cores=0.01 (2 TMs)
Current Cores=0.01 (2 TMs)
Current Cores=0 (2 TMs)
Current Cores=0.01 (2 TMs)
Current Cores=0 (2 TMs)
Current Cores=0.01 (2 TMs)
Current Cores=0 (2 TMs)
Current Cores=0.01 (2 TMs)
Current Cores=0 (2 TMs)
Current Cores=0.01 (2 TMs)
Current Cores=0 (2 TMs)
Current Cores=0.01 (2 TMs)
Current Cores=0 (2 TMs)
Current Cores=0.01 (2 TMs)
Current Cores=0 (2 TMs)
Current Cores=0.01 (2 TMs)
Current Cores=0 (2 TMs)
Current Cores=0.01 (2 TMs)
Current Cores=0 (2 TMs)
Current Cores=0.04 (2 TMs)
Current Cores=0 (2 TMs)
Current Cores=0.01 (2 TMs)
Current Cores=0 (2 TMs)
Current Cores=0.01 (2 TMs)
Current Cores=0 (2 TMs)
Current Cores=0.03 (2 TMs)
Current Cores=0.01 (2 TMs)
Current Cores=0.01 (2 TMs)
Current Cores=0 (2 TMs)
Current Cores=0.01 (2 TMs)
Current Cores=0 (2 TMs)
Current Cores=0.01 (2 TMs)
Current Cores=0 (2 TMs)
Current Cores=0.09 (2 TMs)
Current Cores=0 (2 TMs)
Current Cores=0.01 (2 TMs)
Current Cores=0.01 (2 TMs)
Current Cores=0.01 (2 TMs)
Current Cores=0 (2 TMs)
Current Cores=0.01 (2 TMs)
Current Cores=0 (2 TMs)
Current Cores=0.01 (2 TMs)
Current Cores=0 (2 TMs)
Current Cores=0.01 (2 TMs)
Current Cores=0.01 (2 TMs)
Current Cores=0.01 (2 TMs)
Current Cores=0 (2 TMs)
Current Cores=0.01 (2 TMs)
Current Cores=0 (2 TMs)
Current Cores=0.02 (2 TMs)
Current Cores=0.01 (2 TMs)
Current Cores=0 (2 TMs)
Current Cores=0.01 (2 TMs)
Current Cores=0.01 (2 TMs)
Summary Average: EventsNum=80,000,000, Cores=0.01, Time=600.202 s
Stop job query q19
-------------------------------- Nexmark Results --------------------------------

+------+-----------------+--------+----------+-----------------+--------------+-----------------+
| Query| Events Num      | Cores  | Time(s)  | Cores * Time(s) | Throughput   | Throughput/Cores|
+------+-----------------+--------+----------+-----------------+--------------+-----------------+
|q19   |80,000,000       |0.01    |600.202   |5.605            |133.29 K/s    |14.27 M/s        |
|Total |80,000,000       |0.009   |600.202   |5.605            |133.29 K/s    |14.27 M/s        |
+------+-----------------+--------+----------+-----------------+--------------+-----------------+



  Result: 133,290.00 events/sec
  Process wall-clock: 615.30s, 130,017.36 events/sec

=== Running Nexmark Q20 (forl0 backend) ===
Events: 60,000,000, TPS: unlimited
Proportions: Person(1):Auction(3):Bid(46)
Command: java -Dlog.file=/home/shuhao/forL0-state-backend/docker/deploy/nexmark-flink/log/nexmark-flink.log -Dlog4j.configuration=file:/tmp/nexmark-conf-ltftfwha/log4j.properties -Dlog4j.configurationFile=file:/tmp/nexmark-conf-ltftfwha/log4j.properties -Dstate.backend.type=org.apache.flink.state.forl0.ForL0StateBackendFactory -Dstate.backend.forl0.initial-table-capacity=256 -Dstate.backend.forl0.max-table-capacity=4096 -Dstate.backend.forl0.l0-cache.enabled=true -Dstate.backend.forl0.l0-cache.size=64mb -Dstate.backend.forl0.main-table.load-factor-threshold=0.75 -cp /home/shuhao/forL0-state-backend/docker/deploy/nexmark-flink/lib/*:/home/shuhao/flink-1.20.3/lib/* com.github.nexmark.flink.Benchmark --location /home/shuhao/forL0-state-backend/docker/deploy/nexmark-flink --queries q20 --category oa

Benchmark Queries: [q20]
==================================================================
Start to run query q20 with workload [tps=0, eventsNum=60 M, percentage=bid:46,auction:3,person:1,kafkaServers:null]
Monitor metrics after 10 seconds.
Start to monitor metrics until job is finished.
Monitor TPS metric: vertex=sink, metric=Join[12].numRecordsInPerSecond
Current Cores=0 (2 TMs)
Current Cores=0.01 (2 TMs)
Current Cores=0 (2 TMs)
Current Cores=0.06 (2 TMs)
Current Cores=0.01 (2 TMs)
Current Cores=0.01 (2 TMs)
Current Cores=0 (2 TMs)
Current Cores=0.02 (2 TMs)
Current Cores=0.01 (2 TMs)
Current Cores=0.01 (2 TMs)
Current Cores=0 (2 TMs)
Current Cores=0 (2 TMs)
Current Cores=0.01 (2 TMs)
Current Cores=0.04 (2 TMs)
Current Cores=0 (2 TMs)
Current Cores=0.01 (2 TMs)
Current Cores=0.01 (2 TMs)
Current Cores=0.01 (2 TMs)
Current Cores=0 (2 TMs)
Current Cores=0.06 (2 TMs)
Current Cores=0.01 (2 TMs)
Current Cores=0.01 (2 TMs)
Current Cores=0 (2 TMs)
Current Cores=0.01 (2 TMs)
Current Cores=0.01 (2 TMs)
Current Cores=0.01 (2 TMs)
Current Cores=0 (2 TMs)
Current Cores=0.01 (2 TMs)
Current Cores=0 (2 TMs)
Current Cores=0.01 (2 TMs)
Current Cores=0.01 (2 TMs)
Current Cores=0.01 (2 TMs)
Current Cores=0 (2 TMs)
Current Cores=0.01 (2 TMs)
Current Cores=0 (2 TMs)
Current Cores=0.01 (2 TMs)
Current Cores=0 (2 TMs)
Current Cores=0.01 (2 TMs)
Current Cores=0.01 (2 TMs)
Current Cores=0.01 (2 TMs)
Current Cores=0 (2 TMs)
Current Cores=0.01 (2 TMs)
Current Cores=0.01 (2 TMs)
Current Cores=0.01 (2 TMs)
Current Cores=0.01 (2 TMs)
Current Cores=0.01 (2 TMs)
Current Cores=0.01 (2 TMs)
Current Cores=0.01 (2 TMs)
Current Cores=0 (2 TMs)
Current Cores=0.01 (2 TMs)
Current Cores=0.01 (2 TMs)
Current Cores=0.01 (2 TMs)
Current Cores=0 (2 TMs)
Current Cores=0.01 (2 TMs)
Current Cores=0.01 (2 TMs)
Current Cores=0.01 (2 TMs)
Current Cores=0 (2 TMs)
Current Cores=0.01 (2 TMs)
Current Cores=0.01 (2 TMs)
Current Cores=0.01 (2 TMs)
Current Cores=0.01 (2 TMs)
Current Cores=0 (2 TMs)
Current Cores=0.01 (2 TMs)
Current Cores=0.01 (2 TMs)
Current Cores=0.01 (2 TMs)
Current Cores=0 (2 TMs)
Current Cores=0.01 (2 TMs)
Current Cores=0.01 (2 TMs)
Current Cores=0.01 (2 TMs)
Current Cores=0.01 (2 TMs)
Current Cores=0 (2 TMs)
Current Cores=0.01 (2 TMs)
Current Cores=0 (2 TMs)
Current Cores=0.01 (2 TMs)
Current Cores=0 (2 TMs)
Current Cores=0.01 (2 TMs)
Current Cores=0 (2 TMs)
Current Cores=0.01 (2 TMs)
Current Cores=0 (2 TMs)
Current Cores=0.01 (2 TMs)
Current Cores=0.01 (2 TMs)
Current Cores=0.01 (2 TMs)
Current Cores=0.01 (2 TMs)
Current Cores=0.01 (2 TMs)
Current Cores=0.01 (2 TMs)
Current Cores=0.01 (2 TMs)
Current Cores=0 (2 TMs)
Current Cores=0.01 (2 TMs)
Current Cores=0 (2 TMs)
Current Cores=0.01 (2 TMs)
Current Cores=0 (2 TMs)
Current Cores=0.01 (2 TMs)
Current Cores=0 (2 TMs)
Current Cores=0.01 (2 TMs)
Current Cores=0 (2 TMs)
Current Cores=0.01 (2 TMs)
Current Cores=0.01 (2 TMs)
Current Cores=0.01 (2 TMs)
Current Cores=0.01 (2 TMs)
Current Cores=0 (2 TMs)
Current Cores=0.01 (2 TMs)
Current Cores=0.01 (2 TMs)
Current Cores=0 (2 TMs)
Current Cores=0.01 (2 TMs)
Current Cores=0.01 (2 TMs)
Current Cores=0.01 (2 TMs)
Current Cores=0 (2 TMs)
Current Cores=0.01 (2 TMs)
Current Cores=0.01 (2 TMs)
Current Cores=0 (2 TMs)
Current Cores=0.01 (2 TMs)
Current Cores=0.01 (2 TMs)
Current Cores=0.01 (2 TMs)
Current Cores=0.01 (2 TMs)
Current Cores=0.01 (2 TMs)
Current Cores=0.01 (2 TMs)
Current Cores=0.01 (2 TMs)
Current Cores=0.01 (2 TMs)
Current Cores=0.01 (2 TMs)
Summary Average: EventsNum=60,000,000, Cores=0.01, Time=602.734 s
Stop job query q20
-------------------------------- Nexmark Results --------------------------------

+------+-----------------+--------+----------+-----------------+--------------+-----------------+
| Query| Events Num      | Cores  | Time(s)  | Cores * Time(s) | Throughput   | Throughput/Cores|
+------+-----------------+--------+----------+-----------------+--------------+-----------------+
|q20   |60,000,000       |0.01    |602.734   |4.630            |99.55 K/s     |12.96 M/s        |
|Total |60,000,000       |0.008   |602.734   |4.630            |99.55 K/s     |12.96 M/s        |
+------+-----------------+--------+----------+-----------------+--------------+-----------------+



  Result: 99,550.00 events/sec
  Process wall-clock: 620.31s, 96,725.73 events/sec

--- forl0 Summary ---
  q4: 133,510 events/sec (13,720,000/core), process 130,014 events/sec in 615.32s
  q5: 132,960 events/sec (12,150,000/core), process 128,966 events/sec in 620.32s
  q8: 165,620 events/sec (21,060,000/core), process 161,212 events/sec in 620.30s
  q9: 66,760 events/sec (8,260,000/core), process 65,010 events/sec in 615.29s
  q11: 132,320 events/sec (17,770,000/core), process 128,966 events/sec in 620.32s
  q18: 131,740 events/sec (18,950,000/core), process 128,970 events/sec in 620.30s
  q19: 133,290 events/sec (14,270,000/core), process 130,017 events/sec in 615.30s
  q20: 99,550 events/sec (12,960,000/core), process 96,726 events/sec in 620.31s

[Nexmark] Results saved to: /home/shuhao/forL0-state-backend/benchmark/results/nexmark_20260710_021408/nexmark_results.json

============================================================
Backend Comparison
============================================================

forl0 vs hashmap:
  q11: 128,966 vs 130,014 (-0.8%, process throughput)
  q18: 128,970 vs 130,013 (-0.8%, process throughput)
  q19: 130,017 vs 128,965 (+0.8%, process throughput)
  q20: 96,726 vs 97,510 (-0.8%, process throughput)
  q4: 130,014 vs 128,938 (+0.8%, process throughput)
  q5: 128,966 vs 127,913 (+0.8%, process throughput)
  q8: 161,212 vs 161,198 (+0.0%, process throughput)
  q9: 65,010 vs 63,969 (+1.6%, process throughput)

======================================================================
                    BENCHMARK SUMMARY
======================================================================

## Unit Test Benchmark
--------------------------------------------------

## WordCount Benchmark
--------------------------------------------------

## Client Usecase Benchmark
--------------------------------------------------

## NexMark Benchmark
--------------------------------------------------
Query   Proc(s)     hashmap proc eps     report eps     (/core)    forl0 proc eps     report eps     (/core)    Improv
----------------------------------------------------------------------------------------------------------------------
Q11     615.32            130.01 K/s     133.25 K/s   13.30 M/s        128.97 K/s     132.32 K/s   17.77 M/s     -0.8%
Q18     615.32            130.01 K/s     132.74 K/s   15.07 M/s        128.97 K/s     131.74 K/s   18.95 M/s     -0.8%
Q19     620.32            128.96 K/s     132.33 K/s   16.13 M/s        130.02 K/s     133.29 K/s   14.27 M/s      0.8%
Q20     615.32             97.51 K/s      99.85 K/s   12.15 M/s         96.73 K/s      99.55 K/s   12.96 M/s     -0.8%
Q4      620.45            128.94 K/s     132.94 K/s    5.91 M/s        130.01 K/s     133.51 K/s   13.72 M/s      0.8%
Q5      625.42            127.91 K/s     131.75 K/s    9.58 M/s        128.97 K/s     132.96 K/s   12.15 M/s      0.8%
Q8      620.36            161.20 K/s     165.69 K/s   12.69 M/s        161.21 K/s     165.62 K/s   21.06 M/s      0.0%
Q9      625.30             63.97 K/s      65.79 K/s    5.28 M/s         65.01 K/s      66.76 K/s    8.26 M/s      1.6%

======================================================================

Next steps:
  1. Review raw results in: benchmark/results/raw/
  2. Generate report: python scripts/generate_report.py
  3. View report in: benchmark/results/reports/

==> Ascend reproduction N02: nexmark_pressure_allq
Command: /home/shuhao/forL0-state-backend/docker/run_all_apps.sh --offline --test nexmark --scenario forl0_no_full_gc_allq_pressure --query q4,q5,q8,q9,q11,q18,q19,q20 --backend all --no-profile --no-report --expected-taskmanagers 2 --expected-slots 8 --restart-cluster
============================================================
  ForL0 benchmark run context
============================================================
  Repo:        /home/shuhao/forL0-state-backend
  Test:        nexmark
  Backend:     all
  Profile:     disabled
  Offline:     true
  Expect TMs:  2
  Expect slots:8
  GitCommit:   99987dbbada2c6d9446fb486393af35eeb1a7d34
  Date:        2026-07-10 04:59:26 +0800

[2/5] 按要求重启 Flink 集群
=== 停止 BriskState Flink Docker 集群 ===
flink-taskmanager-2
flink-taskmanager-1
flink-jobmanager
flink-net
已停止
=== 启动 BriskState Flink Docker 集群 ===
  FLINK_HOME: /home/shuhao/flink-1.20.3
  NATIVE:     /home/shuhao/flink-1.20.3/native
  CONF:       /home/shuhao/forL0-state-backend/docker/conf
  Docker:     sudo -n docker
  JM memory:  8g
  TM memory:  16g
  libnuma:    /lib/aarch64-linux-gnu/libnuma.so.1 -> /lib/aarch64-linux-gnu/libnuma.so.1

89448f210c854743b096c12ccc12eb36a14ea219f6f9f2a1392c24ec2f7aae7f
[1/3] 启动 JobManager...
0a05c532b0e2446383884a4a42da75f41ae9d8696390dfc226c296dc94935194
      JobManager IP: 172.18.0.2
[2/3] 启动 TaskManager-1...
09846f3ca7a6d26c6f4aeff1c496af4ad817f77324fee59f0dcb28ae3a6f4b0b
[3/3] 启动 TaskManager-2...
1217e2e9684ed9214c9c06fba005bd7c73a9ff935c6462200280a99c34140229

等待 JobManager 就绪...
....
=== 集群启动成功! ===
  Web UI: http://localhost:8081
  TaskManagers: 2
  Slots:        8

  查看 TaskManager 日志: /home/shuhao/forL0-state-backend/docker/docker_run.sh logs tm1
  提交作业:     /home/shuhao/flink-1.20.3/bin/flink run -m localhost:8081 -c <MainClass> <jar>
      ✓ Flink 集群健康:
TASKMANAGERS=2
SLOTS_TOTAL=8
SLOTS_AVAILABLE=8
JOBS_RUNNING=0
TM 172.18.0.4:38701-e34afd slots=4 free=4 heartbeatMs=0
TM 172.18.0.3:36355-af1fd6 slots=4 free=4 heartbeatMs=0
[3/5] 复用已有 benchmark Python 虚拟环境
      ✓ benchmark Python 依赖已满足
[4/5] 开始运行 benchmark/scripts/run_benchmark.py
Command: /home/shuhao/forL0-state-backend/.venv-benchmark/bin/python /home/shuhao/forL0-state-backend/benchmark/scripts/run_benchmark.py --test nexmark --backend all --scenario forl0_no_full_gc_allq_pressure --query q4,q5,q8,q9,q11,q18,q19,q20
[NexMark] Scenario: forl0_no_full_gc_allq_pressure — Non-contract pressure sweep: tune every stateful NexMark query under no-Full-GC acceptance
============================================================
ForL0 StateBackend Benchmark
============================================================
Test: nexmark
Backends: hashmap, forl0
NexMark Queries: q4,q5,q8,q9,q11,q18,q19,q20
NexMark Scenario: forl0_no_full_gc_allq_pressure
============================================================

============================================================
Running NexMark Benchmark
============================================================

============================================================
Nexmark DataStream Benchmark
============================================================
Queries: ['q4', 'q5', 'q8', 'q9', 'q11', 'q18', 'q19', 'q20']
Backends: ['hashmap', 'forl0']
Repeat per query: 1
Min successful samples: 1
Mode: benchmark
============================================================


============================================================
Backend: hashmap
============================================================

=== Running Nexmark Q4 (hashmap backend) ===
Events: 0, TPS: 600000
Proportions: Person(1):Auction(49):Bid(50)
Hot ratios: bid.auctions=8, bid.bidders=default
Command: java -Dlog.file=/home/shuhao/forL0-state-backend/docker/deploy/nexmark-flink/log/nexmark-flink.log -Dlog4j.configuration=file:/tmp/nexmark-conf-58g50xcs/log4j.properties -Dlog4j.configurationFile=file:/tmp/nexmark-conf-58g50xcs/log4j.properties -Dstate.backend.type=org.apache.flink.runtime.state.hashmap.HashMapStateBackendFactory -cp /home/shuhao/forL0-state-backend/docker/deploy/nexmark-flink/lib/*:/home/shuhao/flink-1.20.3/lib/* com.github.nexmark.flink.Benchmark --location /home/shuhao/forL0-state-backend/docker/deploy/nexmark-flink --queries q4 --category forl0

  ERROR: TaskManager count dropped below expected: 1 < 2
Benchmark Queries: [q4]
==================================================================
Start to run query q4 with workload [tps=600 K, eventsNum=0, percentage=bid:50,auction:49,person:1,kafkaServers:null]
Monitor metrics after 20 seconds.
Start to monitor metrics for 90 seconds.
Monitor TPS metric: vertex=sink, metric=GroupAggregate[16].numRecordsInPerSecond
Current Throughput=34.09 K, Cores=41.55 (2 TMs)
Current Throughput=34.09 K, Cores=39.41 (2 TMs)
Current Throughput=34.09 K, Cores=52.27 (2 TMs)
Current Throughput=52.37 K, Cores=37.05 (2 TMs)
Current Throughput=52.37 K, Cores=42.08 (2 TMs)
Current Throughput=73.85 K, Cores=34.9 (2 TMs)
Current Throughput=73.85 K, Cores=71.53 (2 TMs)
Current Throughput=73.85 K, Cores=71.53 (2 TMs)
Current Throughput=73.85 K, Cores=71.52 (2 TMs)
Current Throughput=73.85 K, Cores=71.52 (2 TMs)
Current Throughput=73.85 K, Cores=71.52 (2 TMs)
Current Throughput=73.85 K, Cores=71.53 (2 TMs)
Current Throughput=73.85 K, Cores=71.52 (2 TMs)
Current Throughput=73.85 K, Cores=71.53 (2 TMs)
Current Throughput=73.85 K, Cores=71.52 (2 TMs)

[NexMark fail-fast] TaskManager count dropped below expected: 1 < 2

  ERROR: NexMark benchmark driver failed

=== Running Nexmark Q5 (hashmap backend) ===
Events: 0, TPS: 5000000
Proportions: Person(1):Auction(1):Bid(98)
Hot ratios: bid.auctions=16, bid.bidders=8
Command: java -Dlog.file=/home/shuhao/forL0-state-backend/docker/deploy/nexmark-flink/log/nexmark-flink.log -Dlog4j.configuration=file:/tmp/nexmark-conf-d1jes62m/log4j.properties -Dlog4j.configurationFile=file:/tmp/nexmark-conf-d1jes62m/log4j.properties -Dstate.backend.type=org.apache.flink.runtime.state.hashmap.HashMapStateBackendFactory -cp /home/shuhao/forL0-state-backend/docker/deploy/nexmark-flink/lib/*:/home/shuhao/flink-1.20.3/lib/* com.github.nexmark.flink.Benchmark --location /home/shuhao/forL0-state-backend/docker/deploy/nexmark-flink --queries q5 --category forl0

  ERROR: TaskManager count dropped below expected: 1 < 2

[NexMark fail-fast] TaskManager count dropped below expected: 1 < 2

  ERROR: NexMark benchmark driver failed

=== Running Nexmark Q8 (hashmap backend) ===
Events: 0, TPS: 2000000
Proportions: Person(25):Auction(25):Bid(50)
Command: java -Dlog.file=/home/shuhao/forL0-state-backend/docker/deploy/nexmark-flink/log/nexmark-flink.log -Dlog4j.configuration=file:/tmp/nexmark-conf-zbtubp54/log4j.properties -Dlog4j.configurationFile=file:/tmp/nexmark-conf-zbtubp54/log4j.properties -Dstate.backend.type=org.apache.flink.runtime.state.hashmap.HashMapStateBackendFactory -cp /home/shuhao/forL0-state-backend/docker/deploy/nexmark-flink/lib/*:/home/shuhao/flink-1.20.3/lib/* com.github.nexmark.flink.Benchmark --location /home/shuhao/forL0-state-backend/docker/deploy/nexmark-flink --queries q8 --category forl0

  ERROR: TaskManager count dropped below expected: 1 < 2

[NexMark fail-fast] TaskManager count dropped below expected: 1 < 2

  ERROR: NexMark benchmark driver failed

=== Running Nexmark Q9 (hashmap backend) ===
Events: 0, TPS: 200000
Proportions: Person(1):Auction(49):Bid(50)
Hot ratios: bid.auctions=16, bid.bidders=default
Command: java -Dlog.file=/home/shuhao/forL0-state-backend/docker/deploy/nexmark-flink/log/nexmark-flink.log -Dlog4j.configuration=file:/tmp/nexmark-conf-v573ssrd/log4j.properties -Dlog4j.configurationFile=file:/tmp/nexmark-conf-v573ssrd/log4j.properties -Dstate.backend.type=org.apache.flink.runtime.state.hashmap.HashMapStateBackendFactory -cp /home/shuhao/forL0-state-backend/docker/deploy/nexmark-flink/lib/*:/home/shuhao/flink-1.20.3/lib/* com.github.nexmark.flink.Benchmark --location /home/shuhao/forL0-state-backend/docker/deploy/nexmark-flink --queries q9 --category forl0

  ERROR: TaskManager count dropped below expected: 1 < 2

[NexMark fail-fast] TaskManager count dropped below expected: 1 < 2

  ERROR: NexMark benchmark driver failed

=== Running Nexmark Q11 (hashmap backend) ===
Events: 0, TPS: 1000000
Proportions: Person(1):Auction(1):Bid(98)
Hot ratios: bid.auctions=default, bid.bidders=16
Command: java -Dlog.file=/home/shuhao/forL0-state-backend/docker/deploy/nexmark-flink/log/nexmark-flink.log -Dlog4j.configuration=file:/tmp/nexmark-conf-_sj4ri89/log4j.properties -Dlog4j.configurationFile=file:/tmp/nexmark-conf-_sj4ri89/log4j.properties -Dstate.backend.type=org.apache.flink.runtime.state.hashmap.HashMapStateBackendFactory -cp /home/shuhao/forL0-state-backend/docker/deploy/nexmark-flink/lib/*:/home/shuhao/flink-1.20.3/lib/* com.github.nexmark.flink.Benchmark --location /home/shuhao/forL0-state-backend/docker/deploy/nexmark-flink --queries q11 --category forl0

  ERROR: TaskManager count dropped below expected: 1 < 2

[NexMark fail-fast] TaskManager count dropped below expected: 1 < 2

  ERROR: NexMark benchmark driver failed

=== Running Nexmark Q18 (hashmap backend) ===
Events: 0, TPS: 5000000
Proportions: Person(1):Auction(49):Bid(50)
Hot ratios: bid.auctions=16, bid.bidders=16
Command: java -Dlog.file=/home/shuhao/forL0-state-backend/docker/deploy/nexmark-flink/log/nexmark-flink.log -Dlog4j.configuration=file:/tmp/nexmark-conf-5quwtf2l/log4j.properties -Dlog4j.configurationFile=file:/tmp/nexmark-conf-5quwtf2l/log4j.properties -Dstate.backend.type=org.apache.flink.runtime.state.hashmap.HashMapStateBackendFactory -cp /home/shuhao/forL0-state-backend/docker/deploy/nexmark-flink/lib/*:/home/shuhao/flink-1.20.3/lib/* com.github.nexmark.flink.Benchmark --location /home/shuhao/forL0-state-backend/docker/deploy/nexmark-flink --queries q18 --category forl0

  ERROR: TaskManager count dropped below expected: 1 < 2

[NexMark fail-fast] TaskManager count dropped below expected: 1 < 2

  ERROR: NexMark benchmark driver failed

=== Running Nexmark Q19 (hashmap backend) ===
Events: 0, TPS: 1600000
Proportions: Person(1):Auction(1):Bid(98)
Hot ratios: bid.auctions=16, bid.bidders=8
Command: java -Dlog.file=/home/shuhao/forL0-state-backend/docker/deploy/nexmark-flink/log/nexmark-flink.log -Dlog4j.configuration=file:/tmp/nexmark-conf-q13yp36b/log4j.properties -Dlog4j.configurationFile=file:/tmp/nexmark-conf-q13yp36b/log4j.properties -Dstate.backend.type=org.apache.flink.runtime.state.hashmap.HashMapStateBackendFactory -cp /home/shuhao/forL0-state-backend/docker/deploy/nexmark-flink/lib/*:/home/shuhao/flink-1.20.3/lib/* com.github.nexmark.flink.Benchmark --location /home/shuhao/forL0-state-backend/docker/deploy/nexmark-flink --queries q19 --category forl0

  ERROR: TaskManager count dropped below expected: 1 < 2

[NexMark fail-fast] TaskManager count dropped below expected: 1 < 2

  ERROR: NexMark benchmark driver failed

=== Running Nexmark Q20 (hashmap backend) ===
Events: 0, TPS: 400000
Proportions: Person(1):Auction(49):Bid(50)
Hot ratios: bid.auctions=16, bid.bidders=default
Command: java -Dlog.file=/home/shuhao/forL0-state-backend/docker/deploy/nexmark-flink/log/nexmark-flink.log -Dlog4j.configuration=file:/tmp/nexmark-conf-7bl8ghhp/log4j.properties -Dlog4j.configurationFile=file:/tmp/nexmark-conf-7bl8ghhp/log4j.properties -Dstate.backend.type=org.apache.flink.runtime.state.hashmap.HashMapStateBackendFactory -cp /home/shuhao/forL0-state-backend/docker/deploy/nexmark-flink/lib/*:/home/shuhao/flink-1.20.3/lib/* com.github.nexmark.flink.Benchmark --location /home/shuhao/forL0-state-backend/docker/deploy/nexmark-flink --queries q20 --category forl0

  ERROR: TaskManager count dropped below expected: 1 < 2

[NexMark fail-fast] TaskManager count dropped below expected: 1 < 2

  ERROR: NexMark benchmark driver failed

--- hashmap Summary ---
  Failed: ['q4', 'q5', 'q8', 'q9', 'q11', 'q18', 'q19', 'q20']

============================================================
Backend: forl0
============================================================

=== Running Nexmark Q4 (forl0 backend) ===
Events: 0, TPS: 600000
Proportions: Person(1):Auction(49):Bid(50)
Hot ratios: bid.auctions=8, bid.bidders=default
Command: java -Dlog.file=/home/shuhao/forL0-state-backend/docker/deploy/nexmark-flink/log/nexmark-flink.log -Dlog4j.configuration=file:/tmp/nexmark-conf-91ub3d5e/log4j.properties -Dlog4j.configurationFile=file:/tmp/nexmark-conf-91ub3d5e/log4j.properties -Dstate.backend.type=org.apache.flink.state.forl0.ForL0StateBackendFactory -Dstate.backend.forl0.initial-table-capacity=2048 -Dstate.backend.forl0.max-table-capacity=65536 -Dstate.backend.forl0.l0-cache.enabled=true -Dstate.backend.forl0.l0-cache.size=256mb -Dstate.backend.forl0.l0-memory.max-size=512mb -Dstate.backend.forl0.main-table.load-factor-threshold=0.8 -cp /home/shuhao/forL0-state-backend/docker/deploy/nexmark-flink/lib/*:/home/shuhao/flink-1.20.3/lib/* com.github.nexmark.flink.Benchmark --location /home/shuhao/forL0-state-backend/docker/deploy/nexmark-flink --queries q4 --category forl0

  ERROR: TaskManager count dropped below expected: 1 < 2

[NexMark fail-fast] TaskManager count dropped below expected: 1 < 2

  ERROR: NexMark benchmark driver failed

=== Running Nexmark Q5 (forl0 backend) ===
Events: 0, TPS: 5000000
Proportions: Person(1):Auction(1):Bid(98)
Hot ratios: bid.auctions=16, bid.bidders=8
Command: java -Dlog.file=/home/shuhao/forL0-state-backend/docker/deploy/nexmark-flink/log/nexmark-flink.log -Dlog4j.configuration=file:/tmp/nexmark-conf-ekut7d21/log4j.properties -Dlog4j.configurationFile=file:/tmp/nexmark-conf-ekut7d21/log4j.properties -Dstate.backend.type=org.apache.flink.state.forl0.ForL0StateBackendFactory -Dstate.backend.forl0.initial-table-capacity=2048 -Dstate.backend.forl0.max-table-capacity=65536 -Dstate.backend.forl0.l0-cache.enabled=true -Dstate.backend.forl0.l0-cache.size=256mb -Dstate.backend.forl0.l0-memory.max-size=512mb -Dstate.backend.forl0.main-table.load-factor-threshold=0.8 -cp /home/shuhao/forL0-state-backend/docker/deploy/nexmark-flink/lib/*:/home/shuhao/flink-1.20.3/lib/* com.github.nexmark.flink.Benchmark --location /home/shuhao/forL0-state-backend/docker/deploy/nexmark-flink --queries q5 --category forl0

  ERROR: TaskManager count dropped below expected: 1 < 2

[NexMark fail-fast] TaskManager count dropped below expected: 1 < 2

  ERROR: NexMark benchmark driver failed

=== Running Nexmark Q8 (forl0 backend) ===
Events: 0, TPS: 2000000
Proportions: Person(25):Auction(25):Bid(50)
Command: java -Dlog.file=/home/shuhao/forL0-state-backend/docker/deploy/nexmark-flink/log/nexmark-flink.log -Dlog4j.configuration=file:/tmp/nexmark-conf-h8fbeeaf/log4j.properties -Dlog4j.configurationFile=file:/tmp/nexmark-conf-h8fbeeaf/log4j.properties -Dstate.backend.type=org.apache.flink.state.forl0.ForL0StateBackendFactory -Dstate.backend.forl0.initial-table-capacity=2048 -Dstate.backend.forl0.max-table-capacity=65536 -Dstate.backend.forl0.l0-cache.enabled=true -Dstate.backend.forl0.l0-cache.size=256mb -Dstate.backend.forl0.l0-memory.max-size=512mb -Dstate.backend.forl0.main-table.load-factor-threshold=0.8 -cp /home/shuhao/forL0-state-backend/docker/deploy/nexmark-flink/lib/*:/home/shuhao/flink-1.20.3/lib/* com.github.nexmark.flink.Benchmark --location /home/shuhao/forL0-state-backend/docker/deploy/nexmark-flink --queries q8 --category forl0

  ERROR: TaskManager count dropped below expected: 1 < 2

[NexMark fail-fast] TaskManager count dropped below expected: 1 < 2

  ERROR: NexMark benchmark driver failed

=== Running Nexmark Q9 (forl0 backend) ===
Events: 0, TPS: 200000
Proportions: Person(1):Auction(49):Bid(50)
Hot ratios: bid.auctions=16, bid.bidders=default
Command: java -Dlog.file=/home/shuhao/forL0-state-backend/docker/deploy/nexmark-flink/log/nexmark-flink.log -Dlog4j.configuration=file:/tmp/nexmark-conf-gu3gqkcn/log4j.properties -Dlog4j.configurationFile=file:/tmp/nexmark-conf-gu3gqkcn/log4j.properties -Dstate.backend.type=org.apache.flink.state.forl0.ForL0StateBackendFactory -Dstate.backend.forl0.initial-table-capacity=2048 -Dstate.backend.forl0.max-table-capacity=65536 -Dstate.backend.forl0.l0-cache.enabled=true -Dstate.backend.forl0.l0-cache.size=256mb -Dstate.backend.forl0.l0-memory.max-size=512mb -Dstate.backend.forl0.main-table.load-factor-threshold=0.8 -cp /home/shuhao/forL0-state-backend/docker/deploy/nexmark-flink/lib/*:/home/shuhao/flink-1.20.3/lib/* com.github.nexmark.flink.Benchmark --location /home/shuhao/forL0-state-backend/docker/deploy/nexmark-flink --queries q9 --category forl0

  ERROR: TaskManager count dropped below expected: 1 < 2

[NexMark fail-fast] TaskManager count dropped below expected: 1 < 2

  ERROR: NexMark benchmark driver failed

=== Running Nexmark Q11 (forl0 backend) ===
Events: 0, TPS: 1000000
Proportions: Person(1):Auction(1):Bid(98)
Hot ratios: bid.auctions=default, bid.bidders=16
Command: java -Dlog.file=/home/shuhao/forL0-state-backend/docker/deploy/nexmark-flink/log/nexmark-flink.log -Dlog4j.configuration=file:/tmp/nexmark-conf-s1qcpxu6/log4j.properties -Dlog4j.configurationFile=file:/tmp/nexmark-conf-s1qcpxu6/log4j.properties -Dstate.backend.type=org.apache.flink.state.forl0.ForL0StateBackendFactory -Dstate.backend.forl0.initial-table-capacity=2048 -Dstate.backend.forl0.max-table-capacity=65536 -Dstate.backend.forl0.l0-cache.enabled=true -Dstate.backend.forl0.l0-cache.size=256mb -Dstate.backend.forl0.l0-memory.max-size=512mb -Dstate.backend.forl0.main-table.load-factor-threshold=0.8 -cp /home/shuhao/forL0-state-backend/docker/deploy/nexmark-flink/lib/*:/home/shuhao/flink-1.20.3/lib/* com.github.nexmark.flink.Benchmark --location /home/shuhao/forL0-state-backend/docker/deploy/nexmark-flink --queries q11 --category forl0

  ERROR: TaskManager count dropped below expected: 1 < 2

[NexMark fail-fast] TaskManager count dropped below expected: 1 < 2

  ERROR: NexMark benchmark driver failed

=== Running Nexmark Q18 (forl0 backend) ===
Events: 0, TPS: 5000000
Proportions: Person(1):Auction(49):Bid(50)
Hot ratios: bid.auctions=16, bid.bidders=16
Command: java -Dlog.file=/home/shuhao/forL0-state-backend/docker/deploy/nexmark-flink/log/nexmark-flink.log -Dlog4j.configuration=file:/tmp/nexmark-conf-jg47at_4/log4j.properties -Dlog4j.configurationFile=file:/tmp/nexmark-conf-jg47at_4/log4j.properties -Dstate.backend.type=org.apache.flink.state.forl0.ForL0StateBackendFactory -Dstate.backend.forl0.initial-table-capacity=2048 -Dstate.backend.forl0.max-table-capacity=65536 -Dstate.backend.forl0.l0-cache.enabled=true -Dstate.backend.forl0.l0-cache.size=256mb -Dstate.backend.forl0.l0-memory.max-size=512mb -Dstate.backend.forl0.main-table.load-factor-threshold=0.8 -cp /home/shuhao/forL0-state-backend/docker/deploy/nexmark-flink/lib/*:/home/shuhao/flink-1.20.3/lib/* com.github.nexmark.flink.Benchmark --location /home/shuhao/forL0-state-backend/docker/deploy/nexmark-flink --queries q18 --category forl0

  ERROR: TaskManager count dropped below expected: 1 < 2

[NexMark fail-fast] TaskManager count dropped below expected: 1 < 2

  ERROR: NexMark benchmark driver failed

=== Running Nexmark Q19 (forl0 backend) ===
Events: 0, TPS: 1600000
Proportions: Person(1):Auction(1):Bid(98)
Hot ratios: bid.auctions=16, bid.bidders=8
Command: java -Dlog.file=/home/shuhao/forL0-state-backend/docker/deploy/nexmark-flink/log/nexmark-flink.log -Dlog4j.configuration=file:/tmp/nexmark-conf-14rjticm/log4j.properties -Dlog4j.configurationFile=file:/tmp/nexmark-conf-14rjticm/log4j.properties -Dstate.backend.type=org.apache.flink.state.forl0.ForL0StateBackendFactory -Dstate.backend.forl0.initial-table-capacity=2048 -Dstate.backend.forl0.max-table-capacity=65536 -Dstate.backend.forl0.l0-cache.enabled=true -Dstate.backend.forl0.l0-cache.size=256mb -Dstate.backend.forl0.l0-memory.max-size=512mb -Dstate.backend.forl0.main-table.load-factor-threshold=0.8 -cp /home/shuhao/forL0-state-backend/docker/deploy/nexmark-flink/lib/*:/home/shuhao/flink-1.20.3/lib/* com.github.nexmark.flink.Benchmark --location /home/shuhao/forL0-state-backend/docker/deploy/nexmark-flink --queries q19 --category forl0

  ERROR: TaskManager count dropped below expected: 1 < 2

[NexMark fail-fast] TaskManager count dropped below expected: 1 < 2

  ERROR: NexMark benchmark driver failed

=== Running Nexmark Q20 (forl0 backend) ===
Events: 0, TPS: 400000
Proportions: Person(1):Auction(49):Bid(50)
Hot ratios: bid.auctions=16, bid.bidders=default
Command: java -Dlog.file=/home/shuhao/forL0-state-backend/docker/deploy/nexmark-flink/log/nexmark-flink.log -Dlog4j.configuration=file:/tmp/nexmark-conf-vs1ct09g/log4j.properties -Dlog4j.configurationFile=file:/tmp/nexmark-conf-vs1ct09g/log4j.properties -Dstate.backend.type=org.apache.flink.state.forl0.ForL0StateBackendFactory -Dstate.backend.forl0.initial-table-capacity=2048 -Dstate.backend.forl0.max-table-capacity=65536 -Dstate.backend.forl0.l0-cache.enabled=true -Dstate.backend.forl0.l0-cache.size=256mb -Dstate.backend.forl0.l0-memory.max-size=512mb -Dstate.backend.forl0.main-table.load-factor-threshold=0.8 -cp /home/shuhao/forL0-state-backend/docker/deploy/nexmark-flink/lib/*:/home/shuhao/flink-1.20.3/lib/* com.github.nexmark.flink.Benchmark --location /home/shuhao/forL0-state-backend/docker/deploy/nexmark-flink --queries q20 --category forl0

  ERROR: TaskManager count dropped below expected: 1 < 2

[NexMark fail-fast] TaskManager count dropped below expected: 1 < 2

  ERROR: NexMark benchmark driver failed

--- forl0 Summary ---
  Failed: ['q4', 'q5', 'q8', 'q9', 'q11', 'q18', 'q19', 'q20']

[Nexmark] Results saved to: /home/shuhao/forL0-state-backend/benchmark/results/nexmark_20260710_045940/nexmark_results.json

============================================================
Backend Comparison
============================================================

forl0 vs hashmap:

======================================================================
                    BENCHMARK SUMMARY
======================================================================

## Unit Test Benchmark
--------------------------------------------------

## WordCount Benchmark
--------------------------------------------------

## Client Usecase Benchmark
--------------------------------------------------

## NexMark Benchmark
--------------------------------------------------
No NexMark results available.

======================================================================

Next steps:
  1. Review raw results in: benchmark/results/raw/
  2. Generate report: python scripts/generate_report.py
  3. View report in: benchmark/results/reports/

==> Ascend reproduction N03: nexmark_pressure_q8_q11_deep
Command: /home/shuhao/forL0-state-backend/docker/run_all_apps.sh --offline --test nexmark --scenario forl0_no_full_gc_q8_q11_deep --query q8,q11 --backend all --no-profile --no-report --expected-taskmanagers 2 --expected-slots 8 --restart-cluster
============================================================
  ForL0 benchmark run context
============================================================
  Repo:        /home/shuhao/forL0-state-backend
  Test:        nexmark
  Backend:     all
  Profile:     disabled
  Offline:     true
  Expect TMs:  2
  Expect slots:8
  GitCommit:   99987dbbada2c6d9446fb486393af35eeb1a7d34
  Date:        2026-07-10 05:01:54 +0800

[2/5] 按要求重启 Flink 集群
=== 停止 BriskState Flink Docker 集群 ===
flink-taskmanager-2
flink-taskmanager-1
flink-jobmanager
flink-net
已停止
=== 启动 BriskState Flink Docker 集群 ===
  FLINK_HOME: /home/shuhao/flink-1.20.3
  NATIVE:     /home/shuhao/flink-1.20.3/native
  CONF:       /home/shuhao/forL0-state-backend/docker/conf
  Docker:     sudo -n docker
  JM memory:  8g
  TM memory:  16g
  libnuma:    /lib/aarch64-linux-gnu/libnuma.so.1 -> /lib/aarch64-linux-gnu/libnuma.so.1

e1d4b01a04d49a7c216671d3ccabe270e95570d6b357b285c7d0ee68d0702e56
[1/3] 启动 JobManager...
6391a8cd4c0c276925aa38f60e2325b856af92220937120879a0ee749f707b83
      JobManager IP: 172.18.0.2
[2/3] 启动 TaskManager-1...
e06fae8d291e4e64806d4784953289b8b3b9ca3671c3ae2539f160c91241fcb4
[3/3] 启动 TaskManager-2...
017cc803d4506cc1f7640ce0d8014e377cb03060d943dc1d7a75fd0e1ad52da6

等待 JobManager 就绪...
....
=== 集群启动成功! ===
  Web UI: http://localhost:8081
  TaskManagers: 2
  Slots:        8

  查看 TaskManager 日志: /home/shuhao/forL0-state-backend/docker/docker_run.sh logs tm1
  提交作业:     /home/shuhao/flink-1.20.3/bin/flink run -m localhost:8081 -c <MainClass> <jar>
      ✓ Flink 集群健康:
TASKMANAGERS=2
SLOTS_TOTAL=8
SLOTS_AVAILABLE=8
JOBS_RUNNING=0
TM 172.18.0.3:32795-1a430c slots=4 free=4 heartbeatMs=0
TM 172.18.0.4:37041-f18c1c slots=4 free=4 heartbeatMs=0
[3/5] 复用已有 benchmark Python 虚拟环境
      ✓ benchmark Python 依赖已满足
[4/5] 开始运行 benchmark/scripts/run_benchmark.py
Command: /home/shuhao/forL0-state-backend/.venv-benchmark/bin/python /home/shuhao/forL0-state-backend/benchmark/scripts/run_benchmark.py --test nexmark --backend all --scenario forl0_no_full_gc_q8_q11_deep --query q8,q11
[NexMark] Scenario: forl0_no_full_gc_q8_q11_deep — Non-contract retry: q8/q11 query-specific hotspot shaping under no-Full-GC acceptance
============================================================
ForL0 StateBackend Benchmark
============================================================
Test: nexmark
Backends: hashmap, forl0
NexMark Queries: q8,q11
NexMark Scenario: forl0_no_full_gc_q8_q11_deep
============================================================

============================================================
Running NexMark Benchmark
============================================================

============================================================
Nexmark DataStream Benchmark
============================================================
Queries: ['q8', 'q11']
Backends: ['hashmap', 'forl0']
Repeat per query: 1
Min successful samples: 1
Mode: benchmark
============================================================


============================================================
Backend: hashmap
============================================================

=== Running Nexmark Q8 (hashmap backend) ===
Events: 0, TPS: 1000000
Proportions: Person(50):Auction(50):Bid(0)
Command: java -Dlog.file=/home/shuhao/forL0-state-backend/docker/deploy/nexmark-flink/log/nexmark-flink.log -Dlog4j.configuration=file:/tmp/nexmark-conf-h3pryoqh/log4j.properties -Dlog4j.configurationFile=file:/tmp/nexmark-conf-h3pryoqh/log4j.properties -Dstate.backend.type=org.apache.flink.runtime.state.hashmap.HashMapStateBackendFactory -cp /home/shuhao/forL0-state-backend/docker/deploy/nexmark-flink/lib/*:/home/shuhao/flink-1.20.3/lib/* com.github.nexmark.flink.Benchmark --location /home/shuhao/forL0-state-backend/docker/deploy/nexmark-flink --queries q8 --category forl0

Benchmark Queries: [q8]
==================================================================
Start to run query q8 with workload [tps=1 M, eventsNum=0, percentage=bid:0,auction:50,person:50,kafkaServers:null]
Monitor metrics after 25 seconds.
Start to monitor metrics for 90 seconds.
Monitor TPS metric: vertex=sink, metric=Calc[17].numRecordsInPerSecond
Current Throughput=0, Cores=43.69 (2 TMs)
Current Throughput=0, Cores=33.95 (2 TMs)
Current Throughput=0, Cores=29.32 (2 TMs)
Current Throughput=4.47 K, Cores=33.57 (2 TMs)
Current Throughput=4.47 K, Cores=44.82 (2 TMs)
Current Throughput=4.47 K, Cores=43.04 (2 TMs)
Current Throughput=4.47 K, Cores=33.75 (2 TMs)
Current Throughput=4.47 K, Cores=45.29 (2 TMs)
Current Throughput=4.47 K, Cores=69.5 (2 TMs)
Current Throughput=4.47 K, Cores=37.81 (2 TMs)
Current Throughput=4.47 K, Cores=42.48 (2 TMs)
Current Throughput=23.54 K, Cores=48.5 (2 TMs)
Current Throughput=23.54 K, Cores=45.19 (2 TMs)
Current Throughput=23.54 K, Cores=42.54 (2 TMs)
Current Throughput=23.54 K, Cores=35.81 (2 TMs)
Current Throughput=19.07 K, Cores=54.86 (2 TMs)
Current Throughput=19.07 K, Cores=56.18 (2 TMs)
Current Throughput=19.07 K, Cores=67.63 (2 TMs)
Summary Average: Throughput=10.4 K, Cores=44.88
Stop job query q8
-------------------------------- Nexmark Results --------------------------------

+------+-----------------+---------+-----------------+
| Query| Throughput (r/s)| Cores   | Throughput/Cores|
+------+-----------------+---------+-----------------+
|q8    |10.4 K           |44.88    |231              |
|Total |-                |-        |231              |
+------+-----------------+---------+-----------------+



  Result: 10,400.00 events/sec

=== Running Nexmark Q11 (hashmap backend) ===
Events: 0, TPS: 500000
Proportions: Person(5):Auction(5):Bid(90)
Hot ratios: bid.auctions=default, bid.bidders=24
Command: java -Dlog.file=/home/shuhao/forL0-state-backend/docker/deploy/nexmark-flink/log/nexmark-flink.log -Dlog4j.configuration=file:/tmp/nexmark-conf-n7yfe4p_/log4j.properties -Dlog4j.configurationFile=file:/tmp/nexmark-conf-n7yfe4p_/log4j.properties -Dstate.backend.type=org.apache.flink.runtime.state.hashmap.HashMapStateBackendFactory -cp /home/shuhao/forL0-state-backend/docker/deploy/nexmark-flink/lib/*:/home/shuhao/flink-1.20.3/lib/* com.github.nexmark.flink.Benchmark --location /home/shuhao/forL0-state-backend/docker/deploy/nexmark-flink --queries q11 --category forl0

Benchmark Queries: [q11]
==================================================================
Start to run query q11 with workload [tps=500 K, eventsNum=0, percentage=bid:90,auction:5,person:5,kafkaServers:null]
Monitor metrics after 45 seconds.
Start to monitor metrics for 90 seconds.
Monitor TPS metric: vertex=sink, metric=Calc[7].numRecordsInPerSecond
Current Throughput=12.14 K, Cores=11.22 (2 TMs)
Current Throughput=12.14 K, Cores=8.32 (2 TMs)
Current Throughput=12.14 K, Cores=11.76 (2 TMs)
Current Throughput=16.27 K, Cores=8.15 (2 TMs)
Current Throughput=16.27 K, Cores=11.38 (2 TMs)
Current Throughput=20.37 K, Cores=9.61 (2 TMs)
Current Throughput=20.37 K, Cores=11.85 (2 TMs)
Current Throughput=24.53 K, Cores=8.39 (2 TMs)
Current Throughput=24.53 K, Cores=9.37 (2 TMs)
Current Throughput=24.74 K, Cores=12.46 (2 TMs)
Current Throughput=24.74 K, Cores=9.38 (2 TMs)
Current Throughput=24.74 K, Cores=13.24 (2 TMs)
Current Throughput=24.74 K, Cores=8.8 (2 TMs)
Current Throughput=24.77 K, Cores=11.68 (2 TMs)
Current Throughput=24.77 K, Cores=9.38 (2 TMs)
Current Throughput=24.76 K, Cores=9.71 (2 TMs)
Current Throughput=24.76 K, Cores=9.69 (2 TMs)
Current Throughput=24.76 K, Cores=9.69 (2 TMs)
Summary Average: Throughput=21.2 K, Cores=10.23
Stop job query q11
-------------------------------- Nexmark Results --------------------------------

+------+-----------------+---------+-----------------+
| Query| Throughput (r/s)| Cores   | Throughput/Cores|
+------+-----------------+---------+-----------------+
|q11   |21.2 K           |10.23    |2.07 K           |
|Total |-                |-        |2.07 K           |
+------+-----------------+---------+-----------------+



  Result: 21,200.00 events/sec

--- hashmap Summary ---
  q8: 10,400 events/sec (232/core)
  q11: 21,200 events/sec (2,072/core)

============================================================
Backend: forl0
============================================================

=== Running Nexmark Q8 (forl0 backend) ===
Events: 0, TPS: 1000000
Proportions: Person(50):Auction(50):Bid(0)
Command: java -Dlog.file=/home/shuhao/forL0-state-backend/docker/deploy/nexmark-flink/log/nexmark-flink.log -Dlog4j.configuration=file:/tmp/nexmark-conf-76wvor68/log4j.properties -Dlog4j.configurationFile=file:/tmp/nexmark-conf-76wvor68/log4j.properties -Dstate.backend.type=org.apache.flink.state.forl0.ForL0StateBackendFactory -Dstate.backend.forl0.initial-table-capacity=2048 -Dstate.backend.forl0.max-table-capacity=65536 -Dstate.backend.forl0.l0-cache.enabled=true -Dstate.backend.forl0.l0-cache.size=256mb -Dstate.backend.forl0.l0-memory.max-size=512mb -Dstate.backend.forl0.main-table.load-factor-threshold=0.8 -cp /home/shuhao/forL0-state-backend/docker/deploy/nexmark-flink/lib/*:/home/shuhao/flink-1.20.3/lib/* com.github.nexmark.flink.Benchmark --location /home/shuhao/forL0-state-backend/docker/deploy/nexmark-flink --queries q8 --category forl0

  ERROR: TaskManager count dropped below expected: 1 < 2
Benchmark Queries: [q8]
==================================================================
Start to run query q8 with workload [tps=1 M, eventsNum=0, percentage=bid:0,auction:50,person:50,kafkaServers:null]
Monitor metrics after 25 seconds.

[NexMark fail-fast] TaskManager count dropped below expected: 1 < 2

  ERROR: NexMark benchmark driver failed

=== Running Nexmark Q11 (forl0 backend) ===
Events: 0, TPS: 500000
Proportions: Person(5):Auction(5):Bid(90)
Hot ratios: bid.auctions=default, bid.bidders=24
Command: java -Dlog.file=/home/shuhao/forL0-state-backend/docker/deploy/nexmark-flink/log/nexmark-flink.log -Dlog4j.configuration=file:/tmp/nexmark-conf-mi8s4i8o/log4j.properties -Dlog4j.configurationFile=file:/tmp/nexmark-conf-mi8s4i8o/log4j.properties -Dstate.backend.type=org.apache.flink.state.forl0.ForL0StateBackendFactory -Dstate.backend.forl0.initial-table-capacity=2048 -Dstate.backend.forl0.max-table-capacity=65536 -Dstate.backend.forl0.l0-cache.enabled=true -Dstate.backend.forl0.l0-cache.size=256mb -Dstate.backend.forl0.l0-memory.max-size=512mb -Dstate.backend.forl0.main-table.load-factor-threshold=0.8 -cp /home/shuhao/forL0-state-backend/docker/deploy/nexmark-flink/lib/*:/home/shuhao/flink-1.20.3/lib/* com.github.nexmark.flink.Benchmark --location /home/shuhao/forL0-state-backend/docker/deploy/nexmark-flink --queries q11 --category forl0

  [Nexmark] Cleaning 1 running job(s) before forl0:q11 attempt 1
    canceled de91f8ef6325a49a047da36c74cee070 (insert-into_default_catalog.default_database.nexmark_q8)
  ERROR: TaskManager count dropped below expected: 1 < 2

[NexMark fail-fast] TaskManager count dropped below expected: 1 < 2

  ERROR: NexMark benchmark driver failed

--- forl0 Summary ---
  Failed: ['q8', 'q11']

[Nexmark] Results saved to: /home/shuhao/forL0-state-backend/benchmark/results/nexmark_20260710_050207/nexmark_results.json

============================================================
Backend Comparison
============================================================

forl0 vs hashmap:
  q11: 0 vs 21,200 (-100.0%, throughput)
  q8: 0 vs 10,400 (-100.0%, throughput)

======================================================================
                    BENCHMARK SUMMARY
======================================================================

## Unit Test Benchmark
--------------------------------------------------

## WordCount Benchmark
--------------------------------------------------

## Client Usecase Benchmark
--------------------------------------------------

## NexMark Benchmark
--------------------------------------------------
Query   Proc(s)     hashmap proc eps     report eps     (/core)    forl0 proc eps     report eps     (/core)    Improv
----------------------------------------------------------------------------------------------------------------------
Q11                        21.20 K/s      21.20 K/s    2.07 K/s              0 /s           0 /s        0 /s   -100.0%
Q8                         10.40 K/s      10.40 K/s      232 /s              0 /s           0 /s        0 /s   -100.0%

======================================================================

Next steps:
  1. Review raw results in: benchmark/results/raw/
  2. Generate report: python scripts/generate_report.py
  3. View report in: benchmark/results/reports/

==> Ascend reproduction N04: nexmark_pressure_lateq_deep
Command: /home/shuhao/forL0-state-backend/docker/run_all_apps.sh --offline --test nexmark --scenario forl0_no_full_gc_lateq_deep --query q18,q19,q20 --backend all --no-profile --no-report --expected-taskmanagers 2 --expected-slots 8 --restart-cluster
============================================================
  ForL0 benchmark run context
============================================================
  Repo:        /home/shuhao/forL0-state-backend
  Test:        nexmark
  Backend:     all
  Profile:     disabled
  Offline:     true
  Expect TMs:  2
  Expect slots:8
  GitCommit:   99987dbbada2c6d9446fb486393af35eeb1a7d34
  Date:        2026-07-10 05:07:28 +0800

[2/5] 按要求重启 Flink 集群
=== 停止 BriskState Flink Docker 集群 ===
flink-taskmanager-2
flink-taskmanager-1
flink-jobmanager
flink-net
已停止
=== 启动 BriskState Flink Docker 集群 ===
  FLINK_HOME: /home/shuhao/flink-1.20.3
  NATIVE:     /home/shuhao/flink-1.20.3/native
  CONF:       /home/shuhao/forL0-state-backend/docker/conf
  Docker:     sudo -n docker
  JM memory:  8g
  TM memory:  16g
  libnuma:    /lib/aarch64-linux-gnu/libnuma.so.1 -> /lib/aarch64-linux-gnu/libnuma.so.1

30216306a6e4e99df09404fdb6f0a1ad6d52354eb6171c116c8d419de4f8f790
[1/3] 启动 JobManager...
9b38372b1e26226baa1e265922458b0a1bbc5a328386d67597fa2ca12205a047
      JobManager IP: 172.18.0.2
[2/3] 启动 TaskManager-1...
3ebea9c011be3d15525caadd4dd8c0a2f7c3c81a7ed53e0f9663168583ab813a
[3/3] 启动 TaskManager-2...
63ef660786f619bf5de8f38ccc279db1b6ca70ac16f75b1398ff867e4d7c674b

等待 JobManager 就绪...
....
=== 集群启动成功! ===
  Web UI: http://localhost:8081
  TaskManagers: 2
  Slots:        8

  查看 TaskManager 日志: /home/shuhao/forL0-state-backend/docker/docker_run.sh logs tm1
  提交作业:     /home/shuhao/flink-1.20.3/bin/flink run -m localhost:8081 -c <MainClass> <jar>
      ✓ Flink 集群健康:
TASKMANAGERS=2
SLOTS_TOTAL=8
SLOTS_AVAILABLE=8
JOBS_RUNNING=0
TM 172.18.0.3:40445-8adee3 slots=4 free=4 heartbeatMs=0
TM 172.18.0.4:35847-6f3206 slots=4 free=4 heartbeatMs=0
[3/5] 复用已有 benchmark Python 虚拟环境
      ✓ benchmark Python 依赖已满足
[4/5] 开始运行 benchmark/scripts/run_benchmark.py
Command: /home/shuhao/forL0-state-backend/.venv-benchmark/bin/python /home/shuhao/forL0-state-backend/benchmark/scripts/run_benchmark.py --test nexmark --backend all --scenario forl0_no_full_gc_lateq_deep --query q18,q19,q20
[NexMark] Scenario: forl0_no_full_gc_lateq_deep — Non-contract retry: q18/q19/q20 deeper state-pressure shaping under no-Full-GC acceptance
============================================================
ForL0 StateBackend Benchmark
============================================================
Test: nexmark
Backends: hashmap, forl0
NexMark Queries: q18,q19,q20
NexMark Scenario: forl0_no_full_gc_lateq_deep
============================================================

============================================================
Running NexMark Benchmark
============================================================

============================================================
Nexmark DataStream Benchmark
============================================================
Queries: ['q18', 'q19', 'q20']
Backends: ['hashmap', 'forl0']
Repeat per query: 1
Min successful samples: 1
Mode: benchmark
============================================================


============================================================
Backend: hashmap
============================================================

=== Running Nexmark Q18 (hashmap backend) ===
Events: 0, TPS: 12000000
Proportions: Person(1):Auction(9):Bid(90)
Hot ratios: bid.auctions=24, bid.bidders=24
Command: java -Dlog.file=/home/shuhao/forL0-state-backend/docker/deploy/nexmark-flink/log/nexmark-flink.log -Dlog4j.configuration=file:/tmp/nexmark-conf-6tcj4570/log4j.properties -Dlog4j.configurationFile=file:/tmp/nexmark-conf-6tcj4570/log4j.properties -Dstate.backend.type=org.apache.flink.runtime.state.hashmap.HashMapStateBackendFactory -cp /home/shuhao/forL0-state-backend/docker/deploy/nexmark-flink/lib/*:/home/shuhao/flink-1.20.3/lib/* com.github.nexmark.flink.Benchmark --location /home/shuhao/forL0-state-backend/docker/deploy/nexmark-flink --queries q18 --category forl0

Benchmark Queries: [q18]
==================================================================
Start to run query q18 with workload [tps=12 M, eventsNum=0, percentage=bid:90,auction:9,person:1,kafkaServers:null]
Monitor metrics after 15 seconds.
Start to monitor metrics for 90 seconds.
Monitor TPS metric: vertex=sink, metric=nexmark_q18[8]__Writer.numRecordsInPerSecond
Current Throughput=130.44 K, Cores=28.91 (2 TMs)
Current Throughput=130.44 K, Cores=23.66 (2 TMs)
Current Throughput=130.44 K, Cores=25.04 (2 TMs)
Current Throughput=241.73 K, Cores=22.43 (2 TMs)
Current Throughput=241.73 K, Cores=21.47 (2 TMs)
Current Throughput=348.13 K, Cores=25.8 (2 TMs)
Current Throughput=348.13 K, Cores=28.43 (2 TMs)
Current Throughput=467.18 K, Cores=26.04 (2 TMs)
Current Throughput=467.18 K, Cores=25.15 (2 TMs)
Current Throughput=588.53 K, Cores=26.89 (2 TMs)
Current Throughput=588.53 K, Cores=29 (2 TMs)
Current Throughput=683.39 K, Cores=46.28 (2 TMs)
Current Throughput=683.39 K, Cores=18.13 (2 TMs)
Current Throughput=683.39 K, Cores=106.77 (2 TMs)
Current Throughput=683.39 K, Cores=106.77 (2 TMs)
Current Throughput=683.39 K, Cores=106.78 (2 TMs)
Current Throughput=683.39 K, Cores=106.77 (2 TMs)
Current Throughput=683.39 K, Cores=106.77 (2 TMs)
Summary Average: Throughput=470.35 K, Cores=48.95
Stop job query q18
-------------------------------- Nexmark Results --------------------------------

+------+-----------------+---------+-----------------+
| Query| Throughput (r/s)| Cores   | Throughput/Cores|
+------+-----------------+---------+-----------------+
|q18   |470.35 K         |48.95    |9.61 K           |
|Total |-                |-        |9.61 K           |
+------+-----------------+---------+-----------------+



  Result: 470,350.00 events/sec

=== Running Nexmark Q19 (hashmap backend) ===
Events: 0, TPS: 2400000
Proportions: Person(1):Auction(1):Bid(98)
Hot ratios: bid.auctions=24, bid.bidders=12
Command: java -Dlog.file=/home/shuhao/forL0-state-backend/docker/deploy/nexmark-flink/log/nexmark-flink.log -Dlog4j.configuration=file:/tmp/nexmark-conf-rt68_bfl/log4j.properties -Dlog4j.configurationFile=file:/tmp/nexmark-conf-rt68_bfl/log4j.properties -Dstate.backend.type=org.apache.flink.runtime.state.hashmap.HashMapStateBackendFactory -cp /home/shuhao/forL0-state-backend/docker/deploy/nexmark-flink/lib/*:/home/shuhao/flink-1.20.3/lib/* com.github.nexmark.flink.Benchmark --location /home/shuhao/forL0-state-backend/docker/deploy/nexmark-flink --queries q19 --category forl0

  ERROR: TaskManager count dropped below expected: 1 < 2
Benchmark Queries: [q19]
==================================================================
Start to run query q19 with workload [tps=2.4 M, eventsNum=0, percentage=bid:98,auction:1,person:1,kafkaServers:null]
Monitor metrics after 45 seconds.

[NexMark fail-fast] TaskManager count dropped below expected: 1 < 2

  ERROR: NexMark benchmark driver failed

=== Running Nexmark Q20 (hashmap backend) ===
Events: 0, TPS: 700000
Proportions: Person(1):Auction(49):Bid(50)
Hot ratios: bid.auctions=24, bid.bidders=default
Command: java -Dlog.file=/home/shuhao/forL0-state-backend/docker/deploy/nexmark-flink/log/nexmark-flink.log -Dlog4j.configuration=file:/tmp/nexmark-conf-85gf3ufu/log4j.properties -Dlog4j.configurationFile=file:/tmp/nexmark-conf-85gf3ufu/log4j.properties -Dstate.backend.type=org.apache.flink.runtime.state.hashmap.HashMapStateBackendFactory -cp /home/shuhao/forL0-state-backend/docker/deploy/nexmark-flink/lib/*:/home/shuhao/flink-1.20.3/lib/* com.github.nexmark.flink.Benchmark --location /home/shuhao/forL0-state-backend/docker/deploy/nexmark-flink --queries q20 --category forl0

  [Nexmark] Cleaning 1 running job(s) before hashmap:q20 attempt 1
    canceled 11113343462323054f0892668393f2ef (insert-into_default_catalog.default_database.nexmark_q19)
  ERROR: TaskManager count dropped below expected: 1 < 2

[NexMark fail-fast] TaskManager count dropped below expected: 1 < 2

  ERROR: NexMark benchmark driver failed

--- hashmap Summary ---
  q18: 470,350 events/sec (9,609/core)
  Failed: ['q19', 'q20']

============================================================
Backend: forl0
============================================================

=== Running Nexmark Q18 (forl0 backend) ===
Events: 0, TPS: 12000000
Proportions: Person(1):Auction(9):Bid(90)
Hot ratios: bid.auctions=24, bid.bidders=24
Command: java -Dlog.file=/home/shuhao/forL0-state-backend/docker/deploy/nexmark-flink/log/nexmark-flink.log -Dlog4j.configuration=file:/tmp/nexmark-conf-ie2ngwna/log4j.properties -Dlog4j.configurationFile=file:/tmp/nexmark-conf-ie2ngwna/log4j.properties -Dstate.backend.type=org.apache.flink.state.forl0.ForL0StateBackendFactory -Dstate.backend.forl0.initial-table-capacity=2048 -Dstate.backend.forl0.max-table-capacity=65536 -Dstate.backend.forl0.l0-cache.enabled=true -Dstate.backend.forl0.l0-cache.size=256mb -Dstate.backend.forl0.l0-memory.max-size=512mb -Dstate.backend.forl0.main-table.load-factor-threshold=0.8 -cp /home/shuhao/forL0-state-backend/docker/deploy/nexmark-flink/lib/*:/home/shuhao/flink-1.20.3/lib/* com.github.nexmark.flink.Benchmark --location /home/shuhao/forL0-state-backend/docker/deploy/nexmark-flink --queries q18 --category forl0

  ERROR: TaskManager count dropped below expected: 1 < 2

[NexMark fail-fast] TaskManager count dropped below expected: 1 < 2

  ERROR: NexMark benchmark driver failed

=== Running Nexmark Q19 (forl0 backend) ===
Events: 0, TPS: 2400000
Proportions: Person(1):Auction(1):Bid(98)
Hot ratios: bid.auctions=24, bid.bidders=12
Command: java -Dlog.file=/home/shuhao/forL0-state-backend/docker/deploy/nexmark-flink/log/nexmark-flink.log -Dlog4j.configuration=file:/tmp/nexmark-conf-h8zibrzb/log4j.properties -Dlog4j.configurationFile=file:/tmp/nexmark-conf-h8zibrzb/log4j.properties -Dstate.backend.type=org.apache.flink.state.forl0.ForL0StateBackendFactory -Dstate.backend.forl0.initial-table-capacity=2048 -Dstate.backend.forl0.max-table-capacity=65536 -Dstate.backend.forl0.l0-cache.enabled=true -Dstate.backend.forl0.l0-cache.size=256mb -Dstate.backend.forl0.l0-memory.max-size=512mb -Dstate.backend.forl0.main-table.load-factor-threshold=0.8 -cp /home/shuhao/forL0-state-backend/docker/deploy/nexmark-flink/lib/*:/home/shuhao/flink-1.20.3/lib/* com.github.nexmark.flink.Benchmark --location /home/shuhao/forL0-state-backend/docker/deploy/nexmark-flink --queries q19 --category forl0

  ERROR: TaskManager count dropped below expected: 1 < 2

[NexMark fail-fast] TaskManager count dropped below expected: 1 < 2

  ERROR: NexMark benchmark driver failed

=== Running Nexmark Q20 (forl0 backend) ===
Events: 0, TPS: 700000
Proportions: Person(1):Auction(49):Bid(50)
Hot ratios: bid.auctions=24, bid.bidders=default
Command: java -Dlog.file=/home/shuhao/forL0-state-backend/docker/deploy/nexmark-flink/log/nexmark-flink.log -Dlog4j.configuration=file:/tmp/nexmark-conf-d63zfx2z/log4j.properties -Dlog4j.configurationFile=file:/tmp/nexmark-conf-d63zfx2z/log4j.properties -Dstate.backend.type=org.apache.flink.state.forl0.ForL0StateBackendFactory -Dstate.backend.forl0.initial-table-capacity=2048 -Dstate.backend.forl0.max-table-capacity=65536 -Dstate.backend.forl0.l0-cache.enabled=true -Dstate.backend.forl0.l0-cache.size=256mb -Dstate.backend.forl0.l0-memory.max-size=512mb -Dstate.backend.forl0.main-table.load-factor-threshold=0.8 -cp /home/shuhao/forL0-state-backend/docker/deploy/nexmark-flink/lib/*:/home/shuhao/flink-1.20.3/lib/* com.github.nexmark.flink.Benchmark --location /home/shuhao/forL0-state-backend/docker/deploy/nexmark-flink --queries q20 --category forl0

  ERROR: TaskManager count dropped below expected: 1 < 2

[NexMark fail-fast] TaskManager count dropped below expected: 1 < 2

  ERROR: NexMark benchmark driver failed

--- forl0 Summary ---
  Failed: ['q18', 'q19', 'q20']

[Nexmark] Results saved to: /home/shuhao/forL0-state-backend/benchmark/results/nexmark_20260710_050742/nexmark_results.json

============================================================
Backend Comparison
============================================================

forl0 vs hashmap:
  q18: 0 vs 470,350 (-100.0%, throughput)

======================================================================
                    BENCHMARK SUMMARY
======================================================================

## Unit Test Benchmark
--------------------------------------------------

## WordCount Benchmark
--------------------------------------------------

## Client Usecase Benchmark
--------------------------------------------------

## NexMark Benchmark
--------------------------------------------------
Query   Proc(s)     hashmap proc eps     report eps     (/core)    forl0 proc eps     report eps     (/core)    Improv
----------------------------------------------------------------------------------------------------------------------
Q18                       470.35 K/s     470.35 K/s    9.61 K/s              0 /s           0 /s        0 /s   -100.0%

======================================================================

Next steps:
  1. Review raw results in: benchmark/results/raw/
  2. Generate report: python scripts/generate_report.py
  3. View report in: benchmark/results/reports/

==> Ascend reproduction N05: nexmark_extra_sql
Command: /home/shuhao/forL0-state-backend/docker/run_all_apps.sh --offline --test nexmark --scenario forl0_no_full_gc_extra_sql --query q3,q12,q15,q16,q17 --backend all --no-profile --no-report --expected-taskmanagers 2 --expected-slots 8 --restart-cluster
============================================================
  ForL0 benchmark run context
============================================================
  Repo:        /home/shuhao/forL0-state-backend
  Test:        nexmark
  Backend:     all
  Profile:     disabled
  Offline:     true
  Expect TMs:  2
  Expect slots:8
  GitCommit:   99987dbbada2c6d9446fb486393af35eeb1a7d34
  Date:        2026-07-10 05:10:11 +0800

[2/5] 按要求重启 Flink 集群
=== 停止 BriskState Flink Docker 集群 ===
flink-taskmanager-2
flink-taskmanager-1
flink-jobmanager
flink-net
已停止
=== 启动 BriskState Flink Docker 集群 ===
  FLINK_HOME: /home/shuhao/flink-1.20.3
  NATIVE:     /home/shuhao/flink-1.20.3/native
  CONF:       /home/shuhao/forL0-state-backend/docker/conf
  Docker:     sudo -n docker
  JM memory:  8g
  TM memory:  16g
  libnuma:    /lib/aarch64-linux-gnu/libnuma.so.1 -> /lib/aarch64-linux-gnu/libnuma.so.1

f8bde594b2fed8a6333a83123b864ffa5d002b80a5e064f740d733a2c316fbc6
[1/3] 启动 JobManager...
b9785e65e662de0642fc4dc0eb815e09edc0c90f0d3b31b7ddaf17786cb07f27
      JobManager IP: 172.18.0.2
[2/3] 启动 TaskManager-1...
338de65afd16212afdbf4a9688bb6405b976bf42166a31ca77453212d1f43838
[3/3] 启动 TaskManager-2...
7cb4c91fec11f10b84f09c9c4dece4ff810da09f1972e83e1a9dc0ec5e64b7fd

等待 JobManager 就绪...
....
=== 集群启动成功! ===
  Web UI: http://localhost:8081
  TaskManagers: 2
  Slots:        8

  查看 TaskManager 日志: /home/shuhao/forL0-state-backend/docker/docker_run.sh logs tm1
  提交作业:     /home/shuhao/flink-1.20.3/bin/flink run -m localhost:8081 -c <MainClass> <jar>
      ✓ Flink 集群健康:
TASKMANAGERS=2
SLOTS_TOTAL=8
SLOTS_AVAILABLE=8
JOBS_RUNNING=0
TM 172.18.0.3:33297-cdb63d slots=4 free=4 heartbeatMs=0
TM 172.18.0.4:45779-d30b7f slots=4 free=4 heartbeatMs=0
[3/5] 复用已有 benchmark Python 虚拟环境
      ✓ benchmark Python 依赖已满足
[4/5] 开始运行 benchmark/scripts/run_benchmark.py
Command: /home/shuhao/forL0-state-backend/.venv-benchmark/bin/python /home/shuhao/forL0-state-backend/benchmark/scripts/run_benchmark.py --test nexmark --backend all --scenario forl0_no_full_gc_extra_sql --query q3,q12,q15,q16,q17
[NexMark] Scenario: forl0_no_full_gc_extra_sql — Non-contract sweep: additional NexMark SQL queries under no-Full-GC acceptance
============================================================
ForL0 StateBackend Benchmark
============================================================
Test: nexmark
Backends: hashmap, forl0
NexMark Queries: q3,q12,q15,q16,q17
NexMark Scenario: forl0_no_full_gc_extra_sql
============================================================

============================================================
Running NexMark Benchmark
============================================================

============================================================
Nexmark DataStream Benchmark
============================================================
Queries: ['q3', 'q12', 'q15', 'q16', 'q17']
Backends: ['hashmap', 'forl0']
Repeat per query: 1
Min successful samples: 1
Mode: benchmark
============================================================


============================================================
Backend: hashmap
============================================================

=== Running Nexmark Q3 (hashmap backend) ===
Events: 0, TPS: 1000000
Proportions: Person(50):Auction(50):Bid(0)
Command: java -Dlog.file=/home/shuhao/forL0-state-backend/docker/deploy/nexmark-flink/log/nexmark-flink.log -Dlog4j.configuration=file:/tmp/nexmark-conf-ji5wkmct/log4j.properties -Dlog4j.configurationFile=file:/tmp/nexmark-conf-ji5wkmct/log4j.properties -Dstate.backend.type=org.apache.flink.runtime.state.hashmap.HashMapStateBackendFactory -cp /home/shuhao/forL0-state-backend/docker/deploy/nexmark-flink/lib/*:/home/shuhao/flink-1.20.3/lib/* com.github.nexmark.flink.Benchmark --location /home/shuhao/forL0-state-backend/docker/deploy/nexmark-flink --queries q3 --category oa

Benchmark Queries: [q3]
==================================================================
Start to run query q3 with workload [tps=1 M, eventsNum=0, percentage=bid:0,auction:50,person:50,kafkaServers:null]
Monitor metrics after 20 seconds.
Start to monitor metrics for 60 seconds.
Monitor TPS metric: vertex=sink, metric=Join[8].numRecordsInPerSecond
Current Throughput=47.39 K, Cores=22.94 (2 TMs)
Current Throughput=47.39 K, Cores=24.42 (2 TMs)
Current Throughput=47.39 K, Cores=19.75 (2 TMs)
Current Throughput=84.97 K, Cores=22.34 (2 TMs)
Current Throughput=84.97 K, Cores=19.14 (2 TMs)
Current Throughput=121.22 K, Cores=18.04 (2 TMs)
Current Throughput=121.22 K, Cores=22.19 (2 TMs)
Current Throughput=158.3 K, Cores=25.93 (2 TMs)
Current Throughput=158.3 K, Cores=23.83 (2 TMs)
Current Throughput=194.65 K, Cores=25.4 (2 TMs)
Current Throughput=194.65 K, Cores=27.11 (2 TMs)
Current Throughput=214.9 K, Cores=28.96 (2 TMs)
Summary Average: Throughput=122.95 K, Cores=23.34
Stop job query q3
-------------------------------- Nexmark Results --------------------------------

+------+-----------------+---------+-----------------+
| Query| Throughput (r/s)| Cores   | Throughput/Cores|
+------+-----------------+---------+-----------------+
|q3    |122.95 K         |23.34    |5.27 K           |
|Total |-                |-        |5.27 K           |
+------+-----------------+---------+-----------------+



  Result: 122,950.00 events/sec

=== Running Nexmark Q12 (hashmap backend) ===
Events: 0, TPS: 1000000
Proportions: Person(1):Auction(1):Bid(98)
Hot ratios: bid.auctions=default, bid.bidders=16
Command: java -Dlog.file=/home/shuhao/forL0-state-backend/docker/deploy/nexmark-flink/log/nexmark-flink.log -Dlog4j.configuration=file:/tmp/nexmark-conf-2ecs_8zs/log4j.properties -Dlog4j.configurationFile=file:/tmp/nexmark-conf-2ecs_8zs/log4j.properties -Dstate.backend.type=org.apache.flink.runtime.state.hashmap.HashMapStateBackendFactory -cp /home/shuhao/forL0-state-backend/docker/deploy/nexmark-flink/lib/*:/home/shuhao/flink-1.20.3/lib/* com.github.nexmark.flink.Benchmark --location /home/shuhao/forL0-state-backend/docker/deploy/nexmark-flink --queries q12 --category oa

Benchmark Queries: [q12]
==================================================================
Start to run query q12 with workload [tps=1 M, eventsNum=0, percentage=bid:98,auction:1,person:1,kafkaServers:null]
Monitor metrics after 25 seconds.
Start to monitor metrics for 90 seconds.
Monitor TPS metric: vertex=sink, metric=nexmark_q12[7]__Writer.numRecordsInPerSecond
Current Throughput=0, Cores=19.54 (2 TMs)
Current Throughput=0, Cores=9.54 (2 TMs)
Current Throughput=0, Cores=6.76 (2 TMs)
Current Throughput=1.06 K, Cores=7.01 (2 TMs)
Current Throughput=1.06 K, Cores=6.72 (2 TMs)
Current Throughput=2.69 K, Cores=7.79 (2 TMs)
Current Throughput=2.69 K, Cores=10.23 (2 TMs)
Current Throughput=4.41 K, Cores=8.31 (2 TMs)
Current Throughput=4.41 K, Cores=8.31 (2 TMs)
Current Throughput=6.25 K, Cores=11.86 (2 TMs)
Current Throughput=6.25 K, Cores=11.42 (2 TMs)
Current Throughput=8.07 K, Cores=13.57 (2 TMs)
Current Throughput=8.07 K, Cores=10.16 (2 TMs)
Current Throughput=9.78 K, Cores=12.38 (2 TMs)
Current Throughput=9.78 K, Cores=13.66 (2 TMs)
Current Throughput=10.5 K, Cores=12.51 (2 TMs)
Current Throughput=10.5 K, Cores=10.03 (2 TMs)
Current Throughput=10.57 K, Cores=13.11 (2 TMs)
Summary Average: Throughput=5.34 K, Cores=10.72
Stop job query q12
-------------------------------- Nexmark Results --------------------------------

+------+-----------------+---------+-----------------+
| Query| Throughput (r/s)| Cores   | Throughput/Cores|
+------+-----------------+---------+-----------------+
|q12   |5.34 K           |10.72    |498              |
|Total |-                |-        |498              |
+------+-----------------+---------+-----------------+



  Result: 5,340.00 events/sec

=== Running Nexmark Q15 (hashmap backend) ===
Events: 0, TPS: 1000000
Proportions: Person(1):Auction(1):Bid(98)
Hot ratios: bid.auctions=16, bid.bidders=16
Command: java -Dlog.file=/home/shuhao/forL0-state-backend/docker/deploy/nexmark-flink/log/nexmark-flink.log -Dlog4j.configuration=file:/tmp/nexmark-conf-wsjnyy9i/log4j.properties -Dlog4j.configurationFile=file:/tmp/nexmark-conf-wsjnyy9i/log4j.properties -Dstate.backend.type=org.apache.flink.runtime.state.hashmap.HashMapStateBackendFactory -cp /home/shuhao/forL0-state-backend/docker/deploy/nexmark-flink/lib/*:/home/shuhao/flink-1.20.3/lib/* com.github.nexmark.flink.Benchmark --location /home/shuhao/forL0-state-backend/docker/deploy/nexmark-flink --queries q15 --category oa

Benchmark Queries: [q15]
==================================================================
Start to run query q15 with workload [tps=1 M, eventsNum=0, percentage=bid:98,auction:1,person:1,kafkaServers:null]
Monitor metrics after 30 seconds.
Start to monitor metrics for 90 seconds.
Monitor TPS metric: vertex=sink, metric=nexmark_q15[7]__Writer.numRecordsInPerSecond
Current Throughput=201.81 K, Cores=5.37 (2 TMs)
Current Throughput=201.81 K, Cores=4.95 (2 TMs)
Current Throughput=201.81 K, Cores=4.81 (2 TMs)
Current Throughput=314.88 K, Cores=4.3 (2 TMs)
Current Throughput=314.88 K, Cores=4.77 (2 TMs)
Current Throughput=386.29 K, Cores=4.07 (2 TMs)
Current Throughput=386.29 K, Cores=4.69 (2 TMs)
Current Throughput=454.77 K, Cores=4.12 (2 TMs)
Current Throughput=454.77 K, Cores=4.74 (2 TMs)
Current Throughput=439.87 K, Cores=4.61 (2 TMs)
Current Throughput=439.87 K, Cores=34.33 (2 TMs)
Current Throughput=425.26 K, Cores=25.89 (2 TMs)
Current Throughput=425.26 K, Cores=19.62 (2 TMs)
Current Throughput=412.48 K, Cores=12.63 (2 TMs)
Current Throughput=412.48 K, Cores=4.34 (2 TMs)
Current Throughput=410.56 K, Cores=5.38 (2 TMs)
Current Throughput=410.56 K, Cores=5.58 (2 TMs)
Current Throughput=411.3 K, Cores=4.51 (2 TMs)
Summary Average: Throughput=372.5 K, Cores=8.82
Stop job query q15
-------------------------------- Nexmark Results --------------------------------

+------+-----------------+---------+-----------------+
| Query| Throughput (r/s)| Cores   | Throughput/Cores|
+------+-----------------+---------+-----------------+
|q15   |372.5 K          |8.82     |42.24 K          |
|Total |-                |-        |42.24 K          |
+------+-----------------+---------+-----------------+



  Result: 372,500.00 events/sec

=== Running Nexmark Q16 (hashmap backend) ===
Events: 0, TPS: 1000000
Proportions: Person(1):Auction(1):Bid(98)
Hot ratios: bid.auctions=16, bid.bidders=16
Command: java -Dlog.file=/home/shuhao/forL0-state-backend/docker/deploy/nexmark-flink/log/nexmark-flink.log -Dlog4j.configuration=file:/tmp/nexmark-conf-abvn73i1/log4j.properties -Dlog4j.configurationFile=file:/tmp/nexmark-conf-abvn73i1/log4j.properties -Dstate.backend.type=org.apache.flink.runtime.state.hashmap.HashMapStateBackendFactory -cp /home/shuhao/forL0-state-backend/docker/deploy/nexmark-flink/lib/*:/home/shuhao/flink-1.20.3/lib/* com.github.nexmark.flink.Benchmark --location /home/shuhao/forL0-state-backend/docker/deploy/nexmark-flink --queries q16 --category oa

Benchmark Queries: [q16]
==================================================================
Start to run query q16 with workload [tps=1 M, eventsNum=0, percentage=bid:98,auction:1,person:1,kafkaServers:null]
Monitor metrics after 30 seconds.
Start to monitor metrics for 90 seconds.
Monitor TPS metric: vertex=sink, metric=nexmark_q16[7]__Writer.numRecordsInPerSecond
Current Throughput=272.24 K, Cores=16.8 (2 TMs)
Current Throughput=272.24 K, Cores=15.88 (2 TMs)
Current Throughput=272.24 K, Cores=16.33 (2 TMs)
Current Throughput=363.98 K, Cores=15.4 (2 TMs)
Current Throughput=363.98 K, Cores=18.91 (2 TMs)
Current Throughput=457.85 K, Cores=16.92 (2 TMs)
Current Throughput=457.85 K, Cores=17.88 (2 TMs)
Current Throughput=549.52 K, Cores=15.84 (2 TMs)
Current Throughput=549.52 K, Cores=15.56 (2 TMs)
Current Throughput=540.04 K, Cores=17.39 (2 TMs)
Current Throughput=540.04 K, Cores=17.38 (2 TMs)
Current Throughput=566.01 K, Cores=17.1 (2 TMs)
Current Throughput=566.01 K, Cores=15.92 (2 TMs)
Current Throughput=569.87 K, Cores=17.22 (2 TMs)
Current Throughput=569.87 K, Cores=18.01 (2 TMs)
Current Throughput=576.86 K, Cores=15.09 (2 TMs)
Current Throughput=576.86 K, Cores=18.68 (2 TMs)
Current Throughput=580.17 K, Cores=14.84 (2 TMs)
Summary Average: Throughput=480.29 K, Cores=16.73
Stop job query q16
-------------------------------- Nexmark Results --------------------------------

+------+-----------------+---------+-----------------+
| Query| Throughput (r/s)| Cores   | Throughput/Cores|
+------+-----------------+---------+-----------------+
|q16   |480.29 K         |16.73    |28.71 K          |
|Total |-                |-        |28.71 K          |
+------+-----------------+---------+-----------------+



  Result: 480,290.00 events/sec

=== Running Nexmark Q17 (hashmap backend) ===
Events: 0, TPS: 1000000
Proportions: Person(1):Auction(1):Bid(98)
Hot ratios: bid.auctions=16, bid.bidders=default
Command: java -Dlog.file=/home/shuhao/forL0-state-backend/docker/deploy/nexmark-flink/log/nexmark-flink.log -Dlog4j.configuration=file:/tmp/nexmark-conf-ilq1yc4j/log4j.properties -Dlog4j.configurationFile=file:/tmp/nexmark-conf-ilq1yc4j/log4j.properties -Dstate.backend.type=org.apache.flink.runtime.state.hashmap.HashMapStateBackendFactory -cp /home/shuhao/forL0-state-backend/docker/deploy/nexmark-flink/lib/*:/home/shuhao/flink-1.20.3/lib/* com.github.nexmark.flink.Benchmark --location /home/shuhao/forL0-state-backend/docker/deploy/nexmark-flink --queries q17 --category oa

Benchmark Queries: [q17]
==================================================================
Start to run query q17 with workload [tps=1 M, eventsNum=0, percentage=bid:98,auction:1,person:1,kafkaServers:null]
Monitor metrics after 30 seconds.
Start to monitor metrics for 90 seconds.
Monitor TPS metric: vertex=sink, metric=nexmark_q17[7]__Writer.numRecordsInPerSecond
Current Throughput=408.04 K, Cores=11.41 (2 TMs)
Current Throughput=408.04 K, Cores=9.77 (2 TMs)
Current Throughput=408.04 K, Cores=10.46 (2 TMs)
Current Throughput=544.31 K, Cores=9.89 (2 TMs)
Current Throughput=544.31 K, Cores=9.51 (2 TMs)
Current Throughput=690.11 K, Cores=9.33 (2 TMs)
Current Throughput=690.11 K, Cores=9.1 (2 TMs)
Current Throughput=839.77 K, Cores=9.67 (2 TMs)
Current Throughput=839.77 K, Cores=10.2 (2 TMs)
Current Throughput=857.65 K, Cores=10.12 (2 TMs)
Current Throughput=857.65 K, Cores=9.3 (2 TMs)
Current Throughput=867.2 K, Cores=10.17 (2 TMs)
Current Throughput=867.2 K, Cores=10.1 (2 TMs)
Current Throughput=869.39 K, Cores=9.47 (2 TMs)
Current Throughput=869.39 K, Cores=9.18 (2 TMs)
Current Throughput=879.34 K, Cores=9.41 (2 TMs)
Current Throughput=879.34 K, Cores=10.22 (2 TMs)
Current Throughput=880.29 K, Cores=9.29 (2 TMs)
Summary Average: Throughput=733.33 K, Cores=9.81
Stop job query q17
-------------------------------- Nexmark Results --------------------------------

+------+-----------------+---------+-----------------+
| Query| Throughput (r/s)| Cores   | Throughput/Cores|
+------+-----------------+---------+-----------------+
|q17   |733.33 K         |9.81     |74.75 K          |
|Total |-                |-        |74.75 K          |
+------+-----------------+---------+-----------------+



  Result: 733,330.00 events/sec

--- hashmap Summary ---
  q3: 122,950 events/sec (5,268/core)
  q12: 5,340 events/sec (498/core)
  q15: 372,500 events/sec (42,234/core)
  q16: 480,290 events/sec (28,708/core)
  q17: 733,330 events/sec (74,753/core)

============================================================
Backend: forl0
============================================================

=== Running Nexmark Q3 (forl0 backend) ===
Events: 0, TPS: 1000000
Proportions: Person(50):Auction(50):Bid(0)
Command: java -Dlog.file=/home/shuhao/forL0-state-backend/docker/deploy/nexmark-flink/log/nexmark-flink.log -Dlog4j.configuration=file:/tmp/nexmark-conf-ybf7_krn/log4j.properties -Dlog4j.configurationFile=file:/tmp/nexmark-conf-ybf7_krn/log4j.properties -Dstate.backend.type=org.apache.flink.state.forl0.ForL0StateBackendFactory -Dstate.backend.forl0.initial-table-capacity=2048 -Dstate.backend.forl0.max-table-capacity=65536 -Dstate.backend.forl0.l0-cache.enabled=true -Dstate.backend.forl0.l0-cache.size=256mb -Dstate.backend.forl0.l0-memory.max-size=512mb -Dstate.backend.forl0.main-table.load-factor-threshold=0.8 -cp /home/shuhao/forL0-state-backend/docker/deploy/nexmark-flink/lib/*:/home/shuhao/flink-1.20.3/lib/* com.github.nexmark.flink.Benchmark --location /home/shuhao/forL0-state-backend/docker/deploy/nexmark-flink --queries q3 --category oa

  ERROR: TaskManager count dropped below expected: 1 < 2
Benchmark Queries: [q3]
==================================================================
Start to run query q3 with workload [tps=1 M, eventsNum=0, percentage=bid:0,auction:50,person:50,kafkaServers:null]
Monitor metrics after 20 seconds.
Start to monitor metrics for 60 seconds.

[NexMark fail-fast] TaskManager count dropped below expected: 1 < 2

  ERROR: NexMark benchmark driver failed

=== Running Nexmark Q12 (forl0 backend) ===
Events: 0, TPS: 1000000
Proportions: Person(1):Auction(1):Bid(98)
Hot ratios: bid.auctions=default, bid.bidders=16
Command: java -Dlog.file=/home/shuhao/forL0-state-backend/docker/deploy/nexmark-flink/log/nexmark-flink.log -Dlog4j.configuration=file:/tmp/nexmark-conf-6k366_xs/log4j.properties -Dlog4j.configurationFile=file:/tmp/nexmark-conf-6k366_xs/log4j.properties -Dstate.backend.type=org.apache.flink.state.forl0.ForL0StateBackendFactory -Dstate.backend.forl0.initial-table-capacity=2048 -Dstate.backend.forl0.max-table-capacity=65536 -Dstate.backend.forl0.l0-cache.enabled=true -Dstate.backend.forl0.l0-cache.size=256mb -Dstate.backend.forl0.l0-memory.max-size=512mb -Dstate.backend.forl0.main-table.load-factor-threshold=0.8 -cp /home/shuhao/forL0-state-backend/docker/deploy/nexmark-flink/lib/*:/home/shuhao/flink-1.20.3/lib/* com.github.nexmark.flink.Benchmark --location /home/shuhao/forL0-state-backend/docker/deploy/nexmark-flink --queries q12 --category oa

  ERROR: TaskManager count dropped below expected: 1 < 2

[NexMark fail-fast] TaskManager count dropped below expected: 1 < 2

  ERROR: NexMark benchmark driver failed

=== Running Nexmark Q15 (forl0 backend) ===
Events: 0, TPS: 1000000
Proportions: Person(1):Auction(1):Bid(98)
Hot ratios: bid.auctions=16, bid.bidders=16
Command: java -Dlog.file=/home/shuhao/forL0-state-backend/docker/deploy/nexmark-flink/log/nexmark-flink.log -Dlog4j.configuration=file:/tmp/nexmark-conf-2i3vx5ir/log4j.properties -Dlog4j.configurationFile=file:/tmp/nexmark-conf-2i3vx5ir/log4j.properties -Dstate.backend.type=org.apache.flink.state.forl0.ForL0StateBackendFactory -Dstate.backend.forl0.initial-table-capacity=2048 -Dstate.backend.forl0.max-table-capacity=65536 -Dstate.backend.forl0.l0-cache.enabled=true -Dstate.backend.forl0.l0-cache.size=256mb -Dstate.backend.forl0.l0-memory.max-size=512mb -Dstate.backend.forl0.main-table.load-factor-threshold=0.8 -cp /home/shuhao/forL0-state-backend/docker/deploy/nexmark-flink/lib/*:/home/shuhao/flink-1.20.3/lib/* com.github.nexmark.flink.Benchmark --location /home/shuhao/forL0-state-backend/docker/deploy/nexmark-flink --queries q15 --category oa

  ERROR: TaskManager count dropped below expected: 1 < 2

[NexMark fail-fast] TaskManager count dropped below expected: 1 < 2

  ERROR: NexMark benchmark driver failed

=== Running Nexmark Q16 (forl0 backend) ===
Events: 0, TPS: 1000000
Proportions: Person(1):Auction(1):Bid(98)
Hot ratios: bid.auctions=16, bid.bidders=16
Command: java -Dlog.file=/home/shuhao/forL0-state-backend/docker/deploy/nexmark-flink/log/nexmark-flink.log -Dlog4j.configuration=file:/tmp/nexmark-conf-deftcbz_/log4j.properties -Dlog4j.configurationFile=file:/tmp/nexmark-conf-deftcbz_/log4j.properties -Dstate.backend.type=org.apache.flink.state.forl0.ForL0StateBackendFactory -Dstate.backend.forl0.initial-table-capacity=2048 -Dstate.backend.forl0.max-table-capacity=65536 -Dstate.backend.forl0.l0-cache.enabled=true -Dstate.backend.forl0.l0-cache.size=256mb -Dstate.backend.forl0.l0-memory.max-size=512mb -Dstate.backend.forl0.main-table.load-factor-threshold=0.8 -cp /home/shuhao/forL0-state-backend/docker/deploy/nexmark-flink/lib/*:/home/shuhao/flink-1.20.3/lib/* com.github.nexmark.flink.Benchmark --location /home/shuhao/forL0-state-backend/docker/deploy/nexmark-flink --queries q16 --category oa

  ERROR: TaskManager count dropped below expected: 1 < 2

[NexMark fail-fast] TaskManager count dropped below expected: 1 < 2

  ERROR: NexMark benchmark driver failed

=== Running Nexmark Q17 (forl0 backend) ===
Events: 0, TPS: 1000000
Proportions: Person(1):Auction(1):Bid(98)
Hot ratios: bid.auctions=16, bid.bidders=default
Command: java -Dlog.file=/home/shuhao/forL0-state-backend/docker/deploy/nexmark-flink/log/nexmark-flink.log -Dlog4j.configuration=file:/tmp/nexmark-conf-yhx1e33x/log4j.properties -Dlog4j.configurationFile=file:/tmp/nexmark-conf-yhx1e33x/log4j.properties -Dstate.backend.type=org.apache.flink.state.forl0.ForL0StateBackendFactory -Dstate.backend.forl0.initial-table-capacity=2048 -Dstate.backend.forl0.max-table-capacity=65536 -Dstate.backend.forl0.l0-cache.enabled=true -Dstate.backend.forl0.l0-cache.size=256mb -Dstate.backend.forl0.l0-memory.max-size=512mb -Dstate.backend.forl0.main-table.load-factor-threshold=0.8 -cp /home/shuhao/forL0-state-backend/docker/deploy/nexmark-flink/lib/*:/home/shuhao/flink-1.20.3/lib/* com.github.nexmark.flink.Benchmark --location /home/shuhao/forL0-state-backend/docker/deploy/nexmark-flink --queries q17 --category oa

  ERROR: TaskManager count dropped below expected: 1 < 2

[NexMark fail-fast] TaskManager count dropped below expected: 1 < 2

  ERROR: NexMark benchmark driver failed

--- forl0 Summary ---
  Failed: ['q3', 'q12', 'q15', 'q16', 'q17']

[Nexmark] Results saved to: /home/shuhao/forL0-state-backend/benchmark/results/nexmark_20260710_051024/nexmark_results.json

============================================================
Backend Comparison
============================================================

forl0 vs hashmap:
  q12: 0 vs 5,340 (-100.0%, throughput)
  q15: 0 vs 372,500 (-100.0%, throughput)
  q16: 0 vs 480,290 (-100.0%, throughput)
  q17: 0 vs 733,330 (-100.0%, throughput)
  q3: 0 vs 122,950 (-100.0%, throughput)

======================================================================
                    BENCHMARK SUMMARY
======================================================================

## Unit Test Benchmark
--------------------------------------------------

## WordCount Benchmark
--------------------------------------------------

## Client Usecase Benchmark
--------------------------------------------------

## NexMark Benchmark
--------------------------------------------------
Query   Proc(s)     hashmap proc eps     report eps     (/core)    forl0 proc eps     report eps     (/core)    Improv
----------------------------------------------------------------------------------------------------------------------
Q12                         5.34 K/s       5.34 K/s      498 /s              0 /s           0 /s        0 /s   -100.0%
Q15                       372.50 K/s     372.50 K/s   42.23 K/s              0 /s           0 /s        0 /s   -100.0%
Q16                       480.29 K/s     480.29 K/s   28.71 K/s              0 /s           0 /s        0 /s   -100.0%
Q17                       733.33 K/s     733.33 K/s   74.75 K/s              0 /s           0 /s        0 /s   -100.0%
Q3                        122.95 K/s     122.95 K/s    5.27 K/s              0 /s           0 /s        0 /s   -100.0%

======================================================================

Next steps:
  1. Review raw results in: benchmark/results/raw/
  2. Generate report: python scripts/generate_report.py
  3. View report in: benchmark/results/reports/

==> Ascend reproduction C01: client_contract_baseline
Command: /home/shuhao/forL0-state-backend/docker/run_all_apps.sh --offline --test client_usecase --scenario contract_baseline --backend all --no-profile --no-report --expected-taskmanagers 2 --expected-slots 8 --restart-cluster
============================================================
  ForL0 benchmark run context
============================================================
  Repo:        /home/shuhao/forL0-state-backend
  Test:        client_usecase
  Backend:     all
  Profile:     disabled
  Offline:     true
  Expect TMs:  2
  Expect slots:8
  GitCommit:   99987dbbada2c6d9446fb486393af35eeb1a7d34
  Date:        2026-07-10 05:22:20 +0800

[2/5] 按要求重启 Flink 集群
=== 停止 BriskState Flink Docker 集群 ===
flink-taskmanager-2
flink-taskmanager-1
flink-jobmanager
flink-net
已停止
=== 启动 BriskState Flink Docker 集群 ===
  FLINK_HOME: /home/shuhao/flink-1.20.3
  NATIVE:     /home/shuhao/flink-1.20.3/native
  CONF:       /home/shuhao/forL0-state-backend/docker/conf
  Docker:     sudo -n docker
  JM memory:  8g
  TM memory:  16g
  libnuma:    /lib/aarch64-linux-gnu/libnuma.so.1 -> /lib/aarch64-linux-gnu/libnuma.so.1

77ea10a1eb6e8dc9226214b63f9bb944fab75826ed8c4454d440b91ec74b2891
[1/3] 启动 JobManager...
c7b1b9eae782520b1fdf4f954c42dea591f6468a7dc9205fa4b39519b894bdcb
      JobManager IP: 172.18.0.2
[2/3] 启动 TaskManager-1...
e4ef0619aa7cdca12a2021c128b749b6da7686a3822829fdce5037c87aeba5da
[3/3] 启动 TaskManager-2...
0b6c51d147708d7b963511a3b5a2b1319b1976adc016210fd04dbb0d6226a1bf

等待 JobManager 就绪...
....
=== 集群启动成功! ===
  Web UI: http://localhost:8081
  TaskManagers: 2
  Slots:        8

  查看 TaskManager 日志: /home/shuhao/forL0-state-backend/docker/docker_run.sh logs tm1
  提交作业:     /home/shuhao/flink-1.20.3/bin/flink run -m localhost:8081 -c <MainClass> <jar>
      ✓ Flink 集群健康:
TASKMANAGERS=2
SLOTS_TOTAL=8
SLOTS_AVAILABLE=8
JOBS_RUNNING=0
TM 172.18.0.3:43491-2983e4 slots=4 free=4 heartbeatMs=0
TM 172.18.0.4:39887-dcc7a8 slots=4 free=4 heartbeatMs=0
[3/5] 复用已有 benchmark Python 虚拟环境
      ✓ benchmark Python 依赖已满足
[4/5] 开始运行 benchmark/scripts/run_benchmark.py
Command: /home/shuhao/forL0-state-backend/.venv-benchmark/bin/python /home/shuhao/forL0-state-backend/benchmark/scripts/run_benchmark.py --test client_usecase --backend all --scenario contract_baseline
[Client Usecase] Scenario: contract_baseline — Contract rule: original record volume, default settings
============================================================
ForL0 StateBackend Benchmark
============================================================
Test: client_usecase
Backends: hashmap, forl0
Client Usecase Scenario: contract_baseline
============================================================

============================================================
Running Client Usecase Benchmark
============================================================

=== Running Client Usecase Benchmark (hashmap backend) ===

Flink cluster: http://localhost:8081
Parameters: driver=csv_replay, desiredTotalInputRecords=300, parallelism=2, leftStreamTarget=150, rightStreamTarget=150, leftPerSubtask=75, rightPerSubtask=75, estimatedActualTotal=300, checkpointInterval=0
Warning: customer source applies env parallelism to each source instance and uses event-time timers without watermark emission. This runner compensates the record count at submission time, but long-running jobs can still accumulate state faster than expected.
Command: /home/shuhao/flink-1.20.3/bin/flink run -Dstate.backend.type=org.apache.flink.runtime.state.hashmap.HashMapStateBackendFactory /home/shuhao/forL0-state-backend/docker/deploy/flink-keyedcoprocessfunction-example-1.0-SNAPSHOT-jar-with-dependencies.jar --leftNumRecords 75 --rightNumRecords 75 --parallelism 2 --checkpointInterval 0

Job has been submitted with JobID 75ba20ff552f0eb439fb0d466210338f

  Job submitted: 75ba20ff552f0eb439fb0d466210338f
  Job state: RUNNING
  All sources finished; cancelling job for clean bounded benchmark shutdown...
  Job state: CANCELED
Result saved to: /home/shuhao/forL0-state-backend/benchmark/results/raw/client_usecase_hashmap_20260710_052245.json

=== Running Client Usecase Benchmark (forl0 backend) ===

Flink cluster: http://localhost:8081
Parameters: driver=csv_replay, desiredTotalInputRecords=300, parallelism=2, leftStreamTarget=150, rightStreamTarget=150, leftPerSubtask=75, rightPerSubtask=75, estimatedActualTotal=300, checkpointInterval=0
Warning: customer source applies env parallelism to each source instance and uses event-time timers without watermark emission. This runner compensates the record count at submission time, but long-running jobs can still accumulate state faster than expected.
Command: /home/shuhao/flink-1.20.3/bin/flink run -Dstate.backend.type=org.apache.flink.state.forl0.ForL0StateBackendFactory -Dstate.backend.forl0.initial-table-capacity=512 -Dstate.backend.forl0.max-table-capacity=8192 -Dstate.backend.forl0.l0-cache.enabled=true -Dstate.backend.forl0.l0-cache.size=128mb -Dstate.backend.forl0.main-table.load-factor-threshold=0.8 -DforL0.metricsCollector.enabled=true /home/shuhao/forL0-state-backend/docker/deploy/flink-keyedcoprocessfunction-example-1.0-SNAPSHOT-jar-with-dependencies.jar --leftNumRecords 75 --rightNumRecords 75 --parallelism 2 --checkpointInterval 0

Job has been submitted with JobID 1641379901622d686d3211db02e240bd

  Job submitted: 1641379901622d686d3211db02e240bd
  Job state: RUNNING
  All sources finished; cancelling job for clean bounded benchmark shutdown...
  Job state: CANCELED
Result saved to: /home/shuhao/forL0-state-backend/benchmark/results/raw/client_usecase_forl0_20260710_052257.json

======================================================================
                    BENCHMARK SUMMARY
======================================================================

## Unit Test Benchmark
--------------------------------------------------

## WordCount Benchmark
--------------------------------------------------

## Client Usecase Benchmark
--------------------------------------------------
hashmap             :              37 records/s/core
forl0               :              37 records/s/core
Improvement         :             0.8%

======================================================================

Next steps:
  1. Review raw results in: benchmark/results/raw/
  2. Generate report: python scripts/generate_report.py
  3. View report in: benchmark/results/reports/

==> Ascend reproduction C02: client_forl0_optimized
Command: /home/shuhao/forL0-state-backend/docker/run_all_apps.sh --offline --test client_usecase --scenario forl0_optimized --backend all --no-profile --no-report --expected-taskmanagers 2 --expected-slots 8 --restart-cluster
============================================================
  ForL0 benchmark run context
============================================================
  Repo:        /home/shuhao/forL0-state-backend
  Test:        client_usecase
  Backend:     all
  Profile:     disabled
  Offline:     true
  Expect TMs:  2
  Expect slots:8
  GitCommit:   99987dbbada2c6d9446fb486393af35eeb1a7d34
  Date:        2026-07-10 05:22:57 +0800

[2/5] 按要求重启 Flink 集群
=== 停止 BriskState Flink Docker 集群 ===
flink-taskmanager-2
flink-taskmanager-1
flink-jobmanager
flink-net
已停止
=== 启动 BriskState Flink Docker 集群 ===
  FLINK_HOME: /home/shuhao/flink-1.20.3
  NATIVE:     /home/shuhao/flink-1.20.3/native
  CONF:       /home/shuhao/forL0-state-backend/docker/conf
  Docker:     sudo -n docker
  JM memory:  8g
  TM memory:  16g
  libnuma:    /lib/aarch64-linux-gnu/libnuma.so.1 -> /lib/aarch64-linux-gnu/libnuma.so.1

cf8dcac09fc5b4e1d42702422f9a1672e04efe353e674140a20e0cfc68ae252f
[1/3] 启动 JobManager...
51f4136e7b6da4cb6b3d804f12804df4463d31e8059cafa90ab21d9eae15ad05
      JobManager IP: 172.18.0.2
[2/3] 启动 TaskManager-1...
cf1d9a2c4320be029c145fc1d2469059a33ef3c8407aa087d231e74734ac02aa
[3/3] 启动 TaskManager-2...
bc30bfaedb8be99ed9c55d615ee16f06f37197d580d89424fad1e83db31e925b

等待 JobManager 就绪...
....
=== 集群启动成功! ===
  Web UI: http://localhost:8081
  TaskManagers: 2
  Slots:        8

  查看 TaskManager 日志: /home/shuhao/forL0-state-backend/docker/docker_run.sh logs tm1
  提交作业:     /home/shuhao/flink-1.20.3/bin/flink run -m localhost:8081 -c <MainClass> <jar>
      ✓ Flink 集群健康:
TASKMANAGERS=2
SLOTS_TOTAL=8
SLOTS_AVAILABLE=8
JOBS_RUNNING=0
TM 172.18.0.4:40317-d3a298 slots=4 free=4 heartbeatMs=0
TM 172.18.0.3:43659-528478 slots=4 free=4 heartbeatMs=0
[3/5] 复用已有 benchmark Python 虚拟环境
      ✓ benchmark Python 依赖已满足
[4/5] 开始运行 benchmark/scripts/run_benchmark.py
Command: /home/shuhao/forL0-state-backend/.venv-benchmark/bin/python /home/shuhao/forL0-state-backend/benchmark/scripts/run_benchmark.py --test client_usecase --backend all --scenario forl0_optimized
[Client Usecase] Scenario: forl0_optimized — ForL0-tuned: higher volume, larger L0 cache, no checkpoint
============================================================
ForL0 StateBackend Benchmark
============================================================
Test: client_usecase
Backends: hashmap, forl0
Client Usecase Scenario: forl0_optimized
============================================================

============================================================
Running Client Usecase Benchmark
============================================================

=== Running Client Usecase Benchmark (hashmap backend) ===

Flink cluster: http://localhost:8081
Parameters: driver=csv_replay, desiredTotalInputRecords=3000, parallelism=2, leftStreamTarget=1500, rightStreamTarget=1500, leftPerSubtask=750, rightPerSubtask=750, estimatedActualTotal=3000, checkpointInterval=0
Warning: customer source applies env parallelism to each source instance and uses event-time timers without watermark emission. This runner compensates the record count at submission time, but long-running jobs can still accumulate state faster than expected.
Command: /home/shuhao/flink-1.20.3/bin/flink run -Dstate.backend.type=org.apache.flink.runtime.state.hashmap.HashMapStateBackendFactory /home/shuhao/forL0-state-backend/docker/deploy/flink-keyedcoprocessfunction-example-1.0-SNAPSHOT-jar-with-dependencies.jar --leftNumRecords 750 --rightNumRecords 750 --parallelism 2 --checkpointInterval 0

Job has been submitted with JobID 510348a923a18c515b81b86591eb1c72

  Job submitted: 510348a923a18c515b81b86591eb1c72
  Job state: RUNNING
  All sources finished; cancelling job for clean bounded benchmark shutdown...
  Job state: CANCELED
Result saved to: /home/shuhao/forL0-state-backend/benchmark/results/raw/client_usecase_hashmap_20260710_052322.json

=== Running Client Usecase Benchmark (forl0 backend) ===

Flink cluster: http://localhost:8081
Parameters: driver=csv_replay, desiredTotalInputRecords=3000, parallelism=2, leftStreamTarget=1500, rightStreamTarget=1500, leftPerSubtask=750, rightPerSubtask=750, estimatedActualTotal=3000, checkpointInterval=0
Warning: customer source applies env parallelism to each source instance and uses event-time timers without watermark emission. This runner compensates the record count at submission time, but long-running jobs can still accumulate state faster than expected.
Command: /home/shuhao/flink-1.20.3/bin/flink run -Dstate.backend.type=org.apache.flink.state.forl0.ForL0StateBackendFactory -Dstate.backend.forl0.initial-table-capacity=512 -Dstate.backend.forl0.max-table-capacity=8192 -Dstate.backend.forl0.l0-cache.enabled=true -Dstate.backend.forl0.l0-cache.size=128mb -Dstate.backend.forl0.main-table.load-factor-threshold=0.8 -DforL0.metricsCollector.enabled=true /home/shuhao/forL0-state-backend/docker/deploy/flink-keyedcoprocessfunction-example-1.0-SNAPSHOT-jar-with-dependencies.jar --leftNumRecords 750 --rightNumRecords 750 --parallelism 2 --checkpointInterval 0

Job has been submitted with JobID cc93fffbfa6243fca7583f389c975731

  Job submitted: cc93fffbfa6243fca7583f389c975731
  Job state: RUNNING
  All sources finished; cancelling job for clean bounded benchmark shutdown...
  Job state: CANCELED
Result saved to: /home/shuhao/forL0-state-backend/benchmark/results/raw/client_usecase_forl0_20260710_052334.json

======================================================================
                    BENCHMARK SUMMARY
======================================================================

## Unit Test Benchmark
--------------------------------------------------

## WordCount Benchmark
--------------------------------------------------

## Client Usecase Benchmark
--------------------------------------------------
hashmap             :             371 records/s/core
forl0               :             373 records/s/core
Improvement         :             0.7%

======================================================================

Next steps:
  1. Review raw results in: benchmark/results/raw/
  2. Generate report: python scripts/generate_report.py
  3. View report in: benchmark/results/reports/

==> Ascend reproduction C03: client_state_pressure_300k
Command: /home/shuhao/forL0-state-backend/docker/run_all_apps.sh --offline --test client_usecase --scenario state_pressure_300k --backend all --no-profile --no-report --expected-taskmanagers 2 --expected-slots 8 --restart-cluster
============================================================
  ForL0 benchmark run context
============================================================
  Repo:        /home/shuhao/forL0-state-backend
  Test:        client_usecase
  Backend:     all
  Profile:     disabled
  Offline:     true
  Expect TMs:  2
  Expect slots:8
  GitCommit:   99987dbbada2c6d9446fb486393af35eeb1a7d34
  Date:        2026-07-10 05:23:34 +0800

[2/5] 按要求重启 Flink 集群
=== 停止 BriskState Flink Docker 集群 ===
flink-taskmanager-2
flink-taskmanager-1
flink-jobmanager
flink-net
已停止
=== 启动 BriskState Flink Docker 集群 ===
  FLINK_HOME: /home/shuhao/flink-1.20.3
  NATIVE:     /home/shuhao/flink-1.20.3/native
  CONF:       /home/shuhao/forL0-state-backend/docker/conf
  Docker:     sudo -n docker
  JM memory:  8g
  TM memory:  16g
  libnuma:    /lib/aarch64-linux-gnu/libnuma.so.1 -> /lib/aarch64-linux-gnu/libnuma.so.1

e089da1569f389efde950f7b78f3b9899c5b3ad0fd53a6d07cd15bc257b29aca
[1/3] 启动 JobManager...
5e3668fac49d323a96e690c95d86cf97a2d7964d8717da421293606aae9b749f
      JobManager IP: 172.18.0.2
[2/3] 启动 TaskManager-1...
1351d8d3d1fbffb4f46fdc073d9838db341e9fe18a57cfa9b2685275f49228a6
[3/3] 启动 TaskManager-2...
c6f391a5d2b4d68918324e1cf93573091bbf4c3720f110346d245ca086f76964

等待 JobManager 就绪...
....
=== 集群启动成功! ===
  Web UI: http://localhost:8081
  TaskManagers: 2
  Slots:        8

  查看 TaskManager 日志: /home/shuhao/forL0-state-backend/docker/docker_run.sh logs tm1
  提交作业:     /home/shuhao/flink-1.20.3/bin/flink run -m localhost:8081 -c <MainClass> <jar>
      ✓ Flink 集群健康:
TASKMANAGERS=2
SLOTS_TOTAL=8
SLOTS_AVAILABLE=8
JOBS_RUNNING=0
TM 172.18.0.4:40429-f52704 slots=4 free=4 heartbeatMs=0
TM 172.18.0.3:38317-4018be slots=4 free=4 heartbeatMs=0
[3/5] 复用已有 benchmark Python 虚拟环境
      ✓ benchmark Python 依赖已满足
[4/5] 开始运行 benchmark/scripts/run_benchmark.py
Command: /home/shuhao/forL0-state-backend/.venv-benchmark/bin/python /home/shuhao/forL0-state-backend/benchmark/scripts/run_benchmark.py --test client_usecase --backend all --scenario state_pressure_300k
[Client Usecase] Scenario: state_pressure_300k — Non-contract: 300k records, no checkpoint, high state pressure for MapState/ValueState paths
============================================================
ForL0 StateBackend Benchmark
============================================================
Test: client_usecase
Backends: hashmap, forl0
Client Usecase Scenario: state_pressure_300k
============================================================

============================================================
Running Client Usecase Benchmark
============================================================

=== Running Client Usecase Benchmark (hashmap backend) ===

Flink cluster: http://localhost:8081
Parameters: driver=csv_replay, desiredTotalInputRecords=300000, parallelism=4, leftStreamTarget=150000, rightStreamTarget=150000, leftPerSubtask=37500, rightPerSubtask=37500, estimatedActualTotal=300000, checkpointInterval=0
Warning: customer source applies env parallelism to each source instance and uses event-time timers without watermark emission. This runner compensates the record count at submission time, but long-running jobs can still accumulate state faster than expected.
Command: /home/shuhao/flink-1.20.3/bin/flink run -Dstate.backend.type=org.apache.flink.runtime.state.hashmap.HashMapStateBackendFactory /home/shuhao/forL0-state-backend/docker/deploy/flink-keyedcoprocessfunction-example-1.0-SNAPSHOT-jar-with-dependencies.jar --leftNumRecords 37500 --rightNumRecords 37500 --parallelism 4 --checkpointInterval 0

Job has been submitted with JobID 9119499847a208405bf75c8f6945db76

  Job submitted: 9119499847a208405bf75c8f6945db76
  Job state: RUNNING
  All sources finished; cancelling job for clean bounded benchmark shutdown...
  Job state: CANCELED
Result saved to: /home/shuhao/forL0-state-backend/benchmark/results/raw/client_usecase_hashmap_20260710_052516.json

=== Running Client Usecase Benchmark (forl0 backend) ===

Flink cluster: http://localhost:8081
Parameters: driver=csv_replay, desiredTotalInputRecords=300000, parallelism=4, leftStreamTarget=150000, rightStreamTarget=150000, leftPerSubtask=37500, rightPerSubtask=37500, estimatedActualTotal=300000, checkpointInterval=0
Warning: customer source applies env parallelism to each source instance and uses event-time timers without watermark emission. This runner compensates the record count at submission time, but long-running jobs can still accumulate state faster than expected.
Command: /home/shuhao/flink-1.20.3/bin/flink run -Dstate.backend.type=org.apache.flink.state.forl0.ForL0StateBackendFactory -Dstate.backend.forl0.initial-table-capacity=2048 -Dstate.backend.forl0.max-table-capacity=65536 -Dstate.backend.forl0.l0-cache.enabled=true -Dstate.backend.forl0.l0-cache.size=256mb -Dstate.backend.forl0.l0-memory.max-size=512mb -Dstate.backend.forl0.main-table.load-factor-threshold=0.8 -DforL0.metricsCollector.enabled=true /home/shuhao/forL0-state-backend/docker/deploy/flink-keyedcoprocessfunction-example-1.0-SNAPSHOT-jar-with-dependencies.jar --leftNumRecords 37500 --rightNumRecords 37500 --parallelism 4 --checkpointInterval 0

Job has been submitted with JobID 1da02e998993d08608ac480138f97084

  Job submitted: 1da02e998993d08608ac480138f97084
  Job state: RUNNING
  All sources finished; cancelling job for clean bounded benchmark shutdown...
  Job state: CANCELED
Result saved to: /home/shuhao/forL0-state-backend/benchmark/results/raw/client_usecase_forl0_20260710_052643.json

======================================================================
                    BENCHMARK SUMMARY
======================================================================

## Unit Test Benchmark
--------------------------------------------------

## WordCount Benchmark
--------------------------------------------------

## Client Usecase Benchmark
--------------------------------------------------
hashmap             :             934 records/s/core
forl0               :             936 records/s/core
Improvement         :             0.1%

======================================================================

Next steps:
  1. Review raw results in: benchmark/results/raw/
  2. Generate report: python scripts/generate_report.py
  3. View report in: benchmark/results/reports/

==> Ascend reproduction C04: client_state_pressure_1m
Command: /home/shuhao/forL0-state-backend/docker/run_all_apps.sh --offline --test client_usecase --scenario state_pressure_1m --backend all --no-profile --no-report --expected-taskmanagers 2 --expected-slots 8 --restart-cluster
============================================================
  ForL0 benchmark run context
============================================================
  Repo:        /home/shuhao/forL0-state-backend
  Test:        client_usecase
  Backend:     all
  Profile:     disabled
  Offline:     true
  Expect TMs:  2
  Expect slots:8
  GitCommit:   99987dbbada2c6d9446fb486393af35eeb1a7d34
  Date:        2026-07-10 05:26:44 +0800

[2/5] 按要求重启 Flink 集群
=== 停止 BriskState Flink Docker 集群 ===
flink-taskmanager-2
flink-taskmanager-1
flink-jobmanager
flink-net
已停止
=== 启动 BriskState Flink Docker 集群 ===
  FLINK_HOME: /home/shuhao/flink-1.20.3
  NATIVE:     /home/shuhao/flink-1.20.3/native
  CONF:       /home/shuhao/forL0-state-backend/docker/conf
  Docker:     sudo -n docker
  JM memory:  8g
  TM memory:  16g
  libnuma:    /lib/aarch64-linux-gnu/libnuma.so.1 -> /lib/aarch64-linux-gnu/libnuma.so.1

2f5a24ad9fbfa0563e90554b435bd980eef32f31eef6dcbae186b3f7eab89044
[1/3] 启动 JobManager...
6874277be867a343267dfa89c279fbf3603d17731d853b89cbb9151fe4722a99
      JobManager IP: 172.18.0.2
[2/3] 启动 TaskManager-1...
b15265f8b520bf6b3c10f21e86be154239a6ed9a7def2345652c6d3eecd8d520
[3/3] 启动 TaskManager-2...
0ea323cbea1578ac5e1a2f7eddaf5f3450428e5dea089dee06baa1a2a78b07bb

等待 JobManager 就绪...
....
=== 集群启动成功! ===
  Web UI: http://localhost:8081
  TaskManagers: 2
  Slots:        8

  查看 TaskManager 日志: /home/shuhao/forL0-state-backend/docker/docker_run.sh logs tm1
  提交作业:     /home/shuhao/flink-1.20.3/bin/flink run -m localhost:8081 -c <MainClass> <jar>
      ✓ Flink 集群健康:
TASKMANAGERS=2
SLOTS_TOTAL=8
SLOTS_AVAILABLE=8
JOBS_RUNNING=0
TM 172.18.0.4:41843-1253b0 slots=4 free=4 heartbeatMs=0
TM 172.18.0.3:43639-5e1ad3 slots=4 free=4 heartbeatMs=0
[3/5] 复用已有 benchmark Python 虚拟环境
      ✓ benchmark Python 依赖已满足
[4/5] 开始运行 benchmark/scripts/run_benchmark.py
Command: /home/shuhao/forL0-state-backend/.venv-benchmark/bin/python /home/shuhao/forL0-state-backend/benchmark/scripts/run_benchmark.py --test client_usecase --backend all --scenario state_pressure_1m
[Client Usecase] Scenario: state_pressure_1m — Non-contract: 1M records, no checkpoint, higher state pressure for MapState/ValueState paths
============================================================
ForL0 StateBackend Benchmark
============================================================
Test: client_usecase
Backends: hashmap, forl0
Client Usecase Scenario: state_pressure_1m
============================================================

============================================================
Running Client Usecase Benchmark
============================================================

=== Running Client Usecase Benchmark (hashmap backend) ===

Flink cluster: http://localhost:8081
Parameters: driver=csv_replay, desiredTotalInputRecords=1000000, parallelism=4, leftStreamTarget=500000, rightStreamTarget=500000, leftPerSubtask=125000, rightPerSubtask=125000, estimatedActualTotal=1000000, checkpointInterval=0
Warning: customer source applies env parallelism to each source instance and uses event-time timers without watermark emission. This runner compensates the record count at submission time, but long-running jobs can still accumulate state faster than expected.
Command: /home/shuhao/flink-1.20.3/bin/flink run -Dstate.backend.type=org.apache.flink.runtime.state.hashmap.HashMapStateBackendFactory /home/shuhao/forL0-state-backend/docker/deploy/flink-keyedcoprocessfunction-example-1.0-SNAPSHOT-jar-with-dependencies.jar --leftNumRecords 125000 --rightNumRecords 125000 --parallelism 4 --checkpointInterval 0

Job has been submitted with JobID 5dc6ca11254a4c737e52e0bb66a3ed7c

  Job submitted: 5dc6ca11254a4c737e52e0bb66a3ed7c
  Job state: RUNNING
  All sources finished; cancelling job for clean bounded benchmark shutdown...
  Job state: CANCELED
Result saved to: /home/shuhao/forL0-state-backend/benchmark/results/raw/client_usecase_hashmap_20260710_053134.json

=== Running Client Usecase Benchmark (forl0 backend) ===

Flink cluster: http://localhost:8081
Parameters: driver=csv_replay, desiredTotalInputRecords=1000000, parallelism=4, leftStreamTarget=500000, rightStreamTarget=500000, leftPerSubtask=125000, rightPerSubtask=125000, estimatedActualTotal=1000000, checkpointInterval=0
Warning: customer source applies env parallelism to each source instance and uses event-time timers without watermark emission. This runner compensates the record count at submission time, but long-running jobs can still accumulate state faster than expected.
Command: /home/shuhao/flink-1.20.3/bin/flink run -Dstate.backend.type=org.apache.flink.state.forl0.ForL0StateBackendFactory -Dstate.backend.forl0.initial-table-capacity=2048 -Dstate.backend.forl0.max-table-capacity=65536 -Dstate.backend.forl0.l0-cache.enabled=true -Dstate.backend.forl0.l0-cache.size=256mb -Dstate.backend.forl0.l0-memory.max-size=512mb -Dstate.backend.forl0.main-table.load-factor-threshold=0.8 -DforL0.metricsCollector.enabled=true /home/shuhao/forL0-state-backend/docker/deploy/flink-keyedcoprocessfunction-example-1.0-SNAPSHOT-jar-with-dependencies.jar --leftNumRecords 125000 --rightNumRecords 125000 --parallelism 4 --checkpointInterval 0

Job has been submitted with JobID cde075c568926294b6dd578da28e8ca0

  Job submitted: cde075c568926294b6dd578da28e8ca0
  Job state: RUNNING
  All sources finished; cancelling job for clean bounded benchmark shutdown...
  Job state: CANCELED
Result saved to: /home/shuhao/forL0-state-backend/benchmark/results/raw/client_usecase_forl0_20260710_053606.json

======================================================================
                    BENCHMARK SUMMARY
======================================================================

## Unit Test Benchmark
--------------------------------------------------

## WordCount Benchmark
--------------------------------------------------

## Client Usecase Benchmark
--------------------------------------------------
hashmap             :             931 records/s/core
forl0               :             945 records/s/core
Improvement         :             1.6%

======================================================================

Next steps:
  1. Review raw results in: benchmark/results/raw/
  2. Generate report: python scripts/generate_report.py
  3. View report in: benchmark/results/reports/

==> Ascend reproduction D01: diagnostic_scalar_ops16
Command: /home/shuhao/forL0-state-backend/docker/run_all_apps.sh --offline --test client_usecase --scenario scalar_state_probe_2m_ops16 --backend all --no-profile --no-report --expected-taskmanagers 2 --expected-slots 8 --restart-cluster
============================================================
  ForL0 benchmark run context
============================================================
  Repo:        /home/shuhao/forL0-state-backend
  Test:        client_usecase
  Backend:     all
  Profile:     disabled
  Offline:     true
  Expect TMs:  2
  Expect slots:8
  GitCommit:   99987dbbada2c6d9446fb486393af35eeb1a7d34
  Date:        2026-07-10 05:36:06 +0800

[2/5] 按要求重启 Flink 集群
=== 停止 BriskState Flink Docker 集群 ===
flink-taskmanager-2
flink-taskmanager-1
flink-jobmanager
flink-net
已停止
=== 启动 BriskState Flink Docker 集群 ===
  FLINK_HOME: /home/shuhao/flink-1.20.3
  NATIVE:     /home/shuhao/flink-1.20.3/native
  CONF:       /home/shuhao/forL0-state-backend/docker/conf
  Docker:     sudo -n docker
  JM memory:  8g
  TM memory:  16g
  libnuma:    /lib/aarch64-linux-gnu/libnuma.so.1 -> /lib/aarch64-linux-gnu/libnuma.so.1

e093f0e612bd3602acb481f5fbe4855f6fe4f45af2461b7769840e467d4ac7bf
[1/3] 启动 JobManager...
6bedae8412fb8091c28573603c34357907f4299df9a3abd511ea5572ce7806ea
      JobManager IP: 172.18.0.2
[2/3] 启动 TaskManager-1...
8482ce4a68faad11d718b4f9ca5b9cbffa8111fa69d62328c717e4c9158d172f
[3/3] 启动 TaskManager-2...
6d767a2524e2b6e63065dd84ab9f4643b5a546d99fa691537522f92957fc3c87

等待 JobManager 就绪...
....
=== 集群启动成功! ===
  Web UI: http://localhost:8081
  TaskManagers: 2
  Slots:        8

  查看 TaskManager 日志: /home/shuhao/forL0-state-backend/docker/docker_run.sh logs tm1
  提交作业:     /home/shuhao/flink-1.20.3/bin/flink run -m localhost:8081 -c <MainClass> <jar>
      ✓ Flink 集群健康:
TASKMANAGERS=2
SLOTS_TOTAL=8
SLOTS_AVAILABLE=8
JOBS_RUNNING=0
TM 172.18.0.4:42961-39befc slots=4 free=4 heartbeatMs=0
TM 172.18.0.3:41469-7ff190 slots=4 free=4 heartbeatMs=0
[3/5] 复用已有 benchmark Python 虚拟环境
      ✓ benchmark Python 依赖已满足
[4/5] 开始运行 benchmark/scripts/run_benchmark.py
Command: /home/shuhao/forL0-state-backend/.venv-benchmark/bin/python /home/shuhao/forL0-state-backend/benchmark/scripts/run_benchmark.py --test client_usecase --backend all --scenario scalar_state_probe_2m_ops16
[Client Usecase] Scenario: scalar_state_probe_2m_ops16 — Non-contract: moderate scalar-state pressure, numeric key, 16 ValueState/MapState<Long,Long> operations per record
============================================================
ForL0 StateBackend Benchmark
============================================================
Test: client_usecase
Backends: hashmap, forl0
Client Usecase Scenario: scalar_state_probe_2m_ops16
============================================================

============================================================
Running Client Usecase Benchmark
============================================================

=== Running Client Usecase Benchmark (hashmap backend) ===

Flink cluster: http://localhost:8081
Parameters: driver=scalar_state, desiredTotalInputRecords=2000000, parallelism=4, leftStreamTarget=1800000, rightStreamTarget=200000, leftPerSubtask=450000, rightPerSubtask=50000, estimatedActualTotal=2000000, checkpointInterval=0
Command: /home/shuhao/flink-1.20.3/bin/flink run -Dstate.backend.type=org.apache.flink.runtime.state.hashmap.HashMapStateBackendFactory -C file:///home/shuhao/forL0-state-backend/docker/deploy/flink-keyedcoprocessfunction-example-1.0-SNAPSHOT-jar-with-dependencies.jar /home/shuhao/forL0-state-backend/docker/deploy/client-drift-benchmark-1.0-SNAPSHOT.jar --leftNumRecords 450000 --rightNumRecords 50000 --parallelism 4 --checkpointInterval 0 --mode scalar_state --hotKeyCount 4096 --coldKeyCount 500000 --hotTrafficPercent 80 --driftIntervalRecords 50000 --driftStep 2048 --rightDelayMs 0 --timestampMode hot_bucket --timestampHotBuckets 65536 --timestampKeySpace 1000000 --timestampDriftIntervalRecords 50000 --timestampDriftStep 32768 --scalarOpsPerRecord 16 --mapKeyModulo 131072

Job has been submitted with JobID c2ff11f3365f272c4b4b5591f6f1c929

  Job submitted: c2ff11f3365f272c4b4b5591f6f1c929
  Job state: RUNNING
  All sources finished; cancelling job for clean bounded benchmark shutdown...
  Job state: CANCELED
Result saved to: /home/shuhao/forL0-state-backend/benchmark/results/raw/client_usecase_hashmap_20260710_053633.json

=== Running Client Usecase Benchmark (forl0 backend) ===

Flink cluster: http://localhost:8081
Parameters: driver=scalar_state, desiredTotalInputRecords=2000000, parallelism=4, leftStreamTarget=1800000, rightStreamTarget=200000, leftPerSubtask=450000, rightPerSubtask=50000, estimatedActualTotal=2000000, checkpointInterval=0
Command: /home/shuhao/flink-1.20.3/bin/flink run -Dstate.backend.type=org.apache.flink.state.forl0.ForL0StateBackendFactory -Dstate.backend.forl0.initial-table-capacity=8192 -Dstate.backend.forl0.max-table-capacity=262144 -Dstate.backend.forl0.l0-cache.enabled=true -Dstate.backend.forl0.l0-cache.size=384mb -Dstate.backend.forl0.l0-memory.max-size=768mb -Dstate.backend.forl0.main-table.load-factor-threshold=0.8 -DforL0.metricsCollector.enabled=true -C file:///home/shuhao/forL0-state-backend/docker/deploy/flink-keyedcoprocessfunction-example-1.0-SNAPSHOT-jar-with-dependencies.jar /home/shuhao/forL0-state-backend/docker/deploy/client-drift-benchmark-1.0-SNAPSHOT.jar --leftNumRecords 450000 --rightNumRecords 50000 --parallelism 4 --checkpointInterval 0 --mode scalar_state --hotKeyCount 4096 --coldKeyCount 500000 --hotTrafficPercent 80 --driftIntervalRecords 50000 --driftStep 2048 --rightDelayMs 0 --timestampMode hot_bucket --timestampHotBuckets 65536 --timestampKeySpace 1000000 --timestampDriftIntervalRecords 50000 --timestampDriftStep 32768 --scalarOpsPerRecord 16 --mapKeyModulo 131072

Job has been submitted with JobID d0522ac0434105821d9e4ef2b368579d

  Job submitted: d0522ac0434105821d9e4ef2b368579d
  Job state: RUNNING
  All sources finished; cancelling job for clean bounded benchmark shutdown...
  Job state: CANCELED
Result saved to: /home/shuhao/forL0-state-backend/benchmark/results/raw/client_usecase_forl0_20260710_053648.json

======================================================================
                    BENCHMARK SUMMARY
======================================================================

## Unit Test Benchmark
--------------------------------------------------

## WordCount Benchmark
--------------------------------------------------

## Client Usecase Benchmark
--------------------------------------------------
hashmap             :         123,301 records/s/core
forl0               :          62,221 records/s/core
Improvement         :           -49.5%

======================================================================

Next steps:
  1. Review raw results in: benchmark/results/raw/
  2. Generate report: python scripts/generate_report.py
  3. View report in: benchmark/results/reports/

==> Ascend reproduction D02: diagnostic_scalar_ops16_batch
Command: /home/shuhao/forL0-state-backend/docker/run_all_apps.sh --offline --test client_usecase --scenario scalar_state_probe_2m_ops16_batch --backend all --no-profile --no-report --expected-taskmanagers 2 --expected-slots 8 --restart-cluster
============================================================
  ForL0 benchmark run context
============================================================
  Repo:        /home/shuhao/forL0-state-backend
  Test:        client_usecase
  Backend:     all
  Profile:     disabled
  Offline:     true
  Expect TMs:  2
  Expect slots:8
  GitCommit:   99987dbbada2c6d9446fb486393af35eeb1a7d34
  Date:        2026-07-10 05:36:48 +0800

[2/5] 按要求重启 Flink 集群
=== 停止 BriskState Flink Docker 集群 ===
flink-taskmanager-2
flink-taskmanager-1
flink-jobmanager
flink-net
已停止
=== 启动 BriskState Flink Docker 集群 ===
  FLINK_HOME: /home/shuhao/flink-1.20.3
  NATIVE:     /home/shuhao/flink-1.20.3/native
  CONF:       /home/shuhao/forL0-state-backend/docker/conf
  Docker:     sudo -n docker
  JM memory:  8g
  TM memory:  16g
  libnuma:    /lib/aarch64-linux-gnu/libnuma.so.1 -> /lib/aarch64-linux-gnu/libnuma.so.1

a2d415dba843e6f54dba54cde31ee20cfe6c4c455a5e68ceecb87911bb4d5835
[1/3] 启动 JobManager...
4e72469a0aff3409b45a09827a0f1656310cbd179bbf8e5dadedb9e16db35042
      JobManager IP: 172.18.0.2
[2/3] 启动 TaskManager-1...
a1eb4dc1df74670521569a703fa7e355ebd764a6ec8fe92d54ed86e3e6ecf311
[3/3] 启动 TaskManager-2...
26ee974edffcca36bd1f137f5a8e2f9965d9dfcaf0453a19cafae3d040d0e503

等待 JobManager 就绪...
....
=== 集群启动成功! ===
  Web UI: http://localhost:8081
  TaskManagers: 2
  Slots:        8

  查看 TaskManager 日志: /home/shuhao/forL0-state-backend/docker/docker_run.sh logs tm1
  提交作业:     /home/shuhao/flink-1.20.3/bin/flink run -m localhost:8081 -c <MainClass> <jar>
      ✓ Flink 集群健康:
TASKMANAGERS=2
SLOTS_TOTAL=8
SLOTS_AVAILABLE=8
JOBS_RUNNING=0
TM 172.18.0.4:34439-d1315e slots=4 free=4 heartbeatMs=0
TM 172.18.0.3:35987-24ff30 slots=4 free=4 heartbeatMs=0
[3/5] 复用已有 benchmark Python 虚拟环境
      ✓ benchmark Python 依赖已满足
[4/5] 开始运行 benchmark/scripts/run_benchmark.py
Command: /home/shuhao/forL0-state-backend/.venv-benchmark/bin/python /home/shuhao/forL0-state-backend/benchmark/scripts/run_benchmark.py --test client_usecase --backend all --scenario scalar_state_probe_2m_ops16_batch
[Client Usecase] Scenario: scalar_state_probe_2m_ops16_batch — Non-contract: same as scalar_state_probe_2m_ops16, but ForL0 can batch all per-record MapState<Long,Long> increments
============================================================
ForL0 StateBackend Benchmark
============================================================
Test: client_usecase
Backends: hashmap, forl0
Client Usecase Scenario: scalar_state_probe_2m_ops16_batch
============================================================

============================================================
Running Client Usecase Benchmark
============================================================

=== Running Client Usecase Benchmark (hashmap backend) ===

Flink cluster: http://localhost:8081
Parameters: driver=scalar_state, desiredTotalInputRecords=2000000, parallelism=4, leftStreamTarget=1800000, rightStreamTarget=200000, leftPerSubtask=450000, rightPerSubtask=50000, estimatedActualTotal=2000000, checkpointInterval=0
Command: /home/shuhao/flink-1.20.3/bin/flink run -Dstate.backend.type=org.apache.flink.runtime.state.hashmap.HashMapStateBackendFactory -C file:///home/shuhao/forL0-state-backend/docker/deploy/flink-keyedcoprocessfunction-example-1.0-SNAPSHOT-jar-with-dependencies.jar /home/shuhao/forL0-state-backend/docker/deploy/client-drift-benchmark-1.0-SNAPSHOT.jar --leftNumRecords 450000 --rightNumRecords 50000 --parallelism 4 --checkpointInterval 0 --mode scalar_state --hotKeyCount 4096 --coldKeyCount 500000 --hotTrafficPercent 80 --driftIntervalRecords 50000 --driftStep 2048 --rightDelayMs 0 --timestampMode hot_bucket --timestampHotBuckets 65536 --timestampKeySpace 1000000 --timestampDriftIntervalRecords 50000 --timestampDriftStep 32768 --scalarOpsPerRecord 16 --mapKeyModulo 131072 --scalarShape map_batch

Job has been submitted with JobID 0cab4a094e5d377cce9f76546601cf06

  Job submitted: 0cab4a094e5d377cce9f76546601cf06
  Job state: RUNNING
  Job state: FINISHED
Result saved to: /home/shuhao/forL0-state-backend/benchmark/results/raw/client_usecase_hashmap_20260710_053710.json

=== Running Client Usecase Benchmark (forl0 backend) ===

Flink cluster: http://localhost:8081
Parameters: driver=scalar_state, desiredTotalInputRecords=2000000, parallelism=4, leftStreamTarget=1800000, rightStreamTarget=200000, leftPerSubtask=450000, rightPerSubtask=50000, estimatedActualTotal=2000000, checkpointInterval=0
Command: /home/shuhao/flink-1.20.3/bin/flink run -Dstate.backend.type=org.apache.flink.state.forl0.ForL0StateBackendFactory -Dstate.backend.forl0.initial-table-capacity=8192 -Dstate.backend.forl0.max-table-capacity=262144 -Dstate.backend.forl0.l0-cache.enabled=true -Dstate.backend.forl0.l0-cache.size=384mb -Dstate.backend.forl0.l0-memory.max-size=768mb -Dstate.backend.forl0.main-table.load-factor-threshold=0.8 -DforL0.metricsCollector.enabled=true -C file:///home/shuhao/forL0-state-backend/docker/deploy/flink-keyedcoprocessfunction-example-1.0-SNAPSHOT-jar-with-dependencies.jar /home/shuhao/forL0-state-backend/docker/deploy/client-drift-benchmark-1.0-SNAPSHOT.jar --leftNumRecords 450000 --rightNumRecords 50000 --parallelism 4 --checkpointInterval 0 --mode scalar_state --hotKeyCount 4096 --coldKeyCount 500000 --hotTrafficPercent 80 --driftIntervalRecords 50000 --driftStep 2048 --rightDelayMs 0 --timestampMode hot_bucket --timestampHotBuckets 65536 --timestampKeySpace 1000000 --timestampDriftIntervalRecords 50000 --timestampDriftStep 32768 --scalarOpsPerRecord 16 --mapKeyModulo 131072 --scalarShape map_batch

Job has been submitted with JobID 589300b998d3b0c7bbc1eb73a841b307

  Job submitted: 589300b998d3b0c7bbc1eb73a841b307
  Job state: RUNNING
  Job state: FINISHED
Result saved to: /home/shuhao/forL0-state-backend/benchmark/results/raw/client_usecase_forl0_20260710_053717.json

======================================================================
                    BENCHMARK SUMMARY
======================================================================

## Unit Test Benchmark
--------------------------------------------------

## WordCount Benchmark
--------------------------------------------------

## Client Usecase Benchmark
--------------------------------------------------
hashmap             :         123,795 records/s/core
forl0               :         124,460 records/s/core
Improvement         :             0.5%

======================================================================

Next steps:
  1. Review raw results in: benchmark/results/raw/
  2. Generate report: python scripts/generate_report.py
  3. View report in: benchmark/results/reports/

==> Ascend reproduction D03: diagnostic_scalar_ops16_fused
Command: /home/shuhao/forL0-state-backend/docker/run_all_apps.sh --offline --test client_usecase --scenario scalar_state_probe_2m_ops16_fused --backend all --no-profile --no-report --expected-taskmanagers 2 --expected-slots 8 --restart-cluster
============================================================
  ForL0 benchmark run context
============================================================
  Repo:        /home/shuhao/forL0-state-backend
  Test:        client_usecase
  Backend:     all
  Profile:     disabled
  Offline:     true
  Expect TMs:  2
  Expect slots:8
  GitCommit:   99987dbbada2c6d9446fb486393af35eeb1a7d34
  Date:        2026-07-10 05:37:17 +0800

[2/5] 按要求重启 Flink 集群
=== 停止 BriskState Flink Docker 集群 ===
flink-taskmanager-2
flink-taskmanager-1
flink-jobmanager
flink-net
已停止
=== 启动 BriskState Flink Docker 集群 ===
  FLINK_HOME: /home/shuhao/flink-1.20.3
  NATIVE:     /home/shuhao/flink-1.20.3/native
  CONF:       /home/shuhao/forL0-state-backend/docker/conf
  Docker:     sudo -n docker
  JM memory:  8g
  TM memory:  16g
  libnuma:    /lib/aarch64-linux-gnu/libnuma.so.1 -> /lib/aarch64-linux-gnu/libnuma.so.1

102ef55a5de2b3a32de79006e5da69e371e58e1c029df87a217fbd0e0799887a
[1/3] 启动 JobManager...
57af795506cb919be8444518232d6e476c94c92f7fcadee575a7ee1051ac109b
      JobManager IP: 172.18.0.2
[2/3] 启动 TaskManager-1...
38479773484f720cf2a0d8812ef2bf073e8f5f90d3b03e98f7e6c7675f997e2c
[3/3] 启动 TaskManager-2...
4ad353e9aa3c8c9ee7135028d59c1e42ababebae7268d69a15ed5a755142b6c1

等待 JobManager 就绪...
....
=== 集群启动成功! ===
  Web UI: http://localhost:8081
  TaskManagers: 2
  Slots:        8

  查看 TaskManager 日志: /home/shuhao/forL0-state-backend/docker/docker_run.sh logs tm1
  提交作业:     /home/shuhao/flink-1.20.3/bin/flink run -m localhost:8081 -c <MainClass> <jar>
      ✓ Flink 集群健康:
TASKMANAGERS=2
SLOTS_TOTAL=8
SLOTS_AVAILABLE=8
JOBS_RUNNING=0
TM 172.18.0.3:43461-36a69b slots=4 free=4 heartbeatMs=0
TM 172.18.0.4:35771-2f7ef8 slots=4 free=4 heartbeatMs=0
[3/5] 复用已有 benchmark Python 虚拟环境
      ✓ benchmark Python 依赖已满足
[4/5] 开始运行 benchmark/scripts/run_benchmark.py
Command: /home/shuhao/forL0-state-backend/.venv-benchmark/bin/python /home/shuhao/forL0-state-backend/benchmark/scripts/run_benchmark.py --test client_usecase --backend all --scenario scalar_state_probe_2m_ops16_fused
[Client Usecase] Scenario: scalar_state_probe_2m_ops16_fused — Non-contract: same as scalar_state_probe_2m_ops16, but ForL0 can use fused MapState<Long,Long> increment
============================================================
ForL0 StateBackend Benchmark
============================================================
Test: client_usecase
Backends: hashmap, forl0
Client Usecase Scenario: scalar_state_probe_2m_ops16_fused
============================================================

============================================================
Running Client Usecase Benchmark
============================================================

=== Running Client Usecase Benchmark (hashmap backend) ===

Flink cluster: http://localhost:8081
Parameters: driver=scalar_state, desiredTotalInputRecords=2000000, parallelism=4, leftStreamTarget=1800000, rightStreamTarget=200000, leftPerSubtask=450000, rightPerSubtask=50000, estimatedActualTotal=2000000, checkpointInterval=0
Command: /home/shuhao/flink-1.20.3/bin/flink run -Dstate.backend.type=org.apache.flink.runtime.state.hashmap.HashMapStateBackendFactory -C file:///home/shuhao/forL0-state-backend/docker/deploy/flink-keyedcoprocessfunction-example-1.0-SNAPSHOT-jar-with-dependencies.jar /home/shuhao/forL0-state-backend/docker/deploy/client-drift-benchmark-1.0-SNAPSHOT.jar --leftNumRecords 450000 --rightNumRecords 50000 --parallelism 4 --checkpointInterval 0 --mode scalar_state --hotKeyCount 4096 --coldKeyCount 500000 --hotTrafficPercent 80 --driftIntervalRecords 50000 --driftStep 2048 --rightDelayMs 0 --timestampMode hot_bucket --timestampHotBuckets 65536 --timestampKeySpace 1000000 --timestampDriftIntervalRecords 50000 --timestampDriftStep 32768 --scalarOpsPerRecord 16 --mapKeyModulo 131072 --scalarShape map_fused

Job has been submitted with JobID 8d5806aba9d3c7c566991d1ff7ef1687

  Job submitted: 8d5806aba9d3c7c566991d1ff7ef1687
  Job state: RUNNING
  Job state: FINISHED
Result saved to: /home/shuhao/forL0-state-backend/benchmark/results/raw/client_usecase_hashmap_20260710_053738.json

=== Running Client Usecase Benchmark (forl0 backend) ===

Flink cluster: http://localhost:8081
Parameters: driver=scalar_state, desiredTotalInputRecords=2000000, parallelism=4, leftStreamTarget=1800000, rightStreamTarget=200000, leftPerSubtask=450000, rightPerSubtask=50000, estimatedActualTotal=2000000, checkpointInterval=0
Command: /home/shuhao/flink-1.20.3/bin/flink run -Dstate.backend.type=org.apache.flink.state.forl0.ForL0StateBackendFactory -Dstate.backend.forl0.initial-table-capacity=8192 -Dstate.backend.forl0.max-table-capacity=262144 -Dstate.backend.forl0.l0-cache.enabled=true -Dstate.backend.forl0.l0-cache.size=384mb -Dstate.backend.forl0.l0-memory.max-size=768mb -Dstate.backend.forl0.main-table.load-factor-threshold=0.8 -DforL0.metricsCollector.enabled=true -C file:///home/shuhao/forL0-state-backend/docker/deploy/flink-keyedcoprocessfunction-example-1.0-SNAPSHOT-jar-with-dependencies.jar /home/shuhao/forL0-state-backend/docker/deploy/client-drift-benchmark-1.0-SNAPSHOT.jar --leftNumRecords 450000 --rightNumRecords 50000 --parallelism 4 --checkpointInterval 0 --mode scalar_state --hotKeyCount 4096 --coldKeyCount 500000 --hotTrafficPercent 80 --driftIntervalRecords 50000 --driftStep 2048 --rightDelayMs 0 --timestampMode hot_bucket --timestampHotBuckets 65536 --timestampKeySpace 1000000 --timestampDriftIntervalRecords 50000 --timestampDriftStep 32768 --scalarOpsPerRecord 16 --mapKeyModulo 131072 --scalarShape map_fused

Job has been submitted with JobID 1058f49ee503f96284ac64ca799c8d18

  Job submitted: 1058f49ee503f96284ac64ca799c8d18
  Job state: RUNNING
  All sources finished; cancelling job for clean bounded benchmark shutdown...
  Job state: CANCELED
Result saved to: /home/shuhao/forL0-state-backend/benchmark/results/raw/client_usecase_forl0_20260710_053750.json

======================================================================
                    BENCHMARK SUMMARY
======================================================================

## Unit Test Benchmark
--------------------------------------------------

## WordCount Benchmark
--------------------------------------------------

## Client Usecase Benchmark
--------------------------------------------------
hashmap             :         123,608 records/s/core
forl0               :         123,872 records/s/core
Improvement         :             0.2%

======================================================================

Next steps:
  1. Review raw results in: benchmark/results/raw/
  2. Generate report: python scripts/generate_report.py
  3. View report in: benchmark/results/reports/

==> Generate benchmark HTML report
Command: /home/shuhao/forL0-state-backend/docker/run_all_apps.sh --offline --report-only --no-profile
============================================================
  ForL0 benchmark run context
============================================================
  Repo:        /home/shuhao/forL0-state-backend
  Test:        apps
  Backend:     all
  Profile:     disabled
  Offline:     true
  Expect TMs:  2
  Expect slots:8
  GitCommit:   99987dbbada2c6d9446fb486393af35eeb1a7d34
  Date:        2026-07-10 05:37:50 +0800

[3/5] 复用已有 benchmark Python 虚拟环境
      ✓ benchmark Python 依赖已满足
[5/5] 生成 benchmark 报告
============================================================
Generating Benchmark Report
============================================================

Loading results...

Generating figures...
Saved: /home/shuhao/forL0-state-backend/benchmark/results/figures/wordcount_throughput.pdf
Warning: No NexMark queries found in results
Saved: /home/shuhao/forL0-state-backend/benchmark/results/figures/improvement_summary.pdf

Generating benchset figures (if available)...
Saved: /home/shuhao/forL0-state-backend/benchmark/results/figures/benchset_throughput_comparison.pdf
Saved: /home/shuhao/forL0-state-backend/benchmark/results/figures/benchset_speedup_summary.pdf
Saved: /home/shuhao/forL0-state-backend/benchmark/results/reports/benchset_summary.md

Generating L0Table metrics figures (if available)...
No L0Table metrics available for plotting
No metrics available for valid slots plotting

Generating hardware metrics figures (if available)...
No memory metrics available for plotting

Generating report...
Saved: /home/shuhao/forL0-state-backend/benchmark/results/reports/benchmark_report.html

============================================================
Report generation complete!
Figures: /home/shuhao/forL0-state-backend/benchmark/results/figures
Report:  /home/shuhao/forL0-state-backend/benchmark/results/reports/benchmark_report.html
============================================================

==> Done
Report:
  /home/shuhao/forL0-state-backend/benchmark/results/reports/benchmark_report.html
Raw results:
  /home/shuhao/forL0-state-backend/benchmark/results/raw/
NexMark runs:
  /home/shuhao/forL0-state-backend/benchmark/results/nexmark_*/
