
==> Preparing full repository runtime
============================================================
  ForL0 仓库一键部署
============================================================
  仓库路径:   /home/shuhao/forL0-state-backend
  FLINK_HOME: /home/shuhao/flink-1.20.3
  Docker:     sudo -n docker

      ⚠ 未找到 unit-test benchmark JAR；apps/nexmark/wordcount/client_usecase 运行不依赖该产物
[1/4] 跳过 Docker 镜像加载

[2/4] 检查 L0 环境...
      ✗ libl0mempool.so 不存在 (/usr/lib64/libl0mempool.so)
      ✓ libnuma.so.1 存在 (/lib/aarch64-linux-gnu/libnuma.so.1)
      ✗ /dev/l0 和 /dev/hisi_l0 都不存在
      ⚠ 当前不会使用真实 L0 硬件加速

[3/4] 安装预编译产物到 Flink...
      ✓ backend JAR 已安装到 /home/shuhao/flink-1.20.3/lib/
      ✓ NexMark JAR 已安装到 /home/shuhao/flink-1.20.3/lib/
      ✓ native 库已安装到 /home/shuhao/flink-1.20.3/native/
      ✓ WordCount benchmark 已就绪
      ✓ Client usecase benchmark 已就绪
      ✓ 环境文件已写入 /home/shuhao/forL0-state-backend/docker/forl0-local.env
      ⚠ async-profiler 未就绪，--profile cpu 可能无法产出火焰图
        可将 async-profiler-4.4-linux-*.tar.gz 放到 offline-packages/ 后重试

[4/4] 启动 Docker 集群...
      已跳过启动。手工执行：
      source /home/shuhao/forL0-state-backend/docker/forl0-local.env
      cd /home/shuhao/forL0-state-backend/docker && ./docker_run.sh start

============================================================
  完成
============================================================
  查看状态: source /home/shuhao/forL0-state-backend/docker/forl0-local.env && cd /home/shuhao/forL0-state-backend/docker && ./docker_run.sh status
  查看日志: source /home/shuhao/forL0-state-backend/docker/forl0-local.env && cd /home/shuhao/forL0-state-backend/docker && ./docker_run.sh logs tm1
  全量运行 apps: cd /home/shuhao/forL0-state-backend/docker && ./run_all_apps.sh
  只跑 WordCount: cd /home/shuhao/forL0-state-backend/docker && ./run_all_apps.sh --test wordcount

==> Runtime summary
  app root:    /home/shuhao/forL0-state-backend
  runtime:     /home/shuhao/forL0-state-backend
  FLINK_HOME:  /home/shuhao/flink-1.20.3
  backend:     all
  profile:     --no-profile
  expected TM: 2
  expected slots: 8

==> Preflight check
Command: /home/shuhao/forL0-state-backend/docker/run_all_apps.sh --offline --preflight-only --test apps --backend all --expected-taskmanagers 2 --expected-slots 8 --restart-cluster
============================================================
  ForL0 benchmark run context
============================================================
  Repo:        /home/shuhao/forL0-state-backend
  Test:        apps
  Backend:     all
  Profile:     disabled
  Offline:     true
  Expect TMs:  2
  Expect slots:8
  GitCommit:   3aeb74306b2c90f50b18e942c89fa64c26c06b4c
  Date:        2026-07-09 17:22:05 +0800

[preflight] 检查 Flink 与 benchmark 产物
      ✓ FLINK_HOME: /home/shuhao/flink-1.20.3
      ✓ benchmark config: /home/shuhao/forL0-state-backend/benchmark/config/benchmark.yaml
      ✓ benchmark entry: /home/shuhao/forL0-state-backend/benchmark/scripts/run_benchmark.py
      ✓ requirements: /home/shuhao/forL0-state-backend/benchmark/requirements.txt
      ✓ WordCount JAR: /home/shuhao/forL0-state-backend/docker/deploy/wordcount-benchmark-1.0-SNAPSHOT.jar
      ✓ NexMark JAR: /home/shuhao/forL0-state-backend/docker/deploy/nexmark-flink-0.3-SNAPSHOT.jar
      ✓ Client usecase JAR: /home/shuhao/forL0-state-backend/docker/deploy/flink-keyedcoprocessfunction-example-1.0-SNAPSHOT-jar-with-dependencies.jar
      ✓ Client hotspot-drift JAR: /home/shuhao/forL0-state-backend/docker/deploy/client-drift-benchmark-1.0-SNAPSHOT.jar
      ✓ ForL0 backend JAR in Flink lib: /home/shuhao/flink-1.20.3/lib/flink-statebackend-forL0-1.0-SNAPSHOT.jar
      ✓ native library: /home/shuhao/flink-1.20.3/native/libforl0_engine.so
[3/5] 复用已有 benchmark Python 虚拟环境
      ✓ benchmark Python 依赖已满足
      ✓ config loaded
      ✓ nexmark queries: q4,q5,q8,q9,q11,q18,q19,q20
      ✓ client scenarios: contract_baseline,forl0_optimized,state_pressure_300k,state_pressure_1m,hotspot_drift_300k,hotspot_drift_1m,hotspot_state_left_2m,hotspot_state_join_2m,scalar_state_probe_1m,scalar_state_probe_2m_ops64,scalar_state_probe_2m_ops16,scalar_state_probe_2m_ops16_fused,scalar_state_probe_2m_ops16_batch,scalar_value_probe_5m_ops16,scalar_value_probe_20m_ops16
[preflight] 检查通过。
[2/5] 按要求重启 Flink 集群
=== 停止 BriskState Flink Docker 集群 ===
flink-taskmanager-2
flink-taskmanager-1
flink-jobmanager
flink-net
已停止
=== 启动 BriskState Flink Docker 集群 ===
  FLINK_HOME: /home/shuhao/flink-1.20.3
  NATIVE:     /home/shuhao/flink-1.20.3/native
  CONF:       /home/shuhao/forL0-state-backend/docker/conf
  Docker:     sudo -n docker
  JM memory:  8g
  TM memory:  16g
  libnuma:    /lib/aarch64-linux-gnu/libnuma.so.1 -> /lib/aarch64-linux-gnu/libnuma.so.1

474911a85432e89499757dcb403d0604c86ec39ea3356d030c3e5549fee05780
[1/3] 启动 JobManager...
2560224bceee20b460ebf7d3540c3c74904b2d705aa66d3565ce3a21b6231c5a
      JobManager IP: 172.18.0.2
[2/3] 启动 TaskManager-1...
31dff7a50d92772362d46b825653678cae25413bc560a40b468c4b3244a1a01b
[3/3] 启动 TaskManager-2...
a46aa19b48ca6ebd4f588d76d8c34ff8fd52a507e88ddacd89befc3098bb6d4e

等待 JobManager 就绪...
....
=== 集群启动成功! ===
  Web UI: http://localhost:8081
  TaskManagers: 2
  Slots:        8

  查看 TaskManager 日志: /home/shuhao/forL0-state-backend/docker/docker_run.sh logs tm1
  提交作业:     /home/shuhao/flink-1.20.3/bin/flink run -m localhost:8081 -c <MainClass> <jar>
      ✓ Flink 集群健康:
TASKMANAGERS=2
SLOTS_TOTAL=8
SLOTS_AVAILABLE=8
JOBS_RUNNING=0
TM 172.18.0.3:44473-2fdb3b slots=4 free=4 heartbeatMs=0
TM 172.18.0.4:33341-ad55ff slots=4 free=4 heartbeatMs=0

==> Smoke test: client_usecase contract_baseline
Command: /home/shuhao/forL0-state-backend/docker/run_all_apps.sh --offline --test client_usecase --scenario contract_baseline --backend all --no-profile --no-report --expected-taskmanagers 2 --expected-slots 8 --restart-cluster
============================================================
  ForL0 benchmark run context
============================================================
  Repo:        /home/shuhao/forL0-state-backend
  Test:        client_usecase
  Backend:     all
  Profile:     disabled
  Offline:     true
  Expect TMs:  2
  Expect slots:8
  GitCommit:   3aeb74306b2c90f50b18e942c89fa64c26c06b4c
  Date:        2026-07-09 17:22:19 +0800

[2/5] 按要求重启 Flink 集群
=== 停止 BriskState Flink Docker 集群 ===
flink-taskmanager-2
flink-taskmanager-1
flink-jobmanager
flink-net
已停止
=== 启动 BriskState Flink Docker 集群 ===
  FLINK_HOME: /home/shuhao/flink-1.20.3
  NATIVE:     /home/shuhao/flink-1.20.3/native
  CONF:       /home/shuhao/forL0-state-backend/docker/conf
  Docker:     sudo -n docker
  JM memory:  8g
  TM memory:  16g
  libnuma:    /lib/aarch64-linux-gnu/libnuma.so.1 -> /lib/aarch64-linux-gnu/libnuma.so.1

fe16f5aec09680ba97d1e2734414e51ddfb93851d22bce38b958843879fe024e
[1/3] 启动 JobManager...
be3e5769e3fbdfe1939a5460e7cd6195c3cabf64090b7ab93e4e5e8c7bc318de
      JobManager IP: 172.18.0.2
[2/3] 启动 TaskManager-1...
65b412483b25b0ef0e2f002451b96c6e31dca390c30a1794370f23dc9f6c706b
[3/3] 启动 TaskManager-2...
1d4c62ae88a0edeb563afd6dfd46cbf11652480701c8d6e3d2656e96322fd70b

等待 JobManager 就绪...
....
=== 集群启动成功! ===
  Web UI: http://localhost:8081
  TaskManagers: 2
  Slots:        8

  查看 TaskManager 日志: /home/shuhao/forL0-state-backend/docker/docker_run.sh logs tm1
  提交作业:     /home/shuhao/flink-1.20.3/bin/flink run -m localhost:8081 -c <MainClass> <jar>
      ✓ Flink 集群健康:
TASKMANAGERS=2
SLOTS_TOTAL=8
SLOTS_AVAILABLE=8
JOBS_RUNNING=0
TM 172.18.0.4:46109-0ec766 slots=4 free=4 heartbeatMs=0
TM 172.18.0.3:41681-ab7e6c slots=4 free=4 heartbeatMs=0
[3/5] 复用已有 benchmark Python 虚拟环境
      ✓ benchmark Python 依赖已满足
[4/5] 开始运行 benchmark/scripts/run_benchmark.py
Command: /home/shuhao/forL0-state-backend/.venv-benchmark/bin/python /home/shuhao/forL0-state-backend/benchmark/scripts/run_benchmark.py --test client_usecase --backend all --scenario contract_baseline
[Client Usecase] Scenario: contract_baseline — Contract rule: original record volume, default settings
============================================================
ForL0 StateBackend Benchmark
============================================================
Test: client_usecase
Backends: hashmap, forl0
Client Usecase Scenario: contract_baseline
============================================================

============================================================
Running Client Usecase Benchmark
============================================================

=== Running Client Usecase Benchmark (hashmap backend) ===

Flink cluster: http://localhost:8081
Parameters: driver=csv_replay, desiredTotalInputRecords=300, parallelism=2, leftStreamTarget=150, rightStreamTarget=150, leftPerSubtask=75, rightPerSubtask=75, estimatedActualTotal=300, checkpointInterval=0
Warning: customer source applies env parallelism to each source instance and uses event-time timers without watermark emission. This runner compensates the record count at submission time, but long-running jobs can still accumulate state faster than expected.
Command: /home/shuhao/flink-1.20.3/bin/flink run -Dstate.backend.type=org.apache.flink.runtime.state.hashmap.HashMapStateBackendFactory /home/shuhao/forL0-state-backend/docker/deploy/flink-keyedcoprocessfunction-example-1.0-SNAPSHOT-jar-with-dependencies.jar --leftNumRecords 75 --rightNumRecords 75 --parallelism 2 --checkpointInterval 0

Job has been submitted with JobID f611d72dedc0dbf4514b74b5a292dece

  Job submitted: f611d72dedc0dbf4514b74b5a292dece
  Job state: RUNNING
  All sources finished; cancelling job for clean bounded benchmark shutdown...
  Job state: CANCELED
Result saved to: /home/shuhao/forL0-state-backend/benchmark/results/raw/client_usecase_hashmap_20260709_172245.json

=== Running Client Usecase Benchmark (forl0 backend) ===

Flink cluster: http://localhost:8081
Parameters: driver=csv_replay, desiredTotalInputRecords=300, parallelism=2, leftStreamTarget=150, rightStreamTarget=150, leftPerSubtask=75, rightPerSubtask=75, estimatedActualTotal=300, checkpointInterval=0
Warning: customer source applies env parallelism to each source instance and uses event-time timers without watermark emission. This runner compensates the record count at submission time, but long-running jobs can still accumulate state faster than expected.
Command: /home/shuhao/flink-1.20.3/bin/flink run -Dstate.backend.type=org.apache.flink.state.forl0.ForL0StateBackendFactory -Dstate.backend.forl0.initial-table-capacity=512 -Dstate.backend.forl0.max-table-capacity=8192 -Dstate.backend.forl0.l0-cache.enabled=true -Dstate.backend.forl0.l0-cache.size=128mb -Dstate.backend.forl0.main-table.load-factor-threshold=0.8 -DforL0.metricsCollector.enabled=true /home/shuhao/forL0-state-backend/docker/deploy/flink-keyedcoprocessfunction-example-1.0-SNAPSHOT-jar-with-dependencies.jar --leftNumRecords 75 --rightNumRecords 75 --parallelism 2 --checkpointInterval 0

Job has been submitted with JobID 452954f6ce156ac5b81b86cbb3f0a6c6

  Job submitted: 452954f6ce156ac5b81b86cbb3f0a6c6
  Job state: RUNNING
  All sources finished; cancelling job for clean bounded benchmark shutdown...
  Job state: CANCELED
Result saved to: /home/shuhao/forL0-state-backend/benchmark/results/raw/client_usecase_forl0_20260709_172257.json

======================================================================
                    BENCHMARK SUMMARY
======================================================================

## Unit Test Benchmark
--------------------------------------------------

## WordCount Benchmark
--------------------------------------------------

## Client Usecase Benchmark
--------------------------------------------------
hashmap             :              37 records/s/core
forl0               :              37 records/s/core
Improvement         :             0.8%

======================================================================

Next steps:
  1. Review raw results in: benchmark/results/raw/
  2. Generate report: python scripts/generate_report.py
  3. View report in: benchmark/results/reports/

==> Contract apps benchmark
Command: /home/shuhao/forL0-state-backend/docker/run_all_apps.sh --offline --test apps --backend all --no-profile --no-report --expected-taskmanagers 2 --expected-slots 8 --restart-cluster
============================================================
  ForL0 benchmark run context
============================================================
  Repo:        /home/shuhao/forL0-state-backend
  Test:        apps
  Backend:     all
  Profile:     disabled
  Offline:     true
  Expect TMs:  2
  Expect slots:8
  GitCommit:   3aeb74306b2c90f50b18e942c89fa64c26c06b4c
  Date:        2026-07-09 17:22:57 +0800

[2/5] 按要求重启 Flink 集群
=== 停止 BriskState Flink Docker 集群 ===
flink-taskmanager-2
flink-taskmanager-1
flink-jobmanager
flink-net
已停止
=== 启动 BriskState Flink Docker 集群 ===
  FLINK_HOME: /home/shuhao/flink-1.20.3
  NATIVE:     /home/shuhao/flink-1.20.3/native
  CONF:       /home/shuhao/forL0-state-backend/docker/conf
  Docker:     sudo -n docker
  JM memory:  8g
  TM memory:  16g
  libnuma:    /lib/aarch64-linux-gnu/libnuma.so.1 -> /lib/aarch64-linux-gnu/libnuma.so.1

c98d8f4bb3bd6e410f4e08d612370f255cbb12778e9e7f094f4918db50c27612
[1/3] 启动 JobManager...
0dde9450fa08c418cf07b2f905e1badad2f6f88cd91231e70786e9cc81221aa1
      JobManager IP: 172.18.0.2
[2/3] 启动 TaskManager-1...
f607d5cdab2f6318da1dd9e365cf740e54e83c8c59917cfde4d8755e311563d1
[3/3] 启动 TaskManager-2...
aec76ecbb1c88228ad2f8558648115f39dc09ea43ebc0faf994e3d91c1218670

等待 JobManager 就绪...
....
=== 集群启动成功! ===
  Web UI: http://localhost:8081
  TaskManagers: 2
  Slots:        8

  查看 TaskManager 日志: /home/shuhao/forL0-state-backend/docker/docker_run.sh logs tm1
  提交作业:     /home/shuhao/flink-1.20.3/bin/flink run -m localhost:8081 -c <MainClass> <jar>
      ✓ Flink 集群健康:
TASKMANAGERS=2
SLOTS_TOTAL=8
SLOTS_AVAILABLE=8
JOBS_RUNNING=0
TM 172.18.0.4:45009-e51bb0 slots=4 free=4 heartbeatMs=0
TM 172.18.0.3:32833-5120a8 slots=4 free=4 heartbeatMs=0
[3/5] 复用已有 benchmark Python 虚拟环境
      ✓ benchmark Python 依赖已满足
[4/5] 开始运行 benchmark/scripts/run_benchmark.py
Command: /home/shuhao/forL0-state-backend/.venv-benchmark/bin/python /home/shuhao/forL0-state-backend/benchmark/scripts/run_benchmark.py --test apps --backend all
============================================================
ForL0 StateBackend Benchmark
============================================================
Test: apps
Backends: hashmap, forl0
NexMark Queries: q4,q5,q8,q9,q11,q18,q19,q20
============================================================

============================================================
Running WordCount Benchmark
============================================================

=== Running WordCount Benchmark (hashmap backend) ===

Flink cluster: http://localhost:8081
Command: /home/shuhao/flink-1.20.3/bin/flink run -Dstate.backend.type=org.apache.flink.runtime.state.hashmap.HashMapStateBackendFactory /home/shuhao/forL0-state-backend/benchmark/wordcount/target/wordcount-benchmark-1.0-SNAPSHOT.jar --numKeys 1000000 --numRecords 100000000 --arrivalRate 0 --skewFactor 1.1 --workloadMode sliding_window --keyType string --windowSize 5 --slideSize 200 --parallelism 2 --checkpointInterval 3000 --backend hashmap

=== WordCount Benchmark ===
workloadMode: sliding_window
numKeys: 1000000
numRecords: 100000000
keyType: string
skewFactor: 1.1
arrivalRate: unlimited
windowSize: 5s
slideSize: 200ms
parallelism: 2
checkpointing: 3000ms
============================================================
Job has been submitted with JobID 8f283fcfe47d2b1fb62c794031d7554e
Program execution finished
Job with JobID 8f283fcfe47d2b1fb62c794031d7554e has finished.
Job Runtime: 1431504 ms


Result saved to: /home/shuhao/forL0-state-backend/benchmark/results/raw/wordcount_hashmap_20260709_174706.json

=== Running WordCount Benchmark (forl0 backend) ===

Flink cluster: http://localhost:8081
Command: /home/shuhao/flink-1.20.3/bin/flink run -Dstate.backend.type=org.apache.flink.state.forl0.ForL0StateBackendFactory -Dstate.backend.forl0.initial-table-capacity=512 -Dstate.backend.forl0.max-table-capacity=4096 -Dstate.backend.forl0.l0-cache.enabled=true -Dstate.backend.forl0.l0-cache.size=96mb -Dstate.backend.forl0.main-table.load-factor-threshold=0.8 -DforL0.metricsCollector.enabled=true /home/shuhao/forL0-state-backend/benchmark/wordcount/target/wordcount-benchmark-1.0-SNAPSHOT.jar --numKeys 1000000 --numRecords 100000000 --arrivalRate 0 --skewFactor 1.1 --workloadMode sliding_window --keyType string --windowSize 5 --slideSize 200 --parallelism 2 --checkpointInterval 3000 --backend forl0

=== WordCount Benchmark ===
workloadMode: sliding_window
numKeys: 1000000
numRecords: 100000000
keyType: string
skewFactor: 1.1
arrivalRate: unlimited
windowSize: 5s
slideSize: 200ms
parallelism: 2
checkpointing: 3000ms
============================================================
Job has been submitted with JobID a0d77072b6061493e95b62a95b0108fd
Program execution finished
Job with JobID a0d77072b6061493e95b62a95b0108fd has finished.
Job Runtime: 3430114 ms


Result saved to: /home/shuhao/forL0-state-backend/benchmark/results/raw/wordcount_forl0_20260709_184420.json

============================================================
Running NexMark Benchmark
============================================================

============================================================
Nexmark DataStream Benchmark
============================================================
Queries: ['q4', 'q5', 'q8', 'q9', 'q11', 'q18', 'q19', 'q20']
Backends: ['hashmap', 'forl0']
Repeat per query: 1
Min successful samples: 1
Mode: benchmark
============================================================


============================================================
Backend: hashmap
============================================================

=== Running Nexmark Q4 (hashmap backend) ===
Events: 80,000,000, TPS: unlimited
Proportions: Person(1):Auction(3):Bid(46)
Command: java -Dlog.file=/home/shuhao/forL0-state-backend/docker/deploy/nexmark-flink/log/nexmark-flink.log -Dlog4j.configuration=file:/tmp/nexmark-conf-19r3dxjt/log4j.properties -Dlog4j.configurationFile=file:/tmp/nexmark-conf-19r3dxjt/log4j.properties -Dstate.backend.type=org.apache.flink.runtime.state.hashmap.HashMapStateBackendFactory -cp /home/shuhao/forL0-state-backend/docker/deploy/nexmark-flink/lib/*:/home/shuhao/flink-1.20.3/lib/* com.github.nexmark.flink.Benchmark --location /home/shuhao/forL0-state-backend/docker/deploy/nexmark-flink --queries q4 --category oa

Benchmark Queries: [q4]
==================================================================
Start to run query q4 with workload [tps=0, eventsNum=80 M, percentage=bid:46,auction:3,person:1,kafkaServers:null]
Monitor metrics after 10 seconds.
Start to monitor metrics until job is finished.
Monitor TPS metric: vertex=sink, metric=GlobalGroupAggregate[20].numRecordsInPerSecond
Current Cores=0.01 (2 TMs)
Current Cores=0.12 (2 TMs)
Current Cores=0.01 (2 TMs)
Current Cores=0.01 (2 TMs)
Current Cores=0.01 (2 TMs)
Current Cores=0.01 (2 TMs)
Current Cores=0.01 (2 TMs)
Current Cores=0.01 (2 TMs)
Current Cores=0.01 (2 TMs)
Current Cores=0.03 (2 TMs)
Current Cores=0.01 (2 TMs)
Current Cores=0.01 (2 TMs)
Current Cores=0.01 (2 TMs)
Current Cores=0.01 (2 TMs)
Current Cores=0.01 (2 TMs)
Current Cores=0.01 (2 TMs)
Current Cores=0.01 (2 TMs)
Current Cores=0.02 (2 TMs)
Current Cores=0.01 (2 TMs)
Current Cores=0.01 (2 TMs)
Current Cores=0.01 (2 TMs)
Current Cores=0.01 (2 TMs)
Current Cores=0.01 (2 TMs)
Current Cores=0.01 (2 TMs)
Current Cores=0.01 (2 TMs)
Current Cores=0.02 (2 TMs)
Current Cores=0.01 (2 TMs)
Current Cores=0.01 (2 TMs)
Current Cores=0.01 (2 TMs)
Current Cores=0.01 (2 TMs)
Current Cores=0.01 (2 TMs)
Current Cores=0.01 (2 TMs)
Current Cores=0.01 (2 TMs)
Current Cores=0.01 (2 TMs)
Current Cores=0.01 (2 TMs)
Current Cores=0.02 (2 TMs)
Current Cores=0.01 (2 TMs)
Current Cores=0.01 (2 TMs)
Current Cores=0.01 (2 TMs)
Current Cores=0.02 (2 TMs)
Current Cores=0.01 (2 TMs)
Current Cores=0.01 (2 TMs)
Current Cores=0.01 (2 TMs)
Current Cores=0.01 (2 TMs)
Current Cores=0.01 (2 TMs)
Current Cores=0.01 (2 TMs)
Current Cores=0.01 (2 TMs)
Current Cores=0.01 (2 TMs)
Current Cores=0.01 (2 TMs)
Current Cores=0.01 (2 TMs)
Current Cores=0.01 (2 TMs)
Current Cores=0.01 (2 TMs)
Current Cores=0.01 (2 TMs)
Current Cores=0.01 (2 TMs)
Current Cores=0.01 (2 TMs)
Current Cores=0.01 (2 TMs)
Current Cores=0 (2 TMs)
Current Cores=0.01 (2 TMs)
Current Cores=0.01 (2 TMs)
Current Cores=0.01 (2 TMs)
Current Cores=0.01 (2 TMs)
Current Cores=0.01 (2 TMs)
Current Cores=0.01 (2 TMs)
Current Cores=0.01 (2 TMs)
Current Cores=0.01 (2 TMs)
Current Cores=0.01 (2 TMs)
Current Cores=0.01 (2 TMs)
Current Cores=0.02 (2 TMs)
Current Cores=0.01 (2 TMs)
Current Cores=0.01 (2 TMs)
Current Cores=0.01 (2 TMs)
Current Cores=0.01 (2 TMs)
Current Cores=0.01 (2 TMs)
Current Cores=0.01 (2 TMs)
Current Cores=0.01 (2 TMs)
Current Cores=0.01 (2 TMs)
Current Cores=0.01 (2 TMs)
Current Cores=0.01 (2 TMs)
Current Cores=0.01 (2 TMs)
Current Cores=0.02 (2 TMs)
Current Cores=0.04 (2 TMs)
Current Cores=0.04 (2 TMs)
Current Cores=0.01 (2 TMs)
Current Cores=0.01 (2 TMs)
Current Cores=0.01 (2 TMs)
Current Cores=0.03 (2 TMs)
Current Cores=0.01 (2 TMs)
Current Cores=0.01 (2 TMs)
Current Cores=0 (2 TMs)
Current Cores=0.01 (2 TMs)
Current Cores=0 (2 TMs)
Current Cores=0.01 (2 TMs)
Current Cores=0.01 (2 TMs)
Current Cores=0.01 (2 TMs)
Current Cores=0 (2 TMs)
Current Cores=0.01 (2 TMs)
Current Cores=0.01 (2 TMs)
Current Cores=0.01 (2 TMs)
Current Cores=0.01 (2 TMs)
Current Cores=0.01 (2 TMs)
Current Cores=0.01 (2 TMs)
Current Cores=0.01 (2 TMs)
Current Cores=0.01 (2 TMs)
Current Cores=0.01 (2 TMs)
Current Cores=0.01 (2 TMs)
Current Cores=0.01 (2 TMs)
Current Cores=0 (2 TMs)
Current Cores=0.01 (2 TMs)
Current Cores=0.01 (2 TMs)
Current Cores=0.01 (2 TMs)
Current Cores=0.01 (2 TMs)
Current Cores=0.01 (2 TMs)
Current Cores=0.07 (2 TMs)
Current Cores=0.01 (2 TMs)
Current Cores=0.01 (2 TMs)
Current Cores=0.01 (2 TMs)
Current Cores=0.01 (2 TMs)
Current Cores=0.02 (2 TMs)
Current Cores=0.01 (2 TMs)
Current Cores=0.01 (2 TMs)
Summary Average: EventsNum=80,000,000, Cores=0.01, Time=608.948 s
Stop job query q4
-------------------------------- Nexmark Results --------------------------------

+------+-----------------+--------+----------+-----------------+--------------+-----------------+
| Query| Events Num      | Cores  | Time(s)  | Cores * Time(s) | Throughput   | Throughput/Cores|
+------+-----------------+--------+----------+-----------------+--------------+-----------------+
|q4    |80,000,000       |0.01    |608.948   |7.287            |131.37 K/s    |10.98 M/s        |
|Total |80,000,000       |0.012   |608.948   |7.287            |131.37 K/s    |10.98 M/s        |
+------+-----------------+--------+----------+-----------------+--------------+-----------------+



  Result: 131,370.00 events/sec
  Process wall-clock: 622.70s, 128,473.54 events/sec

=== Running Nexmark Q5 (hashmap backend) ===
Events: 80,000,000, TPS: unlimited
Proportions: Person(1):Auction(3):Bid(46)
Command: java -Dlog.file=/home/shuhao/forL0-state-backend/docker/deploy/nexmark-flink/log/nexmark-flink.log -Dlog4j.configuration=file:/tmp/nexmark-conf-l5sq33__/log4j.properties -Dlog4j.configurationFile=file:/tmp/nexmark-conf-l5sq33__/log4j.properties -Dstate.backend.type=org.apache.flink.runtime.state.hashmap.HashMapStateBackendFactory -cp /home/shuhao/forL0-state-backend/docker/deploy/nexmark-flink/lib/*:/home/shuhao/flink-1.20.3/lib/* com.github.nexmark.flink.Benchmark --location /home/shuhao/forL0-state-backend/docker/deploy/nexmark-flink --queries q5 --category oa

Benchmark Queries: [q5]
==================================================================
Start to run query q5 with workload [tps=0, eventsNum=80 M, percentage=bid:46,auction:3,person:1,kafkaServers:null]
Monitor metrics after 10 seconds.
Start to monitor metrics until job is finished.
Monitor TPS metric: vertex=sink, metric=nexmark_q5[17]__Writer.numRecordsInPerSecond
Current Cores=0 (2 TMs)
Current Cores=0.02 (2 TMs)
Current Cores=0 (2 TMs)
Current Cores=0.01 (2 TMs)
Current Cores=0 (2 TMs)
Current Cores=0.01 (2 TMs)
Current Cores=0.01 (2 TMs)
Current Cores=0.01 (2 TMs)
Current Cores=0.01 (2 TMs)
Current Cores=0.01 (2 TMs)
Current Cores=0.01 (2 TMs)
Current Cores=0.01 (2 TMs)
Current Cores=0.01 (2 TMs)
Current Cores=0.02 (2 TMs)
Current Cores=0.01 (2 TMs)
Current Cores=0.01 (2 TMs)
Current Cores=0 (2 TMs)
Current Cores=0.01 (2 TMs)
Current Cores=0 (2 TMs)
Current Cores=0.01 (2 TMs)
Current Cores=0 (2 TMs)
Current Cores=0.01 (2 TMs)
Current Cores=0.01 (2 TMs)
Current Cores=0.02 (2 TMs)
Current Cores=0 (2 TMs)
Current Cores=0.02 (2 TMs)
Current Cores=0.01 (2 TMs)
Current Cores=0.01 (2 TMs)
Current Cores=0.01 (2 TMs)
Current Cores=0.01 (2 TMs)
Current Cores=0 (2 TMs)
Current Cores=0.01 (2 TMs)
Current Cores=0.01 (2 TMs)
Current Cores=0.01 (2 TMs)
Current Cores=0.01 (2 TMs)
Current Cores=0.01 (2 TMs)
Current Cores=0 (2 TMs)
Current Cores=0.01 (2 TMs)
Current Cores=0 (2 TMs)
Current Cores=0.01 (2 TMs)
Current Cores=0.01 (2 TMs)
Current Cores=0.02 (2 TMs)
Current Cores=0 (2 TMs)
Current Cores=0.01 (2 TMs)
Current Cores=0 (2 TMs)
Current Cores=0.02 (2 TMs)
Current Cores=0 (2 TMs)
Current Cores=0.01 (2 TMs)
Current Cores=0.01 (2 TMs)
Current Cores=0.02 (2 TMs)
Current Cores=0.01 (2 TMs)
Current Cores=0.01 (2 TMs)
Current Cores=0.01 (2 TMs)
Current Cores=0.01 (2 TMs)
Current Cores=0 (2 TMs)
Current Cores=0.01 (2 TMs)
Current Cores=0 (2 TMs)
Current Cores=0.01 (2 TMs)
Current Cores=0 (2 TMs)
Current Cores=0.02 (2 TMs)
Current Cores=0.01 (2 TMs)
Current Cores=0.01 (2 TMs)
Current Cores=0.01 (2 TMs)
Current Cores=0.01 (2 TMs)
Current Cores=0 (2 TMs)
Current Cores=0.02 (2 TMs)
Current Cores=0.01 (2 TMs)
Current Cores=0.01 (2 TMs)
Current Cores=0.01 (2 TMs)
Current Cores=0.01 (2 TMs)
Current Cores=0.01 (2 TMs)
Current Cores=0.01 (2 TMs)
Current Cores=0.01 (2 TMs)
Current Cores=0.01 (2 TMs)
Current Cores=0.01 (2 TMs)
Current Cores=0.01 (2 TMs)
Current Cores=0.01 (2 TMs)
Current Cores=0.01 (2 TMs)
Current Cores=0.01 (2 TMs)
Current Cores=0.01 (2 TMs)
Current Cores=0 (2 TMs)
Current Cores=0.02 (2 TMs)
Current Cores=0 (2 TMs)
Current Cores=0.02 (2 TMs)
Current Cores=0.01 (2 TMs)
Current Cores=0.02 (2 TMs)
Current Cores=0 (2 TMs)
Current Cores=0.01 (2 TMs)
Current Cores=0 (2 TMs)
Current Cores=0.02 (2 TMs)
Current Cores=0.01 (2 TMs)
Current Cores=0.02 (2 TMs)
Current Cores=0.01 (2 TMs)
Current Cores=0.01 (2 TMs)
Current Cores=0.01 (2 TMs)
Current Cores=0.01 (2 TMs)
Current Cores=0.01 (2 TMs)
Current Cores=0.01 (2 TMs)
Current Cores=0.01 (2 TMs)
Current Cores=0.01 (2 TMs)
Current Cores=0 (2 TMs)
Current Cores=0.01 (2 TMs)
Current Cores=0.01 (2 TMs)
Current Cores=0.02 (2 TMs)
Current Cores=0.01 (2 TMs)
Current Cores=0.01 (2 TMs)
Current Cores=0.01 (2 TMs)
Current Cores=0.01 (2 TMs)
Current Cores=0.01 (2 TMs)
Current Cores=0.01 (2 TMs)
Current Cores=0.01 (2 TMs)
Current Cores=0.01 (2 TMs)
Current Cores=0.01 (2 TMs)
Current Cores=0.01 (2 TMs)
Current Cores=0 (2 TMs)
Current Cores=0.01 (2 TMs)
Current Cores=0 (2 TMs)
Current Cores=0.01 (2 TMs)
Current Cores=0.01 (2 TMs)
Summary Average: EventsNum=80,000,000, Cores=0.01, Time=605.767 s
Stop job query q5
-------------------------------- Nexmark Results --------------------------------

+------+-----------------+--------+----------+-----------------+--------------+-----------------+
| Query| Events Num      | Cores  | Time(s)  | Cores * Time(s) | Throughput   | Throughput/Cores|
+------+-----------------+--------+----------+-----------------+--------------+-----------------+
|q5    |80,000,000       |0.01    |605.767   |5.528            |132.06 K/s    |14.47 M/s        |
|Total |80,000,000       |0.009   |605.767   |5.528            |132.06 K/s    |14.47 M/s        |
+------+-----------------+--------+----------+-----------------+--------------+-----------------+



  Result: 132,060.00 events/sec
  Process wall-clock: 620.11s, 129,009.95 events/sec

=== Running Nexmark Q8 (hashmap backend) ===
Events: 100,000,000, TPS: unlimited
Proportions: Person(1):Auction(3):Bid(46)
Command: java -Dlog.file=/home/shuhao/forL0-state-backend/docker/deploy/nexmark-flink/log/nexmark-flink.log -Dlog4j.configuration=file:/tmp/nexmark-conf-b1u3peu3/log4j.properties -Dlog4j.configurationFile=file:/tmp/nexmark-conf-b1u3peu3/log4j.properties -Dstate.backend.type=org.apache.flink.runtime.state.hashmap.HashMapStateBackendFactory -cp /home/shuhao/forL0-state-backend/docker/deploy/nexmark-flink/lib/*:/home/shuhao/flink-1.20.3/lib/* com.github.nexmark.flink.Benchmark --location /home/shuhao/forL0-state-backend/docker/deploy/nexmark-flink --queries q8 --category oa

Benchmark Queries: [q8]
==================================================================
Start to run query q8 with workload [tps=0, eventsNum=100 M, percentage=bid:46,auction:3,person:1,kafkaServers:null]
Monitor metrics after 10 seconds.
Start to monitor metrics until job is finished.
Monitor TPS metric: vertex=sink, metric=Calc[19].numRecordsInPerSecond
Current Cores=0 (2 TMs)
Current Cores=0.02 (2 TMs)
Current Cores=0.01 (2 TMs)
Current Cores=0.01 (2 TMs)
Current Cores=0 (2 TMs)
Current Cores=0.04 (2 TMs)
Current Cores=0.01 (2 TMs)
Current Cores=0.01 (2 TMs)
Current Cores=0.01 (2 TMs)
Current Cores=0.03 (2 TMs)
Current Cores=0 (2 TMs)
Current Cores=0.01 (2 TMs)
Current Cores=0.01 (2 TMs)
Current Cores=0.02 (2 TMs)
Current Cores=0.01 (2 TMs)
Current Cores=0.01 (2 TMs)
Current Cores=0 (2 TMs)
Current Cores=0.16 (2 TMs)
Current Cores=0.07 (2 TMs)
Current Cores=0.07 (2 TMs)
Current Cores=0.01 (2 TMs)
Current Cores=0.01 (2 TMs)
Current Cores=0.01 (2 TMs)
Current Cores=0.01 (2 TMs)
Current Cores=0.01 (2 TMs)
Current Cores=0.01 (2 TMs)
Current Cores=0.01 (2 TMs)
Current Cores=0.01 (2 TMs)
Current Cores=0.01 (2 TMs)
Current Cores=0.01 (2 TMs)
Current Cores=0 (2 TMs)
Current Cores=0.02 (2 TMs)
Current Cores=0.01 (2 TMs)
Current Cores=0.01 (2 TMs)
Current Cores=0.01 (2 TMs)
Current Cores=0.01 (2 TMs)
Current Cores=0.01 (2 TMs)
Current Cores=0.01 (2 TMs)
Current Cores=0 (2 TMs)
Current Cores=0.02 (2 TMs)
Current Cores=0 (2 TMs)
Current Cores=0.01 (2 TMs)
Current Cores=0.01 (2 TMs)
Current Cores=0.01 (2 TMs)
Current Cores=0.01 (2 TMs)
Current Cores=0.02 (2 TMs)
Current Cores=0 (2 TMs)
Current Cores=0.01 (2 TMs)
Current Cores=0 (2 TMs)
Current Cores=0.02 (2 TMs)
Current Cores=0 (2 TMs)
Current Cores=0.01 (2 TMs)
Current Cores=0.01 (2 TMs)
Current Cores=0.01 (2 TMs)
Current Cores=0 (2 TMs)
Current Cores=0.02 (2 TMs)
Current Cores=0 (2 TMs)
Current Cores=0.02 (2 TMs)
Current Cores=0.01 (2 TMs)
Current Cores=0.01 (2 TMs)
Current Cores=0.01 (2 TMs)
Current Cores=0.01 (2 TMs)
Current Cores=0 (2 TMs)
Current Cores=0.01 (2 TMs)
Current Cores=0.01 (2 TMs)
Current Cores=0.01 (2 TMs)
Current Cores=0.01 (2 TMs)
Current Cores=0.01 (2 TMs)
Current Cores=0 (2 TMs)
Current Cores=0.01 (2 TMs)
Current Cores=0.01 (2 TMs)
Current Cores=0.01 (2 TMs)
Current Cores=0.01 (2 TMs)
Current Cores=0.04 (2 TMs)
Current Cores=0 (2 TMs)
Current Cores=0.01 (2 TMs)
Current Cores=0 (2 TMs)
Current Cores=0.01 (2 TMs)
Current Cores=0 (2 TMs)
Current Cores=0.01 (2 TMs)
Current Cores=0 (2 TMs)
Current Cores=0.01 (2 TMs)
Current Cores=0.01 (2 TMs)
Current Cores=0.02 (2 TMs)
Current Cores=0 (2 TMs)
Current Cores=0.01 (2 TMs)
Current Cores=0 (2 TMs)
Current Cores=0.01 (2 TMs)
Current Cores=0.01 (2 TMs)
Current Cores=0.06 (2 TMs)
Current Cores=0 (2 TMs)
Current Cores=0.01 (2 TMs)
Current Cores=0.01 (2 TMs)
Current Cores=0.04 (2 TMs)
Current Cores=0.01 (2 TMs)
Current Cores=0.01 (2 TMs)
Current Cores=0.01 (2 TMs)
Current Cores=0.02 (2 TMs)
Current Cores=0 (2 TMs)
Current Cores=0.01 (2 TMs)
Current Cores=0.01 (2 TMs)
Current Cores=0.01 (2 TMs)
Current Cores=0 (2 TMs)
Current Cores=0.01 (2 TMs)
Current Cores=0.01 (2 TMs)
Current Cores=0.01 (2 TMs)
Current Cores=0.01 (2 TMs)
Current Cores=0.01 (2 TMs)
Current Cores=0.01 (2 TMs)
Current Cores=0.01 (2 TMs)
Current Cores=0.01 (2 TMs)
Current Cores=0.02 (2 TMs)
Current Cores=0 (2 TMs)
Current Cores=0.01 (2 TMs)
Current Cores=0 (2 TMs)
Current Cores=0.01 (2 TMs)
Current Cores=0.01 (2 TMs)
Current Cores=0.01 (2 TMs)
Summary Average: EventsNum=100,000,000, Cores=0.01, Time=599.042 s
Stop job query q8
-------------------------------- Nexmark Results --------------------------------

+------+-----------------+--------+----------+-----------------+--------------+-----------------+
| Query| Events Num      | Cores  | Time(s)  | Cores * Time(s) | Throughput   | Throughput/Cores|
+------+-----------------+--------+----------+-----------------+--------------+-----------------+
|q8    |100,000,000      |0.01    |599.042   |7.321            |166.93 K/s    |13.66 M/s        |
|Total |100,000,000      |0.012   |599.042   |7.321            |166.93 K/s    |13.66 M/s        |
+------+-----------------+--------+----------+-----------------+--------------+-----------------+



  Result: 166,930.00 events/sec
  Process wall-clock: 612.87s, 163,167.46 events/sec

=== Running Nexmark Q9 (hashmap backend) ===
Events: 40,000,000, TPS: unlimited
Proportions: Person(1):Auction(3):Bid(46)
Command: java -Dlog.file=/home/shuhao/forL0-state-backend/docker/deploy/nexmark-flink/log/nexmark-flink.log -Dlog4j.configuration=file:/tmp/nexmark-conf-y224fhqk/log4j.properties -Dlog4j.configurationFile=file:/tmp/nexmark-conf-y224fhqk/log4j.properties -Dstate.backend.type=org.apache.flink.runtime.state.hashmap.HashMapStateBackendFactory -cp /home/shuhao/forL0-state-backend/docker/deploy/nexmark-flink/lib/*:/home/shuhao/flink-1.20.3/lib/* com.github.nexmark.flink.Benchmark --location /home/shuhao/forL0-state-backend/docker/deploy/nexmark-flink --queries q9 --category oa

Benchmark Queries: [q9]
==================================================================
Start to run query q9 with workload [tps=0, eventsNum=40 M, percentage=bid:46,auction:3,person:1,kafkaServers:null]
Monitor metrics after 10 seconds.
Start to monitor metrics until job is finished.
Monitor TPS metric: vertex=sink, metric=nexmark_q9[16]__Writer.numRecordsInPerSecond
Current Cores=0.01 (2 TMs)
Current Cores=0.01 (2 TMs)
Current Cores=0 (2 TMs)
Current Cores=0.01 (2 TMs)
Current Cores=0.01 (2 TMs)
Current Cores=0.01 (2 TMs)
Current Cores=0.01 (2 TMs)
Current Cores=0.01 (2 TMs)
Current Cores=0.01 (2 TMs)
Current Cores=0.01 (2 TMs)
Current Cores=0.01 (2 TMs)
Current Cores=0.01 (2 TMs)
Current Cores=0.01 (2 TMs)
Current Cores=0.01 (2 TMs)
Current Cores=0.01 (2 TMs)
Current Cores=0.01 (2 TMs)
Current Cores=0.01 (2 TMs)
Current Cores=0.01 (2 TMs)
Current Cores=0.01 (2 TMs)
Current Cores=0.01 (2 TMs)
Current Cores=0.01 (2 TMs)
Current Cores=0.01 (2 TMs)
Current Cores=0.01 (2 TMs)
Current Cores=0.01 (2 TMs)
Current Cores=0 (2 TMs)
Current Cores=0.01 (2 TMs)
Current Cores=0.01 (2 TMs)
Current Cores=0.01 (2 TMs)
Current Cores=0.01 (2 TMs)
Current Cores=0.01 (2 TMs)
Current Cores=0.01 (2 TMs)
Current Cores=0.02 (2 TMs)
Current Cores=0.01 (2 TMs)
Current Cores=0.01 (2 TMs)
Current Cores=0.01 (2 TMs)
Current Cores=0.01 (2 TMs)
Current Cores=0.01 (2 TMs)
Current Cores=0.01 (2 TMs)
Current Cores=0.01 (2 TMs)
Current Cores=0.01 (2 TMs)
Current Cores=0.01 (2 TMs)
Current Cores=0.01 (2 TMs)
Current Cores=0 (2 TMs)
Current Cores=0.01 (2 TMs)
Current Cores=0.01 (2 TMs)
Current Cores=0.01 (2 TMs)
Current Cores=0.01 (2 TMs)
Current Cores=0.04 (2 TMs)
Current Cores=0.01 (2 TMs)
Current Cores=0.01 (2 TMs)
Current Cores=0.01 (2 TMs)
Current Cores=0.01 (2 TMs)
Current Cores=0.01 (2 TMs)
Current Cores=0.03 (2 TMs)
Current Cores=0.01 (2 TMs)
Current Cores=0.01 (2 TMs)
Current Cores=0.01 (2 TMs)
Current Cores=0.01 (2 TMs)
Current Cores=0.01 (2 TMs)
Current Cores=0.01 (2 TMs)
Current Cores=0 (2 TMs)
Current Cores=0.01 (2 TMs)
Current Cores=0.01 (2 TMs)
Current Cores=0.01 (2 TMs)
Current Cores=0.01 (2 TMs)
Current Cores=0.02 (2 TMs)
Current Cores=0.01 (2 TMs)
Current Cores=0.01 (2 TMs)
Current Cores=0 (2 TMs)
Current Cores=0.01 (2 TMs)
Current Cores=0.01 (2 TMs)
Current Cores=0.01 (2 TMs)
Current Cores=0 (2 TMs)
Current Cores=0.01 (2 TMs)
Current Cores=0 (2 TMs)
Current Cores=0.01 (2 TMs)
Current Cores=0 (2 TMs)
Current Cores=0.01 (2 TMs)
Current Cores=0 (2 TMs)
Current Cores=0.01 (2 TMs)
Current Cores=0.01 (2 TMs)
Current Cores=0.01 (2 TMs)
Current Cores=0.01 (2 TMs)
Current Cores=0.01 (2 TMs)
Current Cores=0 (2 TMs)
Current Cores=0.01 (2 TMs)
Current Cores=0.01 (2 TMs)
Current Cores=0.02 (2 TMs)
Current Cores=0.01 (2 TMs)
Current Cores=0.01 (2 TMs)
Current Cores=0.01 (2 TMs)
Current Cores=0.01 (2 TMs)
Current Cores=0.01 (2 TMs)
Current Cores=0.01 (2 TMs)
Current Cores=0.01 (2 TMs)
Current Cores=0.01 (2 TMs)
Current Cores=0.01 (2 TMs)
Current Cores=0.01 (2 TMs)
Current Cores=0 (2 TMs)
Current Cores=0.01 (2 TMs)
Current Cores=0.01 (2 TMs)
Current Cores=0.01 (2 TMs)
Current Cores=0.01 (2 TMs)
Current Cores=0.01 (2 TMs)
Current Cores=0.01 (2 TMs)
Current Cores=0.01 (2 TMs)
Current Cores=0.01 (2 TMs)
Current Cores=0.01 (2 TMs)
Current Cores=0.01 (2 TMs)
Current Cores=0.01 (2 TMs)
Current Cores=0.01 (2 TMs)
Current Cores=0.01 (2 TMs)
Current Cores=0.01 (2 TMs)
Current Cores=0.01 (2 TMs)
Current Cores=0.01 (2 TMs)
Current Cores=0.01 (2 TMs)
Current Cores=0 (2 TMs)
Current Cores=0.01 (2 TMs)
Current Cores=0.01 (2 TMs)
Current Cores=0.02 (2 TMs)
Summary Average: EventsNum=40,000,000, Cores=0.01, Time=607.166 s
Stop job query q9
-------------------------------- Nexmark Results --------------------------------

+------+-----------------+--------+----------+-----------------+--------------+-----------------+
| Query| Events Num      | Cores  | Time(s)  | Cores * Time(s) | Throughput   | Throughput/Cores|
+------+-----------------+--------+----------+-----------------+--------------+-----------------+
|q9    |40,000,000       |0.01    |607.166   |5.121            |65.88 K/s     |7.81 M/s         |
|Total |40,000,000       |0.008   |607.166   |5.121            |65.88 K/s     |7.81 M/s         |
+------+-----------------+--------+----------+-----------------+--------------+-----------------+



  Result: 65,880.00 events/sec
  Process wall-clock: 620.35s, 64,479.79 events/sec

=== Running Nexmark Q11 (hashmap backend) ===
Events: 80,000,000, TPS: unlimited
Proportions: Person(1):Auction(3):Bid(46)
Command: java -Dlog.file=/home/shuhao/forL0-state-backend/docker/deploy/nexmark-flink/log/nexmark-flink.log -Dlog4j.configuration=file:/tmp/nexmark-conf-fvs6vq2k/log4j.properties -Dlog4j.configurationFile=file:/tmp/nexmark-conf-fvs6vq2k/log4j.properties -Dstate.backend.type=org.apache.flink.runtime.state.hashmap.HashMapStateBackendFactory -cp /home/shuhao/forL0-state-backend/docker/deploy/nexmark-flink/lib/*:/home/shuhao/flink-1.20.3/lib/* com.github.nexmark.flink.Benchmark --location /home/shuhao/forL0-state-backend/docker/deploy/nexmark-flink --queries q11 --category oa

Benchmark Queries: [q11]
==================================================================
Start to run query q11 with workload [tps=0, eventsNum=80 M, percentage=bid:46,auction:3,person:1,kafkaServers:null]
Monitor metrics after 10 seconds.
Start to monitor metrics until job is finished.
Monitor TPS metric: vertex=sink, metric=nexmark_q11[8]__Writer.numRecordsInPerSecond
Current Cores=0 (2 TMs)
Current Cores=0.01 (2 TMs)
Current Cores=0.01 (2 TMs)
Current Cores=0.01 (2 TMs)
Current Cores=0.01 (2 TMs)
Current Cores=0.01 (2 TMs)
Current Cores=0 (2 TMs)
Current Cores=0.01 (2 TMs)
Current Cores=0.01 (2 TMs)
Current Cores=0.01 (2 TMs)
Current Cores=0.01 (2 TMs)
Current Cores=0.02 (2 TMs)
Current Cores=0 (2 TMs)
Current Cores=0.01 (2 TMs)
Current Cores=0 (2 TMs)
Current Cores=0.01 (2 TMs)
Current Cores=0 (2 TMs)
Current Cores=0.03 (2 TMs)
Current Cores=0.01 (2 TMs)
Current Cores=0.01 (2 TMs)
Current Cores=0.01 (2 TMs)
Current Cores=0.01 (2 TMs)
Current Cores=0 (2 TMs)
Current Cores=0.01 (2 TMs)
Current Cores=0 (2 TMs)
Current Cores=0.02 (2 TMs)
Current Cores=0.01 (2 TMs)
Current Cores=0.02 (2 TMs)
Current Cores=0 (2 TMs)
Current Cores=0.01 (2 TMs)
Current Cores=0.01 (2 TMs)
Current Cores=0.01 (2 TMs)
Current Cores=0.01 (2 TMs)
Current Cores=0.01 (2 TMs)
Current Cores=0.01 (2 TMs)
Current Cores=0.01 (2 TMs)
Current Cores=0.01 (2 TMs)
Current Cores=0.01 (2 TMs)
Current Cores=0 (2 TMs)
Current Cores=0.01 (2 TMs)
Current Cores=0.01 (2 TMs)
Current Cores=0 (2 TMs)
Current Cores=0.01 (2 TMs)
Current Cores=0.01 (2 TMs)
Current Cores=0.01 (2 TMs)
Current Cores=0.01 (2 TMs)
Current Cores=0 (2 TMs)
Current Cores=0.01 (2 TMs)
Current Cores=0.01 (2 TMs)
Current Cores=0.01 (2 TMs)
Current Cores=0 (2 TMs)
Current Cores=0.01 (2 TMs)
Current Cores=0 (2 TMs)
Current Cores=0.01 (2 TMs)
Current Cores=0 (2 TMs)
Current Cores=0.01 (2 TMs)
Current Cores=0.01 (2 TMs)
Current Cores=0.01 (2 TMs)
Current Cores=0 (2 TMs)
Current Cores=0.01 (2 TMs)
Current Cores=0.01 (2 TMs)
Current Cores=0.01 (2 TMs)
Current Cores=0.01 (2 TMs)
Current Cores=0.01 (2 TMs)
Current Cores=0.01 (2 TMs)
Current Cores=0.01 (2 TMs)
Current Cores=0.01 (2 TMs)
Current Cores=0.01 (2 TMs)
Current Cores=0 (2 TMs)
Current Cores=0.01 (2 TMs)
Current Cores=0.01 (2 TMs)
Current Cores=0.01 (2 TMs)
Current Cores=0.01 (2 TMs)
Current Cores=0.01 (2 TMs)
Current Cores=0 (2 TMs)
Current Cores=0.01 (2 TMs)
Current Cores=0.01 (2 TMs)
Current Cores=0.01 (2 TMs)
Current Cores=0 (2 TMs)
Current Cores=0.01 (2 TMs)
Current Cores=0.01 (2 TMs)
Current Cores=0.01 (2 TMs)
Current Cores=0 (2 TMs)
Current Cores=0.01 (2 TMs)
Current Cores=0.01 (2 TMs)
Current Cores=0.01 (2 TMs)
Current Cores=0 (2 TMs)
Current Cores=0.01 (2 TMs)
Current Cores=0.01 (2 TMs)
Current Cores=0.01 (2 TMs)
Current Cores=0.01 (2 TMs)
Current Cores=0.02 (2 TMs)
Current Cores=0 (2 TMs)
Current Cores=0.01 (2 TMs)
Current Cores=0.01 (2 TMs)
Current Cores=0.01 (2 TMs)
Current Cores=0.01 (2 TMs)
Current Cores=0.01 (2 TMs)
Current Cores=0 (2 TMs)
Current Cores=0.01 (2 TMs)
Current Cores=0 (2 TMs)
Current Cores=0.01 (2 TMs)
Current Cores=0 (2 TMs)
Current Cores=0.01 (2 TMs)
Current Cores=0.01 (2 TMs)
Current Cores=0.01 (2 TMs)
Current Cores=0.01 (2 TMs)
Current Cores=0.01 (2 TMs)
Current Cores=0 (2 TMs)
Current Cores=0.01 (2 TMs)
Current Cores=0.01 (2 TMs)
Current Cores=0 (2 TMs)
Current Cores=0.01 (2 TMs)
Current Cores=0.01 (2 TMs)
Current Cores=0.01 (2 TMs)
Current Cores=0.01 (2 TMs)
Current Cores=0.01 (2 TMs)
Current Cores=0.01 (2 TMs)
Current Cores=0.01 (2 TMs)
Current Cores=0.01 (2 TMs)
Summary Average: EventsNum=80,000,000, Cores=0.01, Time=607.990 s
Stop job query q11
-------------------------------- Nexmark Results --------------------------------

+------+-----------------+--------+----------+-----------------+--------------+-----------------+
| Query| Events Num      | Cores  | Time(s)  | Cores * Time(s) | Throughput   | Throughput/Cores|
+------+-----------------+--------+----------+-----------------+--------------+-----------------+
|q11   |80,000,000       |0.01    |607.990   |4.580            |131.58 K/s    |17.47 M/s        |
|Total |80,000,000       |0.008   |607.990   |4.580            |131.58 K/s    |17.47 M/s        |
+------+-----------------+--------+----------+-----------------+--------------+-----------------+



  Result: 131,580.00 events/sec
  Process wall-clock: 620.78s, 128,870.78 events/sec

=== Running Nexmark Q18 (hashmap backend) ===
Events: 80,000,000, TPS: unlimited
Proportions: Person(1):Auction(3):Bid(46)
Command: java -Dlog.file=/home/shuhao/forL0-state-backend/docker/deploy/nexmark-flink/log/nexmark-flink.log -Dlog4j.configuration=file:/tmp/nexmark-conf-_q1aguni/log4j.properties -Dlog4j.configurationFile=file:/tmp/nexmark-conf-_q1aguni/log4j.properties -Dstate.backend.type=org.apache.flink.runtime.state.hashmap.HashMapStateBackendFactory -cp /home/shuhao/forL0-state-backend/docker/deploy/nexmark-flink/lib/*:/home/shuhao/flink-1.20.3/lib/* com.github.nexmark.flink.Benchmark --location /home/shuhao/forL0-state-backend/docker/deploy/nexmark-flink --queries q18 --category oa

Benchmark Queries: [q18]
==================================================================
Start to run query q18 with workload [tps=0, eventsNum=80 M, percentage=bid:46,auction:3,person:1,kafkaServers:null]
Monitor metrics after 10 seconds.
Start to monitor metrics until job is finished.
Monitor TPS metric: vertex=sink, metric=nexmark_q18[9]__Writer.numRecordsInPerSecond
Current Cores=0 (2 TMs)
Current Cores=0.01 (2 TMs)
Current Cores=0 (2 TMs)
Current Cores=0.02 (2 TMs)
Current Cores=0.01 (2 TMs)
Current Cores=0.01 (2 TMs)
Current Cores=0 (2 TMs)
Current Cores=0.01 (2 TMs)
Current Cores=0.01 (2 TMs)
Current Cores=0.01 (2 TMs)
Current Cores=0.01 (2 TMs)
Current Cores=0.02 (2 TMs)
Current Cores=0 (2 TMs)
Current Cores=0.01 (2 TMs)
Current Cores=0 (2 TMs)
Current Cores=0.01 (2 TMs)
Current Cores=0.01 (2 TMs)
Current Cores=0 (2 TMs)
Current Cores=0.01 (2 TMs)
Current Cores=0.01 (2 TMs)
Current Cores=0.01 (2 TMs)
Current Cores=0.01 (2 TMs)
Current Cores=0 (2 TMs)
Current Cores=0.01 (2 TMs)
Current Cores=0 (2 TMs)
Current Cores=0.01 (2 TMs)
Current Cores=0 (2 TMs)
Current Cores=0.01 (2 TMs)
Current Cores=0 (2 TMs)
Current Cores=0.01 (2 TMs)
Current Cores=0 (2 TMs)
Current Cores=0.01 (2 TMs)
Current Cores=0 (2 TMs)
Current Cores=0.01 (2 TMs)
Current Cores=0.01 (2 TMs)
Current Cores=0.01 (2 TMs)
Current Cores=0 (2 TMs)
Current Cores=0.01 (2 TMs)
Current Cores=0 (2 TMs)
Current Cores=0.01 (2 TMs)
Current Cores=0.01 (2 TMs)
Current Cores=0.01 (2 TMs)
Current Cores=0 (2 TMs)
Current Cores=0.01 (2 TMs)
Current Cores=0 (2 TMs)
Current Cores=0.01 (2 TMs)
Current Cores=0 (2 TMs)
Current Cores=0.01 (2 TMs)
Current Cores=0 (2 TMs)
Current Cores=0.01 (2 TMs)
Current Cores=0 (2 TMs)
Current Cores=0.01 (2 TMs)
Current Cores=0.01 (2 TMs)
Current Cores=0.01 (2 TMs)
Current Cores=0.01 (2 TMs)
Current Cores=0.01 (2 TMs)
Current Cores=0.01 (2 TMs)
Current Cores=0.01 (2 TMs)
Current Cores=0.01 (2 TMs)
Current Cores=0.01 (2 TMs)
Current Cores=0.01 (2 TMs)
Current Cores=0.01 (2 TMs)
Current Cores=0 (2 TMs)
Current Cores=0.01 (2 TMs)
Current Cores=0 (2 TMs)
Current Cores=0.01 (2 TMs)
Current Cores=0 (2 TMs)
Current Cores=0.01 (2 TMs)
Current Cores=0.01 (2 TMs)
Current Cores=0.01 (2 TMs)
Current Cores=0 (2 TMs)
Current Cores=0.01 (2 TMs)
Current Cores=0.01 (2 TMs)
Current Cores=0.01 (2 TMs)
Current Cores=0 (2 TMs)
Current Cores=0.01 (2 TMs)
Current Cores=0 (2 TMs)
Current Cores=0.02 (2 TMs)
Current Cores=0 (2 TMs)
Current Cores=0.01 (2 TMs)
Current Cores=0 (2 TMs)
Current Cores=0.01 (2 TMs)
Current Cores=0 (2 TMs)
Current Cores=0.01 (2 TMs)
Current Cores=0 (2 TMs)
Current Cores=0.01 (2 TMs)
Current Cores=0.01 (2 TMs)
Current Cores=0.04 (2 TMs)
Current Cores=0 (2 TMs)
Current Cores=0.01 (2 TMs)
Current Cores=0.01 (2 TMs)
Current Cores=0.02 (2 TMs)
Current Cores=0.01 (2 TMs)
Current Cores=0.01 (2 TMs)
Current Cores=0 (2 TMs)
Current Cores=0.01 (2 TMs)
Current Cores=0.01 (2 TMs)
Current Cores=0 (2 TMs)
Current Cores=0.01 (2 TMs)
Current Cores=0.01 (2 TMs)
Current Cores=0 (2 TMs)
Current Cores=0.07 (2 TMs)
Current Cores=0.01 (2 TMs)
Current Cores=0.01 (2 TMs)
Current Cores=0 (2 TMs)
Current Cores=0.01 (2 TMs)
Current Cores=0 (2 TMs)
Current Cores=0.01 (2 TMs)
Current Cores=0 (2 TMs)
Current Cores=0.01 (2 TMs)
Current Cores=0 (2 TMs)
Current Cores=0.01 (2 TMs)
Current Cores=0 (2 TMs)
Current Cores=0.01 (2 TMs)
Current Cores=0 (2 TMs)
Current Cores=0.01 (2 TMs)
Current Cores=0 (2 TMs)
Current Cores=0.01 (2 TMs)
Current Cores=0.01 (2 TMs)
Current Cores=0 (2 TMs)
Summary Average: EventsNum=80,000,000, Cores=0.01, Time=607.921 s
Stop job query q18
-------------------------------- Nexmark Results --------------------------------

+------+-----------------+--------+----------+-----------------+--------------+-----------------+
| Query| Events Num      | Cores  | Time(s)  | Cores * Time(s) | Throughput   | Throughput/Cores|
+------+-----------------+--------+----------+-----------------+--------------+-----------------+
|q18   |80,000,000       |0.01    |607.921   |4.752            |131.6 K/s     |16.84 M/s        |
|Total |80,000,000       |0.008   |607.921   |4.752            |131.6 K/s     |16.84 M/s        |
+------+-----------------+--------+----------+-----------------+--------------+-----------------+



  Result: 131,600.00 events/sec
  Process wall-clock: 620.38s, 128,953.74 events/sec

=== Running Nexmark Q19 (hashmap backend) ===
Events: 80,000,000, TPS: unlimited
Proportions: Person(1):Auction(3):Bid(46)
Command: java -Dlog.file=/home/shuhao/forL0-state-backend/docker/deploy/nexmark-flink/log/nexmark-flink.log -Dlog4j.configuration=file:/tmp/nexmark-conf-vqd3qjb1/log4j.properties -Dlog4j.configurationFile=file:/tmp/nexmark-conf-vqd3qjb1/log4j.properties -Dstate.backend.type=org.apache.flink.runtime.state.hashmap.HashMapStateBackendFactory -cp /home/shuhao/forL0-state-backend/docker/deploy/nexmark-flink/lib/*:/home/shuhao/flink-1.20.3/lib/* com.github.nexmark.flink.Benchmark --location /home/shuhao/forL0-state-backend/docker/deploy/nexmark-flink --queries q19 --category oa

Benchmark Queries: [q19]
==================================================================
Start to run query q19 with workload [tps=0, eventsNum=80 M, percentage=bid:46,auction:3,person:1,kafkaServers:null]
Monitor metrics after 10 seconds.
Start to monitor metrics until job is finished.
Monitor TPS metric: vertex=sink, metric=Calc[8].numRecordsInPerSecond
Current Cores=0 (2 TMs)
Current Cores=0.01 (2 TMs)
Current Cores=0 (2 TMs)
Current Cores=0.01 (2 TMs)
Current Cores=0 (2 TMs)
Current Cores=0.01 (2 TMs)
Current Cores=0 (2 TMs)
Current Cores=0.01 (2 TMs)
Current Cores=0 (2 TMs)
Current Cores=0.01 (2 TMs)
Current Cores=0 (2 TMs)
Current Cores=0.01 (2 TMs)
Current Cores=0.01 (2 TMs)
Current Cores=0.01 (2 TMs)
Current Cores=0 (2 TMs)
Current Cores=0.01 (2 TMs)
Current Cores=0 (2 TMs)
Current Cores=0.01 (2 TMs)
Current Cores=0 (2 TMs)
Current Cores=0.01 (2 TMs)
Current Cores=0.01 (2 TMs)
Current Cores=0.01 (2 TMs)
Current Cores=0 (2 TMs)
Current Cores=0.01 (2 TMs)
Current Cores=0 (2 TMs)
Current Cores=0.01 (2 TMs)
Current Cores=0 (2 TMs)
Current Cores=0.01 (2 TMs)
Current Cores=0 (2 TMs)
Current Cores=0.01 (2 TMs)
Current Cores=0.01 (2 TMs)
Current Cores=0.01 (2 TMs)
Current Cores=0 (2 TMs)
Current Cores=0.01 (2 TMs)
Current Cores=0 (2 TMs)
Current Cores=0.01 (2 TMs)
Current Cores=0 (2 TMs)
Current Cores=0.01 (2 TMs)
Current Cores=0.01 (2 TMs)
Current Cores=0.01 (2 TMs)
Current Cores=0.01 (2 TMs)
Current Cores=0.02 (2 TMs)
Current Cores=0 (2 TMs)
Current Cores=0.02 (2 TMs)
Current Cores=0 (2 TMs)
Current Cores=0.01 (2 TMs)
Current Cores=0 (2 TMs)
Current Cores=0.01 (2 TMs)
Current Cores=0 (2 TMs)
Current Cores=0.01 (2 TMs)
Current Cores=0.01 (2 TMs)
Current Cores=0.01 (2 TMs)
Current Cores=0.01 (2 TMs)
Current Cores=0.01 (2 TMs)
Current Cores=0 (2 TMs)
Current Cores=0.01 (2 TMs)
Current Cores=0.01 (2 TMs)
Current Cores=0.01 (2 TMs)
Current Cores=0.01 (2 TMs)
Current Cores=0.01 (2 TMs)
Current Cores=0.01 (2 TMs)
Current Cores=0.01 (2 TMs)
Current Cores=0 (2 TMs)
Current Cores=0.01 (2 TMs)
Current Cores=0 (2 TMs)
Current Cores=0.01 (2 TMs)
Current Cores=0.01 (2 TMs)
Current Cores=0.01 (2 TMs)
Current Cores=0 (2 TMs)
Current Cores=0.01 (2 TMs)
Current Cores=0.01 (2 TMs)
Current Cores=0.01 (2 TMs)
Current Cores=0.01 (2 TMs)
Current Cores=0.01 (2 TMs)
Current Cores=0.01 (2 TMs)
Current Cores=0.01 (2 TMs)
Current Cores=0 (2 TMs)
Current Cores=0.02 (2 TMs)
Current Cores=0 (2 TMs)
Current Cores=0.01 (2 TMs)
Current Cores=0 (2 TMs)
Current Cores=0.01 (2 TMs)
Current Cores=0 (2 TMs)
Current Cores=0.01 (2 TMs)
Current Cores=0.01 (2 TMs)
Current Cores=0.01 (2 TMs)
Current Cores=0.01 (2 TMs)
Current Cores=0 (2 TMs)
Current Cores=0 (2 TMs)
Current Cores=0.01 (2 TMs)
Current Cores=0.01 (2 TMs)
Current Cores=0.01 (2 TMs)
Current Cores=0 (2 TMs)
Current Cores=0.01 (2 TMs)
Current Cores=0 (2 TMs)
Current Cores=0.01 (2 TMs)
Current Cores=0 (2 TMs)
Current Cores=0.01 (2 TMs)
Current Cores=0.01 (2 TMs)
Current Cores=0.01 (2 TMs)
Current Cores=0 (2 TMs)
Current Cores=0.01 (2 TMs)
Current Cores=0 (2 TMs)
Current Cores=0.01 (2 TMs)
Current Cores=0 (2 TMs)
Current Cores=0.01 (2 TMs)
Current Cores=0 (2 TMs)
Current Cores=0.01 (2 TMs)
Current Cores=0.01 (2 TMs)
Current Cores=0.01 (2 TMs)
Current Cores=0 (2 TMs)
Current Cores=0.01 (2 TMs)
Current Cores=0 (2 TMs)
Current Cores=0.01 (2 TMs)
Current Cores=0.01 (2 TMs)
Current Cores=0.01 (2 TMs)
Current Cores=0 (2 TMs)
Current Cores=0.01 (2 TMs)
Current Cores=0 (2 TMs)
Current Cores=0.01 (2 TMs)
Summary Average: EventsNum=80,000,000, Cores=0.01, Time=607.565 s
Stop job query q19
-------------------------------- Nexmark Results --------------------------------

+------+-----------------+--------+----------+-----------------+--------------+-----------------+
| Query| Events Num      | Cores  | Time(s)  | Cores * Time(s) | Throughput   | Throughput/Cores|
+------+-----------------+--------+----------+-----------------+--------------+-----------------+
|q19   |80,000,000       |0.01    |607.565   |4.071            |131.67 K/s    |19.65 M/s        |
|Total |80,000,000       |0.007   |607.565   |4.071            |131.67 K/s    |19.65 M/s        |
+------+-----------------+--------+----------+-----------------+--------------+-----------------+



  Result: 131,670.00 events/sec
  Process wall-clock: 620.55s, 128,917.08 events/sec

=== Running Nexmark Q20 (hashmap backend) ===
Events: 60,000,000, TPS: unlimited
Proportions: Person(1):Auction(3):Bid(46)
Command: java -Dlog.file=/home/shuhao/forL0-state-backend/docker/deploy/nexmark-flink/log/nexmark-flink.log -Dlog4j.configuration=file:/tmp/nexmark-conf-a3_t3ims/log4j.properties -Dlog4j.configurationFile=file:/tmp/nexmark-conf-a3_t3ims/log4j.properties -Dstate.backend.type=org.apache.flink.runtime.state.hashmap.HashMapStateBackendFactory -cp /home/shuhao/forL0-state-backend/docker/deploy/nexmark-flink/lib/*:/home/shuhao/flink-1.20.3/lib/* com.github.nexmark.flink.Benchmark --location /home/shuhao/forL0-state-backend/docker/deploy/nexmark-flink --queries q20 --category oa

Benchmark Queries: [q20]
==================================================================
Start to run query q20 with workload [tps=0, eventsNum=60 M, percentage=bid:46,auction:3,person:1,kafkaServers:null]
Monitor metrics after 10 seconds.
Start to monitor metrics until job is finished.
Monitor TPS metric: vertex=sink, metric=Join[12].numRecordsInPerSecond
Current Cores=0 (2 TMs)
Current Cores=0.01 (2 TMs)
Current Cores=0.01 (2 TMs)
Current Cores=0.01 (2 TMs)
Current Cores=0 (2 TMs)
Current Cores=0.01 (2 TMs)
Current Cores=0.01 (2 TMs)
Current Cores=0.01 (2 TMs)
Current Cores=0 (2 TMs)
Current Cores=0.01 (2 TMs)
Current Cores=0 (2 TMs)
Current Cores=0.01 (2 TMs)
Current Cores=0 (2 TMs)
Current Cores=0.01 (2 TMs)
Current Cores=0.01 (2 TMs)
Current Cores=0.01 (2 TMs)
Current Cores=0.01 (2 TMs)
Current Cores=0.01 (2 TMs)
Current Cores=0.01 (2 TMs)
Current Cores=0.01 (2 TMs)
Current Cores=0 (2 TMs)
Current Cores=0.01 (2 TMs)
Current Cores=0.01 (2 TMs)
Current Cores=0.01 (2 TMs)
Current Cores=0.01 (2 TMs)
Current Cores=0.01 (2 TMs)
Current Cores=0 (2 TMs)
Current Cores=0.01 (2 TMs)
Current Cores=0.01 (2 TMs)
Current Cores=0.01 (2 TMs)
Current Cores=0.01 (2 TMs)
Current Cores=0.01 (2 TMs)
Current Cores=0.01 (2 TMs)
Current Cores=0.01 (2 TMs)
Current Cores=0 (2 TMs)
Current Cores=0.01 (2 TMs)
Current Cores=0.01 (2 TMs)
Current Cores=0.01 (2 TMs)
Current Cores=0 (2 TMs)
Current Cores=0.01 (2 TMs)
Current Cores=0 (2 TMs)
Current Cores=0.01 (2 TMs)
Current Cores=0.01 (2 TMs)
Current Cores=0.01 (2 TMs)
Current Cores=0 (2 TMs)
Current Cores=0.01 (2 TMs)
Current Cores=0 (2 TMs)
Current Cores=0.01 (2 TMs)
Current Cores=0 (2 TMs)
Current Cores=0.01 (2 TMs)
Current Cores=0 (2 TMs)
Current Cores=0.01 (2 TMs)
Current Cores=0.01 (2 TMs)
Current Cores=0.01 (2 TMs)
Current Cores=0 (2 TMs)
Current Cores=0.01 (2 TMs)
Current Cores=0.01 (2 TMs)
Current Cores=0.01 (2 TMs)
Current Cores=0.01 (2 TMs)
Current Cores=0.01 (2 TMs)
Current Cores=0.01 (2 TMs)
Current Cores=0.01 (2 TMs)
Current Cores=0.01 (2 TMs)
Current Cores=0.01 (2 TMs)
Current Cores=0.01 (2 TMs)
Current Cores=0.01 (2 TMs)
Current Cores=0 (2 TMs)
Current Cores=0.01 (2 TMs)
Current Cores=0 (2 TMs)
Current Cores=0.02 (2 TMs)
Current Cores=0.01 (2 TMs)
Current Cores=0.01 (2 TMs)
Current Cores=0 (2 TMs)
Current Cores=0.01 (2 TMs)
Current Cores=0 (2 TMs)
Current Cores=0.01 (2 TMs)
Current Cores=0.01 (2 TMs)
Current Cores=0 (2 TMs)
Current Cores=0.01 (2 TMs)
Current Cores=0.01 (2 TMs)
Current Cores=0 (2 TMs)
Current Cores=0.01 (2 TMs)
Current Cores=0 (2 TMs)
Current Cores=0.01 (2 TMs)
Current Cores=0.01 (2 TMs)
Current Cores=0.01 (2 TMs)
Current Cores=0.01 (2 TMs)
Current Cores=0.01 (2 TMs)
Current Cores=0.01 (2 TMs)
Current Cores=0.01 (2 TMs)
Current Cores=0 (2 TMs)
Current Cores=0.01 (2 TMs)
Current Cores=0 (2 TMs)
Current Cores=0.01 (2 TMs)
Current Cores=0 (2 TMs)
Current Cores=0.01 (2 TMs)
Current Cores=0 (2 TMs)
Current Cores=0.01 (2 TMs)
Current Cores=0 (2 TMs)
Current Cores=0.01 (2 TMs)
Current Cores=0.01 (2 TMs)
Current Cores=0.01 (2 TMs)
Current Cores=0 (2 TMs)
Current Cores=0.01 (2 TMs)
Current Cores=0 (2 TMs)
Current Cores=0.01 (2 TMs)
Current Cores=0.01 (2 TMs)
Current Cores=0.01 (2 TMs)
Current Cores=0.01 (2 TMs)
Current Cores=0.01 (2 TMs)
Current Cores=0.01 (2 TMs)
Current Cores=0.01 (2 TMs)
Current Cores=0.01 (2 TMs)
Current Cores=0.01 (2 TMs)
Current Cores=0.01 (2 TMs)
Current Cores=0.01 (2 TMs)
Current Cores=0 (2 TMs)
Current Cores=0.01 (2 TMs)
Current Cores=0.01 (2 TMs)
Current Cores=0.01 (2 TMs)
Summary Average: EventsNum=60,000,000, Cores=0.01, Time=607.076 s
Stop job query q20
-------------------------------- Nexmark Results --------------------------------

+------+-----------------+--------+----------+-----------------+--------------+-----------------+
| Query| Events Num      | Cores  | Time(s)  | Cores * Time(s) | Throughput   | Throughput/Cores|
+------+-----------------+--------+----------+-----------------+--------------+-----------------+
|q20   |60,000,000       |0.01    |607.076   |4.290            |98.83 K/s     |13.99 M/s        |
|Total |60,000,000       |0.007   |607.076   |4.290            |98.83 K/s     |13.99 M/s        |
+------+-----------------+--------+----------+-----------------+--------------+-----------------+



  Result: 98,830.00 events/sec
  Process wall-clock: 619.94s, 96,782.95 events/sec

--- hashmap Summary ---
  q4: 131,370 events/sec (10,980,000/core), process 128,474 events/sec in 622.70s
  q5: 132,060 events/sec (14,470,000/core), process 129,010 events/sec in 620.11s
  q8: 166,930 events/sec (13,660,000/core), process 163,167 events/sec in 612.87s
  q9: 65,880 events/sec (7,810,000/core), process 64,480 events/sec in 620.35s
  q11: 131,580 events/sec (17,470,000/core), process 128,871 events/sec in 620.78s
  q18: 131,600 events/sec (16,840,000/core), process 128,954 events/sec in 620.38s
  q19: 131,670 events/sec (19,650,000/core), process 128,917 events/sec in 620.55s
  q20: 98,830 events/sec (13,990,000/core), process 96,783 events/sec in 619.94s

============================================================
Backend: forl0
============================================================

=== Running Nexmark Q4 (forl0 backend) ===
Events: 80,000,000, TPS: unlimited
Proportions: Person(1):Auction(3):Bid(46)
Command: java -Dlog.file=/home/shuhao/forL0-state-backend/docker/deploy/nexmark-flink/log/nexmark-flink.log -Dlog4j.configuration=file:/tmp/nexmark-conf-_ekeh7w2/log4j.properties -Dlog4j.configurationFile=file:/tmp/nexmark-conf-_ekeh7w2/log4j.properties -Dstate.backend.type=org.apache.flink.state.forl0.ForL0StateBackendFactory -Dstate.backend.forl0.initial-table-capacity=256 -Dstate.backend.forl0.max-table-capacity=4096 -Dstate.backend.forl0.l0-cache.enabled=true -Dstate.backend.forl0.l0-cache.size=64mb -Dstate.backend.forl0.main-table.load-factor-threshold=0.75 -cp /home/shuhao/forL0-state-backend/docker/deploy/nexmark-flink/lib/*:/home/shuhao/flink-1.20.3/lib/* com.github.nexmark.flink.Benchmark --location /home/shuhao/forL0-state-backend/docker/deploy/nexmark-flink --queries q4 --category oa

Benchmark Queries: [q4]
==================================================================
Start to run query q4 with workload [tps=0, eventsNum=80 M, percentage=bid:46,auction:3,person:1,kafkaServers:null]
Monitor metrics after 10 seconds.
Start to monitor metrics until job is finished.
Monitor TPS metric: vertex=sink, metric=GlobalGroupAggregate[20].numRecordsInPerSecond
Current Cores=0.01 (2 TMs)
Current Cores=0.08 (2 TMs)
Current Cores=0 (2 TMs)
Current Cores=0.01 (2 TMs)
Current Cores=0.01 (2 TMs)
Current Cores=0.01 (2 TMs)
Current Cores=0 (2 TMs)
Current Cores=0.01 (2 TMs)
Current Cores=0 (2 TMs)
Current Cores=0.01 (2 TMs)
Current Cores=0 (2 TMs)
Current Cores=0.03 (2 TMs)
Current Cores=0 (2 TMs)
Current Cores=0.01 (2 TMs)
Current Cores=0 (2 TMs)
Current Cores=0.01 (2 TMs)
Current Cores=0 (2 TMs)
Current Cores=0.01 (2 TMs)
Current Cores=0.01 (2 TMs)
Current Cores=0.01 (2 TMs)
Current Cores=0 (2 TMs)
Current Cores=0.01 (2 TMs)
Current Cores=0.01 (2 TMs)
Current Cores=0.01 (2 TMs)
Current Cores=0 (2 TMs)
Current Cores=0.01 (2 TMs)
Current Cores=0 (2 TMs)
Current Cores=0.01 (2 TMs)
Current Cores=0 (2 TMs)
Current Cores=0.01 (2 TMs)
Current Cores=0.01 (2 TMs)
Current Cores=0.01 (2 TMs)
Current Cores=0 (2 TMs)
Current Cores=0.01 (2 TMs)
Current Cores=0.01 (2 TMs)
Current Cores=0.01 (2 TMs)
Current Cores=0.01 (2 TMs)
Current Cores=0.01 (2 TMs)
Current Cores=0.01 (2 TMs)
Current Cores=0.01 (2 TMs)
Current Cores=0 (2 TMs)
Current Cores=0.01 (2 TMs)
Current Cores=0.01 (2 TMs)
Current Cores=0.01 (2 TMs)
Current Cores=0.01 (2 TMs)
Current Cores=0.01 (2 TMs)
Current Cores=0 (2 TMs)
Current Cores=0.01 (2 TMs)
Current Cores=0 (2 TMs)
Current Cores=0.01 (2 TMs)
Current Cores=0.01 (2 TMs)
Current Cores=0.01 (2 TMs)
Current Cores=0.01 (2 TMs)
Current Cores=0.01 (2 TMs)
Current Cores=0 (2 TMs)
Current Cores=0.01 (2 TMs)
Current Cores=0.01 (2 TMs)
Current Cores=0.01 (2 TMs)
Current Cores=0.01 (2 TMs)
Current Cores=0.01 (2 TMs)
Current Cores=0 (2 TMs)
Current Cores=0.01 (2 TMs)
Current Cores=0.01 (2 TMs)
Current Cores=0.01 (2 TMs)
Current Cores=0 (2 TMs)
Current Cores=0.01 (2 TMs)
Current Cores=0 (2 TMs)
Current Cores=0.01 (2 TMs)
Current Cores=0.01 (2 TMs)
Current Cores=0.01 (2 TMs)
Current Cores=0.01 (2 TMs)
Current Cores=0.01 (2 TMs)
Current Cores=0.01 (2 TMs)
Current Cores=0.01 (2 TMs)
Current Cores=0.01 (2 TMs)
Current Cores=0.01 (2 TMs)
Current Cores=0.01 (2 TMs)
Current Cores=0.01 (2 TMs)
Current Cores=0 (2 TMs)
Current Cores=0.01 (2 TMs)
Current Cores=0.01 (2 TMs)
Current Cores=0.01 (2 TMs)
Current Cores=0.01 (2 TMs)
Current Cores=0.01 (2 TMs)
Current Cores=0.01 (2 TMs)
Current Cores=0.01 (2 TMs)
Current Cores=0 (2 TMs)
Current Cores=0.01 (2 TMs)
Current Cores=0.01 (2 TMs)
Current Cores=0.01 (2 TMs)
Current Cores=0.01 (2 TMs)
Current Cores=0.01 (2 TMs)
Current Cores=0.01 (2 TMs)
Current Cores=0.01 (2 TMs)
Current Cores=0.01 (2 TMs)
Current Cores=0.01 (2 TMs)
Current Cores=0.01 (2 TMs)
Current Cores=0.01 (2 TMs)
Current Cores=0 (2 TMs)
Current Cores=0.01 (2 TMs)
Current Cores=0 (2 TMs)
Current Cores=0.01 (2 TMs)
Current Cores=0.01 (2 TMs)
Current Cores=0.01 (2 TMs)
Current Cores=0 (2 TMs)
Current Cores=0.01 (2 TMs)
Current Cores=0.01 (2 TMs)
Current Cores=0.01 (2 TMs)
Current Cores=0.01 (2 TMs)
Current Cores=0.01 (2 TMs)
Current Cores=0.01 (2 TMs)
Current Cores=0.01 (2 TMs)
Current Cores=0 (2 TMs)
Current Cores=0.01 (2 TMs)
Current Cores=0.01 (2 TMs)
Current Cores=0.01 (2 TMs)
Current Cores=0.01 (2 TMs)
Current Cores=0.02 (2 TMs)
Current Cores=0.01 (2 TMs)
Current Cores=0.01 (2 TMs)
Summary Average: EventsNum=80,000,000, Cores=0.01, Time=606.698 s
Stop job query q4
-------------------------------- Nexmark Results --------------------------------

+------+-----------------+--------+----------+-----------------+--------------+-----------------+
| Query| Events Num      | Cores  | Time(s)  | Cores * Time(s) | Throughput   | Throughput/Cores|
+------+-----------------+--------+----------+-----------------+--------------+-----------------+
|q4    |80,000,000       |0.01    |606.698   |4.813            |131.86 K/s    |16.62 M/s        |
|Total |80,000,000       |0.008   |606.698   |4.813            |131.86 K/s    |16.62 M/s        |
+------+-----------------+--------+----------+-----------------+--------------+-----------------+



  Result: 131,860.00 events/sec
  Process wall-clock: 620.21s, 128,988.88 events/sec

=== Running Nexmark Q5 (forl0 backend) ===
Events: 80,000,000, TPS: unlimited
Proportions: Person(1):Auction(3):Bid(46)
Command: java -Dlog.file=/home/shuhao/forL0-state-backend/docker/deploy/nexmark-flink/log/nexmark-flink.log -Dlog4j.configuration=file:/tmp/nexmark-conf-qsukvsz6/log4j.properties -Dlog4j.configurationFile=file:/tmp/nexmark-conf-qsukvsz6/log4j.properties -Dstate.backend.type=org.apache.flink.state.forl0.ForL0StateBackendFactory -Dstate.backend.forl0.initial-table-capacity=256 -Dstate.backend.forl0.max-table-capacity=4096 -Dstate.backend.forl0.l0-cache.enabled=true -Dstate.backend.forl0.l0-cache.size=64mb -Dstate.backend.forl0.main-table.load-factor-threshold=0.75 -cp /home/shuhao/forL0-state-backend/docker/deploy/nexmark-flink/lib/*:/home/shuhao/flink-1.20.3/lib/* com.github.nexmark.flink.Benchmark --location /home/shuhao/forL0-state-backend/docker/deploy/nexmark-flink --queries q5 --category oa

Benchmark Queries: [q5]
==================================================================
Start to run query q5 with workload [tps=0, eventsNum=80 M, percentage=bid:46,auction:3,person:1,kafkaServers:null]
Monitor metrics after 10 seconds.
Start to monitor metrics until job is finished.
Monitor TPS metric: vertex=sink, metric=nexmark_q5[17]__Writer.numRecordsInPerSecond
Current Cores=0.01 (2 TMs)
Current Cores=0.01 (2 TMs)
Current Cores=0.01 (2 TMs)
Current Cores=0.01 (2 TMs)
Current Cores=0.01 (2 TMs)
Current Cores=0.02 (2 TMs)
Current Cores=0.01 (2 TMs)
Current Cores=0.01 (2 TMs)
Current Cores=0 (2 TMs)
Current Cores=0.01 (2 TMs)
Current Cores=0.01 (2 TMs)
Current Cores=0.01 (2 TMs)
Current Cores=0 (2 TMs)
Current Cores=0.01 (2 TMs)
Current Cores=0.01 (2 TMs)
Current Cores=0.01 (2 TMs)
Current Cores=0.01 (2 TMs)
Current Cores=0.01 (2 TMs)
Current Cores=0.01 (2 TMs)
Current Cores=0.03 (2 TMs)
Current Cores=0.01 (2 TMs)
Current Cores=0.01 (2 TMs)
Current Cores=0 (2 TMs)
Current Cores=0.01 (2 TMs)
Current Cores=0.01 (2 TMs)
Current Cores=0.01 (2 TMs)
Current Cores=0.01 (2 TMs)
Current Cores=0.02 (2 TMs)
Current Cores=0 (2 TMs)
Current Cores=0.01 (2 TMs)
Current Cores=0.01 (2 TMs)
Current Cores=0.01 (2 TMs)
Current Cores=0.01 (2 TMs)
Current Cores=0.01 (2 TMs)
Current Cores=0.01 (2 TMs)
Current Cores=0.01 (2 TMs)
Current Cores=0.01 (2 TMs)
Current Cores=0 (2 TMs)
Current Cores=0.01 (2 TMs)
Current Cores=0.01 (2 TMs)
Current Cores=0.01 (2 TMs)
Current Cores=0.01 (2 TMs)
Current Cores=0.01 (2 TMs)
Current Cores=0.01 (2 TMs)
Current Cores=0.01 (2 TMs)
Current Cores=0.01 (2 TMs)
Current Cores=0.01 (2 TMs)
Current Cores=0.01 (2 TMs)
Current Cores=0.01 (2 TMs)
Current Cores=0.01 (2 TMs)
Current Cores=0.01 (2 TMs)
Current Cores=0.01 (2 TMs)
Current Cores=0 (2 TMs)
Current Cores=0.01 (2 TMs)
Current Cores=0.01 (2 TMs)
Current Cores=0.01 (2 TMs)
Current Cores=0 (2 TMs)
Current Cores=0.01 (2 TMs)
Current Cores=0.01 (2 TMs)
Current Cores=0.01 (2 TMs)
Current Cores=0.01 (2 TMs)
Current Cores=0.01 (2 TMs)
Current Cores=0.01 (2 TMs)
Current Cores=0.01 (2 TMs)
Current Cores=0.01 (2 TMs)
Current Cores=0.01 (2 TMs)
Current Cores=0.01 (2 TMs)
Current Cores=0.01 (2 TMs)
Current Cores=0.01 (2 TMs)
Current Cores=0.01 (2 TMs)
Current Cores=0.01 (2 TMs)
Current Cores=0.01 (2 TMs)
Current Cores=0.01 (2 TMs)
Current Cores=0.01 (2 TMs)
Current Cores=0 (2 TMs)
Current Cores=0.01 (2 TMs)
Current Cores=0.01 (2 TMs)
Current Cores=0.01 (2 TMs)
Current Cores=0.01 (2 TMs)
Current Cores=0 (2 TMs)
Current Cores=0.01 (2 TMs)
Current Cores=0.01 (2 TMs)
Current Cores=0 (2 TMs)
Current Cores=0.01 (2 TMs)
Current Cores=0.01 (2 TMs)
Current Cores=0.01 (2 TMs)
Current Cores=0.01 (2 TMs)
Current Cores=0.01 (2 TMs)
Current Cores=0.01 (2 TMs)
Current Cores=0.01 (2 TMs)
Current Cores=0 (2 TMs)
Current Cores=0.01 (2 TMs)
Current Cores=0 (2 TMs)
Current Cores=0.01 (2 TMs)
Current Cores=0.01 (2 TMs)
Current Cores=0.01 (2 TMs)
Current Cores=0.01 (2 TMs)
Current Cores=0.01 (2 TMs)
Current Cores=0.01 (2 TMs)
Current Cores=0.01 (2 TMs)
Current Cores=0.01 (2 TMs)
Current Cores=0.01 (2 TMs)
Current Cores=0.01 (2 TMs)
Current Cores=0.01 (2 TMs)
Current Cores=0.01 (2 TMs)
Current Cores=0.01 (2 TMs)
Current Cores=0 (2 TMs)
Current Cores=0.01 (2 TMs)
Current Cores=0.01 (2 TMs)
Current Cores=0.01 (2 TMs)
Current Cores=0.01 (2 TMs)
Current Cores=0.01 (2 TMs)
Current Cores=0.01 (2 TMs)
Current Cores=0.01 (2 TMs)
Current Cores=0 (2 TMs)
Current Cores=0.01 (2 TMs)
Current Cores=0.01 (2 TMs)
Current Cores=0.01 (2 TMs)
Current Cores=0.01 (2 TMs)
Current Cores=0.01 (2 TMs)
Summary Average: EventsNum=80,000,000, Cores=0.01, Time=608.475 s
Stop job query q5
-------------------------------- Nexmark Results --------------------------------

+------+-----------------+--------+----------+-----------------+--------------+-----------------+
| Query| Events Num      | Cores  | Time(s)  | Cores * Time(s) | Throughput   | Throughput/Cores|
+------+-----------------+--------+----------+-----------------+--------------+-----------------+
|q5    |80,000,000       |0.01    |608.475   |4.523            |131.48 K/s    |17.69 M/s        |
|Total |80,000,000       |0.007   |608.475   |4.523            |131.48 K/s    |17.69 M/s        |
+------+-----------------+--------+----------+-----------------+--------------+-----------------+



  Result: 131,480.00 events/sec
  Process wall-clock: 621.82s, 128,654.37 events/sec

=== Running Nexmark Q8 (forl0 backend) ===
Events: 100,000,000, TPS: unlimited
Proportions: Person(1):Auction(3):Bid(46)
Command: java -Dlog.file=/home/shuhao/forL0-state-backend/docker/deploy/nexmark-flink/log/nexmark-flink.log -Dlog4j.configuration=file:/tmp/nexmark-conf-688n8sbh/log4j.properties -Dlog4j.configurationFile=file:/tmp/nexmark-conf-688n8sbh/log4j.properties -Dstate.backend.type=org.apache.flink.state.forl0.ForL0StateBackendFactory -Dstate.backend.forl0.initial-table-capacity=256 -Dstate.backend.forl0.max-table-capacity=4096 -Dstate.backend.forl0.l0-cache.enabled=true -Dstate.backend.forl0.l0-cache.size=64mb -Dstate.backend.forl0.main-table.load-factor-threshold=0.75 -cp /home/shuhao/forL0-state-backend/docker/deploy/nexmark-flink/lib/*:/home/shuhao/flink-1.20.3/lib/* com.github.nexmark.flink.Benchmark --location /home/shuhao/forL0-state-backend/docker/deploy/nexmark-flink --queries q8 --category oa

Benchmark Queries: [q8]
==================================================================
Start to run query q8 with workload [tps=0, eventsNum=100 M, percentage=bid:46,auction:3,person:1,kafkaServers:null]
Monitor metrics after 10 seconds.
Start to monitor metrics until job is finished.
Monitor TPS metric: vertex=sink, metric=Calc[19].numRecordsInPerSecond
Current Cores=0 (2 TMs)
Current Cores=0.01 (2 TMs)
Current Cores=0.01 (2 TMs)
Current Cores=0.01 (2 TMs)
Current Cores=0.01 (2 TMs)
Current Cores=0.01 (2 TMs)
Current Cores=0.01 (2 TMs)
Current Cores=0.01 (2 TMs)
Current Cores=0.01 (2 TMs)
Current Cores=0.01 (2 TMs)
Current Cores=0 (2 TMs)
Current Cores=0.01 (2 TMs)
Current Cores=0 (2 TMs)
Current Cores=0.01 (2 TMs)
Current Cores=0.01 (2 TMs)
Current Cores=0.01 (2 TMs)
Current Cores=0 (2 TMs)
Current Cores=0.01 (2 TMs)
Current Cores=0.01 (2 TMs)
Current Cores=0.01 (2 TMs)
Current Cores=0.01 (2 TMs)
Current Cores=0.01 (2 TMs)
Current Cores=0.01 (2 TMs)
Current Cores=0.01 (2 TMs)
Current Cores=0.01 (2 TMs)
Current Cores=0.01 (2 TMs)
Current Cores=0 (2 TMs)
Current Cores=0.01 (2 TMs)
Current Cores=0 (2 TMs)
Current Cores=0.01 (2 TMs)
Current Cores=0 (2 TMs)
Current Cores=0.01 (2 TMs)
Current Cores=0.01 (2 TMs)
Current Cores=0.01 (2 TMs)
Current Cores=0 (2 TMs)
Current Cores=0.01 (2 TMs)
Current Cores=0.01 (2 TMs)
Current Cores=0 (2 TMs)
Current Cores=0.01 (2 TMs)
Current Cores=0.01 (2 TMs)
Current Cores=0.01 (2 TMs)
Current Cores=0.01 (2 TMs)
Current Cores=0.01 (2 TMs)
Current Cores=0.01 (2 TMs)
Current Cores=0 (2 TMs)
Current Cores=0.01 (2 TMs)
Current Cores=0 (2 TMs)
Current Cores=0.01 (2 TMs)
Current Cores=0.01 (2 TMs)
Current Cores=0.01 (2 TMs)
Current Cores=0.01 (2 TMs)
Current Cores=0.01 (2 TMs)
Current Cores=0 (2 TMs)
Current Cores=0.01 (2 TMs)
Current Cores=0 (2 TMs)
Current Cores=0.01 (2 TMs)
Current Cores=0.01 (2 TMs)
Current Cores=0.01 (2 TMs)
Current Cores=0 (2 TMs)
Current Cores=0.01 (2 TMs)
Current Cores=0.01 (2 TMs)
Current Cores=0.01 (2 TMs)
Current Cores=0 (2 TMs)
Current Cores=0.01 (2 TMs)
Current Cores=0 (2 TMs)
Current Cores=0.01 (2 TMs)
Current Cores=0 (2 TMs)
Current Cores=0.01 (2 TMs)
Current Cores=0.01 (2 TMs)
Current Cores=0.01 (2 TMs)
Current Cores=0.01 (2 TMs)
Current Cores=0.01 (2 TMs)
Current Cores=0.01 (2 TMs)
Current Cores=0.01 (2 TMs)
Current Cores=0 (2 TMs)
Current Cores=0.01 (2 TMs)
Current Cores=0.08 (2 TMs)
Current Cores=0.01 (2 TMs)
Current Cores=0.01 (2 TMs)
Current Cores=0.03 (2 TMs)
Current Cores=0.01 (2 TMs)
Current Cores=0.01 (2 TMs)
Current Cores=0.01 (2 TMs)
Current Cores=0.01 (2 TMs)
Current Cores=0.01 (2 TMs)
Current Cores=0.01 (2 TMs)
Current Cores=0.01 (2 TMs)
Current Cores=0.01 (2 TMs)
Current Cores=0.01 (2 TMs)
Current Cores=0.01 (2 TMs)
Current Cores=0.01 (2 TMs)
Current Cores=0.01 (2 TMs)
Current Cores=0.01 (2 TMs)
Current Cores=0.01 (2 TMs)
Current Cores=0.01 (2 TMs)
Current Cores=0.01 (2 TMs)
Current Cores=0.01 (2 TMs)
Current Cores=0.01 (2 TMs)
Current Cores=0 (2 TMs)
Current Cores=0.01 (2 TMs)
Current Cores=0.01 (2 TMs)
Current Cores=0.01 (2 TMs)
Current Cores=0.01 (2 TMs)
Current Cores=0.01 (2 TMs)
Current Cores=0.01 (2 TMs)
Current Cores=0.01 (2 TMs)
Current Cores=0.01 (2 TMs)
Current Cores=0.01 (2 TMs)
Current Cores=0.01 (2 TMs)
Current Cores=0.01 (2 TMs)
Current Cores=0 (2 TMs)
Current Cores=0.01 (2 TMs)
Current Cores=0.01 (2 TMs)
Current Cores=0.01 (2 TMs)
Current Cores=0 (2 TMs)
Current Cores=0.01 (2 TMs)
Current Cores=0 (2 TMs)
Current Cores=0.01 (2 TMs)
Current Cores=0.01 (2 TMs)
Summary Average: EventsNum=100,000,000, Cores=0.01, Time=603.516 s
Stop job query q8
-------------------------------- Nexmark Results --------------------------------

+------+-----------------+--------+----------+-----------------+--------------+-----------------+
| Query| Events Num      | Cores  | Time(s)  | Cores * Time(s) | Throughput   | Throughput/Cores|
+------+-----------------+--------+----------+-----------------+--------------+-----------------+
|q8    |100,000,000      |0.01    |603.516   |4.777            |165.69 K/s    |20.93 M/s        |
|Total |100,000,000      |0.008   |603.516   |4.777            |165.69 K/s    |20.93 M/s        |
+------+-----------------+--------+----------+-----------------+--------------+-----------------+



  Result: 165,690.00 events/sec
  Process wall-clock: 617.11s, 162,045.55 events/sec

=== Running Nexmark Q9 (forl0 backend) ===
Events: 40,000,000, TPS: unlimited
Proportions: Person(1):Auction(3):Bid(46)
Command: java -Dlog.file=/home/shuhao/forL0-state-backend/docker/deploy/nexmark-flink/log/nexmark-flink.log -Dlog4j.configuration=file:/tmp/nexmark-conf-kpukd_u4/log4j.properties -Dlog4j.configurationFile=file:/tmp/nexmark-conf-kpukd_u4/log4j.properties -Dstate.backend.type=org.apache.flink.state.forl0.ForL0StateBackendFactory -Dstate.backend.forl0.initial-table-capacity=64 -Dstate.backend.forl0.max-table-capacity=1024 -Dstate.backend.forl0.l0-cache.enabled=false -Dstate.backend.forl0.l0-cache.size=64mb -Dstate.backend.forl0.main-table.load-factor-threshold=0.75 -cp /home/shuhao/forL0-state-backend/docker/deploy/nexmark-flink/lib/*:/home/shuhao/flink-1.20.3/lib/* com.github.nexmark.flink.Benchmark --location /home/shuhao/forL0-state-backend/docker/deploy/nexmark-flink --queries q9 --category oa

Benchmark Queries: [q9]
==================================================================
Start to run query q9 with workload [tps=0, eventsNum=40 M, percentage=bid:46,auction:3,person:1,kafkaServers:null]
Monitor metrics after 10 seconds.
Start to monitor metrics until job is finished.
Monitor TPS metric: vertex=sink, metric=nexmark_q9[16]__Writer.numRecordsInPerSecond
Current Cores=0.01 (2 TMs)
Current Cores=0.01 (2 TMs)
Current Cores=0.01 (2 TMs)
Current Cores=0.01 (2 TMs)
Current Cores=0.01 (2 TMs)
Current Cores=0.01 (2 TMs)
Current Cores=0.01 (2 TMs)
Current Cores=0.01 (2 TMs)
Current Cores=0.01 (2 TMs)
Current Cores=0.01 (2 TMs)
Current Cores=0 (2 TMs)
Current Cores=0.01 (2 TMs)
Current Cores=0.01 (2 TMs)
Current Cores=0.01 (2 TMs)
Current Cores=0.01 (2 TMs)
Current Cores=0.01 (2 TMs)
Current Cores=0 (2 TMs)
Current Cores=0.01 (2 TMs)
Current Cores=0 (2 TMs)
Current Cores=0.01 (2 TMs)
Current Cores=0.01 (2 TMs)
Current Cores=0.01 (2 TMs)
Current Cores=0.01 (2 TMs)
Current Cores=0.01 (2 TMs)
Current Cores=0.01 (2 TMs)
Current Cores=0.01 (2 TMs)
Current Cores=0.01 (2 TMs)
Current Cores=0.01 (2 TMs)
Current Cores=0.01 (2 TMs)
Current Cores=0.01 (2 TMs)
Current Cores=0.01 (2 TMs)
Current Cores=0.01 (2 TMs)
Current Cores=0.01 (2 TMs)
Current Cores=0.01 (2 TMs)
Current Cores=0.01 (2 TMs)
Current Cores=0.01 (2 TMs)
Current Cores=0.01 (2 TMs)
Current Cores=0.01 (2 TMs)
Current Cores=0 (2 TMs)
Current Cores=0.01 (2 TMs)
Current Cores=0 (2 TMs)
Current Cores=0.01 (2 TMs)
Current Cores=0.01 (2 TMs)
Current Cores=0.01 (2 TMs)
Current Cores=0 (2 TMs)
Current Cores=0.26 (2 TMs)
Current Cores=0.08 (2 TMs)
Current Cores=0.01 (2 TMs)
Current Cores=0.01 (2 TMs)
Current Cores=0.01 (2 TMs)
Current Cores=0.01 (2 TMs)
Current Cores=0.01 (2 TMs)
Current Cores=0.01 (2 TMs)
Current Cores=0.01 (2 TMs)
Current Cores=0.01 (2 TMs)
Current Cores=0.01 (2 TMs)
Current Cores=0.01 (2 TMs)
Current Cores=0.01 (2 TMs)
Current Cores=0 (2 TMs)
Current Cores=0.03 (2 TMs)
Current Cores=0.01 (2 TMs)
Current Cores=0.01 (2 TMs)
Current Cores=0 (2 TMs)
Current Cores=0.01 (2 TMs)
Current Cores=0.01 (2 TMs)
Current Cores=0.04 (2 TMs)
Current Cores=0.01 (2 TMs)
Current Cores=0.01 (2 TMs)
Current Cores=0 (2 TMs)
Current Cores=0.01 (2 TMs)
Current Cores=0.01 (2 TMs)
Current Cores=0.01 (2 TMs)
Current Cores=0.01 (2 TMs)
Current Cores=0.01 (2 TMs)
Current Cores=0.01 (2 TMs)
Current Cores=0.01 (2 TMs)
Current Cores=0.01 (2 TMs)
Current Cores=0.01 (2 TMs)
Current Cores=0.01 (2 TMs)
Current Cores=0.01 (2 TMs)
Current Cores=0 (2 TMs)
Current Cores=0.01 (2 TMs)
Current Cores=0.01 (2 TMs)
Current Cores=0.01 (2 TMs)
Current Cores=0 (2 TMs)
Current Cores=0.01 (2 TMs)
Current Cores=0.01 (2 TMs)
Current Cores=0.01 (2 TMs)
Current Cores=0 (2 TMs)
Current Cores=0.01 (2 TMs)
Current Cores=0 (2 TMs)
Current Cores=0.01 (2 TMs)
Current Cores=0 (2 TMs)
Current Cores=0.01 (2 TMs)
Current Cores=0.01 (2 TMs)
Current Cores=0.01 (2 TMs)
Current Cores=0.01 (2 TMs)
Current Cores=0.01 (2 TMs)
Current Cores=0 (2 TMs)
Current Cores=0.01 (2 TMs)
Current Cores=0 (2 TMs)
Current Cores=0.01 (2 TMs)
Current Cores=0.01 (2 TMs)
Current Cores=0.01 (2 TMs)
Current Cores=0.01 (2 TMs)
Current Cores=0.01 (2 TMs)
Current Cores=0 (2 TMs)
Current Cores=0.01 (2 TMs)
Current Cores=0.02 (2 TMs)
Current Cores=0.02 (2 TMs)
Current Cores=0.01 (2 TMs)
Current Cores=0.03 (2 TMs)
Current Cores=0.01 (2 TMs)
Current Cores=0.01 (2 TMs)
Current Cores=0.01 (2 TMs)
Current Cores=0.01 (2 TMs)
Current Cores=0.01 (2 TMs)
Current Cores=0.02 (2 TMs)
Summary Average: EventsNum=40,000,000, Cores=0.01, Time=601.302 s
Stop job query q9
-------------------------------- Nexmark Results --------------------------------

+------+-----------------+--------+----------+-----------------+--------------+-----------------+
| Query| Events Num      | Cores  | Time(s)  | Cores * Time(s) | Throughput   | Throughput/Cores|
+------+-----------------+--------+----------+-----------------+--------------+-----------------+
|q9    |40,000,000       |0.01    |601.302   |6.278            |66.52 K/s     |6.37 M/s         |
|Total |40,000,000       |0.010   |601.302   |6.278            |66.52 K/s     |6.37 M/s         |
+------+-----------------+--------+----------+-----------------+--------------+-----------------+



  Result: 66,520.00 events/sec
  Process wall-clock: 614.66s, 65,077.09 events/sec

=== Running Nexmark Q11 (forl0 backend) ===
Events: 80,000,000, TPS: unlimited
Proportions: Person(1):Auction(3):Bid(46)
Command: java -Dlog.file=/home/shuhao/forL0-state-backend/docker/deploy/nexmark-flink/log/nexmark-flink.log -Dlog4j.configuration=file:/tmp/nexmark-conf-17i8jytg/log4j.properties -Dlog4j.configurationFile=file:/tmp/nexmark-conf-17i8jytg/log4j.properties -Dstate.backend.type=org.apache.flink.state.forl0.ForL0StateBackendFactory -Dstate.backend.forl0.initial-table-capacity=256 -Dstate.backend.forl0.max-table-capacity=4096 -Dstate.backend.forl0.l0-cache.enabled=true -Dstate.backend.forl0.l0-cache.size=64mb -Dstate.backend.forl0.main-table.load-factor-threshold=0.75 -cp /home/shuhao/forL0-state-backend/docker/deploy/nexmark-flink/lib/*:/home/shuhao/flink-1.20.3/lib/* com.github.nexmark.flink.Benchmark --location /home/shuhao/forL0-state-backend/docker/deploy/nexmark-flink --queries q11 --category oa

Benchmark Queries: [q11]
==================================================================
Start to run query q11 with workload [tps=0, eventsNum=80 M, percentage=bid:46,auction:3,person:1,kafkaServers:null]
Monitor metrics after 10 seconds.
Start to monitor metrics until job is finished.
Monitor TPS metric: vertex=sink, metric=Calc[7].numRecordsInPerSecond
Current Cores=0 (2 TMs)
Current Cores=0.01 (2 TMs)
Current Cores=0 (2 TMs)
Current Cores=0.01 (2 TMs)
Current Cores=0.01 (2 TMs)
Current Cores=0.01 (2 TMs)
Current Cores=0.01 (2 TMs)
Current Cores=0.12 (2 TMs)
Current Cores=0.01 (2 TMs)
Current Cores=0.01 (2 TMs)
Current Cores=0 (2 TMs)
Current Cores=0.01 (2 TMs)
Current Cores=0 (2 TMs)
Current Cores=0.01 (2 TMs)
Current Cores=0.01 (2 TMs)
Current Cores=0.01 (2 TMs)
Current Cores=0 (2 TMs)
Current Cores=0.01 (2 TMs)
Current Cores=0 (2 TMs)
Current Cores=0.01 (2 TMs)
Current Cores=0.01 (2 TMs)
Current Cores=0.01 (2 TMs)
Current Cores=0 (2 TMs)
Current Cores=0.01 (2 TMs)
Current Cores=0.01 (2 TMs)
Current Cores=0.01 (2 TMs)
Current Cores=0.01 (2 TMs)
Current Cores=0.01 (2 TMs)
Current Cores=0 (2 TMs)
Current Cores=0.01 (2 TMs)
Current Cores=0 (2 TMs)
Current Cores=0.01 (2 TMs)
Current Cores=0 (2 TMs)
Current Cores=0.01 (2 TMs)
Current Cores=0.01 (2 TMs)
Current Cores=0.01 (2 TMs)
Current Cores=0 (2 TMs)
Current Cores=0.01 (2 TMs)
Current Cores=0.01 (2 TMs)
Current Cores=0.01 (2 TMs)
Current Cores=0.01 (2 TMs)
Current Cores=0.02 (2 TMs)
Current Cores=0 (2 TMs)
Current Cores=0.01 (2 TMs)
Current Cores=0.01 (2 TMs)
Current Cores=0.01 (2 TMs)
Current Cores=0 (2 TMs)
Current Cores=0.01 (2 TMs)
Current Cores=0.01 (2 TMs)
Current Cores=0.01 (2 TMs)
Current Cores=0.01 (2 TMs)
Current Cores=0.01 (2 TMs)
Current Cores=0.01 (2 TMs)
Current Cores=0.01 (2 TMs)
Current Cores=0 (2 TMs)
Current Cores=0.01 (2 TMs)
Current Cores=0.01 (2 TMs)
Current Cores=0.01 (2 TMs)
Current Cores=0.01 (2 TMs)
Current Cores=0.01 (2 TMs)
Current Cores=0 (2 TMs)
Current Cores=0.01 (2 TMs)
Current Cores=0.01 (2 TMs)
Current Cores=0.01 (2 TMs)
Current Cores=0 (2 TMs)
Current Cores=0.01 (2 TMs)
Current Cores=0.01 (2 TMs)
Current Cores=0.01 (2 TMs)
Current Cores=0.01 (2 TMs)
Current Cores=0.01 (2 TMs)
Current Cores=0 (2 TMs)
Current Cores=0.01 (2 TMs)
Current Cores=0.01 (2 TMs)
Current Cores=0.01 (2 TMs)
Current Cores=0.01 (2 TMs)
Current Cores=0.01 (2 TMs)
Current Cores=0 (2 TMs)
Current Cores=0.01 (2 TMs)
Current Cores=0.01 (2 TMs)
Current Cores=0.01 (2 TMs)
Current Cores=0 (2 TMs)
Current Cores=0.01 (2 TMs)
Current Cores=0.01 (2 TMs)
Current Cores=0.01 (2 TMs)
Current Cores=0 (2 TMs)
Current Cores=0.01 (2 TMs)
Current Cores=0 (2 TMs)
Current Cores=0.01 (2 TMs)
Current Cores=0.01 (2 TMs)
Current Cores=0.01 (2 TMs)
Current Cores=0.01 (2 TMs)
Current Cores=0.01 (2 TMs)
Current Cores=0.01 (2 TMs)
Current Cores=0.01 (2 TMs)
Current Cores=0.01 (2 TMs)
Current Cores=0 (2 TMs)
Current Cores=0.01 (2 TMs)
Current Cores=0.01 (2 TMs)
Current Cores=0 (2 TMs)
Current Cores=0.01 (2 TMs)
Current Cores=0 (2 TMs)
Current Cores=0.01 (2 TMs)
Current Cores=0.01 (2 TMs)
Current Cores=0.01 (2 TMs)
Current Cores=0.01 (2 TMs)
Current Cores=0.01 (2 TMs)
Current Cores=0 (2 TMs)
Current Cores=0.01 (2 TMs)
Current Cores=0 (2 TMs)
Current Cores=0.01 (2 TMs)
Current Cores=0 (2 TMs)
Current Cores=0.01 (2 TMs)
Current Cores=0 (2 TMs)
Current Cores=0.01 (2 TMs)
Current Cores=0.01 (2 TMs)
Current Cores=0.01 (2 TMs)
Current Cores=0 (2 TMs)
Current Cores=0.01 (2 TMs)
Summary Average: EventsNum=80,000,000, Cores=0.01, Time=599.638 s
Stop job query q11
-------------------------------- Nexmark Results --------------------------------

+------+-----------------+--------+----------+-----------------+--------------+-----------------+
| Query| Events Num      | Cores  | Time(s)  | Cores * Time(s) | Throughput   | Throughput/Cores|
+------+-----------------+--------+----------+-----------------+--------------+-----------------+
|q11   |80,000,000       |0.01    |599.638   |4.777            |133.41 K/s    |16.75 M/s        |
|Total |80,000,000       |0.008   |599.638   |4.777            |133.41 K/s    |16.75 M/s        |
+------+-----------------+--------+----------+-----------------+--------------+-----------------+



  Result: 133,410.00 events/sec
  Process wall-clock: 612.57s, 130,598.26 events/sec

=== Running Nexmark Q18 (forl0 backend) ===
Events: 80,000,000, TPS: unlimited
Proportions: Person(1):Auction(3):Bid(46)
Command: java -Dlog.file=/home/shuhao/forL0-state-backend/docker/deploy/nexmark-flink/log/nexmark-flink.log -Dlog4j.configuration=file:/tmp/nexmark-conf-38h23vqv/log4j.properties -Dlog4j.configurationFile=file:/tmp/nexmark-conf-38h23vqv/log4j.properties -Dstate.backend.type=org.apache.flink.state.forl0.ForL0StateBackendFactory -Dstate.backend.forl0.initial-table-capacity=256 -Dstate.backend.forl0.max-table-capacity=4096 -Dstate.backend.forl0.l0-cache.enabled=true -Dstate.backend.forl0.l0-cache.size=64mb -Dstate.backend.forl0.main-table.load-factor-threshold=0.75 -cp /home/shuhao/forL0-state-backend/docker/deploy/nexmark-flink/lib/*:/home/shuhao/flink-1.20.3/lib/* com.github.nexmark.flink.Benchmark --location /home/shuhao/forL0-state-backend/docker/deploy/nexmark-flink --queries q18 --category oa

Benchmark Queries: [q18]
==================================================================
Start to run query q18 with workload [tps=0, eventsNum=80 M, percentage=bid:46,auction:3,person:1,kafkaServers:null]
Monitor metrics after 10 seconds.
Start to monitor metrics until job is finished.
Monitor TPS metric: vertex=sink, metric=nexmark_q18[9]__Writer.numRecordsInPerSecond
Current Cores=0 (2 TMs)
Current Cores=0.01 (2 TMs)
Current Cores=0.01 (2 TMs)
Current Cores=0.01 (2 TMs)
Current Cores=0.01 (2 TMs)
Current Cores=0.01 (2 TMs)
Current Cores=0.01 (2 TMs)
Current Cores=0.01 (2 TMs)
Current Cores=0 (2 TMs)
Current Cores=0.01 (2 TMs)
Current Cores=0 (2 TMs)
Current Cores=0.01 (2 TMs)
Current Cores=0.01 (2 TMs)
Current Cores=0.01 (2 TMs)
Current Cores=0 (2 TMs)
Current Cores=0.01 (2 TMs)
Current Cores=0.01 (2 TMs)
Current Cores=0.01 (2 TMs)
Current Cores=0.01 (2 TMs)
Current Cores=0.01 (2 TMs)
Current Cores=0.01 (2 TMs)
Current Cores=0.01 (2 TMs)
Current Cores=0.01 (2 TMs)
Current Cores=0.01 (2 TMs)
Current Cores=0.01 (2 TMs)
Current Cores=0.01 (2 TMs)
Current Cores=0.01 (2 TMs)
Current Cores=0.01 (2 TMs)
Current Cores=0 (2 TMs)
Current Cores=0.01 (2 TMs)
Current Cores=0.01 (2 TMs)
Current Cores=0.01 (2 TMs)
Current Cores=0 (2 TMs)
Current Cores=0.01 (2 TMs)
Current Cores=0.01 (2 TMs)
Current Cores=0.01 (2 TMs)
Current Cores=0.01 (2 TMs)
Current Cores=0.01 (2 TMs)
Current Cores=0.01 (2 TMs)
Current Cores=0.01 (2 TMs)
Current Cores=0.01 (2 TMs)
Current Cores=0.01 (2 TMs)
Current Cores=0.01 (2 TMs)
Current Cores=0.01 (2 TMs)
Current Cores=0.01 (2 TMs)
Current Cores=0.01 (2 TMs)
Current Cores=0.01 (2 TMs)
Current Cores=0.01 (2 TMs)
Current Cores=0.01 (2 TMs)
Current Cores=0.01 (2 TMs)
Current Cores=0 (2 TMs)
Current Cores=0.01 (2 TMs)
Current Cores=0 (2 TMs)
Current Cores=0.01 (2 TMs)
Current Cores=0 (2 TMs)
Current Cores=0.01 (2 TMs)
Current Cores=0.01 (2 TMs)
Current Cores=0.01 (2 TMs)
Current Cores=0.01 (2 TMs)
Current Cores=0.01 (2 TMs)
Current Cores=0 (2 TMs)
Current Cores=0.01 (2 TMs)
Current Cores=0.01 (2 TMs)
Current Cores=0.01 (2 TMs)
Current Cores=0 (2 TMs)
Current Cores=0.01 (2 TMs)
Current Cores=0.01 (2 TMs)
Current Cores=0.01 (2 TMs)
Current Cores=0.01 (2 TMs)
Current Cores=0.01 (2 TMs)
Current Cores=0 (2 TMs)
Current Cores=0.01 (2 TMs)
Current Cores=0.01 (2 TMs)
Current Cores=0.01 (2 TMs)
Current Cores=0.01 (2 TMs)
Current Cores=0.01 (2 TMs)
Current Cores=0.01 (2 TMs)
Current Cores=0.01 (2 TMs)
Current Cores=0 (2 TMs)
Current Cores=0.01 (2 TMs)
Current Cores=0 (2 TMs)
Current Cores=0.01 (2 TMs)
Current Cores=0.01 (2 TMs)
Current Cores=0.01 (2 TMs)
Current Cores=0.01 (2 TMs)
Current Cores=0.01 (2 TMs)
Current Cores=0 (2 TMs)
Current Cores=0.01 (2 TMs)
Current Cores=0 (2 TMs)
Current Cores=0.01 (2 TMs)
Current Cores=0.01 (2 TMs)
Current Cores=0.01 (2 TMs)
Current Cores=0.01 (2 TMs)
Current Cores=0.01 (2 TMs)
Current Cores=0 (2 TMs)
Current Cores=0.01 (2 TMs)
Current Cores=0.01 (2 TMs)
Current Cores=0.01 (2 TMs)
Current Cores=0.01 (2 TMs)
Current Cores=0.01 (2 TMs)
Current Cores=0 (2 TMs)
Current Cores=0.01 (2 TMs)
Current Cores=0.01 (2 TMs)
Current Cores=0.01 (2 TMs)
Current Cores=0 (2 TMs)
Current Cores=0.01 (2 TMs)
Current Cores=0 (2 TMs)
Current Cores=0.01 (2 TMs)
Current Cores=0 (2 TMs)
Current Cores=0.01 (2 TMs)
Current Cores=0.01 (2 TMs)
Current Cores=0.01 (2 TMs)
Current Cores=0 (2 TMs)
Current Cores=0.01 (2 TMs)
Current Cores=0 (2 TMs)
Current Cores=0.01 (2 TMs)
Current Cores=0.01 (2 TMs)
Current Cores=0.01 (2 TMs)
Current Cores=0 (2 TMs)
Current Cores=0.01 (2 TMs)
Summary Average: EventsNum=80,000,000, Cores=0.01, Time=607.216 s
Stop job query q18
-------------------------------- Nexmark Results --------------------------------

+------+-----------------+--------+----------+-----------------+--------------+-----------------+
| Query| Events Num      | Cores  | Time(s)  | Cores * Time(s) | Throughput   | Throughput/Cores|
+------+-----------------+--------+----------+-----------------+--------------+-----------------+
|q18   |80,000,000       |0.01    |607.216   |4.281            |131.75 K/s    |18.69 M/s        |
|Total |80,000,000       |0.007   |607.216   |4.281            |131.75 K/s    |18.69 M/s        |
+------+-----------------+--------+----------+-----------------+--------------+-----------------+



  Result: 131,750.00 events/sec
  Process wall-clock: 619.79s, 129,076.59 events/sec

=== Running Nexmark Q19 (forl0 backend) ===
Events: 80,000,000, TPS: unlimited
Proportions: Person(1):Auction(3):Bid(46)
Command: java -Dlog.file=/home/shuhao/forL0-state-backend/docker/deploy/nexmark-flink/log/nexmark-flink.log -Dlog4j.configuration=file:/tmp/nexmark-conf-adqouf59/log4j.properties -Dlog4j.configurationFile=file:/tmp/nexmark-conf-adqouf59/log4j.properties -Dstate.backend.type=org.apache.flink.state.forl0.ForL0StateBackendFactory -Dstate.backend.forl0.initial-table-capacity=256 -Dstate.backend.forl0.max-table-capacity=4096 -Dstate.backend.forl0.l0-cache.enabled=true -Dstate.backend.forl0.l0-cache.size=64mb -Dstate.backend.forl0.main-table.load-factor-threshold=0.75 -cp /home/shuhao/forL0-state-backend/docker/deploy/nexmark-flink/lib/*:/home/shuhao/flink-1.20.3/lib/* com.github.nexmark.flink.Benchmark --location /home/shuhao/forL0-state-backend/docker/deploy/nexmark-flink --queries q19 --category oa

Benchmark Queries: [q19]
==================================================================
Start to run query q19 with workload [tps=0, eventsNum=80 M, percentage=bid:46,auction:3,person:1,kafkaServers:null]
Monitor metrics after 10 seconds.
Start to monitor metrics until job is finished.
Monitor TPS metric: vertex=sink, metric=Calc[8].numRecordsInPerSecond
Current Cores=0 (2 TMs)
Current Cores=0.01 (2 TMs)
Current Cores=0.01 (2 TMs)
Current Cores=0.01 (2 TMs)
Current Cores=0.01 (2 TMs)
Current Cores=0.01 (2 TMs)
Current Cores=0.01 (2 TMs)
Current Cores=0.01 (2 TMs)
Current Cores=0.01 (2 TMs)
Current Cores=0.01 (2 TMs)
Current Cores=0.01 (2 TMs)
Current Cores=0.01 (2 TMs)
Current Cores=0.01 (2 TMs)
Current Cores=0 (2 TMs)
Current Cores=0.01 (2 TMs)
Current Cores=0.01 (2 TMs)
Current Cores=0 (2 TMs)
Current Cores=0.01 (2 TMs)
Current Cores=0.01 (2 TMs)
Current Cores=0.01 (2 TMs)
Current Cores=0.01 (2 TMs)
Current Cores=0.01 (2 TMs)
Current Cores=0.01 (2 TMs)
Current Cores=0.01 (2 TMs)
Current Cores=0.01 (2 TMs)
Current Cores=0.01 (2 TMs)
Current Cores=0.01 (2 TMs)
Current Cores=0.01 (2 TMs)
Current Cores=0.01 (2 TMs)
Current Cores=0.01 (2 TMs)
Current Cores=0 (2 TMs)
Current Cores=0.01 (2 TMs)
Current Cores=0.01 (2 TMs)
Current Cores=0.01 (2 TMs)
Current Cores=0.01 (2 TMs)
Current Cores=0.01 (2 TMs)
Current Cores=0.01 (2 TMs)
Current Cores=0.01 (2 TMs)
Current Cores=0.01 (2 TMs)
Current Cores=0.01 (2 TMs)
Current Cores=0 (2 TMs)
Current Cores=0.01 (2 TMs)
Current Cores=0 (2 TMs)
Current Cores=0.01 (2 TMs)
Current Cores=0.01 (2 TMs)
Current Cores=0.01 (2 TMs)
Current Cores=0.01 (2 TMs)
Current Cores=0.01 (2 TMs)
Current Cores=0.01 (2 TMs)
Current Cores=0.01 (2 TMs)
Current Cores=0.01 (2 TMs)
Current Cores=0.01 (2 TMs)
Current Cores=0.01 (2 TMs)
Current Cores=0.01 (2 TMs)
Current Cores=0 (2 TMs)
Current Cores=0.02 (2 TMs)
Current Cores=0.01 (2 TMs)
Current Cores=0.01 (2 TMs)
Current Cores=0.01 (2 TMs)
Current Cores=0.01 (2 TMs)
Current Cores=0.01 (2 TMs)
Current Cores=0.01 (2 TMs)
Current Cores=0.01 (2 TMs)
Current Cores=0.01 (2 TMs)
Current Cores=0.01 (2 TMs)
Current Cores=0.01 (2 TMs)
Current Cores=0.01 (2 TMs)
Current Cores=0.01 (2 TMs)
Current Cores=0.01 (2 TMs)
Current Cores=0.01 (2 TMs)
Current Cores=0.01 (2 TMs)
Current Cores=0.01 (2 TMs)
Current Cores=0 (2 TMs)
Current Cores=0.01 (2 TMs)
Current Cores=0 (2 TMs)
Current Cores=0.01 (2 TMs)
Current Cores=0.01 (2 TMs)
Current Cores=0.01 (2 TMs)
Current Cores=0.01 (2 TMs)
Current Cores=0.01 (2 TMs)
Current Cores=0 (2 TMs)
Current Cores=0.01 (2 TMs)
Current Cores=0 (2 TMs)
Current Cores=0.01 (2 TMs)
Current Cores=0.01 (2 TMs)
Current Cores=0.01 (2 TMs)
Current Cores=0.01 (2 TMs)
Current Cores=0.01 (2 TMs)
Current Cores=0.01 (2 TMs)
Current Cores=0.01 (2 TMs)
Current Cores=0.01 (2 TMs)
Current Cores=0.01 (2 TMs)
Current Cores=0.01 (2 TMs)
Current Cores=0.01 (2 TMs)
Current Cores=0.01 (2 TMs)
Current Cores=0.01 (2 TMs)
Current Cores=0.01 (2 TMs)
Current Cores=0.01 (2 TMs)
Current Cores=0.01 (2 TMs)
Current Cores=0.01 (2 TMs)
Current Cores=0 (2 TMs)
Current Cores=0.01 (2 TMs)
Current Cores=0 (2 TMs)
Current Cores=0.01 (2 TMs)
Current Cores=0.01 (2 TMs)
Current Cores=0.01 (2 TMs)
Current Cores=0.01 (2 TMs)
Current Cores=0.01 (2 TMs)
Current Cores=0.01 (2 TMs)
Current Cores=0.01 (2 TMs)
Current Cores=0 (2 TMs)
Current Cores=0.03 (2 TMs)
Current Cores=0 (2 TMs)
Current Cores=0.05 (2 TMs)
Current Cores=0 (2 TMs)
Current Cores=0.01 (2 TMs)
Current Cores=0 (2 TMs)
Current Cores=0.01 (2 TMs)
Current Cores=0.01 (2 TMs)
Current Cores=0.01 (2 TMs)
Summary Average: EventsNum=80,000,000, Cores=0.01, Time=607.675 s
Stop job query q19
-------------------------------- Nexmark Results --------------------------------

+------+-----------------+--------+----------+-----------------+--------------+-----------------+
| Query| Events Num      | Cores  | Time(s)  | Cores * Time(s) | Throughput   | Throughput/Cores|
+------+-----------------+--------+----------+-----------------+--------------+-----------------+
|q19   |80,000,000       |0.01    |607.675   |4.791            |131.65 K/s    |16.7 M/s         |
|Total |80,000,000       |0.008   |607.675   |4.791            |131.65 K/s    |16.7 M/s         |
+------+-----------------+--------+----------+-----------------+--------------+-----------------+



  Result: 131,650.00 events/sec
  Process wall-clock: 620.85s, 128,855.11 events/sec

=== Running Nexmark Q20 (forl0 backend) ===
Events: 60,000,000, TPS: unlimited
Proportions: Person(1):Auction(3):Bid(46)
Command: java -Dlog.file=/home/shuhao/forL0-state-backend/docker/deploy/nexmark-flink/log/nexmark-flink.log -Dlog4j.configuration=file:/tmp/nexmark-conf-1sy31uec/log4j.properties -Dlog4j.configurationFile=file:/tmp/nexmark-conf-1sy31uec/log4j.properties -Dstate.backend.type=org.apache.flink.state.forl0.ForL0StateBackendFactory -Dstate.backend.forl0.initial-table-capacity=256 -Dstate.backend.forl0.max-table-capacity=4096 -Dstate.backend.forl0.l0-cache.enabled=true -Dstate.backend.forl0.l0-cache.size=64mb -Dstate.backend.forl0.main-table.load-factor-threshold=0.75 -cp /home/shuhao/forL0-state-backend/docker/deploy/nexmark-flink/lib/*:/home/shuhao/flink-1.20.3/lib/* com.github.nexmark.flink.Benchmark --location /home/shuhao/forL0-state-backend/docker/deploy/nexmark-flink --queries q20 --category oa

Benchmark Queries: [q20]
==================================================================
Start to run query q20 with workload [tps=0, eventsNum=60 M, percentage=bid:46,auction:3,person:1,kafkaServers:null]
Monitor metrics after 10 seconds.
Start to monitor metrics until job is finished.
Monitor TPS metric: vertex=sink, metric=Join[12].numRecordsInPerSecond
Current Cores=0.01 (2 TMs)
Current Cores=0.01 (2 TMs)
Current Cores=0.01 (2 TMs)
Current Cores=0.01 (2 TMs)
Current Cores=0.01 (2 TMs)
Current Cores=0.01 (2 TMs)
Current Cores=0.01 (2 TMs)
Current Cores=0.01 (2 TMs)
Current Cores=0.01 (2 TMs)
Current Cores=0.01 (2 TMs)
Current Cores=0.01 (2 TMs)
Current Cores=0.01 (2 TMs)
Current Cores=0.01 (2 TMs)
Current Cores=0.01 (2 TMs)
Current Cores=0.01 (2 TMs)
Current Cores=0.01 (2 TMs)
Current Cores=0.01 (2 TMs)
Current Cores=0.01 (2 TMs)
Current Cores=0 (2 TMs)
Current Cores=0.01 (2 TMs)
Current Cores=0.01 (2 TMs)
Current Cores=0.01 (2 TMs)
Current Cores=0.01 (2 TMs)
Current Cores=0.01 (2 TMs)
Current Cores=0 (2 TMs)
Current Cores=0.01 (2 TMs)
Current Cores=0.01 (2 TMs)
Current Cores=0.01 (2 TMs)
Current Cores=0.01 (2 TMs)
Current Cores=0.01 (2 TMs)
Current Cores=0.01 (2 TMs)
Current Cores=0.01 (2 TMs)
Current Cores=0 (2 TMs)
Current Cores=0.01 (2 TMs)
Current Cores=0.01 (2 TMs)
Current Cores=0.01 (2 TMs)
Current Cores=0 (2 TMs)
Current Cores=0.01 (2 TMs)
Current Cores=0.01 (2 TMs)
Current Cores=0 (2 TMs)
Current Cores=0 (2 TMs)
Current Cores=0.01 (2 TMs)
Current Cores=0.01 (2 TMs)
Current Cores=0.01 (2 TMs)
Current Cores=0.01 (2 TMs)
Current Cores=0.01 (2 TMs)
Current Cores=0 (2 TMs)
Current Cores=0.01 (2 TMs)
Current Cores=0.01 (2 TMs)
Current Cores=0.01 (2 TMs)
Current Cores=0 (2 TMs)
Current Cores=0.01 (2 TMs)
Current Cores=0 (2 TMs)
Current Cores=0.01 (2 TMs)
Current Cores=0 (2 TMs)
Current Cores=0.01 (2 TMs)
Current Cores=0.01 (2 TMs)
Current Cores=0.01 (2 TMs)
Current Cores=0.01 (2 TMs)
Current Cores=0 (2 TMs)
Current Cores=0.01 (2 TMs)
Current Cores=0.01 (2 TMs)
Current Cores=0 (2 TMs)
Current Cores=0.01 (2 TMs)
Current Cores=0.01 (2 TMs)
Current Cores=0.01 (2 TMs)
Current Cores=0.01 (2 TMs)
Current Cores=0.01 (2 TMs)
Current Cores=0 (2 TMs)
Current Cores=0.01 (2 TMs)
Current Cores=0.01 (2 TMs)
Current Cores=0.01 (2 TMs)
Current Cores=0.01 (2 TMs)
Current Cores=0.01 (2 TMs)
Current Cores=0.01 (2 TMs)
Current Cores=0.01 (2 TMs)
Current Cores=0.01 (2 TMs)
Current Cores=0.01 (2 TMs)
Current Cores=0.01 (2 TMs)
Current Cores=0.01 (2 TMs)
Current Cores=0.01 (2 TMs)
Current Cores=0.01 (2 TMs)
Current Cores=0 (2 TMs)
Current Cores=0.01 (2 TMs)
Current Cores=0.01 (2 TMs)
Current Cores=0.04 (2 TMs)
Current Cores=0.01 (2 TMs)
Current Cores=0.01 (2 TMs)
Current Cores=0.01 (2 TMs)
Current Cores=0.01 (2 TMs)
Current Cores=0.01 (2 TMs)
Current Cores=0.01 (2 TMs)
Current Cores=0.01 (2 TMs)
Current Cores=0.02 (2 TMs)
Current Cores=0.01 (2 TMs)
Current Cores=0.01 (2 TMs)
Current Cores=0.01 (2 TMs)
Current Cores=0.01 (2 TMs)
Current Cores=0.01 (2 TMs)
Current Cores=0.01 (2 TMs)
Current Cores=0.01 (2 TMs)
Current Cores=0.01 (2 TMs)
Current Cores=0.01 (2 TMs)
Current Cores=0.01 (2 TMs)
Current Cores=0 (2 TMs)
Current Cores=0.01 (2 TMs)
Current Cores=0 (2 TMs)
Current Cores=0.01 (2 TMs)
Current Cores=0.01 (2 TMs)
Current Cores=0.01 (2 TMs)
Current Cores=0 (2 TMs)
Current Cores=0.01 (2 TMs)
Current Cores=0.01 (2 TMs)
Current Cores=0.01 (2 TMs)
Current Cores=0.01 (2 TMs)
Current Cores=0.01 (2 TMs)
Current Cores=0.01 (2 TMs)
Current Cores=0.01 (2 TMs)
Current Cores=0 (2 TMs)
Summary Average: EventsNum=60,000,000, Cores=0.01, Time=602.678 s
Stop job query q20
-------------------------------- Nexmark Results --------------------------------

+------+-----------------+--------+----------+-----------------+--------------+-----------------+
| Query| Events Num      | Cores  | Time(s)  | Cores * Time(s) | Throughput   | Throughput/Cores|
+------+-----------------+--------+----------+-----------------+--------------+-----------------+
|q20   |60,000,000       |0.01    |602.678   |4.224            |99.56 K/s     |14.21 M/s        |
|Total |60,000,000       |0.007   |602.678   |4.224            |99.56 K/s     |14.21 M/s        |
+------+-----------------+--------+----------+-----------------+--------------+-----------------+



  Result: 99,560.00 events/sec
  Process wall-clock: 616.11s, 97,385.30 events/sec

--- forl0 Summary ---
  q4: 131,860 events/sec (16,620,000/core), process 128,989 events/sec in 620.21s
  q5: 131,480 events/sec (17,690,000/core), process 128,654 events/sec in 621.82s
  q8: 165,690 events/sec (20,930,000/core), process 162,046 events/sec in 617.11s
  q9: 66,520 events/sec (6,370,000/core), process 65,077 events/sec in 614.66s
  q11: 133,410 events/sec (16,750,000/core), process 130,598 events/sec in 612.57s
  q18: 131,750 events/sec (18,690,000/core), process 129,077 events/sec in 619.79s
  q19: 131,650 events/sec (16,700,000/core), process 128,855 events/sec in 620.85s
  q20: 99,560 events/sec (14,210,000/core), process 97,385 events/sec in 616.11s

[Nexmark] Results saved to: /home/shuhao/forL0-state-backend/benchmark/results/nexmark_20260709_184420/nexmark_results.json

============================================================
Backend Comparison
============================================================

forl0 vs hashmap:
  q11: 130,598 vs 128,871 (+1.3%, process throughput)
  q18: 129,077 vs 128,954 (+0.1%, process throughput)
  q19: 128,855 vs 128,917 (-0.0%, process throughput)
  q20: 97,385 vs 96,783 (+0.6%, process throughput)
  q4: 128,989 vs 128,474 (+0.4%, process throughput)
  q5: 128,654 vs 129,010 (-0.3%, process throughput)
  q8: 162,046 vs 163,167 (-0.7%, process throughput)
  q9: 65,077 vs 64,480 (+0.9%, process throughput)

============================================================
Running Client Usecase Benchmark
============================================================

=== Running Client Usecase Benchmark (hashmap backend) ===

Flink cluster: http://localhost:8081
Parameters: driver=csv_replay, desiredTotalInputRecords=300, parallelism=2, leftStreamTarget=150, rightStreamTarget=150, leftPerSubtask=75, rightPerSubtask=75, estimatedActualTotal=300, checkpointInterval=0
Warning: customer source applies env parallelism to each source instance and uses event-time timers without watermark emission. This runner compensates the record count at submission time, but long-running jobs can still accumulate state faster than expected.
Command: /home/shuhao/flink-1.20.3/bin/flink run -Dstate.backend.type=org.apache.flink.runtime.state.hashmap.HashMapStateBackendFactory /home/shuhao/forL0-state-backend/docker/deploy/flink-keyedcoprocessfunction-example-1.0-SNAPSHOT-jar-with-dependencies.jar --leftNumRecords 75 --rightNumRecords 75 --parallelism 2 --checkpointInterval 0

Job has been submitted with JobID 9129ab7a404b57a5a3daa157948e9ab2

  Job submitted: 9129ab7a404b57a5a3daa157948e9ab2
  Job state: RUNNING
  All sources finished; cancelling job for clean bounded benchmark shutdown...
  Job state: CANCELED
Result saved to: /home/shuhao/forL0-state-backend/benchmark/results/raw/client_usecase_hashmap_20260709_212945.json

=== Running Client Usecase Benchmark (forl0 backend) ===

Flink cluster: http://localhost:8081
Parameters: driver=csv_replay, desiredTotalInputRecords=300, parallelism=2, leftStreamTarget=150, rightStreamTarget=150, leftPerSubtask=75, rightPerSubtask=75, estimatedActualTotal=300, checkpointInterval=0
Warning: customer source applies env parallelism to each source instance and uses event-time timers without watermark emission. This runner compensates the record count at submission time, but long-running jobs can still accumulate state faster than expected.
Command: /home/shuhao/flink-1.20.3/bin/flink run -Dstate.backend.type=org.apache.flink.state.forl0.ForL0StateBackendFactory -Dstate.backend.forl0.initial-table-capacity=512 -Dstate.backend.forl0.max-table-capacity=8192 -Dstate.backend.forl0.l0-cache.enabled=true -Dstate.backend.forl0.l0-cache.size=128mb -Dstate.backend.forl0.main-table.load-factor-threshold=0.8 -DforL0.metricsCollector.enabled=true /home/shuhao/forL0-state-backend/docker/deploy/flink-keyedcoprocessfunction-example-1.0-SNAPSHOT-jar-with-dependencies.jar --leftNumRecords 75 --rightNumRecords 75 --parallelism 2 --checkpointInterval 0

Job has been submitted with JobID 49ffd66fd9f7ee2ebf95dcb1f357b5e2

  Job submitted: 49ffd66fd9f7ee2ebf95dcb1f357b5e2
  Job state: RUNNING
  All sources finished; cancelling job for clean bounded benchmark shutdown...
  Job state: CANCELED
Result saved to: /home/shuhao/forL0-state-backend/benchmark/results/raw/client_usecase_forl0_20260709_212957.json

============================================================
Running Benchset (Seven Paper Workloads)
============================================================

============================================================
  BENCHMARK: WC
============================================================

=== Running WC Benchmark via original WordCount benchmark ===

=== Running WordCount Benchmark (hashmap backend) ===

Flink cluster: http://localhost:8081
Command: /home/shuhao/flink-1.20.3/bin/flink run -Dstate.backend.type=org.apache.flink.runtime.state.hashmap.HashMapStateBackendFactory /home/shuhao/forL0-state-backend/benchmark/wordcount/target/wordcount-benchmark-1.0-SNAPSHOT.jar --numKeys 1000000 --numRecords 100000000 --arrivalRate 0 --skewFactor 1.1 --workloadMode sliding_window --keyType string --windowSize 5 --slideSize 200 --parallelism 2 --checkpointInterval 3000 --backend hashmap

=== WordCount Benchmark ===
workloadMode: sliding_window
numKeys: 1000000
numRecords: 100000000
keyType: string
skewFactor: 1.1
arrivalRate: unlimited
windowSize: 5s
slideSize: 200ms
parallelism: 2
checkpointing: 3000ms
============================================================
Job has been submitted with JobID f8c054df546f7d440605fc87fe26fc2d
Program execution finished
Job with JobID f8c054df546f7d440605fc87fe26fc2d has finished.
Job Runtime: 1620819 ms


Result saved to: /home/shuhao/forL0-state-backend/benchmark/results/raw/benchset_wc_hashmap_20260709_215704.json

=== Running WC Benchmark via original WordCount benchmark ===

=== Running WordCount Benchmark (forl0 backend) ===

Flink cluster: http://localhost:8081
Command: /home/shuhao/flink-1.20.3/bin/flink run -Dstate.backend.type=org.apache.flink.state.forl0.ForL0StateBackendFactory -Dstate.backend.forl0.initial-table-capacity=512 -Dstate.backend.forl0.max-table-capacity=4096 -Dstate.backend.forl0.l0-cache.enabled=true -Dstate.backend.forl0.l0-cache.size=96mb -Dstate.backend.forl0.main-table.load-factor-threshold=0.8 -DforL0.metricsCollector.enabled=true /home/shuhao/forL0-state-backend/benchmark/wordcount/target/wordcount-benchmark-1.0-SNAPSHOT.jar --numKeys 1000000 --numRecords 100000000 --arrivalRate 0 --skewFactor 1.1 --workloadMode sliding_window --keyType string --windowSize 5 --slideSize 200 --parallelism 2 --checkpointInterval 3000 --backend forl0

=== WordCount Benchmark ===
workloadMode: sliding_window
numKeys: 1000000
numRecords: 100000000
keyType: string
skewFactor: 1.1
arrivalRate: unlimited
windowSize: 5s
slideSize: 200ms
parallelism: 2
checkpointing: 3000ms
============================================================
Job has been submitted with JobID 1cb384eb7eb3d24f1b60befe1bbff8a8
Program execution finished
Job with JobID 1cb384eb7eb3d24f1b60befe1bbff8a8 has finished.
Job Runtime: 3378918 ms


Result saved to: /home/shuhao/forL0-state-backend/benchmark/results/raw/benchset_wc_forl0_20260709_225327.json

============================================================
  BENCHMARK: FD
============================================================

=== Running FD Benchmark (hashmap) ===
  numKeys: 40,000
  numRecords: 2,000,000
  batchSize: 24
  Command: /home/shuhao/flink-1.20.3/bin/flink run -Dstate.backend.type=org.apache.flink.runtime.state.hashmap.HashMapStateBackendFactory /home/shuhao/forL0-state-backend/benchmark/benchset/target/benchset-1.0-SNAPSHOT.jar --benchmark fd ... fd

  Job submitted: 083b30388e7a68426cbf56c1ce28b118
  Job state: RUNNING
  Job state: FINISHED

  Result: 399,521 records/s
          199,760 records/s/core
Result saved to: /home/shuhao/forL0-state-backend/benchmark/results/raw/benchset_fd_hashmap_20260709_225338.json

=== Running FD Benchmark (forl0) ===
  numKeys: 40,000
  numRecords: 2,000,000
  batchSize: 24
  Command: /home/shuhao/flink-1.20.3/bin/flink run -Dstate.backend.type=org.apache.flink.state.forl0.ForL0StateBackendFactory -Dstate.backend.forl0.initial-table-capacity=512 -Dstate.backend.forl0.max-table-capacity=4096 -Dstate.backend.forl0.l0-cache.enabled=true ... fd

  Job submitted: 3fe7a2fc0a96fd0c0a878b1ec2454138
  Job state: RUNNING
  Job state: FINISHED

  Result: 327,172 records/s
          163,586 records/s/core
Result saved to: /home/shuhao/forL0-state-backend/benchmark/results/raw/benchset_fd_forl0_20260709_225349.json

============================================================
  BENCHMARK: SD
============================================================

=== Running SD Benchmark (hashmap) ===
  numKeys: 40,000
  numRecords: 2,000,000
  batchSize: 24
  Command: /home/shuhao/flink-1.20.3/bin/flink run -Dstate.backend.type=org.apache.flink.runtime.state.hashmap.HashMapStateBackendFactory /home/shuhao/forL0-state-backend/benchmark/benchset/target/benchset-1.0-SNAPSHOT.jar --benchmark sd ... sd

  Job submitted: cda0a60e8db72cdf684d9376e14e98e4
  Job state: RUNNING
  Job state: FINISHED

  Result: 395,491 records/s
          197,746 records/s/core
Result saved to: /home/shuhao/forL0-state-backend/benchmark/results/raw/benchset_sd_hashmap_20260709_225401.json

=== Running SD Benchmark (forl0) ===
  numKeys: 40,000
  numRecords: 2,000,000
  batchSize: 24
  Command: /home/shuhao/flink-1.20.3/bin/flink run -Dstate.backend.type=org.apache.flink.state.forl0.ForL0StateBackendFactory -Dstate.backend.forl0.initial-table-capacity=512 -Dstate.backend.forl0.max-table-capacity=4096 -Dstate.backend.forl0.l0-cache.enabled=true ... sd

  Job submitted: c015502e6aa2eb80e5e08f03bf2307ee
  Job state: RUNNING
  Job state: FINISHED

  Result: 396,983 records/s
          198,491 records/s/core
Result saved to: /home/shuhao/forL0-state-backend/benchmark/results/raw/benchset_sd_forl0_20260709_225412.json

============================================================
  BENCHMARK: TM
============================================================

=== Running TM Benchmark (hashmap) ===
  numKeys: 40,000
  numRecords: 1,000,000
  batchSize: 16
  Command: /home/shuhao/flink-1.20.3/bin/flink run -Dstate.backend.type=org.apache.flink.runtime.state.hashmap.HashMapStateBackendFactory /home/shuhao/forL0-state-backend/benchmark/benchset/target/benchset-1.0-SNAPSHOT.jar --benchmark tm ... tm

  Job submitted: 0b0daa6612a7f7e87dd981c8b52d89a6
  Job state: RUNNING
  Job state: FINISHED

  Result: 298,864 records/s
          149,432 records/s/core
Result saved to: /home/shuhao/forL0-state-backend/benchmark/results/raw/benchset_tm_hashmap_20260709_225420.json

=== Running TM Benchmark (forl0) ===
  numKeys: 40,000
  numRecords: 1,000,000
  batchSize: 16
  Command: /home/shuhao/flink-1.20.3/bin/flink run -Dstate.backend.type=org.apache.flink.state.forl0.ForL0StateBackendFactory -Dstate.backend.forl0.initial-table-capacity=512 -Dstate.backend.forl0.max-table-capacity=4096 -Dstate.backend.forl0.l0-cache.enabled=true ... tm

  Job submitted: b8aecd7667c3c4a787f023582f9e8274
  Job state: RUNNING
  Job state: FINISHED

  Result: 299,401 records/s
          149,701 records/s/core
Result saved to: /home/shuhao/forL0-state-backend/benchmark/results/raw/benchset_tm_forl0_20260709_225427.json

============================================================
  BENCHMARK: LG
============================================================

=== Running LG Benchmark (hashmap) ===
  numKeys: 30,000
  numRecords: 1,200,000
  batchSize: 28
  Command: /home/shuhao/flink-1.20.3/bin/flink run -Dstate.backend.type=org.apache.flink.runtime.state.hashmap.HashMapStateBackendFactory /home/shuhao/forL0-state-backend/benchmark/benchset/target/benchset-1.0-SNAPSHOT.jar --benchmark lg ... lg

  Job submitted: cb394645a3c71dcef4bdc9cf24385529
  Job state: RUNNING
  Job state: FINISHED

  Result: 336,134 records/s
          168,067 records/s/core
Result saved to: /home/shuhao/forL0-state-backend/benchmark/results/raw/benchset_lg_hashmap_20260709_225434.json

=== Running LG Benchmark (forl0) ===
  numKeys: 30,000
  numRecords: 1,200,000
  batchSize: 28
  Command: /home/shuhao/flink-1.20.3/bin/flink run -Dstate.backend.type=org.apache.flink.state.forl0.ForL0StateBackendFactory -Dstate.backend.forl0.initial-table-capacity=512 -Dstate.backend.forl0.max-table-capacity=4096 -Dstate.backend.forl0.l0-cache.enabled=true ... lg

  Job submitted: 951f036bd3245efd5793905c4e0cf59d
  Job state: RUNNING
  Job state: FINISHED

  Result: 270,697 records/s
          135,349 records/s/core
Result saved to: /home/shuhao/forL0-state-backend/benchmark/results/raw/benchset_lg_forl0_20260709_225446.json

============================================================
  BENCHMARK: VS
============================================================

=== Running VS Benchmark (hashmap) ===
  numKeys: 30,000
  numRecords: 600,000
  batchSize: 24
  Command: /home/shuhao/flink-1.20.3/bin/flink run -Dstate.backend.type=org.apache.flink.runtime.state.hashmap.HashMapStateBackendFactory /home/shuhao/forL0-state-backend/benchmark/benchset/target/benchset-1.0-SNAPSHOT.jar --benchmark vs ... vs

  Job submitted: ab36ab8d75a3e716049b24d24d05f230
  Job state: RUNNING
  Job state: FINISHED

  Result: 56,791 records/s
          28,396 records/s/core
Result saved to: /home/shuhao/forL0-state-backend/benchmark/results/raw/benchset_vs_hashmap_20260709_225501.json

=== Running VS Benchmark (forl0) ===
  numKeys: 30,000
  numRecords: 600,000
  batchSize: 24
  Command: /home/shuhao/flink-1.20.3/bin/flink run -Dstate.backend.type=org.apache.flink.state.forl0.ForL0StateBackendFactory -Dstate.backend.forl0.initial-table-capacity=512 -Dstate.backend.forl0.max-table-capacity=4096 -Dstate.backend.forl0.l0-cache.enabled=true ... vs

  Job submitted: 39ce3fd699c377bf110a3ae3be7f91dd
  Job state: RUNNING
  Job state: FINISHED

  Result: 38,144 records/s
          19,072 records/s/core
Result saved to: /home/shuhao/forL0-state-backend/benchmark/results/raw/benchset_vs_forl0_20260709_225521.json

============================================================
  BENCHMARK: LR
============================================================

=== Running LR Benchmark (hashmap) ===
  numKeys: 50,000
  numRecords: 1,000,000
  batchSize: 16
  Command: /home/shuhao/flink-1.20.3/bin/flink run -Dstate.backend.type=org.apache.flink.runtime.state.hashmap.HashMapStateBackendFactory /home/shuhao/forL0-state-backend/benchmark/benchset/target/benchset-1.0-SNAPSHOT.jar --benchmark lr ... lr

  Job submitted: 9c6c9ca62528d2940f65e978a06cc923
  Job state: RUNNING
  Job state: FINISHED

  Result: 89,373 records/s
          44,687 records/s/core
Result saved to: /home/shuhao/forL0-state-backend/benchmark/results/raw/benchset_lr_hashmap_20260709_225536.json

=== Running LR Benchmark (forl0) ===
  numKeys: 50,000
  numRecords: 1,000,000
  batchSize: 16
  Command: /home/shuhao/flink-1.20.3/bin/flink run -Dstate.backend.type=org.apache.flink.state.forl0.ForL0StateBackendFactory -Dstate.backend.forl0.initial-table-capacity=512 -Dstate.backend.forl0.max-table-capacity=4096 -Dstate.backend.forl0.l0-cache.enabled=true ... lr

  Job submitted: 0144edeb456097e9fcc6cc666c19bac6
  Job state: RUNNING
  Job state: FINISHED

  Result: 73,508 records/s
          36,754 records/s/core
Result saved to: /home/shuhao/forL0-state-backend/benchmark/results/raw/benchset_lr_forl0_20260709_225556.json

======================================================================
                    BENCHSET SUMMARY
======================================================================
Benchmark      Metric                      hashmap          forl0 Improvement
-----------------------------------------------------------------------------
wc             Throughput (M/s)               0.06           0.03      -52.0%
               Per Core (M/s)                 0.03           0.01

fd             Throughput (M/s)               0.40           0.33      -18.1%
               Per Core (M/s)                 0.20           0.16

sd             Throughput (M/s)               0.40           0.40        0.4%
               Per Core (M/s)                 0.20           0.20

tm             Throughput (M/s)               0.30           0.30        0.2%
               Per Core (M/s)                 0.15           0.15

lg             Throughput (M/s)               0.34           0.27      -19.5%
               Per Core (M/s)                 0.17           0.14

vs             Throughput (M/s)               0.06           0.04      -32.8%
               Per Core (M/s)                 0.03           0.02

lr             Throughput (M/s)               0.09           0.07      -17.8%
               Per Core (M/s)                 0.04           0.04

----------------------------------------------------------------------
Average ForL0 improvement: -19.9%
Status: ✗ Below target (< 60% improvement)
======================================================================

Generating benchset paper figures...
Saved: /home/shuhao/forL0-state-backend/benchmark/results/figures/benchset_throughput_comparison.pdf
Saved: /home/shuhao/forL0-state-backend/benchmark/results/figures/benchset_speedup_summary.pdf
Saved: /home/shuhao/forL0-state-backend/benchmark/results/reports/benchset_summary.md
Benchset figures generated in: benchmark/results/figures/

======================================================================
                    BENCHMARK SUMMARY
======================================================================

## Unit Test Benchmark
--------------------------------------------------

## WordCount Benchmark
--------------------------------------------------
hashmap             :          34,928 records/s/core
forl0               :          14,577 records/s/core
Improvement         :           -58.3%
Status: ✗ FAIL (< 60% improvement)

## Client Usecase Benchmark
--------------------------------------------------
hashmap             :              37 records/s/core
forl0               :              37 records/s/core
Improvement         :             0.0%

## NexMark Benchmark
--------------------------------------------------
Query   Proc(s)     hashmap proc eps     report eps     (/core)    forl0 proc eps     report eps     (/core)    Improv
----------------------------------------------------------------------------------------------------------------------
Q11     620.78            128.87 K/s     131.58 K/s   17.47 M/s        130.60 K/s     133.41 K/s   16.75 M/s      1.3%
Q18     620.38            128.95 K/s     131.60 K/s   16.84 M/s        129.08 K/s     131.75 K/s   18.69 M/s      0.1%
Q19     620.55            128.92 K/s     131.67 K/s   19.65 M/s        128.86 K/s     131.65 K/s   16.70 M/s     -0.0%
Q20     619.94             96.78 K/s      98.83 K/s   13.99 M/s         97.39 K/s      99.56 K/s   14.21 M/s      0.6%
Q4      622.70            128.47 K/s     131.37 K/s   10.98 M/s        128.99 K/s     131.86 K/s   16.62 M/s      0.4%
Q5      620.11            129.01 K/s     132.06 K/s   14.47 M/s        128.65 K/s     131.48 K/s   17.69 M/s     -0.3%
Q8      612.87            163.17 K/s     166.93 K/s   13.66 M/s        162.05 K/s     165.69 K/s   20.93 M/s     -0.7%
Q9      620.35             64.48 K/s      65.88 K/s    7.81 M/s         65.08 K/s      66.52 K/s    6.37 M/s      0.9%

======================================================================

Next steps:
  1. Review raw results in: benchmark/results/raw/
  2. Generate report: python scripts/generate_report.py
  3. View report in: benchmark/results/reports/

==> NexMark no-Full-GC pressure sweep
Command: /home/shuhao/forL0-state-backend/docker/run_all_apps.sh --offline --test nexmark --scenario forl0_no_full_gc_allq_pressure --backend all --query q4,q5,q8,q9,q11,q18,q19,q20 --no-profile --no-report --expected-taskmanagers 2 --expected-slots 8 --restart-cluster
============================================================
  ForL0 benchmark run context
============================================================
  Repo:        /home/shuhao/forL0-state-backend
  Test:        nexmark
  Backend:     all
  Profile:     disabled
  Offline:     true
  Expect TMs:  2
  Expect slots:8
  GitCommit:   3aeb74306b2c90f50b18e942c89fa64c26c06b4c
  Date:        2026-07-09 22:55:58 +0800

[2/5] 按要求重启 Flink 集群
=== 停止 BriskState Flink Docker 集群 ===
flink-taskmanager-2
flink-taskmanager-1
flink-jobmanager
flink-net
已停止
=== 启动 BriskState Flink Docker 集群 ===
  FLINK_HOME: /home/shuhao/flink-1.20.3
  NATIVE:     /home/shuhao/flink-1.20.3/native
  CONF:       /home/shuhao/forL0-state-backend/docker/conf
  Docker:     sudo -n docker
  JM memory:  8g
  TM memory:  16g
  libnuma:    /lib/aarch64-linux-gnu/libnuma.so.1 -> /lib/aarch64-linux-gnu/libnuma.so.1

923220b6b2308ed1dfecb5a7574086ae98eee964261cc124fbf28021e9f4097b
[1/3] 启动 JobManager...
80a9a3f6829ea81745cc1dddeb4bbd603a1c18fbfc9621988541f674b7ce7b52
      JobManager IP: 172.18.0.2
[2/3] 启动 TaskManager-1...
0f0d47dac0726bd5e93ee7dc630209d27a740f6beb8480bb5b3962c8bd3c8570
[3/3] 启动 TaskManager-2...
a9e802224cff478164b6eafbf8c7f0b7abeeefe28e09261dbdad6968ff80480f

等待 JobManager 就绪...
....
=== 集群启动成功! ===
  Web UI: http://localhost:8081
  TaskManagers: 2
  Slots:        8

  查看 TaskManager 日志: /home/shuhao/forL0-state-backend/docker/docker_run.sh logs tm1
  提交作业:     /home/shuhao/flink-1.20.3/bin/flink run -m localhost:8081 -c <MainClass> <jar>
      ✓ Flink 集群健康:
TASKMANAGERS=2
SLOTS_TOTAL=8
SLOTS_AVAILABLE=8
JOBS_RUNNING=0
TM 172.18.0.3:41813-51338f slots=4 free=4 heartbeatMs=0
TM 172.18.0.4:33923-0c34cd slots=4 free=4 heartbeatMs=0
[3/5] 复用已有 benchmark Python 虚拟环境
      ✓ benchmark Python 依赖已满足
[4/5] 开始运行 benchmark/scripts/run_benchmark.py
Command: /home/shuhao/forL0-state-backend/.venv-benchmark/bin/python /home/shuhao/forL0-state-backend/benchmark/scripts/run_benchmark.py --test nexmark --backend all --scenario forl0_no_full_gc_allq_pressure --query q4,q5,q8,q9,q11,q18,q19,q20
