2025-12-10 21:38:52,425 INFO  org.apache.flink.configuration.GlobalConfiguration           [] - Loading configuration property: nexmark.metric.reporter.host, localhost
2025-12-10 21:38:52,426 INFO  org.apache.flink.configuration.GlobalConfiguration           [] - Loading configuration property: nexmark.metric.reporter.port, 9098
2025-12-10 21:38:52,426 INFO  org.apache.flink.configuration.GlobalConfiguration           [] - Loading configuration property: flink.rest.address, localhost
2025-12-10 21:38:52,426 INFO  org.apache.flink.configuration.GlobalConfiguration           [] - Loading configuration property: flink.rest.port, 8081
2025-12-10 21:38:52,426 INFO  org.apache.flink.configuration.GlobalConfiguration           [] - Loading configuration property: nexmark.metric.monitor.delay, 0s
2025-12-10 21:38:52,426 INFO  org.apache.flink.configuration.GlobalConfiguration           [] - Loading configuration property: nexmark.metric.monitor.interval, 1s
2025-12-10 21:38:52,426 INFO  org.apache.flink.configuration.GlobalConfiguration           [] - Loading configuration property: nexmark.workload.suite.benchmark.events.num, 20000000
2025-12-10 21:38:52,426 INFO  org.apache.flink.configuration.GlobalConfiguration           [] - Loading configuration property: nexmark.workload.suite.benchmark.tps, 1000000
2025-12-10 21:38:52,426 INFO  org.apache.flink.configuration.GlobalConfiguration           [] - Loading configuration property: nexmark.workload.suite.benchmark.queries, "q0"
2025-12-10 21:38:52,426 INFO  org.apache.flink.configuration.GlobalConfiguration           [] - Loading configuration property: nexmark.workload.suite.benchmark.warmup.duration, 5s
2025-12-10 21:38:52,427 INFO  org.apache.flink.configuration.GlobalConfiguration           [] - Loading configuration property: nexmark.workload.suite.benchmark.warmup.events.num, 500000
2025-12-10 21:38:52,427 INFO  org.apache.flink.configuration.GlobalConfiguration           [] - Loading configuration property: nexmark.workload.suite.benchmark.warmup.tps, 1000000
2025-12-10 21:38:52,530 INFO  com.github.nexmark.flink.metric.cpu.CpuMetricSender          [] - Start to monitor process: [47314]
2025-12-10 21:38:52,534 WARN  com.github.nexmark.flink.metric.cpu.CpuMetricSender          [] - Can't connect to metric server. Skip to report metric for this round.
java.net.ConnectException: Connection refused (Connection refused)
	at java.net.PlainSocketImpl.socketConnect(Native Method) ~[?:1.8.0_432]
	at java.net.AbstractPlainSocketImpl.doConnect(AbstractPlainSocketImpl.java:350) ~[?:1.8.0_432]
	at java.net.AbstractPlainSocketImpl.connectToAddress(AbstractPlainSocketImpl.java:206) ~[?:1.8.0_432]
	at java.net.AbstractPlainSocketImpl.connect(AbstractPlainSocketImpl.java:188) ~[?:1.8.0_432]
	at java.net.SocksSocketImpl.connect(SocksSocketImpl.java:392) ~[?:1.8.0_432]
	at java.net.Socket.connect(Socket.java:607) ~[?:1.8.0_432]
	at java.net.Socket.connect(Socket.java:556) ~[?:1.8.0_432]
	at java.net.Socket.<init>(Socket.java:452) ~[?:1.8.0_432]
	at java.net.Socket.<init>(Socket.java:262) ~[?:1.8.0_432]
	at com.github.nexmark.flink.metric.cpu.CpuMetricSender.reportCpuMetric(CpuMetricSender.java:116) ~[nexmark-flink-0.3-SNAPSHOT.jar:?]
	at java.util.concurrent.Executors$RunnableAdapter.call(Executors.java:511) [?:1.8.0_432]
	at java.util.concurrent.FutureTask.runAndReset(FutureTask.java:308) [?:1.8.0_432]
	at java.util.concurrent.ScheduledThreadPoolExecutor$ScheduledFutureTask.access$301(ScheduledThreadPoolExecutor.java:180) [?:1.8.0_432]
	at java.util.concurrent.ScheduledThreadPoolExecutor$ScheduledFutureTask.run(ScheduledThreadPoolExecutor.java:294) [?:1.8.0_432]
	at java.util.concurrent.ThreadPoolExecutor.runWorker(ThreadPoolExecutor.java:1149) [?:1.8.0_432]
	at java.util.concurrent.ThreadPoolExecutor$Worker.run(ThreadPoolExecutor.java:624) [?:1.8.0_432]
	at java.lang.Thread.run(Thread.java:750) [?:1.8.0_432]
2025-12-10 21:38:53,536 WARN  com.github.nexmark.flink.metric.cpu.CpuMetricSender          [] - Can't connect to metric server. Skip to report metric for this round.
java.net.ConnectException: Connection refused (Connection refused)
	at java.net.PlainSocketImpl.socketConnect(Native Method) ~[?:1.8.0_432]
	at java.net.AbstractPlainSocketImpl.doConnect(AbstractPlainSocketImpl.java:350) ~[?:1.8.0_432]
	at java.net.AbstractPlainSocketImpl.connectToAddress(AbstractPlainSocketImpl.java:206) ~[?:1.8.0_432]
	at java.net.AbstractPlainSocketImpl.connect(AbstractPlainSocketImpl.java:188) ~[?:1.8.0_432]
	at java.net.SocksSocketImpl.connect(SocksSocketImpl.java:392) ~[?:1.8.0_432]
	at java.net.Socket.connect(Socket.java:607) ~[?:1.8.0_432]
	at java.net.Socket.connect(Socket.java:556) ~[?:1.8.0_432]
	at java.net.Socket.<init>(Socket.java:452) ~[?:1.8.0_432]
	at java.net.Socket.<init>(Socket.java:262) ~[?:1.8.0_432]
	at com.github.nexmark.flink.metric.cpu.CpuMetricSender.reportCpuMetric(CpuMetricSender.java:116) ~[nexmark-flink-0.3-SNAPSHOT.jar:?]
	at java.util.concurrent.Executors$RunnableAdapter.call(Executors.java:511) [?:1.8.0_432]
	at java.util.concurrent.FutureTask.runAndReset(FutureTask.java:308) [?:1.8.0_432]
	at java.util.concurrent.ScheduledThreadPoolExecutor$ScheduledFutureTask.access$301(ScheduledThreadPoolExecutor.java:180) [?:1.8.0_432]
	at java.util.concurrent.ScheduledThreadPoolExecutor$ScheduledFutureTask.run(ScheduledThreadPoolExecutor.java:294) [?:1.8.0_432]
	at java.util.concurrent.ThreadPoolExecutor.runWorker(ThreadPoolExecutor.java:1149) [?:1.8.0_432]
	at java.util.concurrent.ThreadPoolExecutor$Worker.run(ThreadPoolExecutor.java:624) [?:1.8.0_432]
	at java.lang.Thread.run(Thread.java:750) [?:1.8.0_432]
2025-12-10 21:38:54,531 WARN  com.github.nexmark.flink.metric.cpu.CpuMetricSender          [] - Can't connect to metric server. Skip to report metric for this round.
java.net.ConnectException: Connection refused (Connection refused)
	at java.net.PlainSocketImpl.socketConnect(Native Method) ~[?:1.8.0_432]
	at java.net.AbstractPlainSocketImpl.doConnect(AbstractPlainSocketImpl.java:350) ~[?:1.8.0_432]
	at java.net.AbstractPlainSocketImpl.connectToAddress(AbstractPlainSocketImpl.java:206) ~[?:1.8.0_432]
	at java.net.AbstractPlainSocketImpl.connect(AbstractPlainSocketImpl.java:188) ~[?:1.8.0_432]
	at java.net.SocksSocketImpl.connect(SocksSocketImpl.java:392) ~[?:1.8.0_432]
	at java.net.Socket.connect(Socket.java:607) ~[?:1.8.0_432]
	at java.net.Socket.connect(Socket.java:556) ~[?:1.8.0_432]
	at java.net.Socket.<init>(Socket.java:452) ~[?:1.8.0_432]
	at java.net.Socket.<init>(Socket.java:262) ~[?:1.8.0_432]
	at com.github.nexmark.flink.metric.cpu.CpuMetricSender.reportCpuMetric(CpuMetricSender.java:116) ~[nexmark-flink-0.3-SNAPSHOT.jar:?]
	at java.util.concurrent.Executors$RunnableAdapter.call(Executors.java:511) [?:1.8.0_432]
	at java.util.concurrent.FutureTask.runAndReset(FutureTask.java:308) [?:1.8.0_432]
	at java.util.concurrent.ScheduledThreadPoolExecutor$ScheduledFutureTask.access$301(ScheduledThreadPoolExecutor.java:180) [?:1.8.0_432]
	at java.util.concurrent.ScheduledThreadPoolExecutor$ScheduledFutureTask.run(ScheduledThreadPoolExecutor.java:294) [?:1.8.0_432]
	at java.util.concurrent.ThreadPoolExecutor.runWorker(ThreadPoolExecutor.java:1149) [?:1.8.0_432]
	at java.util.concurrent.ThreadPoolExecutor$Worker.run(ThreadPoolExecutor.java:624) [?:1.8.0_432]
	at java.lang.Thread.run(Thread.java:750) [?:1.8.0_432]
2025-12-10 21:38:55,536 WARN  com.github.nexmark.flink.metric.cpu.CpuMetricSender          [] - Can't connect to metric server. Skip to report metric for this round.
java.net.ConnectException: Connection refused (Connection refused)
	at java.net.PlainSocketImpl.socketConnect(Native Method) ~[?:1.8.0_432]
	at java.net.AbstractPlainSocketImpl.doConnect(AbstractPlainSocketImpl.java:350) ~[?:1.8.0_432]
	at java.net.AbstractPlainSocketImpl.connectToAddress(AbstractPlainSocketImpl.java:206) ~[?:1.8.0_432]
	at java.net.AbstractPlainSocketImpl.connect(AbstractPlainSocketImpl.java:188) ~[?:1.8.0_432]
	at java.net.SocksSocketImpl.connect(SocksSocketImpl.java:392) ~[?:1.8.0_432]
	at java.net.Socket.connect(Socket.java:607) ~[?:1.8.0_432]
	at java.net.Socket.connect(Socket.java:556) ~[?:1.8.0_432]
	at java.net.Socket.<init>(Socket.java:452) ~[?:1.8.0_432]
	at java.net.Socket.<init>(Socket.java:262) ~[?:1.8.0_432]
	at com.github.nexmark.flink.metric.cpu.CpuMetricSender.reportCpuMetric(CpuMetricSender.java:116) ~[nexmark-flink-0.3-SNAPSHOT.jar:?]
	at java.util.concurrent.Executors$RunnableAdapter.call(Executors.java:511) [?:1.8.0_432]
	at java.util.concurrent.FutureTask.runAndReset(FutureTask.java:308) [?:1.8.0_432]
	at java.util.concurrent.ScheduledThreadPoolExecutor$ScheduledFutureTask.access$301(ScheduledThreadPoolExecutor.java:180) [?:1.8.0_432]
	at java.util.concurrent.ScheduledThreadPoolExecutor$ScheduledFutureTask.run(ScheduledThreadPoolExecutor.java:294) [?:1.8.0_432]
	at java.util.concurrent.ThreadPoolExecutor.runWorker(ThreadPoolExecutor.java:1149) [?:1.8.0_432]
	at java.util.concurrent.ThreadPoolExecutor$Worker.run(ThreadPoolExecutor.java:624) [?:1.8.0_432]
	at java.lang.Thread.run(Thread.java:750) [?:1.8.0_432]
2025-12-10 21:38:56,536 WARN  com.github.nexmark.flink.metric.cpu.CpuMetricSender          [] - Can't connect to metric server. Skip to report metric for this round.
java.net.ConnectException: Connection refused (Connection refused)
	at java.net.PlainSocketImpl.socketConnect(Native Method) ~[?:1.8.0_432]
	at java.net.AbstractPlainSocketImpl.doConnect(AbstractPlainSocketImpl.java:350) ~[?:1.8.0_432]
	at java.net.AbstractPlainSocketImpl.connectToAddress(AbstractPlainSocketImpl.java:206) ~[?:1.8.0_432]
	at java.net.AbstractPlainSocketImpl.connect(AbstractPlainSocketImpl.java:188) ~[?:1.8.0_432]
	at java.net.SocksSocketImpl.connect(SocksSocketImpl.java:392) ~[?:1.8.0_432]
	at java.net.Socket.connect(Socket.java:607) ~[?:1.8.0_432]
	at java.net.Socket.connect(Socket.java:556) ~[?:1.8.0_432]
	at java.net.Socket.<init>(Socket.java:452) ~[?:1.8.0_432]
	at java.net.Socket.<init>(Socket.java:262) ~[?:1.8.0_432]
	at com.github.nexmark.flink.metric.cpu.CpuMetricSender.reportCpuMetric(CpuMetricSender.java:116) ~[nexmark-flink-0.3-SNAPSHOT.jar:?]
	at java.util.concurrent.Executors$RunnableAdapter.call(Executors.java:511) [?:1.8.0_432]
	at java.util.concurrent.FutureTask.runAndReset(FutureTask.java:308) [?:1.8.0_432]
	at java.util.concurrent.ScheduledThreadPoolExecutor$ScheduledFutureTask.access$301(ScheduledThreadPoolExecutor.java:180) [?:1.8.0_432]
	at java.util.concurrent.ScheduledThreadPoolExecutor$ScheduledFutureTask.run(ScheduledThreadPoolExecutor.java:294) [?:1.8.0_432]
	at java.util.concurrent.ThreadPoolExecutor.runWorker(ThreadPoolExecutor.java:1149) [?:1.8.0_432]
	at java.util.concurrent.ThreadPoolExecutor$Worker.run(ThreadPoolExecutor.java:624) [?:1.8.0_432]
	at java.lang.Thread.run(Thread.java:750) [?:1.8.0_432]
2025-12-10 21:38:57,536 WARN  com.github.nexmark.flink.metric.cpu.CpuMetricSender          [] - Can't connect to metric server. Skip to report metric for this round.
java.net.ConnectException: Connection refused (Connection refused)
	at java.net.PlainSocketImpl.socketConnect(Native Method) ~[?:1.8.0_432]
	at java.net.AbstractPlainSocketImpl.doConnect(AbstractPlainSocketImpl.java:350) ~[?:1.8.0_432]
	at java.net.AbstractPlainSocketImpl.connectToAddress(AbstractPlainSocketImpl.java:206) ~[?:1.8.0_432]
	at java.net.AbstractPlainSocketImpl.connect(AbstractPlainSocketImpl.java:188) ~[?:1.8.0_432]
	at java.net.SocksSocketImpl.connect(SocksSocketImpl.java:392) ~[?:1.8.0_432]
	at java.net.Socket.connect(Socket.java:607) ~[?:1.8.0_432]
	at java.net.Socket.connect(Socket.java:556) ~[?:1.8.0_432]
	at java.net.Socket.<init>(Socket.java:452) ~[?:1.8.0_432]
	at java.net.Socket.<init>(Socket.java:262) ~[?:1.8.0_432]
	at com.github.nexmark.flink.metric.cpu.CpuMetricSender.reportCpuMetric(CpuMetricSender.java:116) ~[nexmark-flink-0.3-SNAPSHOT.jar:?]
	at java.util.concurrent.Executors$RunnableAdapter.call(Executors.java:511) [?:1.8.0_432]
	at java.util.concurrent.FutureTask.runAndReset(FutureTask.java:308) [?:1.8.0_432]
	at java.util.concurrent.ScheduledThreadPoolExecutor$ScheduledFutureTask.access$301(ScheduledThreadPoolExecutor.java:180) [?:1.8.0_432]
	at java.util.concurrent.ScheduledThreadPoolExecutor$ScheduledFutureTask.run(ScheduledThreadPoolExecutor.java:294) [?:1.8.0_432]
	at java.util.concurrent.ThreadPoolExecutor.runWorker(ThreadPoolExecutor.java:1149) [?:1.8.0_432]
	at java.util.concurrent.ThreadPoolExecutor$Worker.run(ThreadPoolExecutor.java:624) [?:1.8.0_432]
	at java.lang.Thread.run(Thread.java:750) [?:1.8.0_432]
2025-12-10 21:38:58,536 WARN  com.github.nexmark.flink.metric.cpu.CpuMetricSender          [] - Can't connect to metric server. Skip to report metric for this round.
java.net.ConnectException: Connection refused (Connection refused)
	at java.net.PlainSocketImpl.socketConnect(Native Method) ~[?:1.8.0_432]
	at java.net.AbstractPlainSocketImpl.doConnect(AbstractPlainSocketImpl.java:350) ~[?:1.8.0_432]
	at java.net.AbstractPlainSocketImpl.connectToAddress(AbstractPlainSocketImpl.java:206) ~[?:1.8.0_432]
	at java.net.AbstractPlainSocketImpl.connect(AbstractPlainSocketImpl.java:188) ~[?:1.8.0_432]
	at java.net.SocksSocketImpl.connect(SocksSocketImpl.java:392) ~[?:1.8.0_432]
	at java.net.Socket.connect(Socket.java:607) ~[?:1.8.0_432]
	at java.net.Socket.connect(Socket.java:556) ~[?:1.8.0_432]
	at java.net.Socket.<init>(Socket.java:452) ~[?:1.8.0_432]
	at java.net.Socket.<init>(Socket.java:262) ~[?:1.8.0_432]
	at com.github.nexmark.flink.metric.cpu.CpuMetricSender.reportCpuMetric(CpuMetricSender.java:116) ~[nexmark-flink-0.3-SNAPSHOT.jar:?]
	at java.util.concurrent.Executors$RunnableAdapter.call(Executors.java:511) [?:1.8.0_432]
	at java.util.concurrent.FutureTask.runAndReset(FutureTask.java:308) [?:1.8.0_432]
	at java.util.concurrent.ScheduledThreadPoolExecutor$ScheduledFutureTask.access$301(ScheduledThreadPoolExecutor.java:180) [?:1.8.0_432]
	at java.util.concurrent.ScheduledThreadPoolExecutor$ScheduledFutureTask.run(ScheduledThreadPoolExecutor.java:294) [?:1.8.0_432]
	at java.util.concurrent.ThreadPoolExecutor.runWorker(ThreadPoolExecutor.java:1149) [?:1.8.0_432]
	at java.util.concurrent.ThreadPoolExecutor$Worker.run(ThreadPoolExecutor.java:624) [?:1.8.0_432]
	at java.lang.Thread.run(Thread.java:750) [?:1.8.0_432]
2025-12-10 21:38:59,535 WARN  com.github.nexmark.flink.metric.cpu.CpuMetricSender          [] - Can't connect to metric server. Skip to report metric for this round.
java.net.ConnectException: Connection refused (Connection refused)
	at java.net.PlainSocketImpl.socketConnect(Native Method) ~[?:1.8.0_432]
	at java.net.AbstractPlainSocketImpl.doConnect(AbstractPlainSocketImpl.java:350) ~[?:1.8.0_432]
	at java.net.AbstractPlainSocketImpl.connectToAddress(AbstractPlainSocketImpl.java:206) ~[?:1.8.0_432]
	at java.net.AbstractPlainSocketImpl.connect(AbstractPlainSocketImpl.java:188) ~[?:1.8.0_432]
	at java.net.SocksSocketImpl.connect(SocksSocketImpl.java:392) ~[?:1.8.0_432]
	at java.net.Socket.connect(Socket.java:607) ~[?:1.8.0_432]
	at java.net.Socket.connect(Socket.java:556) ~[?:1.8.0_432]
	at java.net.Socket.<init>(Socket.java:452) ~[?:1.8.0_432]
	at java.net.Socket.<init>(Socket.java:262) ~[?:1.8.0_432]
	at com.github.nexmark.flink.metric.cpu.CpuMetricSender.reportCpuMetric(CpuMetricSender.java:116) ~[nexmark-flink-0.3-SNAPSHOT.jar:?]
	at java.util.concurrent.Executors$RunnableAdapter.call(Executors.java:511) [?:1.8.0_432]
	at java.util.concurrent.FutureTask.runAndReset(FutureTask.java:308) [?:1.8.0_432]
	at java.util.concurrent.ScheduledThreadPoolExecutor$ScheduledFutureTask.access$301(ScheduledThreadPoolExecutor.java:180) [?:1.8.0_432]
	at java.util.concurrent.ScheduledThreadPoolExecutor$ScheduledFutureTask.run(ScheduledThreadPoolExecutor.java:294) [?:1.8.0_432]
	at java.util.concurrent.ThreadPoolExecutor.runWorker(ThreadPoolExecutor.java:1149) [?:1.8.0_432]
	at java.util.concurrent.ThreadPoolExecutor$Worker.run(ThreadPoolExecutor.java:624) [?:1.8.0_432]
	at java.lang.Thread.run(Thread.java:750) [?:1.8.0_432]
2025-12-10 21:39:00,532 WARN  com.github.nexmark.flink.metric.cpu.CpuMetricSender          [] - Can't connect to metric server. Skip to report metric for this round.
java.net.ConnectException: Connection refused (Connection refused)
	at java.net.PlainSocketImpl.socketConnect(Native Method) ~[?:1.8.0_432]
	at java.net.AbstractPlainSocketImpl.doConnect(AbstractPlainSocketImpl.java:350) ~[?:1.8.0_432]
	at java.net.AbstractPlainSocketImpl.connectToAddress(AbstractPlainSocketImpl.java:206) ~[?:1.8.0_432]
	at java.net.AbstractPlainSocketImpl.connect(AbstractPlainSocketImpl.java:188) ~[?:1.8.0_432]
	at java.net.SocksSocketImpl.connect(SocksSocketImpl.java:392) ~[?:1.8.0_432]
	at java.net.Socket.connect(Socket.java:607) ~[?:1.8.0_432]
	at java.net.Socket.connect(Socket.java:556) ~[?:1.8.0_432]
	at java.net.Socket.<init>(Socket.java:452) ~[?:1.8.0_432]
	at java.net.Socket.<init>(Socket.java:262) ~[?:1.8.0_432]
	at com.github.nexmark.flink.metric.cpu.CpuMetricSender.reportCpuMetric(CpuMetricSender.java:116) ~[nexmark-flink-0.3-SNAPSHOT.jar:?]
	at java.util.concurrent.Executors$RunnableAdapter.call(Executors.java:511) [?:1.8.0_432]
	at java.util.concurrent.FutureTask.runAndReset(FutureTask.java:308) [?:1.8.0_432]
	at java.util.concurrent.ScheduledThreadPoolExecutor$ScheduledFutureTask.access$301(ScheduledThreadPoolExecutor.java:180) [?:1.8.0_432]
	at java.util.concurrent.ScheduledThreadPoolExecutor$ScheduledFutureTask.run(ScheduledThreadPoolExecutor.java:294) [?:1.8.0_432]
	at java.util.concurrent.ThreadPoolExecutor.runWorker(ThreadPoolExecutor.java:1149) [?:1.8.0_432]
	at java.util.concurrent.ThreadPoolExecutor$Worker.run(ThreadPoolExecutor.java:624) [?:1.8.0_432]
	at java.lang.Thread.run(Thread.java:750) [?:1.8.0_432]
2025-12-10 21:39:01,536 WARN  com.github.nexmark.flink.metric.cpu.CpuMetricSender          [] - Can't connect to metric server. Skip to report metric for this round.
java.net.ConnectException: Connection refused (Connection refused)
	at java.net.PlainSocketImpl.socketConnect(Native Method) ~[?:1.8.0_432]
	at java.net.AbstractPlainSocketImpl.doConnect(AbstractPlainSocketImpl.java:350) ~[?:1.8.0_432]
	at java.net.AbstractPlainSocketImpl.connectToAddress(AbstractPlainSocketImpl.java:206) ~[?:1.8.0_432]
	at java.net.AbstractPlainSocketImpl.connect(AbstractPlainSocketImpl.java:188) ~[?:1.8.0_432]
	at java.net.SocksSocketImpl.connect(SocksSocketImpl.java:392) ~[?:1.8.0_432]
	at java.net.Socket.connect(Socket.java:607) ~[?:1.8.0_432]
	at java.net.Socket.connect(Socket.java:556) ~[?:1.8.0_432]
	at java.net.Socket.<init>(Socket.java:452) ~[?:1.8.0_432]
	at java.net.Socket.<init>(Socket.java:262) ~[?:1.8.0_432]
	at com.github.nexmark.flink.metric.cpu.CpuMetricSender.reportCpuMetric(CpuMetricSender.java:116) ~[nexmark-flink-0.3-SNAPSHOT.jar:?]
	at java.util.concurrent.Executors$RunnableAdapter.call(Executors.java:511) [?:1.8.0_432]
	at java.util.concurrent.FutureTask.runAndReset(FutureTask.java:308) [?:1.8.0_432]
	at java.util.concurrent.ScheduledThreadPoolExecutor$ScheduledFutureTask.access$301(ScheduledThreadPoolExecutor.java:180) [?:1.8.0_432]
	at java.util.concurrent.ScheduledThreadPoolExecutor$ScheduledFutureTask.run(ScheduledThreadPoolExecutor.java:294) [?:1.8.0_432]
	at java.util.concurrent.ThreadPoolExecutor.runWorker(ThreadPoolExecutor.java:1149) [?:1.8.0_432]
	at java.util.concurrent.ThreadPoolExecutor$Worker.run(ThreadPoolExecutor.java:624) [?:1.8.0_432]
	at java.lang.Thread.run(Thread.java:750) [?:1.8.0_432]
2025-12-10 21:39:02,536 WARN  com.github.nexmark.flink.metric.cpu.CpuMetricSender          [] - Can't connect to metric server. Skip to report metric for this round.
java.net.ConnectException: Connection refused (Connection refused)
	at java.net.PlainSocketImpl.socketConnect(Native Method) ~[?:1.8.0_432]
	at java.net.AbstractPlainSocketImpl.doConnect(AbstractPlainSocketImpl.java:350) ~[?:1.8.0_432]
	at java.net.AbstractPlainSocketImpl.connectToAddress(AbstractPlainSocketImpl.java:206) ~[?:1.8.0_432]
	at java.net.AbstractPlainSocketImpl.connect(AbstractPlainSocketImpl.java:188) ~[?:1.8.0_432]
	at java.net.SocksSocketImpl.connect(SocksSocketImpl.java:392) ~[?:1.8.0_432]
	at java.net.Socket.connect(Socket.java:607) ~[?:1.8.0_432]
	at java.net.Socket.connect(Socket.java:556) ~[?:1.8.0_432]
	at java.net.Socket.<init>(Socket.java:452) ~[?:1.8.0_432]
	at java.net.Socket.<init>(Socket.java:262) ~[?:1.8.0_432]
	at com.github.nexmark.flink.metric.cpu.CpuMetricSender.reportCpuMetric(CpuMetricSender.java:116) ~[nexmark-flink-0.3-SNAPSHOT.jar:?]
	at java.util.concurrent.Executors$RunnableAdapter.call(Executors.java:511) [?:1.8.0_432]
	at java.util.concurrent.FutureTask.runAndReset(FutureTask.java:308) [?:1.8.0_432]
	at java.util.concurrent.ScheduledThreadPoolExecutor$ScheduledFutureTask.access$301(ScheduledThreadPoolExecutor.java:180) [?:1.8.0_432]
	at java.util.concurrent.ScheduledThreadPoolExecutor$ScheduledFutureTask.run(ScheduledThreadPoolExecutor.java:294) [?:1.8.0_432]
	at java.util.concurrent.ThreadPoolExecutor.runWorker(ThreadPoolExecutor.java:1149) [?:1.8.0_432]
	at java.util.concurrent.ThreadPoolExecutor$Worker.run(ThreadPoolExecutor.java:624) [?:1.8.0_432]
	at java.lang.Thread.run(Thread.java:750) [?:1.8.0_432]
2025-12-10 21:39:03,536 WARN  com.github.nexmark.flink.metric.cpu.CpuMetricSender          [] - Can't connect to metric server. Skip to report metric for this round.
java.net.ConnectException: Connection refused (Connection refused)
	at java.net.PlainSocketImpl.socketConnect(Native Method) ~[?:1.8.0_432]
	at java.net.AbstractPlainSocketImpl.doConnect(AbstractPlainSocketImpl.java:350) ~[?:1.8.0_432]
	at java.net.AbstractPlainSocketImpl.connectToAddress(AbstractPlainSocketImpl.java:206) ~[?:1.8.0_432]
	at java.net.AbstractPlainSocketImpl.connect(AbstractPlainSocketImpl.java:188) ~[?:1.8.0_432]
	at java.net.SocksSocketImpl.connect(SocksSocketImpl.java:392) ~[?:1.8.0_432]
	at java.net.Socket.connect(Socket.java:607) ~[?:1.8.0_432]
	at java.net.Socket.connect(Socket.java:556) ~[?:1.8.0_432]
	at java.net.Socket.<init>(Socket.java:452) ~[?:1.8.0_432]
	at java.net.Socket.<init>(Socket.java:262) ~[?:1.8.0_432]
	at com.github.nexmark.flink.metric.cpu.CpuMetricSender.reportCpuMetric(CpuMetricSender.java:116) ~[nexmark-flink-0.3-SNAPSHOT.jar:?]
	at java.util.concurrent.Executors$RunnableAdapter.call(Executors.java:511) [?:1.8.0_432]
	at java.util.concurrent.FutureTask.runAndReset(FutureTask.java:308) [?:1.8.0_432]
	at java.util.concurrent.ScheduledThreadPoolExecutor$ScheduledFutureTask.access$301(ScheduledThreadPoolExecutor.java:180) [?:1.8.0_432]
	at java.util.concurrent.ScheduledThreadPoolExecutor$ScheduledFutureTask.run(ScheduledThreadPoolExecutor.java:294) [?:1.8.0_432]
	at java.util.concurrent.ThreadPoolExecutor.runWorker(ThreadPoolExecutor.java:1149) [?:1.8.0_432]
	at java.util.concurrent.ThreadPoolExecutor$Worker.run(ThreadPoolExecutor.java:624) [?:1.8.0_432]
	at java.lang.Thread.run(Thread.java:750) [?:1.8.0_432]
2025-12-10 21:39:04,532 WARN  com.github.nexmark.flink.metric.cpu.CpuMetricSender          [] - Can't connect to metric server. Skip to report metric for this round.
java.net.ConnectException: Connection refused (Connection refused)
	at java.net.PlainSocketImpl.socketConnect(Native Method) ~[?:1.8.0_432]
	at java.net.AbstractPlainSocketImpl.doConnect(AbstractPlainSocketImpl.java:350) ~[?:1.8.0_432]
	at java.net.AbstractPlainSocketImpl.connectToAddress(AbstractPlainSocketImpl.java:206) ~[?:1.8.0_432]
	at java.net.AbstractPlainSocketImpl.connect(AbstractPlainSocketImpl.java:188) ~[?:1.8.0_432]
	at java.net.SocksSocketImpl.connect(SocksSocketImpl.java:392) ~[?:1.8.0_432]
	at java.net.Socket.connect(Socket.java:607) ~[?:1.8.0_432]
	at java.net.Socket.connect(Socket.java:556) ~[?:1.8.0_432]
	at java.net.Socket.<init>(Socket.java:452) ~[?:1.8.0_432]
	at java.net.Socket.<init>(Socket.java:262) ~[?:1.8.0_432]
	at com.github.nexmark.flink.metric.cpu.CpuMetricSender.reportCpuMetric(CpuMetricSender.java:116) ~[nexmark-flink-0.3-SNAPSHOT.jar:?]
	at java.util.concurrent.Executors$RunnableAdapter.call(Executors.java:511) [?:1.8.0_432]
	at java.util.concurrent.FutureTask.runAndReset(FutureTask.java:308) [?:1.8.0_432]
	at java.util.concurrent.ScheduledThreadPoolExecutor$ScheduledFutureTask.access$301(ScheduledThreadPoolExecutor.java:180) [?:1.8.0_432]
	at java.util.concurrent.ScheduledThreadPoolExecutor$ScheduledFutureTask.run(ScheduledThreadPoolExecutor.java:294) [?:1.8.0_432]
	at java.util.concurrent.ThreadPoolExecutor.runWorker(ThreadPoolExecutor.java:1149) [?:1.8.0_432]
	at java.util.concurrent.ThreadPoolExecutor$Worker.run(ThreadPoolExecutor.java:624) [?:1.8.0_432]
	at java.lang.Thread.run(Thread.java:750) [?:1.8.0_432]
2025-12-10 21:39:05,535 WARN  com.github.nexmark.flink.metric.cpu.CpuMetricSender          [] - Can't connect to metric server. Skip to report metric for this round.
java.net.ConnectException: Connection refused (Connection refused)
	at java.net.PlainSocketImpl.socketConnect(Native Method) ~[?:1.8.0_432]
	at java.net.AbstractPlainSocketImpl.doConnect(AbstractPlainSocketImpl.java:350) ~[?:1.8.0_432]
	at java.net.AbstractPlainSocketImpl.connectToAddress(AbstractPlainSocketImpl.java:206) ~[?:1.8.0_432]
	at java.net.AbstractPlainSocketImpl.connect(AbstractPlainSocketImpl.java:188) ~[?:1.8.0_432]
	at java.net.SocksSocketImpl.connect(SocksSocketImpl.java:392) ~[?:1.8.0_432]
	at java.net.Socket.connect(Socket.java:607) ~[?:1.8.0_432]
	at java.net.Socket.connect(Socket.java:556) ~[?:1.8.0_432]
	at java.net.Socket.<init>(Socket.java:452) ~[?:1.8.0_432]
	at java.net.Socket.<init>(Socket.java:262) ~[?:1.8.0_432]
	at com.github.nexmark.flink.metric.cpu.CpuMetricSender.reportCpuMetric(CpuMetricSender.java:116) ~[nexmark-flink-0.3-SNAPSHOT.jar:?]
	at java.util.concurrent.Executors$RunnableAdapter.call(Executors.java:511) [?:1.8.0_432]
	at java.util.concurrent.FutureTask.runAndReset(FutureTask.java:308) [?:1.8.0_432]
	at java.util.concurrent.ScheduledThreadPoolExecutor$ScheduledFutureTask.access$301(ScheduledThreadPoolExecutor.java:180) [?:1.8.0_432]
	at java.util.concurrent.ScheduledThreadPoolExecutor$ScheduledFutureTask.run(ScheduledThreadPoolExecutor.java:294) [?:1.8.0_432]
	at java.util.concurrent.ThreadPoolExecutor.runWorker(ThreadPoolExecutor.java:1149) [?:1.8.0_432]
	at java.util.concurrent.ThreadPoolExecutor$Worker.run(ThreadPoolExecutor.java:624) [?:1.8.0_432]
	at java.lang.Thread.run(Thread.java:750) [?:1.8.0_432]
2025-12-10 21:39:06,536 WARN  com.github.nexmark.flink.metric.cpu.CpuMetricSender          [] - Can't connect to metric server. Skip to report metric for this round.
java.net.ConnectException: Connection refused (Connection refused)
	at java.net.PlainSocketImpl.socketConnect(Native Method) ~[?:1.8.0_432]
	at java.net.AbstractPlainSocketImpl.doConnect(AbstractPlainSocketImpl.java:350) ~[?:1.8.0_432]
	at java.net.AbstractPlainSocketImpl.connectToAddress(AbstractPlainSocketImpl.java:206) ~[?:1.8.0_432]
	at java.net.AbstractPlainSocketImpl.connect(AbstractPlainSocketImpl.java:188) ~[?:1.8.0_432]
	at java.net.SocksSocketImpl.connect(SocksSocketImpl.java:392) ~[?:1.8.0_432]
	at java.net.Socket.connect(Socket.java:607) ~[?:1.8.0_432]
	at java.net.Socket.connect(Socket.java:556) ~[?:1.8.0_432]
	at java.net.Socket.<init>(Socket.java:452) ~[?:1.8.0_432]
	at java.net.Socket.<init>(Socket.java:262) ~[?:1.8.0_432]
	at com.github.nexmark.flink.metric.cpu.CpuMetricSender.reportCpuMetric(CpuMetricSender.java:116) ~[nexmark-flink-0.3-SNAPSHOT.jar:?]
	at java.util.concurrent.Executors$RunnableAdapter.call(Executors.java:511) [?:1.8.0_432]
	at java.util.concurrent.FutureTask.runAndReset(FutureTask.java:308) [?:1.8.0_432]
	at java.util.concurrent.ScheduledThreadPoolExecutor$ScheduledFutureTask.access$301(ScheduledThreadPoolExecutor.java:180) [?:1.8.0_432]
	at java.util.concurrent.ScheduledThreadPoolExecutor$ScheduledFutureTask.run(ScheduledThreadPoolExecutor.java:294) [?:1.8.0_432]
	at java.util.concurrent.ThreadPoolExecutor.runWorker(ThreadPoolExecutor.java:1149) [?:1.8.0_432]
	at java.util.concurrent.ThreadPoolExecutor$Worker.run(ThreadPoolExecutor.java:624) [?:1.8.0_432]
	at java.lang.Thread.run(Thread.java:750) [?:1.8.0_432]
2025-12-10 21:39:07,534 WARN  com.github.nexmark.flink.metric.cpu.CpuMetricSender          [] - Can't connect to metric server. Skip to report metric for this round.
java.net.ConnectException: Connection refused (Connection refused)
	at java.net.PlainSocketImpl.socketConnect(Native Method) ~[?:1.8.0_432]
	at java.net.AbstractPlainSocketImpl.doConnect(AbstractPlainSocketImpl.java:350) ~[?:1.8.0_432]
	at java.net.AbstractPlainSocketImpl.connectToAddress(AbstractPlainSocketImpl.java:206) ~[?:1.8.0_432]
	at java.net.AbstractPlainSocketImpl.connect(AbstractPlainSocketImpl.java:188) ~[?:1.8.0_432]
	at java.net.SocksSocketImpl.connect(SocksSocketImpl.java:392) ~[?:1.8.0_432]
	at java.net.Socket.connect(Socket.java:607) ~[?:1.8.0_432]
	at java.net.Socket.connect(Socket.java:556) ~[?:1.8.0_432]
	at java.net.Socket.<init>(Socket.java:452) ~[?:1.8.0_432]
	at java.net.Socket.<init>(Socket.java:262) ~[?:1.8.0_432]
	at com.github.nexmark.flink.metric.cpu.CpuMetricSender.reportCpuMetric(CpuMetricSender.java:116) ~[nexmark-flink-0.3-SNAPSHOT.jar:?]
	at java.util.concurrent.Executors$RunnableAdapter.call(Executors.java:511) [?:1.8.0_432]
	at java.util.concurrent.FutureTask.runAndReset(FutureTask.java:308) [?:1.8.0_432]
	at java.util.concurrent.ScheduledThreadPoolExecutor$ScheduledFutureTask.access$301(ScheduledThreadPoolExecutor.java:180) [?:1.8.0_432]
	at java.util.concurrent.ScheduledThreadPoolExecutor$ScheduledFutureTask.run(ScheduledThreadPoolExecutor.java:294) [?:1.8.0_432]
	at java.util.concurrent.ThreadPoolExecutor.runWorker(ThreadPoolExecutor.java:1149) [?:1.8.0_432]
	at java.util.concurrent.ThreadPoolExecutor$Worker.run(ThreadPoolExecutor.java:624) [?:1.8.0_432]
	at java.lang.Thread.run(Thread.java:750) [?:1.8.0_432]
2025-12-10 21:39:08,533 WARN  com.github.nexmark.flink.metric.cpu.CpuMetricSender          [] - Can't connect to metric server. Skip to report metric for this round.
java.net.ConnectException: Connection refused (Connection refused)
	at java.net.PlainSocketImpl.socketConnect(Native Method) ~[?:1.8.0_432]
	at java.net.AbstractPlainSocketImpl.doConnect(AbstractPlainSocketImpl.java:350) ~[?:1.8.0_432]
	at java.net.AbstractPlainSocketImpl.connectToAddress(AbstractPlainSocketImpl.java:206) ~[?:1.8.0_432]
	at java.net.AbstractPlainSocketImpl.connect(AbstractPlainSocketImpl.java:188) ~[?:1.8.0_432]
	at java.net.SocksSocketImpl.connect(SocksSocketImpl.java:392) ~[?:1.8.0_432]
	at java.net.Socket.connect(Socket.java:607) ~[?:1.8.0_432]
	at java.net.Socket.connect(Socket.java:556) ~[?:1.8.0_432]
	at java.net.Socket.<init>(Socket.java:452) ~[?:1.8.0_432]
	at java.net.Socket.<init>(Socket.java:262) ~[?:1.8.0_432]
	at com.github.nexmark.flink.metric.cpu.CpuMetricSender.reportCpuMetric(CpuMetricSender.java:116) ~[nexmark-flink-0.3-SNAPSHOT.jar:?]
	at java.util.concurrent.Executors$RunnableAdapter.call(Executors.java:511) [?:1.8.0_432]
	at java.util.concurrent.FutureTask.runAndReset(FutureTask.java:308) [?:1.8.0_432]
	at java.util.concurrent.ScheduledThreadPoolExecutor$ScheduledFutureTask.access$301(ScheduledThreadPoolExecutor.java:180) [?:1.8.0_432]
	at java.util.concurrent.ScheduledThreadPoolExecutor$ScheduledFutureTask.run(ScheduledThreadPoolExecutor.java:294) [?:1.8.0_432]
	at java.util.concurrent.ThreadPoolExecutor.runWorker(ThreadPoolExecutor.java:1149) [?:1.8.0_432]
	at java.util.concurrent.ThreadPoolExecutor$Worker.run(ThreadPoolExecutor.java:624) [?:1.8.0_432]
	at java.lang.Thread.run(Thread.java:750) [?:1.8.0_432]
2025-12-10 21:39:09,626 INFO  com.github.nexmark.flink.metric.cpu.CpuMetricSender          [] - Report CPU metric: [{"host":"127.0.0.1","pid":47314,"cpu":-0.01}]
2025-12-10 21:39:10,532 INFO  com.github.nexmark.flink.metric.cpu.CpuMetricSender          [] - Report CPU metric: [{"host":"127.0.0.1","pid":47314,"cpu":0.0}]
2025-12-10 21:39:11,533 INFO  com.github.nexmark.flink.metric.cpu.CpuMetricSender          [] - Report CPU metric: [{"host":"127.0.0.1","pid":47314,"cpu":0.0}]
2025-12-10 21:39:12,537 INFO  com.github.nexmark.flink.metric.cpu.CpuMetricSender          [] - Report CPU metric: [{"host":"127.0.0.1","pid":47314,"cpu":0.0}]
2025-12-10 21:39:13,536 INFO  com.github.nexmark.flink.metric.cpu.CpuMetricSender          [] - Report CPU metric: [{"host":"127.0.0.1","pid":47314,"cpu":0.0}]
2025-12-10 21:39:14,536 INFO  com.github.nexmark.flink.metric.cpu.CpuMetricSender          [] - Report CPU metric: [{"host":"127.0.0.1","pid":47314,"cpu":0.0}]
2025-12-10 21:39:15,537 INFO  com.github.nexmark.flink.metric.cpu.CpuMetricSender          [] - Report CPU metric: [{"host":"127.0.0.1","pid":47314,"cpu":0.0}]
2025-12-10 21:39:16,535 INFO  com.github.nexmark.flink.metric.cpu.CpuMetricSender          [] - Report CPU metric: [{"host":"127.0.0.1","pid":47314,"cpu":0.0}]
2025-12-10 21:39:17,533 INFO  com.github.nexmark.flink.metric.cpu.CpuMetricSender          [] - Report CPU metric: [{"host":"127.0.0.1","pid":47314,"cpu":0.0}]
2025-12-10 21:39:18,536 INFO  com.github.nexmark.flink.metric.cpu.CpuMetricSender          [] - Report CPU metric: [{"host":"127.0.0.1","pid":47314,"cpu":0.0}]
2025-12-10 21:39:19,533 INFO  com.github.nexmark.flink.metric.cpu.CpuMetricSender          [] - Report CPU metric: [{"host":"127.0.0.1","pid":47314,"cpu":0.0}]
2025-12-10 21:39:20,532 INFO  com.github.nexmark.flink.metric.cpu.CpuMetricSender          [] - Report CPU metric: [{"host":"127.0.0.1","pid":47314,"cpu":0.0}]
2025-12-10 21:39:21,536 INFO  com.github.nexmark.flink.metric.cpu.CpuMetricSender          [] - Report CPU metric: [{"host":"127.0.0.1","pid":47314,"cpu":0.0}]
2025-12-10 21:39:22,536 INFO  com.github.nexmark.flink.metric.cpu.CpuMetricSender          [] - Report CPU metric: [{"host":"127.0.0.1","pid":47314,"cpu":0.0}]
2025-12-10 21:39:23,533 INFO  com.github.nexmark.flink.metric.cpu.CpuMetricSender          [] - Report CPU metric: [{"host":"127.0.0.1","pid":47314,"cpu":0.0}]
2025-12-10 21:39:24,536 WARN  com.github.nexmark.flink.metric.cpu.CpuMetricSender          [] - Can't connect to metric server. Skip to report metric for this round.
java.net.ConnectException: Connection refused (Connection refused)
	at java.net.PlainSocketImpl.socketConnect(Native Method) ~[?:1.8.0_432]
	at java.net.AbstractPlainSocketImpl.doConnect(AbstractPlainSocketImpl.java:350) ~[?:1.8.0_432]
	at java.net.AbstractPlainSocketImpl.connectToAddress(AbstractPlainSocketImpl.java:206) ~[?:1.8.0_432]
	at java.net.AbstractPlainSocketImpl.connect(AbstractPlainSocketImpl.java:188) ~[?:1.8.0_432]
	at java.net.SocksSocketImpl.connect(SocksSocketImpl.java:392) ~[?:1.8.0_432]
	at java.net.Socket.connect(Socket.java:607) ~[?:1.8.0_432]
	at java.net.Socket.connect(Socket.java:556) ~[?:1.8.0_432]
	at java.net.Socket.<init>(Socket.java:452) ~[?:1.8.0_432]
	at java.net.Socket.<init>(Socket.java:262) ~[?:1.8.0_432]
	at com.github.nexmark.flink.metric.cpu.CpuMetricSender.reportCpuMetric(CpuMetricSender.java:116) ~[nexmark-flink-0.3-SNAPSHOT.jar:?]
	at java.util.concurrent.Executors$RunnableAdapter.call(Executors.java:511) [?:1.8.0_432]
	at java.util.concurrent.FutureTask.runAndReset(FutureTask.java:308) [?:1.8.0_432]
	at java.util.concurrent.ScheduledThreadPoolExecutor$ScheduledFutureTask.access$301(ScheduledThreadPoolExecutor.java:180) [?:1.8.0_432]
	at java.util.concurrent.ScheduledThreadPoolExecutor$ScheduledFutureTask.run(ScheduledThreadPoolExecutor.java:294) [?:1.8.0_432]
	at java.util.concurrent.ThreadPoolExecutor.runWorker(ThreadPoolExecutor.java:1149) [?:1.8.0_432]
	at java.util.concurrent.ThreadPoolExecutor$Worker.run(ThreadPoolExecutor.java:624) [?:1.8.0_432]
	at java.lang.Thread.run(Thread.java:750) [?:1.8.0_432]
2025-12-10 21:39:25,536 WARN  com.github.nexmark.flink.metric.cpu.CpuMetricSender          [] - Can't connect to metric server. Skip to report metric for this round.
java.net.ConnectException: Connection refused (Connection refused)
	at java.net.PlainSocketImpl.socketConnect(Native Method) ~[?:1.8.0_432]
	at java.net.AbstractPlainSocketImpl.doConnect(AbstractPlainSocketImpl.java:350) ~[?:1.8.0_432]
	at java.net.AbstractPlainSocketImpl.connectToAddress(AbstractPlainSocketImpl.java:206) ~[?:1.8.0_432]
	at java.net.AbstractPlainSocketImpl.connect(AbstractPlainSocketImpl.java:188) ~[?:1.8.0_432]
	at java.net.SocksSocketImpl.connect(SocksSocketImpl.java:392) ~[?:1.8.0_432]
	at java.net.Socket.connect(Socket.java:607) ~[?:1.8.0_432]
	at java.net.Socket.connect(Socket.java:556) ~[?:1.8.0_432]
	at java.net.Socket.<init>(Socket.java:452) ~[?:1.8.0_432]
	at java.net.Socket.<init>(Socket.java:262) ~[?:1.8.0_432]
	at com.github.nexmark.flink.metric.cpu.CpuMetricSender.reportCpuMetric(CpuMetricSender.java:116) ~[nexmark-flink-0.3-SNAPSHOT.jar:?]
	at java.util.concurrent.Executors$RunnableAdapter.call(Executors.java:511) [?:1.8.0_432]
	at java.util.concurrent.FutureTask.runAndReset(FutureTask.java:308) [?:1.8.0_432]
	at java.util.concurrent.ScheduledThreadPoolExecutor$ScheduledFutureTask.access$301(ScheduledThreadPoolExecutor.java:180) [?:1.8.0_432]
	at java.util.concurrent.ScheduledThreadPoolExecutor$ScheduledFutureTask.run(ScheduledThreadPoolExecutor.java:294) [?:1.8.0_432]
	at java.util.concurrent.ThreadPoolExecutor.runWorker(ThreadPoolExecutor.java:1149) [?:1.8.0_432]
	at java.util.concurrent.ThreadPoolExecutor$Worker.run(ThreadPoolExecutor.java:624) [?:1.8.0_432]
	at java.lang.Thread.run(Thread.java:750) [?:1.8.0_432]
2025-12-10 21:39:26,534 WARN  com.github.nexmark.flink.metric.cpu.CpuMetricSender          [] - Can't connect to metric server. Skip to report metric for this round.
java.net.ConnectException: Connection refused (Connection refused)
	at java.net.PlainSocketImpl.socketConnect(Native Method) ~[?:1.8.0_432]
	at java.net.AbstractPlainSocketImpl.doConnect(AbstractPlainSocketImpl.java:350) ~[?:1.8.0_432]
	at java.net.AbstractPlainSocketImpl.connectToAddress(AbstractPlainSocketImpl.java:206) ~[?:1.8.0_432]
	at java.net.AbstractPlainSocketImpl.connect(AbstractPlainSocketImpl.java:188) ~[?:1.8.0_432]
	at java.net.SocksSocketImpl.connect(SocksSocketImpl.java:392) ~[?:1.8.0_432]
	at java.net.Socket.connect(Socket.java:607) ~[?:1.8.0_432]
	at java.net.Socket.connect(Socket.java:556) ~[?:1.8.0_432]
	at java.net.Socket.<init>(Socket.java:452) ~[?:1.8.0_432]
	at java.net.Socket.<init>(Socket.java:262) ~[?:1.8.0_432]
	at com.github.nexmark.flink.metric.cpu.CpuMetricSender.reportCpuMetric(CpuMetricSender.java:116) ~[nexmark-flink-0.3-SNAPSHOT.jar:?]
	at java.util.concurrent.Executors$RunnableAdapter.call(Executors.java:511) [?:1.8.0_432]
	at java.util.concurrent.FutureTask.runAndReset(FutureTask.java:308) [?:1.8.0_432]
	at java.util.concurrent.ScheduledThreadPoolExecutor$ScheduledFutureTask.access$301(ScheduledThreadPoolExecutor.java:180) [?:1.8.0_432]
	at java.util.concurrent.ScheduledThreadPoolExecutor$ScheduledFutureTask.run(ScheduledThreadPoolExecutor.java:294) [?:1.8.0_432]
	at java.util.concurrent.ThreadPoolExecutor.runWorker(ThreadPoolExecutor.java:1149) [?:1.8.0_432]
	at java.util.concurrent.ThreadPoolExecutor$Worker.run(ThreadPoolExecutor.java:624) [?:1.8.0_432]
	at java.lang.Thread.run(Thread.java:750) [?:1.8.0_432]
2025-12-10 21:39:27,535 WARN  com.github.nexmark.flink.metric.cpu.CpuMetricSender          [] - Can't connect to metric server. Skip to report metric for this round.
java.net.ConnectException: Connection refused (Connection refused)
	at java.net.PlainSocketImpl.socketConnect(Native Method) ~[?:1.8.0_432]
	at java.net.AbstractPlainSocketImpl.doConnect(AbstractPlainSocketImpl.java:350) ~[?:1.8.0_432]
	at java.net.AbstractPlainSocketImpl.connectToAddress(AbstractPlainSocketImpl.java:206) ~[?:1.8.0_432]
	at java.net.AbstractPlainSocketImpl.connect(AbstractPlainSocketImpl.java:188) ~[?:1.8.0_432]
	at java.net.SocksSocketImpl.connect(SocksSocketImpl.java:392) ~[?:1.8.0_432]
	at java.net.Socket.connect(Socket.java:607) ~[?:1.8.0_432]
	at java.net.Socket.connect(Socket.java:556) ~[?:1.8.0_432]
	at java.net.Socket.<init>(Socket.java:452) ~[?:1.8.0_432]
	at java.net.Socket.<init>(Socket.java:262) ~[?:1.8.0_432]
	at com.github.nexmark.flink.metric.cpu.CpuMetricSender.reportCpuMetric(CpuMetricSender.java:116) ~[nexmark-flink-0.3-SNAPSHOT.jar:?]
	at java.util.concurrent.Executors$RunnableAdapter.call(Executors.java:511) [?:1.8.0_432]
	at java.util.concurrent.FutureTask.runAndReset(FutureTask.java:308) [?:1.8.0_432]
	at java.util.concurrent.ScheduledThreadPoolExecutor$ScheduledFutureTask.access$301(ScheduledThreadPoolExecutor.java:180) [?:1.8.0_432]
	at java.util.concurrent.ScheduledThreadPoolExecutor$ScheduledFutureTask.run(ScheduledThreadPoolExecutor.java:294) [?:1.8.0_432]
	at java.util.concurrent.ThreadPoolExecutor.runWorker(ThreadPoolExecutor.java:1149) [?:1.8.0_432]
	at java.util.concurrent.ThreadPoolExecutor$Worker.run(ThreadPoolExecutor.java:624) [?:1.8.0_432]
	at java.lang.Thread.run(Thread.java:750) [?:1.8.0_432]
2025-12-10 21:39:28,536 WARN  com.github.nexmark.flink.metric.cpu.CpuMetricSender          [] - Can't connect to metric server. Skip to report metric for this round.
java.net.ConnectException: Connection refused (Connection refused)
	at java.net.PlainSocketImpl.socketConnect(Native Method) ~[?:1.8.0_432]
	at java.net.AbstractPlainSocketImpl.doConnect(AbstractPlainSocketImpl.java:350) ~[?:1.8.0_432]
	at java.net.AbstractPlainSocketImpl.connectToAddress(AbstractPlainSocketImpl.java:206) ~[?:1.8.0_432]
	at java.net.AbstractPlainSocketImpl.connect(AbstractPlainSocketImpl.java:188) ~[?:1.8.0_432]
	at java.net.SocksSocketImpl.connect(SocksSocketImpl.java:392) ~[?:1.8.0_432]
	at java.net.Socket.connect(Socket.java:607) ~[?:1.8.0_432]
	at java.net.Socket.connect(Socket.java:556) ~[?:1.8.0_432]
	at java.net.Socket.<init>(Socket.java:452) ~[?:1.8.0_432]
	at java.net.Socket.<init>(Socket.java:262) ~[?:1.8.0_432]
	at com.github.nexmark.flink.metric.cpu.CpuMetricSender.reportCpuMetric(CpuMetricSender.java:116) ~[nexmark-flink-0.3-SNAPSHOT.jar:?]
	at java.util.concurrent.Executors$RunnableAdapter.call(Executors.java:511) [?:1.8.0_432]
	at java.util.concurrent.FutureTask.runAndReset(FutureTask.java:308) [?:1.8.0_432]
	at java.util.concurrent.ScheduledThreadPoolExecutor$ScheduledFutureTask.access$301(ScheduledThreadPoolExecutor.java:180) [?:1.8.0_432]
	at java.util.concurrent.ScheduledThreadPoolExecutor$ScheduledFutureTask.run(ScheduledThreadPoolExecutor.java:294) [?:1.8.0_432]
	at java.util.concurrent.ThreadPoolExecutor.runWorker(ThreadPoolExecutor.java:1149) [?:1.8.0_432]
	at java.util.concurrent.ThreadPoolExecutor$Worker.run(ThreadPoolExecutor.java:624) [?:1.8.0_432]
	at java.lang.Thread.run(Thread.java:750) [?:1.8.0_432]
2025-12-10 21:39:29,535 WARN  com.github.nexmark.flink.metric.cpu.CpuMetricSender          [] - Can't connect to metric server. Skip to report metric for this round.
java.net.ConnectException: Connection refused (Connection refused)
	at java.net.PlainSocketImpl.socketConnect(Native Method) ~[?:1.8.0_432]
	at java.net.AbstractPlainSocketImpl.doConnect(AbstractPlainSocketImpl.java:350) ~[?:1.8.0_432]
	at java.net.AbstractPlainSocketImpl.connectToAddress(AbstractPlainSocketImpl.java:206) ~[?:1.8.0_432]
	at java.net.AbstractPlainSocketImpl.connect(AbstractPlainSocketImpl.java:188) ~[?:1.8.0_432]
	at java.net.SocksSocketImpl.connect(SocksSocketImpl.java:392) ~[?:1.8.0_432]
	at java.net.Socket.connect(Socket.java:607) ~[?:1.8.0_432]
	at java.net.Socket.connect(Socket.java:556) ~[?:1.8.0_432]
	at java.net.Socket.<init>(Socket.java:452) ~[?:1.8.0_432]
	at java.net.Socket.<init>(Socket.java:262) ~[?:1.8.0_432]
	at com.github.nexmark.flink.metric.cpu.CpuMetricSender.reportCpuMetric(CpuMetricSender.java:116) ~[nexmark-flink-0.3-SNAPSHOT.jar:?]
	at java.util.concurrent.Executors$RunnableAdapter.call(Executors.java:511) [?:1.8.0_432]
	at java.util.concurrent.FutureTask.runAndReset(FutureTask.java:308) [?:1.8.0_432]
	at java.util.concurrent.ScheduledThreadPoolExecutor$ScheduledFutureTask.access$301(ScheduledThreadPoolExecutor.java:180) [?:1.8.0_432]
	at java.util.concurrent.ScheduledThreadPoolExecutor$ScheduledFutureTask.run(ScheduledThreadPoolExecutor.java:294) [?:1.8.0_432]
	at java.util.concurrent.ThreadPoolExecutor.runWorker(ThreadPoolExecutor.java:1149) [?:1.8.0_432]
	at java.util.concurrent.ThreadPoolExecutor$Worker.run(ThreadPoolExecutor.java:624) [?:1.8.0_432]
	at java.lang.Thread.run(Thread.java:750) [?:1.8.0_432]
2025-12-10 21:39:30,536 WARN  com.github.nexmark.flink.metric.cpu.CpuMetricSender          [] - Can't connect to metric server. Skip to report metric for this round.
java.net.ConnectException: Connection refused (Connection refused)
	at java.net.PlainSocketImpl.socketConnect(Native Method) ~[?:1.8.0_432]
	at java.net.AbstractPlainSocketImpl.doConnect(AbstractPlainSocketImpl.java:350) ~[?:1.8.0_432]
	at java.net.AbstractPlainSocketImpl.connectToAddress(AbstractPlainSocketImpl.java:206) ~[?:1.8.0_432]
	at java.net.AbstractPlainSocketImpl.connect(AbstractPlainSocketImpl.java:188) ~[?:1.8.0_432]
	at java.net.SocksSocketImpl.connect(SocksSocketImpl.java:392) ~[?:1.8.0_432]
	at java.net.Socket.connect(Socket.java:607) ~[?:1.8.0_432]
	at java.net.Socket.connect(Socket.java:556) ~[?:1.8.0_432]
	at java.net.Socket.<init>(Socket.java:452) ~[?:1.8.0_432]
	at java.net.Socket.<init>(Socket.java:262) ~[?:1.8.0_432]
	at com.github.nexmark.flink.metric.cpu.CpuMetricSender.reportCpuMetric(CpuMetricSender.java:116) ~[nexmark-flink-0.3-SNAPSHOT.jar:?]
	at java.util.concurrent.Executors$RunnableAdapter.call(Executors.java:511) [?:1.8.0_432]
	at java.util.concurrent.FutureTask.runAndReset(FutureTask.java:308) [?:1.8.0_432]
	at java.util.concurrent.ScheduledThreadPoolExecutor$ScheduledFutureTask.access$301(ScheduledThreadPoolExecutor.java:180) [?:1.8.0_432]
	at java.util.concurrent.ScheduledThreadPoolExecutor$ScheduledFutureTask.run(ScheduledThreadPoolExecutor.java:294) [?:1.8.0_432]
	at java.util.concurrent.ThreadPoolExecutor.runWorker(ThreadPoolExecutor.java:1149) [?:1.8.0_432]
	at java.util.concurrent.ThreadPoolExecutor$Worker.run(ThreadPoolExecutor.java:624) [?:1.8.0_432]
	at java.lang.Thread.run(Thread.java:750) [?:1.8.0_432]
2025-12-10 21:39:31,533 WARN  com.github.nexmark.flink.metric.cpu.CpuMetricSender          [] - Can't connect to metric server. Skip to report metric for this round.
java.net.ConnectException: Connection refused (Connection refused)
	at java.net.PlainSocketImpl.socketConnect(Native Method) ~[?:1.8.0_432]
	at java.net.AbstractPlainSocketImpl.doConnect(AbstractPlainSocketImpl.java:350) ~[?:1.8.0_432]
	at java.net.AbstractPlainSocketImpl.connectToAddress(AbstractPlainSocketImpl.java:206) ~[?:1.8.0_432]
	at java.net.AbstractPlainSocketImpl.connect(AbstractPlainSocketImpl.java:188) ~[?:1.8.0_432]
	at java.net.SocksSocketImpl.connect(SocksSocketImpl.java:392) ~[?:1.8.0_432]
	at java.net.Socket.connect(Socket.java:607) ~[?:1.8.0_432]
	at java.net.Socket.connect(Socket.java:556) ~[?:1.8.0_432]
	at java.net.Socket.<init>(Socket.java:452) ~[?:1.8.0_432]
	at java.net.Socket.<init>(Socket.java:262) ~[?:1.8.0_432]
	at com.github.nexmark.flink.metric.cpu.CpuMetricSender.reportCpuMetric(CpuMetricSender.java:116) ~[nexmark-flink-0.3-SNAPSHOT.jar:?]
	at java.util.concurrent.Executors$RunnableAdapter.call(Executors.java:511) [?:1.8.0_432]
	at java.util.concurrent.FutureTask.runAndReset(FutureTask.java:308) [?:1.8.0_432]
	at java.util.concurrent.ScheduledThreadPoolExecutor$ScheduledFutureTask.access$301(ScheduledThreadPoolExecutor.java:180) [?:1.8.0_432]
	at java.util.concurrent.ScheduledThreadPoolExecutor$ScheduledFutureTask.run(ScheduledThreadPoolExecutor.java:294) [?:1.8.0_432]
	at java.util.concurrent.ThreadPoolExecutor.runWorker(ThreadPoolExecutor.java:1149) [?:1.8.0_432]
	at java.util.concurrent.ThreadPoolExecutor$Worker.run(ThreadPoolExecutor.java:624) [?:1.8.0_432]
	at java.lang.Thread.run(Thread.java:750) [?:1.8.0_432]
2025-12-10 21:39:32,536 WARN  com.github.nexmark.flink.metric.cpu.CpuMetricSender          [] - Can't connect to metric server. Skip to report metric for this round.
java.net.ConnectException: Connection refused (Connection refused)
	at java.net.PlainSocketImpl.socketConnect(Native Method) ~[?:1.8.0_432]
	at java.net.AbstractPlainSocketImpl.doConnect(AbstractPlainSocketImpl.java:350) ~[?:1.8.0_432]
	at java.net.AbstractPlainSocketImpl.connectToAddress(AbstractPlainSocketImpl.java:206) ~[?:1.8.0_432]
	at java.net.AbstractPlainSocketImpl.connect(AbstractPlainSocketImpl.java:188) ~[?:1.8.0_432]
	at java.net.SocksSocketImpl.connect(SocksSocketImpl.java:392) ~[?:1.8.0_432]
	at java.net.Socket.connect(Socket.java:607) ~[?:1.8.0_432]
	at java.net.Socket.connect(Socket.java:556) ~[?:1.8.0_432]
	at java.net.Socket.<init>(Socket.java:452) ~[?:1.8.0_432]
	at java.net.Socket.<init>(Socket.java:262) ~[?:1.8.0_432]
	at com.github.nexmark.flink.metric.cpu.CpuMetricSender.reportCpuMetric(CpuMetricSender.java:116) ~[nexmark-flink-0.3-SNAPSHOT.jar:?]
	at java.util.concurrent.Executors$RunnableAdapter.call(Executors.java:511) [?:1.8.0_432]
	at java.util.concurrent.FutureTask.runAndReset(FutureTask.java:308) [?:1.8.0_432]
	at java.util.concurrent.ScheduledThreadPoolExecutor$ScheduledFutureTask.access$301(ScheduledThreadPoolExecutor.java:180) [?:1.8.0_432]
	at java.util.concurrent.ScheduledThreadPoolExecutor$ScheduledFutureTask.run(ScheduledThreadPoolExecutor.java:294) [?:1.8.0_432]
	at java.util.concurrent.ThreadPoolExecutor.runWorker(ThreadPoolExecutor.java:1149) [?:1.8.0_432]
	at java.util.concurrent.ThreadPoolExecutor$Worker.run(ThreadPoolExecutor.java:624) [?:1.8.0_432]
	at java.lang.Thread.run(Thread.java:750) [?:1.8.0_432]
2025-12-10 21:39:33,532 WARN  com.github.nexmark.flink.metric.cpu.CpuMetricSender          [] - Can't connect to metric server. Skip to report metric for this round.
java.net.ConnectException: Connection refused (Connection refused)
	at java.net.PlainSocketImpl.socketConnect(Native Method) ~[?:1.8.0_432]
	at java.net.AbstractPlainSocketImpl.doConnect(AbstractPlainSocketImpl.java:350) ~[?:1.8.0_432]
	at java.net.AbstractPlainSocketImpl.connectToAddress(AbstractPlainSocketImpl.java:206) ~[?:1.8.0_432]
	at java.net.AbstractPlainSocketImpl.connect(AbstractPlainSocketImpl.java:188) ~[?:1.8.0_432]
	at java.net.SocksSocketImpl.connect(SocksSocketImpl.java:392) ~[?:1.8.0_432]
	at java.net.Socket.connect(Socket.java:607) ~[?:1.8.0_432]
	at java.net.Socket.connect(Socket.java:556) ~[?:1.8.0_432]
	at java.net.Socket.<init>(Socket.java:452) ~[?:1.8.0_432]
	at java.net.Socket.<init>(Socket.java:262) ~[?:1.8.0_432]
	at com.github.nexmark.flink.metric.cpu.CpuMetricSender.reportCpuMetric(CpuMetricSender.java:116) ~[nexmark-flink-0.3-SNAPSHOT.jar:?]
	at java.util.concurrent.Executors$RunnableAdapter.call(Executors.java:511) [?:1.8.0_432]
	at java.util.concurrent.FutureTask.runAndReset(FutureTask.java:308) [?:1.8.0_432]
	at java.util.concurrent.ScheduledThreadPoolExecutor$ScheduledFutureTask.access$301(ScheduledThreadPoolExecutor.java:180) [?:1.8.0_432]
	at java.util.concurrent.ScheduledThreadPoolExecutor$ScheduledFutureTask.run(ScheduledThreadPoolExecutor.java:294) [?:1.8.0_432]
	at java.util.concurrent.ThreadPoolExecutor.runWorker(ThreadPoolExecutor.java:1149) [?:1.8.0_432]
	at java.util.concurrent.ThreadPoolExecutor$Worker.run(ThreadPoolExecutor.java:624) [?:1.8.0_432]
	at java.lang.Thread.run(Thread.java:750) [?:1.8.0_432]
2025-12-10 21:39:34,532 WARN  com.github.nexmark.flink.metric.cpu.CpuMetricSender          [] - Can't connect to metric server. Skip to report metric for this round.
java.net.ConnectException: Connection refused (Connection refused)
	at java.net.PlainSocketImpl.socketConnect(Native Method) ~[?:1.8.0_432]
	at java.net.AbstractPlainSocketImpl.doConnect(AbstractPlainSocketImpl.java:350) ~[?:1.8.0_432]
	at java.net.AbstractPlainSocketImpl.connectToAddress(AbstractPlainSocketImpl.java:206) ~[?:1.8.0_432]
	at java.net.AbstractPlainSocketImpl.connect(AbstractPlainSocketImpl.java:188) ~[?:1.8.0_432]
	at java.net.SocksSocketImpl.connect(SocksSocketImpl.java:392) ~[?:1.8.0_432]
	at java.net.Socket.connect(Socket.java:607) ~[?:1.8.0_432]
	at java.net.Socket.connect(Socket.java:556) ~[?:1.8.0_432]
	at java.net.Socket.<init>(Socket.java:452) ~[?:1.8.0_432]
	at java.net.Socket.<init>(Socket.java:262) ~[?:1.8.0_432]
	at com.github.nexmark.flink.metric.cpu.CpuMetricSender.reportCpuMetric(CpuMetricSender.java:116) ~[nexmark-flink-0.3-SNAPSHOT.jar:?]
	at java.util.concurrent.Executors$RunnableAdapter.call(Executors.java:511) [?:1.8.0_432]
	at java.util.concurrent.FutureTask.runAndReset(FutureTask.java:308) [?:1.8.0_432]
	at java.util.concurrent.ScheduledThreadPoolExecutor$ScheduledFutureTask.access$301(ScheduledThreadPoolExecutor.java:180) [?:1.8.0_432]
	at java.util.concurrent.ScheduledThreadPoolExecutor$ScheduledFutureTask.run(ScheduledThreadPoolExecutor.java:294) [?:1.8.0_432]
	at java.util.concurrent.ThreadPoolExecutor.runWorker(ThreadPoolExecutor.java:1149) [?:1.8.0_432]
	at java.util.concurrent.ThreadPoolExecutor$Worker.run(ThreadPoolExecutor.java:624) [?:1.8.0_432]
	at java.lang.Thread.run(Thread.java:750) [?:1.8.0_432]
2025-12-10 21:39:35,536 WARN  com.github.nexmark.flink.metric.cpu.CpuMetricSender          [] - Can't connect to metric server. Skip to report metric for this round.
java.net.ConnectException: Connection refused (Connection refused)
	at java.net.PlainSocketImpl.socketConnect(Native Method) ~[?:1.8.0_432]
	at java.net.AbstractPlainSocketImpl.doConnect(AbstractPlainSocketImpl.java:350) ~[?:1.8.0_432]
	at java.net.AbstractPlainSocketImpl.connectToAddress(AbstractPlainSocketImpl.java:206) ~[?:1.8.0_432]
	at java.net.AbstractPlainSocketImpl.connect(AbstractPlainSocketImpl.java:188) ~[?:1.8.0_432]
	at java.net.SocksSocketImpl.connect(SocksSocketImpl.java:392) ~[?:1.8.0_432]
	at java.net.Socket.connect(Socket.java:607) ~[?:1.8.0_432]
	at java.net.Socket.connect(Socket.java:556) ~[?:1.8.0_432]
	at java.net.Socket.<init>(Socket.java:452) ~[?:1.8.0_432]
	at java.net.Socket.<init>(Socket.java:262) ~[?:1.8.0_432]
	at com.github.nexmark.flink.metric.cpu.CpuMetricSender.reportCpuMetric(CpuMetricSender.java:116) ~[nexmark-flink-0.3-SNAPSHOT.jar:?]
	at java.util.concurrent.Executors$RunnableAdapter.call(Executors.java:511) [?:1.8.0_432]
	at java.util.concurrent.FutureTask.runAndReset(FutureTask.java:308) [?:1.8.0_432]
	at java.util.concurrent.ScheduledThreadPoolExecutor$ScheduledFutureTask.access$301(ScheduledThreadPoolExecutor.java:180) [?:1.8.0_432]
	at java.util.concurrent.ScheduledThreadPoolExecutor$ScheduledFutureTask.run(ScheduledThreadPoolExecutor.java:294) [?:1.8.0_432]
	at java.util.concurrent.ThreadPoolExecutor.runWorker(ThreadPoolExecutor.java:1149) [?:1.8.0_432]
	at java.util.concurrent.ThreadPoolExecutor$Worker.run(ThreadPoolExecutor.java:624) [?:1.8.0_432]
	at java.lang.Thread.run(Thread.java:750) [?:1.8.0_432]
2025-12-10 21:39:36,532 WARN  com.github.nexmark.flink.metric.cpu.CpuMetricSender          [] - Can't connect to metric server. Skip to report metric for this round.
java.net.ConnectException: Connection refused (Connection refused)
	at java.net.PlainSocketImpl.socketConnect(Native Method) ~[?:1.8.0_432]
	at java.net.AbstractPlainSocketImpl.doConnect(AbstractPlainSocketImpl.java:350) ~[?:1.8.0_432]
	at java.net.AbstractPlainSocketImpl.connectToAddress(AbstractPlainSocketImpl.java:206) ~[?:1.8.0_432]
	at java.net.AbstractPlainSocketImpl.connect(AbstractPlainSocketImpl.java:188) ~[?:1.8.0_432]
	at java.net.SocksSocketImpl.connect(SocksSocketImpl.java:392) ~[?:1.8.0_432]
	at java.net.Socket.connect(Socket.java:607) ~[?:1.8.0_432]
	at java.net.Socket.connect(Socket.java:556) ~[?:1.8.0_432]
	at java.net.Socket.<init>(Socket.java:452) ~[?:1.8.0_432]
	at java.net.Socket.<init>(Socket.java:262) ~[?:1.8.0_432]
	at com.github.nexmark.flink.metric.cpu.CpuMetricSender.reportCpuMetric(CpuMetricSender.java:116) ~[nexmark-flink-0.3-SNAPSHOT.jar:?]
	at java.util.concurrent.Executors$RunnableAdapter.call(Executors.java:511) [?:1.8.0_432]
	at java.util.concurrent.FutureTask.runAndReset(FutureTask.java:308) [?:1.8.0_432]
	at java.util.concurrent.ScheduledThreadPoolExecutor$ScheduledFutureTask.access$301(ScheduledThreadPoolExecutor.java:180) [?:1.8.0_432]
	at java.util.concurrent.ScheduledThreadPoolExecutor$ScheduledFutureTask.run(ScheduledThreadPoolExecutor.java:294) [?:1.8.0_432]
	at java.util.concurrent.ThreadPoolExecutor.runWorker(ThreadPoolExecutor.java:1149) [?:1.8.0_432]
	at java.util.concurrent.ThreadPoolExecutor$Worker.run(ThreadPoolExecutor.java:624) [?:1.8.0_432]
	at java.lang.Thread.run(Thread.java:750) [?:1.8.0_432]
2025-12-10 21:39:37,536 WARN  com.github.nexmark.flink.metric.cpu.CpuMetricSender          [] - Can't connect to metric server. Skip to report metric for this round.
java.net.ConnectException: Connection refused (Connection refused)
	at java.net.PlainSocketImpl.socketConnect(Native Method) ~[?:1.8.0_432]
	at java.net.AbstractPlainSocketImpl.doConnect(AbstractPlainSocketImpl.java:350) ~[?:1.8.0_432]
	at java.net.AbstractPlainSocketImpl.connectToAddress(AbstractPlainSocketImpl.java:206) ~[?:1.8.0_432]
	at java.net.AbstractPlainSocketImpl.connect(AbstractPlainSocketImpl.java:188) ~[?:1.8.0_432]
	at java.net.SocksSocketImpl.connect(SocksSocketImpl.java:392) ~[?:1.8.0_432]
	at java.net.Socket.connect(Socket.java:607) ~[?:1.8.0_432]
	at java.net.Socket.connect(Socket.java:556) ~[?:1.8.0_432]
	at java.net.Socket.<init>(Socket.java:452) ~[?:1.8.0_432]
	at java.net.Socket.<init>(Socket.java:262) ~[?:1.8.0_432]
	at com.github.nexmark.flink.metric.cpu.CpuMetricSender.reportCpuMetric(CpuMetricSender.java:116) ~[nexmark-flink-0.3-SNAPSHOT.jar:?]
	at java.util.concurrent.Executors$RunnableAdapter.call(Executors.java:511) [?:1.8.0_432]
	at java.util.concurrent.FutureTask.runAndReset(FutureTask.java:308) [?:1.8.0_432]
	at java.util.concurrent.ScheduledThreadPoolExecutor$ScheduledFutureTask.access$301(ScheduledThreadPoolExecutor.java:180) [?:1.8.0_432]
	at java.util.concurrent.ScheduledThreadPoolExecutor$ScheduledFutureTask.run(ScheduledThreadPoolExecutor.java:294) [?:1.8.0_432]
	at java.util.concurrent.ThreadPoolExecutor.runWorker(ThreadPoolExecutor.java:1149) [?:1.8.0_432]
	at java.util.concurrent.ThreadPoolExecutor$Worker.run(ThreadPoolExecutor.java:624) [?:1.8.0_432]
	at java.lang.Thread.run(Thread.java:750) [?:1.8.0_432]
2025-12-10 21:39:38,535 WARN  com.github.nexmark.flink.metric.cpu.CpuMetricSender          [] - Can't connect to metric server. Skip to report metric for this round.
java.net.ConnectException: Connection refused (Connection refused)
	at java.net.PlainSocketImpl.socketConnect(Native Method) ~[?:1.8.0_432]
	at java.net.AbstractPlainSocketImpl.doConnect(AbstractPlainSocketImpl.java:350) ~[?:1.8.0_432]
	at java.net.AbstractPlainSocketImpl.connectToAddress(AbstractPlainSocketImpl.java:206) ~[?:1.8.0_432]
	at java.net.AbstractPlainSocketImpl.connect(AbstractPlainSocketImpl.java:188) ~[?:1.8.0_432]
	at java.net.SocksSocketImpl.connect(SocksSocketImpl.java:392) ~[?:1.8.0_432]
	at java.net.Socket.connect(Socket.java:607) ~[?:1.8.0_432]
	at java.net.Socket.connect(Socket.java:556) ~[?:1.8.0_432]
	at java.net.Socket.<init>(Socket.java:452) ~[?:1.8.0_432]
	at java.net.Socket.<init>(Socket.java:262) ~[?:1.8.0_432]
	at com.github.nexmark.flink.metric.cpu.CpuMetricSender.reportCpuMetric(CpuMetricSender.java:116) ~[nexmark-flink-0.3-SNAPSHOT.jar:?]
	at java.util.concurrent.Executors$RunnableAdapter.call(Executors.java:511) [?:1.8.0_432]
	at java.util.concurrent.FutureTask.runAndReset(FutureTask.java:308) [?:1.8.0_432]
	at java.util.concurrent.ScheduledThreadPoolExecutor$ScheduledFutureTask.access$301(ScheduledThreadPoolExecutor.java:180) [?:1.8.0_432]
	at java.util.concurrent.ScheduledThreadPoolExecutor$ScheduledFutureTask.run(ScheduledThreadPoolExecutor.java:294) [?:1.8.0_432]
	at java.util.concurrent.ThreadPoolExecutor.runWorker(ThreadPoolExecutor.java:1149) [?:1.8.0_432]
	at java.util.concurrent.ThreadPoolExecutor$Worker.run(ThreadPoolExecutor.java:624) [?:1.8.0_432]
	at java.lang.Thread.run(Thread.java:750) [?:1.8.0_432]
2025-12-10 21:39:39,532 WARN  com.github.nexmark.flink.metric.cpu.CpuMetricSender          [] - Can't connect to metric server. Skip to report metric for this round.
java.net.ConnectException: Connection refused (Connection refused)
	at java.net.PlainSocketImpl.socketConnect(Native Method) ~[?:1.8.0_432]
	at java.net.AbstractPlainSocketImpl.doConnect(AbstractPlainSocketImpl.java:350) ~[?:1.8.0_432]
	at java.net.AbstractPlainSocketImpl.connectToAddress(AbstractPlainSocketImpl.java:206) ~[?:1.8.0_432]
	at java.net.AbstractPlainSocketImpl.connect(AbstractPlainSocketImpl.java:188) ~[?:1.8.0_432]
	at java.net.SocksSocketImpl.connect(SocksSocketImpl.java:392) ~[?:1.8.0_432]
	at java.net.Socket.connect(Socket.java:607) ~[?:1.8.0_432]
	at java.net.Socket.connect(Socket.java:556) ~[?:1.8.0_432]
	at java.net.Socket.<init>(Socket.java:452) ~[?:1.8.0_432]
	at java.net.Socket.<init>(Socket.java:262) ~[?:1.8.0_432]
	at com.github.nexmark.flink.metric.cpu.CpuMetricSender.reportCpuMetric(CpuMetricSender.java:116) ~[nexmark-flink-0.3-SNAPSHOT.jar:?]
	at java.util.concurrent.Executors$RunnableAdapter.call(Executors.java:511) [?:1.8.0_432]
	at java.util.concurrent.FutureTask.runAndReset(FutureTask.java:308) [?:1.8.0_432]
	at java.util.concurrent.ScheduledThreadPoolExecutor$ScheduledFutureTask.access$301(ScheduledThreadPoolExecutor.java:180) [?:1.8.0_432]
	at java.util.concurrent.ScheduledThreadPoolExecutor$ScheduledFutureTask.run(ScheduledThreadPoolExecutor.java:294) [?:1.8.0_432]
	at java.util.concurrent.ThreadPoolExecutor.runWorker(ThreadPoolExecutor.java:1149) [?:1.8.0_432]
	at java.util.concurrent.ThreadPoolExecutor$Worker.run(ThreadPoolExecutor.java:624) [?:1.8.0_432]
	at java.lang.Thread.run(Thread.java:750) [?:1.8.0_432]
2025-12-10 21:39:40,534 WARN  com.github.nexmark.flink.metric.cpu.CpuMetricSender          [] - Can't connect to metric server. Skip to report metric for this round.
java.net.ConnectException: Connection refused (Connection refused)
	at java.net.PlainSocketImpl.socketConnect(Native Method) ~[?:1.8.0_432]
	at java.net.AbstractPlainSocketImpl.doConnect(AbstractPlainSocketImpl.java:350) ~[?:1.8.0_432]
	at java.net.AbstractPlainSocketImpl.connectToAddress(AbstractPlainSocketImpl.java:206) ~[?:1.8.0_432]
	at java.net.AbstractPlainSocketImpl.connect(AbstractPlainSocketImpl.java:188) ~[?:1.8.0_432]
	at java.net.SocksSocketImpl.connect(SocksSocketImpl.java:392) ~[?:1.8.0_432]
	at java.net.Socket.connect(Socket.java:607) ~[?:1.8.0_432]
	at java.net.Socket.connect(Socket.java:556) ~[?:1.8.0_432]
	at java.net.Socket.<init>(Socket.java:452) ~[?:1.8.0_432]
	at java.net.Socket.<init>(Socket.java:262) ~[?:1.8.0_432]
	at com.github.nexmark.flink.metric.cpu.CpuMetricSender.reportCpuMetric(CpuMetricSender.java:116) ~[nexmark-flink-0.3-SNAPSHOT.jar:?]
	at java.util.concurrent.Executors$RunnableAdapter.call(Executors.java:511) [?:1.8.0_432]
	at java.util.concurrent.FutureTask.runAndReset(FutureTask.java:308) [?:1.8.0_432]
	at java.util.concurrent.ScheduledThreadPoolExecutor$ScheduledFutureTask.access$301(ScheduledThreadPoolExecutor.java:180) [?:1.8.0_432]
	at java.util.concurrent.ScheduledThreadPoolExecutor$ScheduledFutureTask.run(ScheduledThreadPoolExecutor.java:294) [?:1.8.0_432]
	at java.util.concurrent.ThreadPoolExecutor.runWorker(ThreadPoolExecutor.java:1149) [?:1.8.0_432]
	at java.util.concurrent.ThreadPoolExecutor$Worker.run(ThreadPoolExecutor.java:624) [?:1.8.0_432]
	at java.lang.Thread.run(Thread.java:750) [?:1.8.0_432]
2025-12-10 21:39:41,536 WARN  com.github.nexmark.flink.metric.cpu.CpuMetricSender          [] - Can't connect to metric server. Skip to report metric for this round.
java.net.ConnectException: Connection refused (Connection refused)
	at java.net.PlainSocketImpl.socketConnect(Native Method) ~[?:1.8.0_432]
	at java.net.AbstractPlainSocketImpl.doConnect(AbstractPlainSocketImpl.java:350) ~[?:1.8.0_432]
	at java.net.AbstractPlainSocketImpl.connectToAddress(AbstractPlainSocketImpl.java:206) ~[?:1.8.0_432]
	at java.net.AbstractPlainSocketImpl.connect(AbstractPlainSocketImpl.java:188) ~[?:1.8.0_432]
	at java.net.SocksSocketImpl.connect(SocksSocketImpl.java:392) ~[?:1.8.0_432]
	at java.net.Socket.connect(Socket.java:607) ~[?:1.8.0_432]
	at java.net.Socket.connect(Socket.java:556) ~[?:1.8.0_432]
	at java.net.Socket.<init>(Socket.java:452) ~[?:1.8.0_432]
	at java.net.Socket.<init>(Socket.java:262) ~[?:1.8.0_432]
	at com.github.nexmark.flink.metric.cpu.CpuMetricSender.reportCpuMetric(CpuMetricSender.java:116) ~[nexmark-flink-0.3-SNAPSHOT.jar:?]
	at java.util.concurrent.Executors$RunnableAdapter.call(Executors.java:511) [?:1.8.0_432]
	at java.util.concurrent.FutureTask.runAndReset(FutureTask.java:308) [?:1.8.0_432]
	at java.util.concurrent.ScheduledThreadPoolExecutor$ScheduledFutureTask.access$301(ScheduledThreadPoolExecutor.java:180) [?:1.8.0_432]
	at java.util.concurrent.ScheduledThreadPoolExecutor$ScheduledFutureTask.run(ScheduledThreadPoolExecutor.java:294) [?:1.8.0_432]
	at java.util.concurrent.ThreadPoolExecutor.runWorker(ThreadPoolExecutor.java:1149) [?:1.8.0_432]
	at java.util.concurrent.ThreadPoolExecutor$Worker.run(ThreadPoolExecutor.java:624) [?:1.8.0_432]
	at java.lang.Thread.run(Thread.java:750) [?:1.8.0_432]
2025-12-10 21:39:42,532 WARN  com.github.nexmark.flink.metric.cpu.CpuMetricSender          [] - Can't connect to metric server. Skip to report metric for this round.
java.net.ConnectException: Connection refused (Connection refused)
	at java.net.PlainSocketImpl.socketConnect(Native Method) ~[?:1.8.0_432]
	at java.net.AbstractPlainSocketImpl.doConnect(AbstractPlainSocketImpl.java:350) ~[?:1.8.0_432]
	at java.net.AbstractPlainSocketImpl.connectToAddress(AbstractPlainSocketImpl.java:206) ~[?:1.8.0_432]
	at java.net.AbstractPlainSocketImpl.connect(AbstractPlainSocketImpl.java:188) ~[?:1.8.0_432]
	at java.net.SocksSocketImpl.connect(SocksSocketImpl.java:392) ~[?:1.8.0_432]
	at java.net.Socket.connect(Socket.java:607) ~[?:1.8.0_432]
	at java.net.Socket.connect(Socket.java:556) ~[?:1.8.0_432]
	at java.net.Socket.<init>(Socket.java:452) ~[?:1.8.0_432]
	at java.net.Socket.<init>(Socket.java:262) ~[?:1.8.0_432]
	at com.github.nexmark.flink.metric.cpu.CpuMetricSender.reportCpuMetric(CpuMetricSender.java:116) ~[nexmark-flink-0.3-SNAPSHOT.jar:?]
	at java.util.concurrent.Executors$RunnableAdapter.call(Executors.java:511) [?:1.8.0_432]
	at java.util.concurrent.FutureTask.runAndReset(FutureTask.java:308) [?:1.8.0_432]
	at java.util.concurrent.ScheduledThreadPoolExecutor$ScheduledFutureTask.access$301(ScheduledThreadPoolExecutor.java:180) [?:1.8.0_432]
	at java.util.concurrent.ScheduledThreadPoolExecutor$ScheduledFutureTask.run(ScheduledThreadPoolExecutor.java:294) [?:1.8.0_432]
	at java.util.concurrent.ThreadPoolExecutor.runWorker(ThreadPoolExecutor.java:1149) [?:1.8.0_432]
	at java.util.concurrent.ThreadPoolExecutor$Worker.run(ThreadPoolExecutor.java:624) [?:1.8.0_432]
	at java.lang.Thread.run(Thread.java:750) [?:1.8.0_432]
2025-12-10 21:39:43,536 WARN  com.github.nexmark.flink.metric.cpu.CpuMetricSender          [] - Can't connect to metric server. Skip to report metric for this round.
java.net.ConnectException: Connection refused (Connection refused)
	at java.net.PlainSocketImpl.socketConnect(Native Method) ~[?:1.8.0_432]
	at java.net.AbstractPlainSocketImpl.doConnect(AbstractPlainSocketImpl.java:350) ~[?:1.8.0_432]
	at java.net.AbstractPlainSocketImpl.connectToAddress(AbstractPlainSocketImpl.java:206) ~[?:1.8.0_432]
	at java.net.AbstractPlainSocketImpl.connect(AbstractPlainSocketImpl.java:188) ~[?:1.8.0_432]
	at java.net.SocksSocketImpl.connect(SocksSocketImpl.java:392) ~[?:1.8.0_432]
	at java.net.Socket.connect(Socket.java:607) ~[?:1.8.0_432]
	at java.net.Socket.connect(Socket.java:556) ~[?:1.8.0_432]
	at java.net.Socket.<init>(Socket.java:452) ~[?:1.8.0_432]
	at java.net.Socket.<init>(Socket.java:262) ~[?:1.8.0_432]
	at com.github.nexmark.flink.metric.cpu.CpuMetricSender.reportCpuMetric(CpuMetricSender.java:116) ~[nexmark-flink-0.3-SNAPSHOT.jar:?]
	at java.util.concurrent.Executors$RunnableAdapter.call(Executors.java:511) [?:1.8.0_432]
	at java.util.concurrent.FutureTask.runAndReset(FutureTask.java:308) [?:1.8.0_432]
	at java.util.concurrent.ScheduledThreadPoolExecutor$ScheduledFutureTask.access$301(ScheduledThreadPoolExecutor.java:180) [?:1.8.0_432]
	at java.util.concurrent.ScheduledThreadPoolExecutor$ScheduledFutureTask.run(ScheduledThreadPoolExecutor.java:294) [?:1.8.0_432]
	at java.util.concurrent.ThreadPoolExecutor.runWorker(ThreadPoolExecutor.java:1149) [?:1.8.0_432]
	at java.util.concurrent.ThreadPoolExecutor$Worker.run(ThreadPoolExecutor.java:624) [?:1.8.0_432]
	at java.lang.Thread.run(Thread.java:750) [?:1.8.0_432]
2025-12-10 21:39:44,531 WARN  com.github.nexmark.flink.metric.cpu.CpuMetricSender          [] - Can't connect to metric server. Skip to report metric for this round.
java.net.ConnectException: Connection refused (Connection refused)
	at java.net.PlainSocketImpl.socketConnect(Native Method) ~[?:1.8.0_432]
	at java.net.AbstractPlainSocketImpl.doConnect(AbstractPlainSocketImpl.java:350) ~[?:1.8.0_432]
	at java.net.AbstractPlainSocketImpl.connectToAddress(AbstractPlainSocketImpl.java:206) ~[?:1.8.0_432]
	at java.net.AbstractPlainSocketImpl.connect(AbstractPlainSocketImpl.java:188) ~[?:1.8.0_432]
	at java.net.SocksSocketImpl.connect(SocksSocketImpl.java:392) ~[?:1.8.0_432]
	at java.net.Socket.connect(Socket.java:607) ~[?:1.8.0_432]
	at java.net.Socket.connect(Socket.java:556) ~[?:1.8.0_432]
	at java.net.Socket.<init>(Socket.java:452) ~[?:1.8.0_432]
	at java.net.Socket.<init>(Socket.java:262) ~[?:1.8.0_432]
	at com.github.nexmark.flink.metric.cpu.CpuMetricSender.reportCpuMetric(CpuMetricSender.java:116) ~[nexmark-flink-0.3-SNAPSHOT.jar:?]
	at java.util.concurrent.Executors$RunnableAdapter.call(Executors.java:511) [?:1.8.0_432]
	at java.util.concurrent.FutureTask.runAndReset(FutureTask.java:308) [?:1.8.0_432]
	at java.util.concurrent.ScheduledThreadPoolExecutor$ScheduledFutureTask.access$301(ScheduledThreadPoolExecutor.java:180) [?:1.8.0_432]
	at java.util.concurrent.ScheduledThreadPoolExecutor$ScheduledFutureTask.run(ScheduledThreadPoolExecutor.java:294) [?:1.8.0_432]
	at java.util.concurrent.ThreadPoolExecutor.runWorker(ThreadPoolExecutor.java:1149) [?:1.8.0_432]
	at java.util.concurrent.ThreadPoolExecutor$Worker.run(ThreadPoolExecutor.java:624) [?:1.8.0_432]
	at java.lang.Thread.run(Thread.java:750) [?:1.8.0_432]
2025-12-10 21:39:45,536 WARN  com.github.nexmark.flink.metric.cpu.CpuMetricSender          [] - Can't connect to metric server. Skip to report metric for this round.
java.net.ConnectException: Connection refused (Connection refused)
	at java.net.PlainSocketImpl.socketConnect(Native Method) ~[?:1.8.0_432]
	at java.net.AbstractPlainSocketImpl.doConnect(AbstractPlainSocketImpl.java:350) ~[?:1.8.0_432]
	at java.net.AbstractPlainSocketImpl.connectToAddress(AbstractPlainSocketImpl.java:206) ~[?:1.8.0_432]
	at java.net.AbstractPlainSocketImpl.connect(AbstractPlainSocketImpl.java:188) ~[?:1.8.0_432]
	at java.net.SocksSocketImpl.connect(SocksSocketImpl.java:392) ~[?:1.8.0_432]
	at java.net.Socket.connect(Socket.java:607) ~[?:1.8.0_432]
	at java.net.Socket.connect(Socket.java:556) ~[?:1.8.0_432]
	at java.net.Socket.<init>(Socket.java:452) ~[?:1.8.0_432]
	at java.net.Socket.<init>(Socket.java:262) ~[?:1.8.0_432]
	at com.github.nexmark.flink.metric.cpu.CpuMetricSender.reportCpuMetric(CpuMetricSender.java:116) ~[nexmark-flink-0.3-SNAPSHOT.jar:?]
	at java.util.concurrent.Executors$RunnableAdapter.call(Executors.java:511) [?:1.8.0_432]
	at java.util.concurrent.FutureTask.runAndReset(FutureTask.java:308) [?:1.8.0_432]
	at java.util.concurrent.ScheduledThreadPoolExecutor$ScheduledFutureTask.access$301(ScheduledThreadPoolExecutor.java:180) [?:1.8.0_432]
	at java.util.concurrent.ScheduledThreadPoolExecutor$ScheduledFutureTask.run(ScheduledThreadPoolExecutor.java:294) [?:1.8.0_432]
	at java.util.concurrent.ThreadPoolExecutor.runWorker(ThreadPoolExecutor.java:1149) [?:1.8.0_432]
	at java.util.concurrent.ThreadPoolExecutor$Worker.run(ThreadPoolExecutor.java:624) [?:1.8.0_432]
	at java.lang.Thread.run(Thread.java:750) [?:1.8.0_432]
2025-12-10 21:39:46,531 WARN  com.github.nexmark.flink.metric.cpu.CpuMetricSender          [] - Can't connect to metric server. Skip to report metric for this round.
java.net.ConnectException: Connection refused (Connection refused)
	at java.net.PlainSocketImpl.socketConnect(Native Method) ~[?:1.8.0_432]
	at java.net.AbstractPlainSocketImpl.doConnect(AbstractPlainSocketImpl.java:350) ~[?:1.8.0_432]
	at java.net.AbstractPlainSocketImpl.connectToAddress(AbstractPlainSocketImpl.java:206) ~[?:1.8.0_432]
	at java.net.AbstractPlainSocketImpl.connect(AbstractPlainSocketImpl.java:188) ~[?:1.8.0_432]
	at java.net.SocksSocketImpl.connect(SocksSocketImpl.java:392) ~[?:1.8.0_432]
	at java.net.Socket.connect(Socket.java:607) ~[?:1.8.0_432]
	at java.net.Socket.connect(Socket.java:556) ~[?:1.8.0_432]
	at java.net.Socket.<init>(Socket.java:452) ~[?:1.8.0_432]
	at java.net.Socket.<init>(Socket.java:262) ~[?:1.8.0_432]
	at com.github.nexmark.flink.metric.cpu.CpuMetricSender.reportCpuMetric(CpuMetricSender.java:116) ~[nexmark-flink-0.3-SNAPSHOT.jar:?]
	at java.util.concurrent.Executors$RunnableAdapter.call(Executors.java:511) [?:1.8.0_432]
	at java.util.concurrent.FutureTask.runAndReset(FutureTask.java:308) [?:1.8.0_432]
	at java.util.concurrent.ScheduledThreadPoolExecutor$ScheduledFutureTask.access$301(ScheduledThreadPoolExecutor.java:180) [?:1.8.0_432]
	at java.util.concurrent.ScheduledThreadPoolExecutor$ScheduledFutureTask.run(ScheduledThreadPoolExecutor.java:294) [?:1.8.0_432]
	at java.util.concurrent.ThreadPoolExecutor.runWorker(ThreadPoolExecutor.java:1149) [?:1.8.0_432]
	at java.util.concurrent.ThreadPoolExecutor$Worker.run(ThreadPoolExecutor.java:624) [?:1.8.0_432]
	at java.lang.Thread.run(Thread.java:750) [?:1.8.0_432]
2025-12-10 21:39:47,536 WARN  com.github.nexmark.flink.metric.cpu.CpuMetricSender          [] - Can't connect to metric server. Skip to report metric for this round.
java.net.ConnectException: Connection refused (Connection refused)
	at java.net.PlainSocketImpl.socketConnect(Native Method) ~[?:1.8.0_432]
	at java.net.AbstractPlainSocketImpl.doConnect(AbstractPlainSocketImpl.java:350) ~[?:1.8.0_432]
	at java.net.AbstractPlainSocketImpl.connectToAddress(AbstractPlainSocketImpl.java:206) ~[?:1.8.0_432]
	at java.net.AbstractPlainSocketImpl.connect(AbstractPlainSocketImpl.java:188) ~[?:1.8.0_432]
	at java.net.SocksSocketImpl.connect(SocksSocketImpl.java:392) ~[?:1.8.0_432]
	at java.net.Socket.connect(Socket.java:607) ~[?:1.8.0_432]
	at java.net.Socket.connect(Socket.java:556) ~[?:1.8.0_432]
	at java.net.Socket.<init>(Socket.java:452) ~[?:1.8.0_432]
	at java.net.Socket.<init>(Socket.java:262) ~[?:1.8.0_432]
	at com.github.nexmark.flink.metric.cpu.CpuMetricSender.reportCpuMetric(CpuMetricSender.java:116) ~[nexmark-flink-0.3-SNAPSHOT.jar:?]
	at java.util.concurrent.Executors$RunnableAdapter.call(Executors.java:511) [?:1.8.0_432]
	at java.util.concurrent.FutureTask.runAndReset(FutureTask.java:308) [?:1.8.0_432]
	at java.util.concurrent.ScheduledThreadPoolExecutor$ScheduledFutureTask.access$301(ScheduledThreadPoolExecutor.java:180) [?:1.8.0_432]
	at java.util.concurrent.ScheduledThreadPoolExecutor$ScheduledFutureTask.run(ScheduledThreadPoolExecutor.java:294) [?:1.8.0_432]
	at java.util.concurrent.ThreadPoolExecutor.runWorker(ThreadPoolExecutor.java:1149) [?:1.8.0_432]
	at java.util.concurrent.ThreadPoolExecutor$Worker.run(ThreadPoolExecutor.java:624) [?:1.8.0_432]
	at java.lang.Thread.run(Thread.java:750) [?:1.8.0_432]
2025-12-10 21:39:48,534 WARN  com.github.nexmark.flink.metric.cpu.CpuMetricSender          [] - Can't connect to metric server. Skip to report metric for this round.
java.net.ConnectException: Connection refused (Connection refused)
	at java.net.PlainSocketImpl.socketConnect(Native Method) ~[?:1.8.0_432]
	at java.net.AbstractPlainSocketImpl.doConnect(AbstractPlainSocketImpl.java:350) ~[?:1.8.0_432]
	at java.net.AbstractPlainSocketImpl.connectToAddress(AbstractPlainSocketImpl.java:206) ~[?:1.8.0_432]
	at java.net.AbstractPlainSocketImpl.connect(AbstractPlainSocketImpl.java:188) ~[?:1.8.0_432]
	at java.net.SocksSocketImpl.connect(SocksSocketImpl.java:392) ~[?:1.8.0_432]
	at java.net.Socket.connect(Socket.java:607) ~[?:1.8.0_432]
	at java.net.Socket.connect(Socket.java:556) ~[?:1.8.0_432]
	at java.net.Socket.<init>(Socket.java:452) ~[?:1.8.0_432]
	at java.net.Socket.<init>(Socket.java:262) ~[?:1.8.0_432]
	at com.github.nexmark.flink.metric.cpu.CpuMetricSender.reportCpuMetric(CpuMetricSender.java:116) ~[nexmark-flink-0.3-SNAPSHOT.jar:?]
	at java.util.concurrent.Executors$RunnableAdapter.call(Executors.java:511) [?:1.8.0_432]
	at java.util.concurrent.FutureTask.runAndReset(FutureTask.java:308) [?:1.8.0_432]
	at java.util.concurrent.ScheduledThreadPoolExecutor$ScheduledFutureTask.access$301(ScheduledThreadPoolExecutor.java:180) [?:1.8.0_432]
	at java.util.concurrent.ScheduledThreadPoolExecutor$ScheduledFutureTask.run(ScheduledThreadPoolExecutor.java:294) [?:1.8.0_432]
	at java.util.concurrent.ThreadPoolExecutor.runWorker(ThreadPoolExecutor.java:1149) [?:1.8.0_432]
	at java.util.concurrent.ThreadPoolExecutor$Worker.run(ThreadPoolExecutor.java:624) [?:1.8.0_432]
	at java.lang.Thread.run(Thread.java:750) [?:1.8.0_432]
2025-12-10 21:39:49,536 WARN  com.github.nexmark.flink.metric.cpu.CpuMetricSender          [] - Can't connect to metric server. Skip to report metric for this round.
java.net.ConnectException: Connection refused (Connection refused)
	at java.net.PlainSocketImpl.socketConnect(Native Method) ~[?:1.8.0_432]
	at java.net.AbstractPlainSocketImpl.doConnect(AbstractPlainSocketImpl.java:350) ~[?:1.8.0_432]
	at java.net.AbstractPlainSocketImpl.connectToAddress(AbstractPlainSocketImpl.java:206) ~[?:1.8.0_432]
	at java.net.AbstractPlainSocketImpl.connect(AbstractPlainSocketImpl.java:188) ~[?:1.8.0_432]
	at java.net.SocksSocketImpl.connect(SocksSocketImpl.java:392) ~[?:1.8.0_432]
	at java.net.Socket.connect(Socket.java:607) ~[?:1.8.0_432]
	at java.net.Socket.connect(Socket.java:556) ~[?:1.8.0_432]
	at java.net.Socket.<init>(Socket.java:452) ~[?:1.8.0_432]
	at java.net.Socket.<init>(Socket.java:262) ~[?:1.8.0_432]
	at com.github.nexmark.flink.metric.cpu.CpuMetricSender.reportCpuMetric(CpuMetricSender.java:116) ~[nexmark-flink-0.3-SNAPSHOT.jar:?]
	at java.util.concurrent.Executors$RunnableAdapter.call(Executors.java:511) [?:1.8.0_432]
	at java.util.concurrent.FutureTask.runAndReset(FutureTask.java:308) [?:1.8.0_432]
	at java.util.concurrent.ScheduledThreadPoolExecutor$ScheduledFutureTask.access$301(ScheduledThreadPoolExecutor.java:180) [?:1.8.0_432]
	at java.util.concurrent.ScheduledThreadPoolExecutor$ScheduledFutureTask.run(ScheduledThreadPoolExecutor.java:294) [?:1.8.0_432]
	at java.util.concurrent.ThreadPoolExecutor.runWorker(ThreadPoolExecutor.java:1149) [?:1.8.0_432]
	at java.util.concurrent.ThreadPoolExecutor$Worker.run(ThreadPoolExecutor.java:624) [?:1.8.0_432]
	at java.lang.Thread.run(Thread.java:750) [?:1.8.0_432]
2025-12-10 21:39:50,536 WARN  com.github.nexmark.flink.metric.cpu.CpuMetricSender          [] - Can't connect to metric server. Skip to report metric for this round.
java.net.ConnectException: Connection refused (Connection refused)
	at java.net.PlainSocketImpl.socketConnect(Native Method) ~[?:1.8.0_432]
	at java.net.AbstractPlainSocketImpl.doConnect(AbstractPlainSocketImpl.java:350) ~[?:1.8.0_432]
	at java.net.AbstractPlainSocketImpl.connectToAddress(AbstractPlainSocketImpl.java:206) ~[?:1.8.0_432]
	at java.net.AbstractPlainSocketImpl.connect(AbstractPlainSocketImpl.java:188) ~[?:1.8.0_432]
	at java.net.SocksSocketImpl.connect(SocksSocketImpl.java:392) ~[?:1.8.0_432]
	at java.net.Socket.connect(Socket.java:607) ~[?:1.8.0_432]
	at java.net.Socket.connect(Socket.java:556) ~[?:1.8.0_432]
	at java.net.Socket.<init>(Socket.java:452) ~[?:1.8.0_432]
	at java.net.Socket.<init>(Socket.java:262) ~[?:1.8.0_432]
	at com.github.nexmark.flink.metric.cpu.CpuMetricSender.reportCpuMetric(CpuMetricSender.java:116) ~[nexmark-flink-0.3-SNAPSHOT.jar:?]
	at java.util.concurrent.Executors$RunnableAdapter.call(Executors.java:511) [?:1.8.0_432]
	at java.util.concurrent.FutureTask.runAndReset(FutureTask.java:308) [?:1.8.0_432]
	at java.util.concurrent.ScheduledThreadPoolExecutor$ScheduledFutureTask.access$301(ScheduledThreadPoolExecutor.java:180) [?:1.8.0_432]
	at java.util.concurrent.ScheduledThreadPoolExecutor$ScheduledFutureTask.run(ScheduledThreadPoolExecutor.java:294) [?:1.8.0_432]
	at java.util.concurrent.ThreadPoolExecutor.runWorker(ThreadPoolExecutor.java:1149) [?:1.8.0_432]
	at java.util.concurrent.ThreadPoolExecutor$Worker.run(ThreadPoolExecutor.java:624) [?:1.8.0_432]
	at java.lang.Thread.run(Thread.java:750) [?:1.8.0_432]
2025-12-10 21:39:51,535 WARN  com.github.nexmark.flink.metric.cpu.CpuMetricSender          [] - Can't connect to metric server. Skip to report metric for this round.
java.net.ConnectException: Connection refused (Connection refused)
	at java.net.PlainSocketImpl.socketConnect(Native Method) ~[?:1.8.0_432]
	at java.net.AbstractPlainSocketImpl.doConnect(AbstractPlainSocketImpl.java:350) ~[?:1.8.0_432]
	at java.net.AbstractPlainSocketImpl.connectToAddress(AbstractPlainSocketImpl.java:206) ~[?:1.8.0_432]
	at java.net.AbstractPlainSocketImpl.connect(AbstractPlainSocketImpl.java:188) ~[?:1.8.0_432]
	at java.net.SocksSocketImpl.connect(SocksSocketImpl.java:392) ~[?:1.8.0_432]
	at java.net.Socket.connect(Socket.java:607) ~[?:1.8.0_432]
	at java.net.Socket.connect(Socket.java:556) ~[?:1.8.0_432]
	at java.net.Socket.<init>(Socket.java:452) ~[?:1.8.0_432]
	at java.net.Socket.<init>(Socket.java:262) ~[?:1.8.0_432]
	at com.github.nexmark.flink.metric.cpu.CpuMetricSender.reportCpuMetric(CpuMetricSender.java:116) ~[nexmark-flink-0.3-SNAPSHOT.jar:?]
	at java.util.concurrent.Executors$RunnableAdapter.call(Executors.java:511) [?:1.8.0_432]
	at java.util.concurrent.FutureTask.runAndReset(FutureTask.java:308) [?:1.8.0_432]
	at java.util.concurrent.ScheduledThreadPoolExecutor$ScheduledFutureTask.access$301(ScheduledThreadPoolExecutor.java:180) [?:1.8.0_432]
	at java.util.concurrent.ScheduledThreadPoolExecutor$ScheduledFutureTask.run(ScheduledThreadPoolExecutor.java:294) [?:1.8.0_432]
	at java.util.concurrent.ThreadPoolExecutor.runWorker(ThreadPoolExecutor.java:1149) [?:1.8.0_432]
	at java.util.concurrent.ThreadPoolExecutor$Worker.run(ThreadPoolExecutor.java:624) [?:1.8.0_432]
	at java.lang.Thread.run(Thread.java:750) [?:1.8.0_432]
2025-12-10 21:39:52,536 WARN  com.github.nexmark.flink.metric.cpu.CpuMetricSender          [] - Can't connect to metric server. Skip to report metric for this round.
java.net.ConnectException: Connection refused (Connection refused)
	at java.net.PlainSocketImpl.socketConnect(Native Method) ~[?:1.8.0_432]
	at java.net.AbstractPlainSocketImpl.doConnect(AbstractPlainSocketImpl.java:350) ~[?:1.8.0_432]
	at java.net.AbstractPlainSocketImpl.connectToAddress(AbstractPlainSocketImpl.java:206) ~[?:1.8.0_432]
	at java.net.AbstractPlainSocketImpl.connect(AbstractPlainSocketImpl.java:188) ~[?:1.8.0_432]
	at java.net.SocksSocketImpl.connect(SocksSocketImpl.java:392) ~[?:1.8.0_432]
	at java.net.Socket.connect(Socket.java:607) ~[?:1.8.0_432]
	at java.net.Socket.connect(Socket.java:556) ~[?:1.8.0_432]
	at java.net.Socket.<init>(Socket.java:452) ~[?:1.8.0_432]
	at java.net.Socket.<init>(Socket.java:262) ~[?:1.8.0_432]
	at com.github.nexmark.flink.metric.cpu.CpuMetricSender.reportCpuMetric(CpuMetricSender.java:116) ~[nexmark-flink-0.3-SNAPSHOT.jar:?]
	at java.util.concurrent.Executors$RunnableAdapter.call(Executors.java:511) [?:1.8.0_432]
	at java.util.concurrent.FutureTask.runAndReset(FutureTask.java:308) [?:1.8.0_432]
	at java.util.concurrent.ScheduledThreadPoolExecutor$ScheduledFutureTask.access$301(ScheduledThreadPoolExecutor.java:180) [?:1.8.0_432]
	at java.util.concurrent.ScheduledThreadPoolExecutor$ScheduledFutureTask.run(ScheduledThreadPoolExecutor.java:294) [?:1.8.0_432]
	at java.util.concurrent.ThreadPoolExecutor.runWorker(ThreadPoolExecutor.java:1149) [?:1.8.0_432]
	at java.util.concurrent.ThreadPoolExecutor$Worker.run(ThreadPoolExecutor.java:624) [?:1.8.0_432]
	at java.lang.Thread.run(Thread.java:750) [?:1.8.0_432]
2025-12-10 21:39:53,531 WARN  com.github.nexmark.flink.metric.cpu.CpuMetricSender          [] - Can't connect to metric server. Skip to report metric for this round.
java.net.ConnectException: Connection refused (Connection refused)
	at java.net.PlainSocketImpl.socketConnect(Native Method) ~[?:1.8.0_432]
	at java.net.AbstractPlainSocketImpl.doConnect(AbstractPlainSocketImpl.java:350) ~[?:1.8.0_432]
	at java.net.AbstractPlainSocketImpl.connectToAddress(AbstractPlainSocketImpl.java:206) ~[?:1.8.0_432]
	at java.net.AbstractPlainSocketImpl.connect(AbstractPlainSocketImpl.java:188) ~[?:1.8.0_432]
	at java.net.SocksSocketImpl.connect(SocksSocketImpl.java:392) ~[?:1.8.0_432]
	at java.net.Socket.connect(Socket.java:607) ~[?:1.8.0_432]
	at java.net.Socket.connect(Socket.java:556) ~[?:1.8.0_432]
	at java.net.Socket.<init>(Socket.java:452) ~[?:1.8.0_432]
	at java.net.Socket.<init>(Socket.java:262) ~[?:1.8.0_432]
	at com.github.nexmark.flink.metric.cpu.CpuMetricSender.reportCpuMetric(CpuMetricSender.java:116) ~[nexmark-flink-0.3-SNAPSHOT.jar:?]
	at java.util.concurrent.Executors$RunnableAdapter.call(Executors.java:511) [?:1.8.0_432]
	at java.util.concurrent.FutureTask.runAndReset(FutureTask.java:308) [?:1.8.0_432]
	at java.util.concurrent.ScheduledThreadPoolExecutor$ScheduledFutureTask.access$301(ScheduledThreadPoolExecutor.java:180) [?:1.8.0_432]
	at java.util.concurrent.ScheduledThreadPoolExecutor$ScheduledFutureTask.run(ScheduledThreadPoolExecutor.java:294) [?:1.8.0_432]
	at java.util.concurrent.ThreadPoolExecutor.runWorker(ThreadPoolExecutor.java:1149) [?:1.8.0_432]
	at java.util.concurrent.ThreadPoolExecutor$Worker.run(ThreadPoolExecutor.java:624) [?:1.8.0_432]
	at java.lang.Thread.run(Thread.java:750) [?:1.8.0_432]
2025-12-10 21:39:54,533 WARN  com.github.nexmark.flink.metric.cpu.CpuMetricSender          [] - Can't connect to metric server. Skip to report metric for this round.
java.net.ConnectException: Connection refused (Connection refused)
	at java.net.PlainSocketImpl.socketConnect(Native Method) ~[?:1.8.0_432]
	at java.net.AbstractPlainSocketImpl.doConnect(AbstractPlainSocketImpl.java:350) ~[?:1.8.0_432]
	at java.net.AbstractPlainSocketImpl.connectToAddress(AbstractPlainSocketImpl.java:206) ~[?:1.8.0_432]
	at java.net.AbstractPlainSocketImpl.connect(AbstractPlainSocketImpl.java:188) ~[?:1.8.0_432]
	at java.net.SocksSocketImpl.connect(SocksSocketImpl.java:392) ~[?:1.8.0_432]
	at java.net.Socket.connect(Socket.java:607) ~[?:1.8.0_432]
	at java.net.Socket.connect(Socket.java:556) ~[?:1.8.0_432]
	at java.net.Socket.<init>(Socket.java:452) ~[?:1.8.0_432]
	at java.net.Socket.<init>(Socket.java:262) ~[?:1.8.0_432]
	at com.github.nexmark.flink.metric.cpu.CpuMetricSender.reportCpuMetric(CpuMetricSender.java:116) ~[nexmark-flink-0.3-SNAPSHOT.jar:?]
	at java.util.concurrent.Executors$RunnableAdapter.call(Executors.java:511) [?:1.8.0_432]
	at java.util.concurrent.FutureTask.runAndReset(FutureTask.java:308) [?:1.8.0_432]
	at java.util.concurrent.ScheduledThreadPoolExecutor$ScheduledFutureTask.access$301(ScheduledThreadPoolExecutor.java:180) [?:1.8.0_432]
	at java.util.concurrent.ScheduledThreadPoolExecutor$ScheduledFutureTask.run(ScheduledThreadPoolExecutor.java:294) [?:1.8.0_432]
	at java.util.concurrent.ThreadPoolExecutor.runWorker(ThreadPoolExecutor.java:1149) [?:1.8.0_432]
	at java.util.concurrent.ThreadPoolExecutor$Worker.run(ThreadPoolExecutor.java:624) [?:1.8.0_432]
	at java.lang.Thread.run(Thread.java:750) [?:1.8.0_432]
2025-12-10 21:39:55,536 WARN  com.github.nexmark.flink.metric.cpu.CpuMetricSender          [] - Can't connect to metric server. Skip to report metric for this round.
java.net.ConnectException: Connection refused (Connection refused)
	at java.net.PlainSocketImpl.socketConnect(Native Method) ~[?:1.8.0_432]
	at java.net.AbstractPlainSocketImpl.doConnect(AbstractPlainSocketImpl.java:350) ~[?:1.8.0_432]
	at java.net.AbstractPlainSocketImpl.connectToAddress(AbstractPlainSocketImpl.java:206) ~[?:1.8.0_432]
	at java.net.AbstractPlainSocketImpl.connect(AbstractPlainSocketImpl.java:188) ~[?:1.8.0_432]
	at java.net.SocksSocketImpl.connect(SocksSocketImpl.java:392) ~[?:1.8.0_432]
	at java.net.Socket.connect(Socket.java:607) ~[?:1.8.0_432]
	at java.net.Socket.connect(Socket.java:556) ~[?:1.8.0_432]
	at java.net.Socket.<init>(Socket.java:452) ~[?:1.8.0_432]
	at java.net.Socket.<init>(Socket.java:262) ~[?:1.8.0_432]
	at com.github.nexmark.flink.metric.cpu.CpuMetricSender.reportCpuMetric(CpuMetricSender.java:116) ~[nexmark-flink-0.3-SNAPSHOT.jar:?]
	at java.util.concurrent.Executors$RunnableAdapter.call(Executors.java:511) [?:1.8.0_432]
	at java.util.concurrent.FutureTask.runAndReset(FutureTask.java:308) [?:1.8.0_432]
	at java.util.concurrent.ScheduledThreadPoolExecutor$ScheduledFutureTask.access$301(ScheduledThreadPoolExecutor.java:180) [?:1.8.0_432]
	at java.util.concurrent.ScheduledThreadPoolExecutor$ScheduledFutureTask.run(ScheduledThreadPoolExecutor.java:294) [?:1.8.0_432]
	at java.util.concurrent.ThreadPoolExecutor.runWorker(ThreadPoolExecutor.java:1149) [?:1.8.0_432]
	at java.util.concurrent.ThreadPoolExecutor$Worker.run(ThreadPoolExecutor.java:624) [?:1.8.0_432]
	at java.lang.Thread.run(Thread.java:750) [?:1.8.0_432]
2025-12-10 21:39:56,536 WARN  com.github.nexmark.flink.metric.cpu.CpuMetricSender          [] - Can't connect to metric server. Skip to report metric for this round.
java.net.ConnectException: Connection refused (Connection refused)
	at java.net.PlainSocketImpl.socketConnect(Native Method) ~[?:1.8.0_432]
	at java.net.AbstractPlainSocketImpl.doConnect(AbstractPlainSocketImpl.java:350) ~[?:1.8.0_432]
	at java.net.AbstractPlainSocketImpl.connectToAddress(AbstractPlainSocketImpl.java:206) ~[?:1.8.0_432]
	at java.net.AbstractPlainSocketImpl.connect(AbstractPlainSocketImpl.java:188) ~[?:1.8.0_432]
	at java.net.SocksSocketImpl.connect(SocksSocketImpl.java:392) ~[?:1.8.0_432]
	at java.net.Socket.connect(Socket.java:607) ~[?:1.8.0_432]
	at java.net.Socket.connect(Socket.java:556) ~[?:1.8.0_432]
	at java.net.Socket.<init>(Socket.java:452) ~[?:1.8.0_432]
	at java.net.Socket.<init>(Socket.java:262) ~[?:1.8.0_432]
	at com.github.nexmark.flink.metric.cpu.CpuMetricSender.reportCpuMetric(CpuMetricSender.java:116) ~[nexmark-flink-0.3-SNAPSHOT.jar:?]
	at java.util.concurrent.Executors$RunnableAdapter.call(Executors.java:511) [?:1.8.0_432]
	at java.util.concurrent.FutureTask.runAndReset(FutureTask.java:308) [?:1.8.0_432]
	at java.util.concurrent.ScheduledThreadPoolExecutor$ScheduledFutureTask.access$301(ScheduledThreadPoolExecutor.java:180) [?:1.8.0_432]
	at java.util.concurrent.ScheduledThreadPoolExecutor$ScheduledFutureTask.run(ScheduledThreadPoolExecutor.java:294) [?:1.8.0_432]
	at java.util.concurrent.ThreadPoolExecutor.runWorker(ThreadPoolExecutor.java:1149) [?:1.8.0_432]
	at java.util.concurrent.ThreadPoolExecutor$Worker.run(ThreadPoolExecutor.java:624) [?:1.8.0_432]
	at java.lang.Thread.run(Thread.java:750) [?:1.8.0_432]
2025-12-10 21:39:57,532 WARN  com.github.nexmark.flink.metric.cpu.CpuMetricSender          [] - Can't connect to metric server. Skip to report metric for this round.
java.net.ConnectException: Connection refused (Connection refused)
	at java.net.PlainSocketImpl.socketConnect(Native Method) ~[?:1.8.0_432]
	at java.net.AbstractPlainSocketImpl.doConnect(AbstractPlainSocketImpl.java:350) ~[?:1.8.0_432]
	at java.net.AbstractPlainSocketImpl.connectToAddress(AbstractPlainSocketImpl.java:206) ~[?:1.8.0_432]
	at java.net.AbstractPlainSocketImpl.connect(AbstractPlainSocketImpl.java:188) ~[?:1.8.0_432]
	at java.net.SocksSocketImpl.connect(SocksSocketImpl.java:392) ~[?:1.8.0_432]
	at java.net.Socket.connect(Socket.java:607) ~[?:1.8.0_432]
	at java.net.Socket.connect(Socket.java:556) ~[?:1.8.0_432]
	at java.net.Socket.<init>(Socket.java:452) ~[?:1.8.0_432]
	at java.net.Socket.<init>(Socket.java:262) ~[?:1.8.0_432]
	at com.github.nexmark.flink.metric.cpu.CpuMetricSender.reportCpuMetric(CpuMetricSender.java:116) ~[nexmark-flink-0.3-SNAPSHOT.jar:?]
	at java.util.concurrent.Executors$RunnableAdapter.call(Executors.java:511) [?:1.8.0_432]
	at java.util.concurrent.FutureTask.runAndReset(FutureTask.java:308) [?:1.8.0_432]
	at java.util.concurrent.ScheduledThreadPoolExecutor$ScheduledFutureTask.access$301(ScheduledThreadPoolExecutor.java:180) [?:1.8.0_432]
	at java.util.concurrent.ScheduledThreadPoolExecutor$ScheduledFutureTask.run(ScheduledThreadPoolExecutor.java:294) [?:1.8.0_432]
	at java.util.concurrent.ThreadPoolExecutor.runWorker(ThreadPoolExecutor.java:1149) [?:1.8.0_432]
	at java.util.concurrent.ThreadPoolExecutor$Worker.run(ThreadPoolExecutor.java:624) [?:1.8.0_432]
	at java.lang.Thread.run(Thread.java:750) [?:1.8.0_432]
2025-12-10 21:39:58,533 WARN  com.github.nexmark.flink.metric.cpu.CpuMetricSender          [] - Can't connect to metric server. Skip to report metric for this round.
java.net.ConnectException: Connection refused (Connection refused)
	at java.net.PlainSocketImpl.socketConnect(Native Method) ~[?:1.8.0_432]
	at java.net.AbstractPlainSocketImpl.doConnect(AbstractPlainSocketImpl.java:350) ~[?:1.8.0_432]
	at java.net.AbstractPlainSocketImpl.connectToAddress(AbstractPlainSocketImpl.java:206) ~[?:1.8.0_432]
	at java.net.AbstractPlainSocketImpl.connect(AbstractPlainSocketImpl.java:188) ~[?:1.8.0_432]
	at java.net.SocksSocketImpl.connect(SocksSocketImpl.java:392) ~[?:1.8.0_432]
	at java.net.Socket.connect(Socket.java:607) ~[?:1.8.0_432]
	at java.net.Socket.connect(Socket.java:556) ~[?:1.8.0_432]
	at java.net.Socket.<init>(Socket.java:452) ~[?:1.8.0_432]
	at java.net.Socket.<init>(Socket.java:262) ~[?:1.8.0_432]
	at com.github.nexmark.flink.metric.cpu.CpuMetricSender.reportCpuMetric(CpuMetricSender.java:116) ~[nexmark-flink-0.3-SNAPSHOT.jar:?]
	at java.util.concurrent.Executors$RunnableAdapter.call(Executors.java:511) [?:1.8.0_432]
	at java.util.concurrent.FutureTask.runAndReset(FutureTask.java:308) [?:1.8.0_432]
	at java.util.concurrent.ScheduledThreadPoolExecutor$ScheduledFutureTask.access$301(ScheduledThreadPoolExecutor.java:180) [?:1.8.0_432]
	at java.util.concurrent.ScheduledThreadPoolExecutor$ScheduledFutureTask.run(ScheduledThreadPoolExecutor.java:294) [?:1.8.0_432]
	at java.util.concurrent.ThreadPoolExecutor.runWorker(ThreadPoolExecutor.java:1149) [?:1.8.0_432]
	at java.util.concurrent.ThreadPoolExecutor$Worker.run(ThreadPoolExecutor.java:624) [?:1.8.0_432]
	at java.lang.Thread.run(Thread.java:750) [?:1.8.0_432]
2025-12-10 21:39:59,533 WARN  com.github.nexmark.flink.metric.cpu.CpuMetricSender          [] - Can't connect to metric server. Skip to report metric for this round.
java.net.ConnectException: Connection refused (Connection refused)
	at java.net.PlainSocketImpl.socketConnect(Native Method) ~[?:1.8.0_432]
	at java.net.AbstractPlainSocketImpl.doConnect(AbstractPlainSocketImpl.java:350) ~[?:1.8.0_432]
	at java.net.AbstractPlainSocketImpl.connectToAddress(AbstractPlainSocketImpl.java:206) ~[?:1.8.0_432]
	at java.net.AbstractPlainSocketImpl.connect(AbstractPlainSocketImpl.java:188) ~[?:1.8.0_432]
	at java.net.SocksSocketImpl.connect(SocksSocketImpl.java:392) ~[?:1.8.0_432]
	at java.net.Socket.connect(Socket.java:607) ~[?:1.8.0_432]
	at java.net.Socket.connect(Socket.java:556) ~[?:1.8.0_432]
	at java.net.Socket.<init>(Socket.java:452) ~[?:1.8.0_432]
	at java.net.Socket.<init>(Socket.java:262) ~[?:1.8.0_432]
	at com.github.nexmark.flink.metric.cpu.CpuMetricSender.reportCpuMetric(CpuMetricSender.java:116) ~[nexmark-flink-0.3-SNAPSHOT.jar:?]
	at java.util.concurrent.Executors$RunnableAdapter.call(Executors.java:511) [?:1.8.0_432]
	at java.util.concurrent.FutureTask.runAndReset(FutureTask.java:308) [?:1.8.0_432]
	at java.util.concurrent.ScheduledThreadPoolExecutor$ScheduledFutureTask.access$301(ScheduledThreadPoolExecutor.java:180) [?:1.8.0_432]
	at java.util.concurrent.ScheduledThreadPoolExecutor$ScheduledFutureTask.run(ScheduledThreadPoolExecutor.java:294) [?:1.8.0_432]
	at java.util.concurrent.ThreadPoolExecutor.runWorker(ThreadPoolExecutor.java:1149) [?:1.8.0_432]
	at java.util.concurrent.ThreadPoolExecutor$Worker.run(ThreadPoolExecutor.java:624) [?:1.8.0_432]
	at java.lang.Thread.run(Thread.java:750) [?:1.8.0_432]
2025-12-10 21:40:00,536 WARN  com.github.nexmark.flink.metric.cpu.CpuMetricSender          [] - Can't connect to metric server. Skip to report metric for this round.
java.net.ConnectException: Connection refused (Connection refused)
	at java.net.PlainSocketImpl.socketConnect(Native Method) ~[?:1.8.0_432]
	at java.net.AbstractPlainSocketImpl.doConnect(AbstractPlainSocketImpl.java:350) ~[?:1.8.0_432]
	at java.net.AbstractPlainSocketImpl.connectToAddress(AbstractPlainSocketImpl.java:206) ~[?:1.8.0_432]
	at java.net.AbstractPlainSocketImpl.connect(AbstractPlainSocketImpl.java:188) ~[?:1.8.0_432]
	at java.net.SocksSocketImpl.connect(SocksSocketImpl.java:392) ~[?:1.8.0_432]
	at java.net.Socket.connect(Socket.java:607) ~[?:1.8.0_432]
	at java.net.Socket.connect(Socket.java:556) ~[?:1.8.0_432]
	at java.net.Socket.<init>(Socket.java:452) ~[?:1.8.0_432]
	at java.net.Socket.<init>(Socket.java:262) ~[?:1.8.0_432]
	at com.github.nexmark.flink.metric.cpu.CpuMetricSender.reportCpuMetric(CpuMetricSender.java:116) ~[nexmark-flink-0.3-SNAPSHOT.jar:?]
	at java.util.concurrent.Executors$RunnableAdapter.call(Executors.java:511) [?:1.8.0_432]
	at java.util.concurrent.FutureTask.runAndReset(FutureTask.java:308) [?:1.8.0_432]
	at java.util.concurrent.ScheduledThreadPoolExecutor$ScheduledFutureTask.access$301(ScheduledThreadPoolExecutor.java:180) [?:1.8.0_432]
	at java.util.concurrent.ScheduledThreadPoolExecutor$ScheduledFutureTask.run(ScheduledThreadPoolExecutor.java:294) [?:1.8.0_432]
	at java.util.concurrent.ThreadPoolExecutor.runWorker(ThreadPoolExecutor.java:1149) [?:1.8.0_432]
	at java.util.concurrent.ThreadPoolExecutor$Worker.run(ThreadPoolExecutor.java:624) [?:1.8.0_432]
	at java.lang.Thread.run(Thread.java:750) [?:1.8.0_432]
2025-12-10 21:40:01,532 WARN  com.github.nexmark.flink.metric.cpu.CpuMetricSender          [] - Can't connect to metric server. Skip to report metric for this round.
java.net.ConnectException: Connection refused (Connection refused)
	at java.net.PlainSocketImpl.socketConnect(Native Method) ~[?:1.8.0_432]
	at java.net.AbstractPlainSocketImpl.doConnect(AbstractPlainSocketImpl.java:350) ~[?:1.8.0_432]
	at java.net.AbstractPlainSocketImpl.connectToAddress(AbstractPlainSocketImpl.java:206) ~[?:1.8.0_432]
	at java.net.AbstractPlainSocketImpl.connect(AbstractPlainSocketImpl.java:188) ~[?:1.8.0_432]
	at java.net.SocksSocketImpl.connect(SocksSocketImpl.java:392) ~[?:1.8.0_432]
	at java.net.Socket.connect(Socket.java:607) ~[?:1.8.0_432]
	at java.net.Socket.connect(Socket.java:556) ~[?:1.8.0_432]
	at java.net.Socket.<init>(Socket.java:452) ~[?:1.8.0_432]
	at java.net.Socket.<init>(Socket.java:262) ~[?:1.8.0_432]
	at com.github.nexmark.flink.metric.cpu.CpuMetricSender.reportCpuMetric(CpuMetricSender.java:116) ~[nexmark-flink-0.3-SNAPSHOT.jar:?]
	at java.util.concurrent.Executors$RunnableAdapter.call(Executors.java:511) [?:1.8.0_432]
	at java.util.concurrent.FutureTask.runAndReset(FutureTask.java:308) [?:1.8.0_432]
	at java.util.concurrent.ScheduledThreadPoolExecutor$ScheduledFutureTask.access$301(ScheduledThreadPoolExecutor.java:180) [?:1.8.0_432]
	at java.util.concurrent.ScheduledThreadPoolExecutor$ScheduledFutureTask.run(ScheduledThreadPoolExecutor.java:294) [?:1.8.0_432]
	at java.util.concurrent.ThreadPoolExecutor.runWorker(ThreadPoolExecutor.java:1149) [?:1.8.0_432]
	at java.util.concurrent.ThreadPoolExecutor$Worker.run(ThreadPoolExecutor.java:624) [?:1.8.0_432]
	at java.lang.Thread.run(Thread.java:750) [?:1.8.0_432]
2025-12-10 21:40:02,535 WARN  com.github.nexmark.flink.metric.cpu.CpuMetricSender          [] - Can't connect to metric server. Skip to report metric for this round.
java.net.ConnectException: Connection refused (Connection refused)
	at java.net.PlainSocketImpl.socketConnect(Native Method) ~[?:1.8.0_432]
	at java.net.AbstractPlainSocketImpl.doConnect(AbstractPlainSocketImpl.java:350) ~[?:1.8.0_432]
	at java.net.AbstractPlainSocketImpl.connectToAddress(AbstractPlainSocketImpl.java:206) ~[?:1.8.0_432]
	at java.net.AbstractPlainSocketImpl.connect(AbstractPlainSocketImpl.java:188) ~[?:1.8.0_432]
	at java.net.SocksSocketImpl.connect(SocksSocketImpl.java:392) ~[?:1.8.0_432]
	at java.net.Socket.connect(Socket.java:607) ~[?:1.8.0_432]
	at java.net.Socket.connect(Socket.java:556) ~[?:1.8.0_432]
	at java.net.Socket.<init>(Socket.java:452) ~[?:1.8.0_432]
	at java.net.Socket.<init>(Socket.java:262) ~[?:1.8.0_432]
	at com.github.nexmark.flink.metric.cpu.CpuMetricSender.reportCpuMetric(CpuMetricSender.java:116) ~[nexmark-flink-0.3-SNAPSHOT.jar:?]
	at java.util.concurrent.Executors$RunnableAdapter.call(Executors.java:511) [?:1.8.0_432]
	at java.util.concurrent.FutureTask.runAndReset(FutureTask.java:308) [?:1.8.0_432]
	at java.util.concurrent.ScheduledThreadPoolExecutor$ScheduledFutureTask.access$301(ScheduledThreadPoolExecutor.java:180) [?:1.8.0_432]
	at java.util.concurrent.ScheduledThreadPoolExecutor$ScheduledFutureTask.run(ScheduledThreadPoolExecutor.java:294) [?:1.8.0_432]
	at java.util.concurrent.ThreadPoolExecutor.runWorker(ThreadPoolExecutor.java:1149) [?:1.8.0_432]
	at java.util.concurrent.ThreadPoolExecutor$Worker.run(ThreadPoolExecutor.java:624) [?:1.8.0_432]
	at java.lang.Thread.run(Thread.java:750) [?:1.8.0_432]
2025-12-10 21:40:03,536 WARN  com.github.nexmark.flink.metric.cpu.CpuMetricSender          [] - Can't connect to metric server. Skip to report metric for this round.
java.net.ConnectException: Connection refused (Connection refused)
	at java.net.PlainSocketImpl.socketConnect(Native Method) ~[?:1.8.0_432]
	at java.net.AbstractPlainSocketImpl.doConnect(AbstractPlainSocketImpl.java:350) ~[?:1.8.0_432]
	at java.net.AbstractPlainSocketImpl.connectToAddress(AbstractPlainSocketImpl.java:206) ~[?:1.8.0_432]
	at java.net.AbstractPlainSocketImpl.connect(AbstractPlainSocketImpl.java:188) ~[?:1.8.0_432]
	at java.net.SocksSocketImpl.connect(SocksSocketImpl.java:392) ~[?:1.8.0_432]
	at java.net.Socket.connect(Socket.java:607) ~[?:1.8.0_432]
	at java.net.Socket.connect(Socket.java:556) ~[?:1.8.0_432]
	at java.net.Socket.<init>(Socket.java:452) ~[?:1.8.0_432]
	at java.net.Socket.<init>(Socket.java:262) ~[?:1.8.0_432]
	at com.github.nexmark.flink.metric.cpu.CpuMetricSender.reportCpuMetric(CpuMetricSender.java:116) ~[nexmark-flink-0.3-SNAPSHOT.jar:?]
	at java.util.concurrent.Executors$RunnableAdapter.call(Executors.java:511) [?:1.8.0_432]
	at java.util.concurrent.FutureTask.runAndReset(FutureTask.java:308) [?:1.8.0_432]
	at java.util.concurrent.ScheduledThreadPoolExecutor$ScheduledFutureTask.access$301(ScheduledThreadPoolExecutor.java:180) [?:1.8.0_432]
	at java.util.concurrent.ScheduledThreadPoolExecutor$ScheduledFutureTask.run(ScheduledThreadPoolExecutor.java:294) [?:1.8.0_432]
	at java.util.concurrent.ThreadPoolExecutor.runWorker(ThreadPoolExecutor.java:1149) [?:1.8.0_432]
	at java.util.concurrent.ThreadPoolExecutor$Worker.run(ThreadPoolExecutor.java:624) [?:1.8.0_432]
	at java.lang.Thread.run(Thread.java:750) [?:1.8.0_432]
2025-12-10 21:40:04,535 WARN  com.github.nexmark.flink.metric.cpu.CpuMetricSender          [] - Can't connect to metric server. Skip to report metric for this round.
java.net.ConnectException: Connection refused (Connection refused)
	at java.net.PlainSocketImpl.socketConnect(Native Method) ~[?:1.8.0_432]
	at java.net.AbstractPlainSocketImpl.doConnect(AbstractPlainSocketImpl.java:350) ~[?:1.8.0_432]
	at java.net.AbstractPlainSocketImpl.connectToAddress(AbstractPlainSocketImpl.java:206) ~[?:1.8.0_432]
	at java.net.AbstractPlainSocketImpl.connect(AbstractPlainSocketImpl.java:188) ~[?:1.8.0_432]
	at java.net.SocksSocketImpl.connect(SocksSocketImpl.java:392) ~[?:1.8.0_432]
	at java.net.Socket.connect(Socket.java:607) ~[?:1.8.0_432]
	at java.net.Socket.connect(Socket.java:556) ~[?:1.8.0_432]
	at java.net.Socket.<init>(Socket.java:452) ~[?:1.8.0_432]
	at java.net.Socket.<init>(Socket.java:262) ~[?:1.8.0_432]
	at com.github.nexmark.flink.metric.cpu.CpuMetricSender.reportCpuMetric(CpuMetricSender.java:116) ~[nexmark-flink-0.3-SNAPSHOT.jar:?]
	at java.util.concurrent.Executors$RunnableAdapter.call(Executors.java:511) [?:1.8.0_432]
	at java.util.concurrent.FutureTask.runAndReset(FutureTask.java:308) [?:1.8.0_432]
	at java.util.concurrent.ScheduledThreadPoolExecutor$ScheduledFutureTask.access$301(ScheduledThreadPoolExecutor.java:180) [?:1.8.0_432]
	at java.util.concurrent.ScheduledThreadPoolExecutor$ScheduledFutureTask.run(ScheduledThreadPoolExecutor.java:294) [?:1.8.0_432]
	at java.util.concurrent.ThreadPoolExecutor.runWorker(ThreadPoolExecutor.java:1149) [?:1.8.0_432]
	at java.util.concurrent.ThreadPoolExecutor$Worker.run(ThreadPoolExecutor.java:624) [?:1.8.0_432]
	at java.lang.Thread.run(Thread.java:750) [?:1.8.0_432]
2025-12-10 21:40:05,535 WARN  com.github.nexmark.flink.metric.cpu.CpuMetricSender          [] - Can't connect to metric server. Skip to report metric for this round.
java.net.ConnectException: Connection refused (Connection refused)
	at java.net.PlainSocketImpl.socketConnect(Native Method) ~[?:1.8.0_432]
	at java.net.AbstractPlainSocketImpl.doConnect(AbstractPlainSocketImpl.java:350) ~[?:1.8.0_432]
	at java.net.AbstractPlainSocketImpl.connectToAddress(AbstractPlainSocketImpl.java:206) ~[?:1.8.0_432]
	at java.net.AbstractPlainSocketImpl.connect(AbstractPlainSocketImpl.java:188) ~[?:1.8.0_432]
	at java.net.SocksSocketImpl.connect(SocksSocketImpl.java:392) ~[?:1.8.0_432]
	at java.net.Socket.connect(Socket.java:607) ~[?:1.8.0_432]
	at java.net.Socket.connect(Socket.java:556) ~[?:1.8.0_432]
	at java.net.Socket.<init>(Socket.java:452) ~[?:1.8.0_432]
	at java.net.Socket.<init>(Socket.java:262) ~[?:1.8.0_432]
	at com.github.nexmark.flink.metric.cpu.CpuMetricSender.reportCpuMetric(CpuMetricSender.java:116) ~[nexmark-flink-0.3-SNAPSHOT.jar:?]
	at java.util.concurrent.Executors$RunnableAdapter.call(Executors.java:511) [?:1.8.0_432]
	at java.util.concurrent.FutureTask.runAndReset(FutureTask.java:308) [?:1.8.0_432]
	at java.util.concurrent.ScheduledThreadPoolExecutor$ScheduledFutureTask.access$301(ScheduledThreadPoolExecutor.java:180) [?:1.8.0_432]
	at java.util.concurrent.ScheduledThreadPoolExecutor$ScheduledFutureTask.run(ScheduledThreadPoolExecutor.java:294) [?:1.8.0_432]
	at java.util.concurrent.ThreadPoolExecutor.runWorker(ThreadPoolExecutor.java:1149) [?:1.8.0_432]
	at java.util.concurrent.ThreadPoolExecutor$Worker.run(ThreadPoolExecutor.java:624) [?:1.8.0_432]
	at java.lang.Thread.run(Thread.java:750) [?:1.8.0_432]
2025-12-10 21:40:06,531 WARN  com.github.nexmark.flink.metric.cpu.CpuMetricSender          [] - Can't connect to metric server. Skip to report metric for this round.
java.net.ConnectException: Connection refused (Connection refused)
	at java.net.PlainSocketImpl.socketConnect(Native Method) ~[?:1.8.0_432]
	at java.net.AbstractPlainSocketImpl.doConnect(AbstractPlainSocketImpl.java:350) ~[?:1.8.0_432]
	at java.net.AbstractPlainSocketImpl.connectToAddress(AbstractPlainSocketImpl.java:206) ~[?:1.8.0_432]
	at java.net.AbstractPlainSocketImpl.connect(AbstractPlainSocketImpl.java:188) ~[?:1.8.0_432]
	at java.net.SocksSocketImpl.connect(SocksSocketImpl.java:392) ~[?:1.8.0_432]
	at java.net.Socket.connect(Socket.java:607) ~[?:1.8.0_432]
	at java.net.Socket.connect(Socket.java:556) ~[?:1.8.0_432]
	at java.net.Socket.<init>(Socket.java:452) ~[?:1.8.0_432]
	at java.net.Socket.<init>(Socket.java:262) ~[?:1.8.0_432]
	at com.github.nexmark.flink.metric.cpu.CpuMetricSender.reportCpuMetric(CpuMetricSender.java:116) ~[nexmark-flink-0.3-SNAPSHOT.jar:?]
	at java.util.concurrent.Executors$RunnableAdapter.call(Executors.java:511) [?:1.8.0_432]
	at java.util.concurrent.FutureTask.runAndReset(FutureTask.java:308) [?:1.8.0_432]
	at java.util.concurrent.ScheduledThreadPoolExecutor$ScheduledFutureTask.access$301(ScheduledThreadPoolExecutor.java:180) [?:1.8.0_432]
	at java.util.concurrent.ScheduledThreadPoolExecutor$ScheduledFutureTask.run(ScheduledThreadPoolExecutor.java:294) [?:1.8.0_432]
	at java.util.concurrent.ThreadPoolExecutor.runWorker(ThreadPoolExecutor.java:1149) [?:1.8.0_432]
	at java.util.concurrent.ThreadPoolExecutor$Worker.run(ThreadPoolExecutor.java:624) [?:1.8.0_432]
	at java.lang.Thread.run(Thread.java:750) [?:1.8.0_432]
2025-12-10 21:40:07,532 WARN  com.github.nexmark.flink.metric.cpu.CpuMetricSender          [] - Can't connect to metric server. Skip to report metric for this round.
java.net.ConnectException: Connection refused (Connection refused)
	at java.net.PlainSocketImpl.socketConnect(Native Method) ~[?:1.8.0_432]
	at java.net.AbstractPlainSocketImpl.doConnect(AbstractPlainSocketImpl.java:350) ~[?:1.8.0_432]
	at java.net.AbstractPlainSocketImpl.connectToAddress(AbstractPlainSocketImpl.java:206) ~[?:1.8.0_432]
	at java.net.AbstractPlainSocketImpl.connect(AbstractPlainSocketImpl.java:188) ~[?:1.8.0_432]
	at java.net.SocksSocketImpl.connect(SocksSocketImpl.java:392) ~[?:1.8.0_432]
	at java.net.Socket.connect(Socket.java:607) ~[?:1.8.0_432]
	at java.net.Socket.connect(Socket.java:556) ~[?:1.8.0_432]
	at java.net.Socket.<init>(Socket.java:452) ~[?:1.8.0_432]
	at java.net.Socket.<init>(Socket.java:262) ~[?:1.8.0_432]
	at com.github.nexmark.flink.metric.cpu.CpuMetricSender.reportCpuMetric(CpuMetricSender.java:116) ~[nexmark-flink-0.3-SNAPSHOT.jar:?]
	at java.util.concurrent.Executors$RunnableAdapter.call(Executors.java:511) [?:1.8.0_432]
	at java.util.concurrent.FutureTask.runAndReset(FutureTask.java:308) [?:1.8.0_432]
	at java.util.concurrent.ScheduledThreadPoolExecutor$ScheduledFutureTask.access$301(ScheduledThreadPoolExecutor.java:180) [?:1.8.0_432]
	at java.util.concurrent.ScheduledThreadPoolExecutor$ScheduledFutureTask.run(ScheduledThreadPoolExecutor.java:294) [?:1.8.0_432]
	at java.util.concurrent.ThreadPoolExecutor.runWorker(ThreadPoolExecutor.java:1149) [?:1.8.0_432]
	at java.util.concurrent.ThreadPoolExecutor$Worker.run(ThreadPoolExecutor.java:624) [?:1.8.0_432]
	at java.lang.Thread.run(Thread.java:750) [?:1.8.0_432]
2025-12-10 21:40:08,532 WARN  com.github.nexmark.flink.metric.cpu.CpuMetricSender          [] - Can't connect to metric server. Skip to report metric for this round.
java.net.ConnectException: Connection refused (Connection refused)
	at java.net.PlainSocketImpl.socketConnect(Native Method) ~[?:1.8.0_432]
	at java.net.AbstractPlainSocketImpl.doConnect(AbstractPlainSocketImpl.java:350) ~[?:1.8.0_432]
	at java.net.AbstractPlainSocketImpl.connectToAddress(AbstractPlainSocketImpl.java:206) ~[?:1.8.0_432]
	at java.net.AbstractPlainSocketImpl.connect(AbstractPlainSocketImpl.java:188) ~[?:1.8.0_432]
	at java.net.SocksSocketImpl.connect(SocksSocketImpl.java:392) ~[?:1.8.0_432]
	at java.net.Socket.connect(Socket.java:607) ~[?:1.8.0_432]
	at java.net.Socket.connect(Socket.java:556) ~[?:1.8.0_432]
	at java.net.Socket.<init>(Socket.java:452) ~[?:1.8.0_432]
	at java.net.Socket.<init>(Socket.java:262) ~[?:1.8.0_432]
	at com.github.nexmark.flink.metric.cpu.CpuMetricSender.reportCpuMetric(CpuMetricSender.java:116) ~[nexmark-flink-0.3-SNAPSHOT.jar:?]
	at java.util.concurrent.Executors$RunnableAdapter.call(Executors.java:511) [?:1.8.0_432]
	at java.util.concurrent.FutureTask.runAndReset(FutureTask.java:308) [?:1.8.0_432]
	at java.util.concurrent.ScheduledThreadPoolExecutor$ScheduledFutureTask.access$301(ScheduledThreadPoolExecutor.java:180) [?:1.8.0_432]
	at java.util.concurrent.ScheduledThreadPoolExecutor$ScheduledFutureTask.run(ScheduledThreadPoolExecutor.java:294) [?:1.8.0_432]
	at java.util.concurrent.ThreadPoolExecutor.runWorker(ThreadPoolExecutor.java:1149) [?:1.8.0_432]
	at java.util.concurrent.ThreadPoolExecutor$Worker.run(ThreadPoolExecutor.java:624) [?:1.8.0_432]
	at java.lang.Thread.run(Thread.java:750) [?:1.8.0_432]
2025-12-10 21:40:09,534 WARN  com.github.nexmark.flink.metric.cpu.CpuMetricSender          [] - Can't connect to metric server. Skip to report metric for this round.
java.net.ConnectException: Connection refused (Connection refused)
	at java.net.PlainSocketImpl.socketConnect(Native Method) ~[?:1.8.0_432]
	at java.net.AbstractPlainSocketImpl.doConnect(AbstractPlainSocketImpl.java:350) ~[?:1.8.0_432]
	at java.net.AbstractPlainSocketImpl.connectToAddress(AbstractPlainSocketImpl.java:206) ~[?:1.8.0_432]
	at java.net.AbstractPlainSocketImpl.connect(AbstractPlainSocketImpl.java:188) ~[?:1.8.0_432]
	at java.net.SocksSocketImpl.connect(SocksSocketImpl.java:392) ~[?:1.8.0_432]
	at java.net.Socket.connect(Socket.java:607) ~[?:1.8.0_432]
	at java.net.Socket.connect(Socket.java:556) ~[?:1.8.0_432]
	at java.net.Socket.<init>(Socket.java:452) ~[?:1.8.0_432]
	at java.net.Socket.<init>(Socket.java:262) ~[?:1.8.0_432]
	at com.github.nexmark.flink.metric.cpu.CpuMetricSender.reportCpuMetric(CpuMetricSender.java:116) ~[nexmark-flink-0.3-SNAPSHOT.jar:?]
	at java.util.concurrent.Executors$RunnableAdapter.call(Executors.java:511) [?:1.8.0_432]
	at java.util.concurrent.FutureTask.runAndReset(FutureTask.java:308) [?:1.8.0_432]
	at java.util.concurrent.ScheduledThreadPoolExecutor$ScheduledFutureTask.access$301(ScheduledThreadPoolExecutor.java:180) [?:1.8.0_432]
	at java.util.concurrent.ScheduledThreadPoolExecutor$ScheduledFutureTask.run(ScheduledThreadPoolExecutor.java:294) [?:1.8.0_432]
	at java.util.concurrent.ThreadPoolExecutor.runWorker(ThreadPoolExecutor.java:1149) [?:1.8.0_432]
	at java.util.concurrent.ThreadPoolExecutor$Worker.run(ThreadPoolExecutor.java:624) [?:1.8.0_432]
	at java.lang.Thread.run(Thread.java:750) [?:1.8.0_432]
2025-12-10 21:40:10,533 WARN  com.github.nexmark.flink.metric.cpu.CpuMetricSender          [] - Can't connect to metric server. Skip to report metric for this round.
java.net.ConnectException: Connection refused (Connection refused)
	at java.net.PlainSocketImpl.socketConnect(Native Method) ~[?:1.8.0_432]
	at java.net.AbstractPlainSocketImpl.doConnect(AbstractPlainSocketImpl.java:350) ~[?:1.8.0_432]
	at java.net.AbstractPlainSocketImpl.connectToAddress(AbstractPlainSocketImpl.java:206) ~[?:1.8.0_432]
	at java.net.AbstractPlainSocketImpl.connect(AbstractPlainSocketImpl.java:188) ~[?:1.8.0_432]
	at java.net.SocksSocketImpl.connect(SocksSocketImpl.java:392) ~[?:1.8.0_432]
	at java.net.Socket.connect(Socket.java:607) ~[?:1.8.0_432]
	at java.net.Socket.connect(Socket.java:556) ~[?:1.8.0_432]
	at java.net.Socket.<init>(Socket.java:452) ~[?:1.8.0_432]
	at java.net.Socket.<init>(Socket.java:262) ~[?:1.8.0_432]
	at com.github.nexmark.flink.metric.cpu.CpuMetricSender.reportCpuMetric(CpuMetricSender.java:116) ~[nexmark-flink-0.3-SNAPSHOT.jar:?]
	at java.util.concurrent.Executors$RunnableAdapter.call(Executors.java:511) [?:1.8.0_432]
	at java.util.concurrent.FutureTask.runAndReset(FutureTask.java:308) [?:1.8.0_432]
	at java.util.concurrent.ScheduledThreadPoolExecutor$ScheduledFutureTask.access$301(ScheduledThreadPoolExecutor.java:180) [?:1.8.0_432]
	at java.util.concurrent.ScheduledThreadPoolExecutor$ScheduledFutureTask.run(ScheduledThreadPoolExecutor.java:294) [?:1.8.0_432]
	at java.util.concurrent.ThreadPoolExecutor.runWorker(ThreadPoolExecutor.java:1149) [?:1.8.0_432]
	at java.util.concurrent.ThreadPoolExecutor$Worker.run(ThreadPoolExecutor.java:624) [?:1.8.0_432]
	at java.lang.Thread.run(Thread.java:750) [?:1.8.0_432]
2025-12-10 21:40:11,536 WARN  com.github.nexmark.flink.metric.cpu.CpuMetricSender          [] - Can't connect to metric server. Skip to report metric for this round.
java.net.ConnectException: Connection refused (Connection refused)
	at java.net.PlainSocketImpl.socketConnect(Native Method) ~[?:1.8.0_432]
	at java.net.AbstractPlainSocketImpl.doConnect(AbstractPlainSocketImpl.java:350) ~[?:1.8.0_432]
	at java.net.AbstractPlainSocketImpl.connectToAddress(AbstractPlainSocketImpl.java:206) ~[?:1.8.0_432]
	at java.net.AbstractPlainSocketImpl.connect(AbstractPlainSocketImpl.java:188) ~[?:1.8.0_432]
	at java.net.SocksSocketImpl.connect(SocksSocketImpl.java:392) ~[?:1.8.0_432]
	at java.net.Socket.connect(Socket.java:607) ~[?:1.8.0_432]
	at java.net.Socket.connect(Socket.java:556) ~[?:1.8.0_432]
	at java.net.Socket.<init>(Socket.java:452) ~[?:1.8.0_432]
	at java.net.Socket.<init>(Socket.java:262) ~[?:1.8.0_432]
	at com.github.nexmark.flink.metric.cpu.CpuMetricSender.reportCpuMetric(CpuMetricSender.java:116) ~[nexmark-flink-0.3-SNAPSHOT.jar:?]
	at java.util.concurrent.Executors$RunnableAdapter.call(Executors.java:511) [?:1.8.0_432]
	at java.util.concurrent.FutureTask.runAndReset(FutureTask.java:308) [?:1.8.0_432]
	at java.util.concurrent.ScheduledThreadPoolExecutor$ScheduledFutureTask.access$301(ScheduledThreadPoolExecutor.java:180) [?:1.8.0_432]
	at java.util.concurrent.ScheduledThreadPoolExecutor$ScheduledFutureTask.run(ScheduledThreadPoolExecutor.java:294) [?:1.8.0_432]
	at java.util.concurrent.ThreadPoolExecutor.runWorker(ThreadPoolExecutor.java:1149) [?:1.8.0_432]
	at java.util.concurrent.ThreadPoolExecutor$Worker.run(ThreadPoolExecutor.java:624) [?:1.8.0_432]
	at java.lang.Thread.run(Thread.java:750) [?:1.8.0_432]
2025-12-10 21:40:12,531 WARN  com.github.nexmark.flink.metric.cpu.CpuMetricSender          [] - Can't connect to metric server. Skip to report metric for this round.
java.net.ConnectException: Connection refused (Connection refused)
	at java.net.PlainSocketImpl.socketConnect(Native Method) ~[?:1.8.0_432]
	at java.net.AbstractPlainSocketImpl.doConnect(AbstractPlainSocketImpl.java:350) ~[?:1.8.0_432]
	at java.net.AbstractPlainSocketImpl.connectToAddress(AbstractPlainSocketImpl.java:206) ~[?:1.8.0_432]
	at java.net.AbstractPlainSocketImpl.connect(AbstractPlainSocketImpl.java:188) ~[?:1.8.0_432]
	at java.net.SocksSocketImpl.connect(SocksSocketImpl.java:392) ~[?:1.8.0_432]
	at java.net.Socket.connect(Socket.java:607) ~[?:1.8.0_432]
	at java.net.Socket.connect(Socket.java:556) ~[?:1.8.0_432]
	at java.net.Socket.<init>(Socket.java:452) ~[?:1.8.0_432]
	at java.net.Socket.<init>(Socket.java:262) ~[?:1.8.0_432]
	at com.github.nexmark.flink.metric.cpu.CpuMetricSender.reportCpuMetric(CpuMetricSender.java:116) ~[nexmark-flink-0.3-SNAPSHOT.jar:?]
	at java.util.concurrent.Executors$RunnableAdapter.call(Executors.java:511) [?:1.8.0_432]
	at java.util.concurrent.FutureTask.runAndReset(FutureTask.java:308) [?:1.8.0_432]
	at java.util.concurrent.ScheduledThreadPoolExecutor$ScheduledFutureTask.access$301(ScheduledThreadPoolExecutor.java:180) [?:1.8.0_432]
	at java.util.concurrent.ScheduledThreadPoolExecutor$ScheduledFutureTask.run(ScheduledThreadPoolExecutor.java:294) [?:1.8.0_432]
	at java.util.concurrent.ThreadPoolExecutor.runWorker(ThreadPoolExecutor.java:1149) [?:1.8.0_432]
	at java.util.concurrent.ThreadPoolExecutor$Worker.run(ThreadPoolExecutor.java:624) [?:1.8.0_432]
	at java.lang.Thread.run(Thread.java:750) [?:1.8.0_432]
2025-12-10 21:40:13,531 WARN  com.github.nexmark.flink.metric.cpu.CpuMetricSender          [] - Can't connect to metric server. Skip to report metric for this round.
java.net.ConnectException: Connection refused (Connection refused)
	at java.net.PlainSocketImpl.socketConnect(Native Method) ~[?:1.8.0_432]
	at java.net.AbstractPlainSocketImpl.doConnect(AbstractPlainSocketImpl.java:350) ~[?:1.8.0_432]
	at java.net.AbstractPlainSocketImpl.connectToAddress(AbstractPlainSocketImpl.java:206) ~[?:1.8.0_432]
	at java.net.AbstractPlainSocketImpl.connect(AbstractPlainSocketImpl.java:188) ~[?:1.8.0_432]
	at java.net.SocksSocketImpl.connect(SocksSocketImpl.java:392) ~[?:1.8.0_432]
	at java.net.Socket.connect(Socket.java:607) ~[?:1.8.0_432]
	at java.net.Socket.connect(Socket.java:556) ~[?:1.8.0_432]
	at java.net.Socket.<init>(Socket.java:452) ~[?:1.8.0_432]
	at java.net.Socket.<init>(Socket.java:262) ~[?:1.8.0_432]
	at com.github.nexmark.flink.metric.cpu.CpuMetricSender.reportCpuMetric(CpuMetricSender.java:116) ~[nexmark-flink-0.3-SNAPSHOT.jar:?]
	at java.util.concurrent.Executors$RunnableAdapter.call(Executors.java:511) [?:1.8.0_432]
	at java.util.concurrent.FutureTask.runAndReset(FutureTask.java:308) [?:1.8.0_432]
	at java.util.concurrent.ScheduledThreadPoolExecutor$ScheduledFutureTask.access$301(ScheduledThreadPoolExecutor.java:180) [?:1.8.0_432]
	at java.util.concurrent.ScheduledThreadPoolExecutor$ScheduledFutureTask.run(ScheduledThreadPoolExecutor.java:294) [?:1.8.0_432]
	at java.util.concurrent.ThreadPoolExecutor.runWorker(ThreadPoolExecutor.java:1149) [?:1.8.0_432]
	at java.util.concurrent.ThreadPoolExecutor$Worker.run(ThreadPoolExecutor.java:624) [?:1.8.0_432]
	at java.lang.Thread.run(Thread.java:750) [?:1.8.0_432]
2025-12-10 21:40:14,535 WARN  com.github.nexmark.flink.metric.cpu.CpuMetricSender          [] - Can't connect to metric server. Skip to report metric for this round.
java.net.ConnectException: Connection refused (Connection refused)
	at java.net.PlainSocketImpl.socketConnect(Native Method) ~[?:1.8.0_432]
	at java.net.AbstractPlainSocketImpl.doConnect(AbstractPlainSocketImpl.java:350) ~[?:1.8.0_432]
	at java.net.AbstractPlainSocketImpl.connectToAddress(AbstractPlainSocketImpl.java:206) ~[?:1.8.0_432]
	at java.net.AbstractPlainSocketImpl.connect(AbstractPlainSocketImpl.java:188) ~[?:1.8.0_432]
	at java.net.SocksSocketImpl.connect(SocksSocketImpl.java:392) ~[?:1.8.0_432]
	at java.net.Socket.connect(Socket.java:607) ~[?:1.8.0_432]
	at java.net.Socket.connect(Socket.java:556) ~[?:1.8.0_432]
	at java.net.Socket.<init>(Socket.java:452) ~[?:1.8.0_432]
	at java.net.Socket.<init>(Socket.java:262) ~[?:1.8.0_432]
	at com.github.nexmark.flink.metric.cpu.CpuMetricSender.reportCpuMetric(CpuMetricSender.java:116) ~[nexmark-flink-0.3-SNAPSHOT.jar:?]
	at java.util.concurrent.Executors$RunnableAdapter.call(Executors.java:511) [?:1.8.0_432]
	at java.util.concurrent.FutureTask.runAndReset(FutureTask.java:308) [?:1.8.0_432]
	at java.util.concurrent.ScheduledThreadPoolExecutor$ScheduledFutureTask.access$301(ScheduledThreadPoolExecutor.java:180) [?:1.8.0_432]
	at java.util.concurrent.ScheduledThreadPoolExecutor$ScheduledFutureTask.run(ScheduledThreadPoolExecutor.java:294) [?:1.8.0_432]
	at java.util.concurrent.ThreadPoolExecutor.runWorker(ThreadPoolExecutor.java:1149) [?:1.8.0_432]
	at java.util.concurrent.ThreadPoolExecutor$Worker.run(ThreadPoolExecutor.java:624) [?:1.8.0_432]
	at java.lang.Thread.run(Thread.java:750) [?:1.8.0_432]
2025-12-10 21:40:15,535 WARN  com.github.nexmark.flink.metric.cpu.CpuMetricSender          [] - Can't connect to metric server. Skip to report metric for this round.
java.net.ConnectException: Connection refused (Connection refused)
	at java.net.PlainSocketImpl.socketConnect(Native Method) ~[?:1.8.0_432]
	at java.net.AbstractPlainSocketImpl.doConnect(AbstractPlainSocketImpl.java:350) ~[?:1.8.0_432]
	at java.net.AbstractPlainSocketImpl.connectToAddress(AbstractPlainSocketImpl.java:206) ~[?:1.8.0_432]
	at java.net.AbstractPlainSocketImpl.connect(AbstractPlainSocketImpl.java:188) ~[?:1.8.0_432]
	at java.net.SocksSocketImpl.connect(SocksSocketImpl.java:392) ~[?:1.8.0_432]
	at java.net.Socket.connect(Socket.java:607) ~[?:1.8.0_432]
	at java.net.Socket.connect(Socket.java:556) ~[?:1.8.0_432]
	at java.net.Socket.<init>(Socket.java:452) ~[?:1.8.0_432]
	at java.net.Socket.<init>(Socket.java:262) ~[?:1.8.0_432]
	at com.github.nexmark.flink.metric.cpu.CpuMetricSender.reportCpuMetric(CpuMetricSender.java:116) ~[nexmark-flink-0.3-SNAPSHOT.jar:?]
	at java.util.concurrent.Executors$RunnableAdapter.call(Executors.java:511) [?:1.8.0_432]
	at java.util.concurrent.FutureTask.runAndReset(FutureTask.java:308) [?:1.8.0_432]
	at java.util.concurrent.ScheduledThreadPoolExecutor$ScheduledFutureTask.access$301(ScheduledThreadPoolExecutor.java:180) [?:1.8.0_432]
	at java.util.concurrent.ScheduledThreadPoolExecutor$ScheduledFutureTask.run(ScheduledThreadPoolExecutor.java:294) [?:1.8.0_432]
	at java.util.concurrent.ThreadPoolExecutor.runWorker(ThreadPoolExecutor.java:1149) [?:1.8.0_432]
	at java.util.concurrent.ThreadPoolExecutor$Worker.run(ThreadPoolExecutor.java:624) [?:1.8.0_432]
	at java.lang.Thread.run(Thread.java:750) [?:1.8.0_432]
2025-12-10 21:40:16,536 WARN  com.github.nexmark.flink.metric.cpu.CpuMetricSender          [] - Can't connect to metric server. Skip to report metric for this round.
java.net.ConnectException: Connection refused (Connection refused)
	at java.net.PlainSocketImpl.socketConnect(Native Method) ~[?:1.8.0_432]
	at java.net.AbstractPlainSocketImpl.doConnect(AbstractPlainSocketImpl.java:350) ~[?:1.8.0_432]
	at java.net.AbstractPlainSocketImpl.connectToAddress(AbstractPlainSocketImpl.java:206) ~[?:1.8.0_432]
	at java.net.AbstractPlainSocketImpl.connect(AbstractPlainSocketImpl.java:188) ~[?:1.8.0_432]
	at java.net.SocksSocketImpl.connect(SocksSocketImpl.java:392) ~[?:1.8.0_432]
	at java.net.Socket.connect(Socket.java:607) ~[?:1.8.0_432]
	at java.net.Socket.connect(Socket.java:556) ~[?:1.8.0_432]
	at java.net.Socket.<init>(Socket.java:452) ~[?:1.8.0_432]
	at java.net.Socket.<init>(Socket.java:262) ~[?:1.8.0_432]
	at com.github.nexmark.flink.metric.cpu.CpuMetricSender.reportCpuMetric(CpuMetricSender.java:116) ~[nexmark-flink-0.3-SNAPSHOT.jar:?]
	at java.util.concurrent.Executors$RunnableAdapter.call(Executors.java:511) [?:1.8.0_432]
	at java.util.concurrent.FutureTask.runAndReset(FutureTask.java:308) [?:1.8.0_432]
	at java.util.concurrent.ScheduledThreadPoolExecutor$ScheduledFutureTask.access$301(ScheduledThreadPoolExecutor.java:180) [?:1.8.0_432]
	at java.util.concurrent.ScheduledThreadPoolExecutor$ScheduledFutureTask.run(ScheduledThreadPoolExecutor.java:294) [?:1.8.0_432]
	at java.util.concurrent.ThreadPoolExecutor.runWorker(ThreadPoolExecutor.java:1149) [?:1.8.0_432]
	at java.util.concurrent.ThreadPoolExecutor$Worker.run(ThreadPoolExecutor.java:624) [?:1.8.0_432]
	at java.lang.Thread.run(Thread.java:750) [?:1.8.0_432]
